claim_id,original_claim,failed_gates,localized_failure,failure_diagnosis,used_generation_evidence,llm_prompt_excerpt,validation_evidence_policy,candidate_count,candidate_transforms,first_candidate_question,first_candidate_validation,first_candidate_blocked_reason,candidate_validation_summary,candidate_proposals,confirmed_candidates,stopped_reason
cognition_fc_hcp_hcpa,Cognition available in both; use as fragile/small-effect test.,multiplicity;confound;power;multiverse;replication,confound_failure,The claim failed because the current design does not sufficiently address confounding.,"Multiplicity gate failed; primary p=0.00126; method=fdr_bh; alpha=0.05; effective family_size=84. | Multiverse gate failed; fraction_consistent=0; required>=0.6; consistent_specs=0/6. | Replication gate failed; reason=non_replicated_effect_absent; cohorts: HCP_Aging reason=non_replicated_effect_absent:pattern_corr,region_replication_fraction. | Power gate failed; achieved_power=0.8963; required>=0.8; n_needed_80=804.7. | Confound gate failed.","{
  ""allowed_proposal_types"": [
    ""corrected_contract"",
    ""independent_replication_claim""
  ],
  ""allowed_transform_types"": [
    ""narrower_outcome_family"",
    ""moderator_or_subgroup"",
    ""stronger_design"",
    ""fixed_estimand"",
    ""contract_correction""
  ],
  ""candidate_history"": [],
  ""executable_data_catalog"": {
    ""allowed_cohorts"": [
      ""ABCD"",
      ""ABIDE"",
      ""ABIDE1"",
      ""ABIDE2"",
      ""ADHD200"",
      ""ADNI"",
      ""ADNI_fMRI"",
      ""BSNIP"",
      ""BSNIP2"",
      ""COBRE"",
      ""ChineseSZ"",
      ""FBIRN"",
      ""GSP"",
      ""HCP"",
      ""HCP_Aging"",
      ""JH"",
      ""OASIS1"",
      ""OASIS3"",
      ""OASIS3_fMRI"",
      ""Olin_SZ"",
      ""UKB""
    ],
    ""allowed_inclusion_examples"": [
      null,
      ""sex == \""F\"""",
      ""sex == \""M\"""",
      ""age >= 65"",
      ""age <= 30""
    ],
    ""common_outcome_column_count"": 84,
    ""common_outcome_columns_sample"": [
      ""fc_fc_Cont_Cont"",
      ""fc_fc_Cont_Cont_z"",
      ""fc_fc_Cont_Cont_z_z"",
      ""fc_fc_Cont_D",excluded validation evidence required unless candidate is a true contract correction,0,,,,,,[],,no_candidates
adhd_fc_adhd200_abcd,ABCD has had_adhd phenotype; definitions differ.,replication,evidence_failure,The claim failed because the observed evidence does not support confirmation: The claim failed because it did not replicate under the declared replication gate.,"Replication gate failed; reason=non_replicated_effect_absent; cohorts: ABCD reason=non_replicated_effect_absent:pattern_corr,region_replication_fraction.","{
  ""allowed_proposal_types"": [
    ""independent_replication_claim""
  ],
  ""allowed_transform_types"": [
    ""narrower_outcome_family"",
    ""moderator_or_subgroup"",
    ""stronger_design"",
    ""fixed_estimand"",
    ""contract_correction""
  ],
  ""candidate_history"": [],
  ""executable_data_catalog"": {
    ""allowed_cohorts"": [
      ""ABCD"",
      ""ABIDE"",
      ""ABIDE1"",
      ""ABIDE2"",
      ""ADHD200"",
      ""ADNI"",
      ""ADNI_fMRI"",
      ""BSNIP"",
      ""BSNIP2"",
      ""COBRE"",
      ""ChineseSZ"",
      ""FBIRN"",
      ""GSP"",
      ""HCP"",
      ""HCP_Aging"",
      ""JH"",
      ""OASIS1"",
      ""OASIS3"",
      ""OASIS3_fMRI"",
      ""Olin_SZ"",
      ""UKB""
    ],
    ""allowed_inclusion_examples"": [
      null,
      ""sex == \""F\"""",
      ""sex == \""M\"""",
      ""age >= 65"",
      ""age <= 30""
    ],
    ""common_outcome_column_count"": 190,
    ""common_outcome_columns_sample"": [
      ""fc_fc_Cont_Cont"",
      ""fc_fc_Cont_Cont_z"",
      ""fc_fc_Cont_Cont_z_z"",
      ""fc_fc_Cont_Default"",
      ""fc_fc_Con",excluded validation evidence required unless candidate is a true contract correction,27,moderator_or_subgroup;moderator_or_subgroup;moderator_or_subgroup;fixed_estimand;moderator_or_subgroup;moderator_or_subgroup;fixed_estimand;narrower_outcome_family;narrower_outcome_family;contract_correction;contract_correction;fixed_estimand;moderator_or_subgroup;moderator_or_subgroup;moderator_or_subgroup;fixed_estimand;moderator_or_subgroup;moderator_or_subgroup;contract_correction;contract_correction;contract_correction;contract_correction;contract_correction;contract_correction;contract_correction;contract_correction;contract_correction,ABCD has had_adhd phenotype; definitions differ.,False,proposal_validation_failed,adhd_fc_adhd200_abcd_r1_c1_moderator_or_subgroup:False:proposal_validation_failed:Candidate domain_core changes outcome modality.;Exploratory transforms must use exploratory_followup_claim proposal type.;Preflight: cohort 'ADHD200' is missing analysis columns: ['bench_group'];Preflight: cohort 'ABCD' is missing analysis columns: ['bench_group'] | adhd_fc_adhd200_abcd_r1_c2_moderator_or_subgroup:False:proposal_validation_failed:Candidate domain_core changes outcome modality.;Exploratory transforms must use exploratory_followup_claim proposal type.;Preflight: cohort 'ADHD200' is missing analysis columns: ['bench_group'];Preflight: cohort 'ABCD' is missing analysis columns: ['bench_group'] | adhd_fc_adhd200_abcd_r1_c3_moderator_or_subgroup:False:proposal_validation_failed:Candidate domain_core changes outcome modality.;Exploratory transforms must use exploratory_followup_claim proposal type.;Preflight: cohort 'ADHD200' is missing analysis columns: ['bench_group'];Preflight: cohort 'ABCD' is missing analysis columns: ['bench_group'] | adhd_fc_adhd200_abcd_r2_c1_fixed_estimand:False:proposal_validation_failed:Candidate preservation_check does not preserve predictor_or_contrast.;Candidate domain_core changes outcome modality.;Candidate domain_core changes predictor or group contrast.;Exploratory transforms must use exploratory_followup_claim proposal type.;Candidate contract changes estimand type.;Candidate contract changes predictor.;Candidate contract changes disease/group contrast.;Preflight: cohort 'ADHD200' has invalid sex encodings.;Preflight: cohort 'ABCD' has missing or non-numeric age values. | adhd_fc_adhd200_abcd_r2_c2_moderator_or_subgroup:False:proposal_validation_failed:Candidate preservation_check does not preserve predictor_or_contrast.;Candidate domain_core changes outcome modality.;Candidate domain_core changes predictor or group contrast.;Exploratory transforms must use exploratory_followup_claim proposal type.;Candidate contract changes estimand type.;Candidate contract changes predictor.;Candidate contract changes disease/group contrast.;Preflight: cohort 'ADHD200' has invalid sex encodings.;Preflight: cohort 'ABCD' has missing or non-numeric age values. | adhd_fc_adhd200_abcd_r2_c3_moderator_or_subgroup:False:proposal_validation_failed:Candidate preservation_check does not preserve predictor_or_contrast.;Candidate domain_core changes outcome modality.;Candidate domain_core changes predictor or group contrast.;Exploratory transforms must use exploratory_followup_claim proposal type.;Candidate contract changes estimand type.;Candidate contract changes predictor.;Candidate contract changes disease/group contrast.;Preflight: cohort 'ADHD200' has invalid sex encodings.;Preflight: cohort 'ABCD' has missing or non-numeric age values. | adhd_fc_adhd200_abcd_r3_c1_fixed_estimand:False:proposal_validation_failed:Candidate preservation_check does not preserve predictor_or_contrast.;Candidate domain_core changes outcome modality.;Candidate domain_core changes predictor or group contrast.;Exploratory transforms must use exploratory_followup_claim proposal type.;Candidate contract changes estimand type.;Candidate contract changes predictor.;Candidate contract changes disease/group contrast.;Preflight: cohort 'ADHD200' has invalid sex encodings.;Preflight: cohort 'ABCD' has missing or non-numeric age values. | adhd_fc_adhd200_abcd_r3_c2_narrower_outcome_family:False:proposal_validation_failed:Candidate preservation_check does not preserve predictor_or_contrast.;Candidate domain_core changes outcome modality.;Candidate domain_core changes predictor or group contrast.;Exploratory transforms must use exploratory_followup_claim proposal type.;Candidate contract changes estimand type.;Candidate contract changes predictor.;Candidate contract changes disease/group contrast.;Candidate contract shrank multiplicity family_size.;Preflight: cohort 'ADHD200' has invalid sex encodings.;Preflight: cohort 'ABCD' has missing or non-numeric age values. | adhd_fc_adhd200_abcd_r3_c3_narrower_outcome_family:False:proposal_validation_failed:Candidate preservation_check does not preserve predictor_or_contrast.;Candidate domain_core changes outcome modality.;Candidate domain_core changes predictor or group contrast.;Exploratory transforms must use exploratory_followup_claim proposal type.;Candidate contract changes estimand type.;Candidate contract changes predictor.;Candidate contract changes disease/group contrast.;Candidate contract shrank multiplicity family_size.;Preflight: cohort 'ADHD200' has invalid sex encodings.;Preflight: cohort 'ABCD' has missing or non-numeric age values. | adhd_fc_adhd200_abcd_r4_c1_contract_correction:False:proposal_validation_failed:Only allowed contract corrections may use current-data repair evaluation.;Candidate preservation_check does not preserve predictor_or_contrast.;Candidate domain_core changes outcome modality.;Candidate domain_core changes predictor or group contrast.;Candidate contract changes estimand type.;Candidate contract changes predictor.;Candidate contract changes disease/group contrast.;Preflight: cohort 'ADHD200' has invalid sex encodings.;Preflight: cohort 'ABCD' has missing or non-numeric age values. | adhd_fc_adhd200_abcd_r4_c2_contract_correction:False:proposal_validation_failed:Only allowed contract corrections may use current-data repair evaluation.;Candidate preservation_check does not preserve predictor_or_contrast.;Candidate domain_core changes outcome modality.;Candidate domain_core changes predictor or group contrast.;Candidate contract changes estimand type.;Candidate contract changes predictor.;Candidate contract changes disease/group contrast.;Preflight: cohort 'ADHD200' has invalid sex encodings.;Preflight: cohort 'ABCD' has missing or non-numeric age values. | adhd_fc_adhd200_abcd_r5_c1_fixed_estimand:False:proposal_validation_failed:Candidate preservation_check does not preserve predictor_or_contrast.;Candidate domain_core changes outcome modality.;Candidate domain_core changes predictor or group contrast.;Exploratory transforms must use exploratory_followup_claim proposal type.;Candidate contract changes estimand type.;Candidate contract changes predictor.;Candidate contract changes disease/group contrast.;Preflight: cohort 'ADHD200' has invalid sex encodings.;Preflight: cohort 'ABCD' has missing or non-numeric age values. | adhd_fc_adhd200_abcd_r5_c2_moderator_or_subgroup:False:proposal_validation_failed:Candidate preservation_check does not preserve predictor_or_contrast.;Candidate domain_core changes outcome modality.;Candidate domain_core changes predictor or group contrast.;Exploratory transforms must use exploratory_followup_claim proposal type.;Candidate contract changes estimand type.;Candidate contract changes predictor.;Candidate contract changes disease/group contrast.;Preflight: cohort 'ADHD200' has invalid sex encodings.;Preflight: cohort 'ABCD' has missing or non-numeric age values. | adhd_fc_adhd200_abcd_r5_c3_moderator_or_subgroup:False:proposal_validation_failed:Candidate preservation_check does not preserve predictor_or_contrast.;Candidate domain_core changes outcome modality.;Candidate domain_core changes predictor or group contrast.;Exploratory transforms must use exploratory_followup_claim proposal type.;Candidate contract changes estimand type.;Candidate contract changes predictor.;Candidate contract changes disease/group contrast.;Preflight: cohort 'ADHD200' has invalid sex encodings.;Preflight: cohort 'ABCD' has missing or non-numeric age values. | adhd_fc_adhd200_abcd_r5_c4_moderator_or_subgroup:False:proposal_validation_failed:Candidate preservation_check does not preserve predictor_or_contrast.;Candidate domain_core changes outcome modality.;Candidate domain_core changes predictor or group contrast.;Exploratory transforms must use exploratory_followup_claim proposal type.;Candidate contract changes estimand type.;Candidate contract changes predictor.;Candidate contract changes disease/group contrast.;Preflight: cohort 'ADHD200' has invalid sex encodings.;Preflight: cohort 'ABCD' has missing or non-numeric age values. | adhd_fc_adhd200_abcd_r6_c1_fixed_estimand:False:proposal_validation_failed:Candidate preservation_check does not preserve predictor_or_contrast.;Candidate domain_core changes outcome modality.;Candidate domain_core changes predictor or group contrast.;Exploratory transforms must use exploratory_followup_claim proposal type.;Candidate contract changes estimand type.;Candidate contract changes predictor.;Candidate contract changes disease/group contrast.;Preflight: cohort 'ADHD200' has invalid sex encodings.;Preflight: cohort 'ABCD' has missing or non-numeric age values. | adhd_fc_adhd200_abcd_r6_c2_moderator_or_subgroup:False:proposal_validation_failed:Candidate preservation_check does not preserve predictor_or_contrast.;Candidate domain_core changes outcome modality.;Candidate domain_core changes predictor or group contrast.;Exploratory transforms must use exploratory_followup_claim proposal type.;Candidate contract changes estimand type.;Candidate contract changes predictor.;Candidate contract changes disease/group contrast.;Preflight: cohort 'ADHD200' has invalid sex encodings.;Preflight: cohort 'ABCD' has missing or non-numeric age values. | adhd_fc_adhd200_abcd_r6_c3_moderator_or_subgroup:False:proposal_validation_failed:Candidate preservation_check does not preserve predictor_or_contrast.;Candidate domain_core changes outcome modality.;Candidate domain_core changes predictor or group contrast.;Exploratory transforms must use exploratory_followup_claim proposal type.;Candidate contract changes estimand type.;Candidate contract changes predictor.;Candidate contract changes disease/group contrast.;Preflight: cohort 'ADHD200' has invalid sex encodings.;Preflight: cohort 'ABCD' has missing or non-numeric age values. | adhd_fc_adhd200_abcd_r7_c1_contract_correction:False:proposal_validation_failed:Only allowed contract corrections may use current-data repair evaluation.;Candidate preservation_check does not preserve predictor_or_contrast.;Candidate domain_core changes outcome modality.;Candidate domain_core changes predictor or group contrast.;Candidate contract changes estimand type.;Candidate contract changes predictor.;Candidate contract changes disease/group contrast.;Preflight: cohort 'ADHD200' has invalid sex encodings.;Preflight: cohort 'ABCD' has missing or non-numeric age values. | adhd_fc_adhd200_abcd_r7_c2_contract_correction:False:proposal_validation_failed:Candidate preservation_check does not preserve predictor_or_contrast.;Candidate domain_core changes outcome modality.;Candidate domain_core changes predictor or group contrast.;Candidate contract changes estimand type.;Candidate contract changes predictor.;Candidate contract changes disease/group contrast.;Preflight: cohort 'ADHD200' has invalid sex encodings.;Preflight: cohort 'ABCD' has missing or non-numeric age values. | adhd_fc_adhd200_abcd_r8_c1_contract_correction:False:proposal_validation_failed:Only allowed contract corrections may use current-data repair evaluation.;Candidate preservation_check does not preserve predictor_or_contrast.;Candidate domain_core changes outcome modality.;Candidate domain_core changes predictor or group contrast.;Candidate contract changes estimand type.;Candidate contract changes predictor.;Candidate contract changes disease/group contrast.;Preflight: cohort 'ADHD200' has invalid sex encodings.;Preflight: cohort 'ABCD' has missing or non-numeric age values. | adhd_fc_adhd200_abcd_r8_c2_contract_correction:False:proposal_validation_failed:Candidate preservation_check does not preserve predictor_or_contrast.;Candidate domain_core changes outcome modality.;Candidate domain_core changes predictor or group contrast.;Candidate contract changes estimand type.;Candidate contract changes predictor.;Candidate contract changes disease/group contrast.;Preflight: cohort 'ADHD200' has invalid sex encodings.;Preflight: cohort 'ABCD' has missing or non-numeric age values. | adhd_fc_adhd200_abcd_r9_c1_contract_correction:False:proposal_validation_failed:Only allowed contract corrections may use current-data repair evaluation.;Candidate preservation_check does not preserve predictor_or_contrast.;Candidate domain_core changes outcome modality.;Candidate domain_core changes predictor or group contrast.;Candidate contract changes estimand type.;Candidate contract changes predictor.;Candidate contract changes disease/group contrast.;Preflight: cohort 'ADHD200' has invalid sex encodings.;Preflight: cohort 'ABCD' has missing or non-numeric age values. | adhd_fc_adhd200_abcd_r9_c2_contract_correction:False:proposal_validation_failed:Only allowed contract corrections may use current-data repair evaluation.;Candidate preservation_check does not preserve predictor_or_contrast.;Candidate domain_core changes outcome modality.;Candidate domain_core changes predictor or group contrast.;Candidate contract changes estimand type.;Candidate contract changes predictor.;Candidate contract changes disease/group contrast.;Preflight: cohort 'ADHD200' has invalid sex encodings.;Preflight: cohort 'ABCD' has missing or non-numeric age values. | adhd_fc_adhd200_abcd_r9_c3_contract_correction:False:proposal_validation_failed:Only allowed contract corrections may use current-data repair evaluation.;Candidate preservation_check does not preserve predictor_or_contrast.;Candidate domain_core changes outcome modality.;Candidate domain_core changes predictor or group contrast.;Candidate contract changes estimand type.;Candidate contract changes predictor.;Candidate contract changes disease/group contrast.;Preflight: cohort 'ADHD200' has invalid sex encodings.;Preflight: cohort 'ABCD' has missing or non-numeric age values. | adhd_fc_adhd200_abcd_r10_c1_contract_correction:False:proposal_validation_failed:Candidate preservation_check does not preserve predictor_or_contrast.;Candidate domain_core changes outcome modality.;Candidate domain_core changes predictor or group contrast.;Candidate contract changes estimand type.;Candidate contract changes predictor.;Candidate contract changes disease/group contrast.;Preflight: cohort 'ADHD200' has invalid sex encodings.;Preflight: cohort 'ABCD' has missing or non-numeric age values. | adhd_fc_adhd200_abcd_r10_c2_contract_correction:False:proposal_validation_failed:Candidate preservation_check does not preserve predictor_or_contrast.;Candidate domain_core changes outcome modality.;Candidate domain_core changes predictor or group contrast.;Candidate contract changes estimand type.;Candidate contract changes predictor.;Candidate contract changes disease/group contrast.;Preflight: cohort 'ADHD200' has invalid sex encodings.;Preflight: cohort 'ABCD' has missing or non-numeric age values.,"[{'candidate_id': 'adhd_fc_adhd200_abcd_r1_c1_moderator_or_subgroup', 'round_index': '1', 'transform_type': 'moderator_or_subgroup', 'proposal_type': 'independent_replication_claim', 'proposed_question': 'ABCD has had_adhd phenotype; definitions differ.', 'provenance': 'independent_replication', 'validation_split': 'current_data_adaptive', 'validation_ok': 'False', 'blocked_reason': 'proposal_validation_failed', 'violations': ""Candidate domain_core changes outcome modality.;Exploratory transforms must use exploratory_followup_claim proposal type.;Preflight: cohort 'ADHD200' is missing analysis columns: ['bench_group'];Preflight: cohort 'ABCD' is missing analysis columns: ['bench_group']""}, {'candidate_id': 'adhd_fc_adhd200_abcd_r1_c2_moderator_or_subgroup', 'round_index': '1', 'transform_type': 'moderator_or_subgroup', 'proposal_type': 'independent_replication_claim', 'proposed_question': 'ABCD has had_adhd phenotype; definitions differ.', 'provenance': 'independent_replication', 'validation_split': 'current_data_adaptive', 'validation_ok': 'False', 'blocked_reason': 'proposal_validation_failed', 'violations': ""Candidate domain_core changes outcome modality.;Exploratory transforms must use exploratory_followup_claim proposal type.;Preflight: cohort 'ADHD200' is missing analysis columns: ['bench_group'];Preflight: cohort 'ABCD' is missing analysis columns: ['bench_group']""}, {'candidate_id': 'adhd_fc_adhd200_abcd_r1_c3_moderator_or_subgroup', 'round_index': '1', 'transform_type': 'moderator_or_subgroup', 'proposal_type': 'independent_replication_claim', 'proposed_question': 'ABCD has had_adhd phenotype; definitions differ.', 'provenance': 'independent_replication', 'validation_split': 'current_data_adaptive', 'validation_ok': 'False', 'blocked_reason': 'proposal_validation_failed', 'violations': ""Candidate domain_core changes outcome modality.;Exploratory transforms must use exploratory_followup_claim proposal type.;Preflight: cohort 'ADHD200' is missing analysis columns: ['bench_group'];Preflight: cohort 'ABCD' is missing analysis columns: ['bench_group']""}, {'candidate_id': 'adhd_fc_adhd200_abcd_r2_c1_fixed_estimand', 'round_index': '2', 'transform_type': 'fixed_estimand', 'proposal_type': 'independent_replication_claim', 'proposed_question': 'ABCD has had_adhd phenotype; definitions differ.', 'provenance': 'independent_replication', 'validation_split': 'current_data_adaptive', 'validation_ok': 'False', 'blocked_reason': 'proposal_validation_failed', 'violations': ""Candidate preservation_check does not preserve predictor_or_contrast.;Candidate domain_core changes outcome modality.;Candidate domain_core changes predictor or group contrast.;Exploratory transforms must use exploratory_followup_claim proposal type.;Candidate contract changes estimand type.;Candidate contract changes predictor.;Candidate contract changes disease/group contrast.;Preflight: cohort 'ADHD200' has invalid sex encodings.;Preflight: cohort 'ABCD' has missing or non-numeric age values.""}, {'candidate_id': 'adhd_fc_adhd200_abcd_r2_c2_moderator_or_subgroup', 'round_index': '2', 'transform_type': 'moderator_or_subgroup', 'proposal_type': 'independent_replication_claim', 'proposed_question': 'ABCD has had_adhd phenotype; definitions differ.', 'provenance': 'independent_replication', 'validation_split': 'current_data_adaptive', 'validation_ok': 'False', 'blocked_reason': 'proposal_validation_failed', 'violations': ""Candidate preservation_check does not preserve predictor_or_contrast.;Candidate domain_core changes outcome modality.;Candidate domain_core changes predictor or group contrast.;Exploratory transforms must use exploratory_followup_claim proposal type.;Candidate contract changes estimand type.;Candidate contract changes predictor.;Candidate contract changes disease/group contrast.;Preflight: cohort 'ADHD200' has invalid sex encodings.;Preflight: cohort 'ABCD' has missing or non-numeric age values.""}, {'candidate_id': 'adhd_fc_adhd200_abcd_r2_c3_moderator_or_subgroup', 'round_index': '2', 'transform_type': 'moderator_or_subgroup', 'proposal_type': 'independent_replication_claim', 'proposed_question': 'ABCD has had_adhd phenotype; definitions differ.', 'provenance': 'independent_replication', 'validation_split': 'current_data_adaptive', 'validation_ok': 'False', 'blocked_reason': 'proposal_validation_failed', 'violations': ""Candidate preservation_check does not preserve predictor_or_contrast.;Candidate domain_core changes outcome modality.;Candidate domain_core changes predictor or group contrast.;Exploratory transforms must use exploratory_followup_claim proposal type.;Candidate contract changes estimand type.;Candidate contract changes predictor.;Candidate contract changes disease/group contrast.;Preflight: cohort 'ADHD200' has invalid sex encodings.;Preflight: cohort 'ABCD' has missing or non-numeric age values.""}, {'candidate_id': 'adhd_fc_adhd200_abcd_r3_c1_fixed_estimand', 'round_index': '3', 'transform_type': 'fixed_estimand', 'proposal_type': 'independent_replication_claim', 'proposed_question': 'ABCD has had_adhd phenotype; definitions differ.', 'provenance': 'independent_replication', 'validation_split': 'current_data_adaptive', 'validation_ok': 'False', 'blocked_reason': 'proposal_validation_failed', 'violations': ""Candidate preservation_check does not preserve predictor_or_contrast.;Candidate domain_core changes outcome modality.;Candidate domain_core changes predictor or group contrast.;Exploratory transforms must use exploratory_followup_claim proposal type.;Candidate contract changes estimand type.;Candidate contract changes predictor.;Candidate contract changes disease/group contrast.;Preflight: cohort 'ADHD200' has invalid sex encodings.;Preflight: cohort 'ABCD' has missing or non-numeric age values.""}, {'candidate_id': 'adhd_fc_adhd200_abcd_r3_c2_narrower_outcome_family', 'round_index': '3', 'transform_type': 'narrower_outcome_family', 'proposal_type': 'independent_replication_claim', 'proposed_question': 'ABCD has had_adhd phenotype; definitions differ.', 'provenance': 'independent_replication', 'validation_split': 'current_data_adaptive', 'validation_ok': 'False', 'blocked_reason': 'proposal_validation_failed', 'violations': ""Candidate preservation_check does not preserve predictor_or_contrast.;Candidate domain_core changes outcome modality.;Candidate domain_core changes predictor or group contrast.;Exploratory transforms must use exploratory_followup_claim proposal type.;Candidate contract changes estimand type.;Candidate contract changes predictor.;Candidate contract changes disease/group contrast.;Candidate contract shrank multiplicity family_size.;Preflight: cohort 'ADHD200' has invalid sex encodings.;Preflight: cohort 'ABCD' has missing or non-numeric age values.""}, {'candidate_id': 'adhd_fc_adhd200_abcd_r3_c3_narrower_outcome_family', 'round_index': '3', 'transform_type': 'narrower_outcome_family', 'proposal_type': 'independent_replication_claim', 'proposed_question': 'ABCD has had_adhd phenotype; definitions differ.', 'provenance': 'independent_replication', 'validation_split': 'current_data_adaptive', 'validation_ok': 'False', 'blocked_reason': 'proposal_validation_failed', 'violations': ""Candidate preservation_check does not preserve predictor_or_contrast.;Candidate domain_core changes outcome modality.;Candidate domain_core changes predictor or group contrast.;Exploratory transforms must use exploratory_followup_claim proposal type.;Candidate contract changes estimand type.;Candidate contract changes predictor.;Candidate contract changes disease/group contrast.;Candidate contract shrank multiplicity family_size.;Preflight: cohort 'ADHD200' has invalid sex encodings.;Preflight: cohort 'ABCD' has missing or non-numeric age values.""}, {'candidate_id': 'adhd_fc_adhd200_abcd_r4_c1_contract_correction', 'round_index': '4', 'transform_type': 'contract_correction', 'proposal_type': 'independent_replication_claim', 'proposed_question': 'ABCD has had_adhd phenotype; definitions differ.', 'provenance': 'contract_correction', 'validation_split': 'current_data_contract_repair', 'validation_ok': 'False', 'blocked_reason': 'proposal_validation_failed', 'violations': ""Only allowed contract corrections may use current-data repair evaluation.;Candidate preservation_check does not preserve predictor_or_contrast.;Candidate domain_core changes outcome modality.;Candidate domain_core changes predictor or group contrast.;Candidate contract changes estimand type.;Candidate contract changes predictor.;Candidate contract changes disease/group contrast.;Preflight: cohort 'ADHD200' has invalid sex encodings.;Preflight: cohort 'ABCD' has missing or non-numeric age values.""}, {'candidate_id': 'adhd_fc_adhd200_abcd_r4_c2_contract_correction', 'round_index': '4', 'transform_type': 'contract_correction', 'proposal_type': 'independent_replication_claim', 'proposed_question': 'ABCD has had_adhd phenotype; definitions differ.', 'provenance': 'contract_correction', 'validation_split': 'current_data_contract_repair', 'validation_ok': 'False', 'blocked_reason': 'proposal_validation_failed', 'violations': ""Only allowed contract corrections may use current-data repair evaluation.;Candidate preservation_check does not preserve predictor_or_contrast.;Candidate domain_core changes outcome modality.;Candidate domain_core changes predictor or group contrast.;Candidate contract changes estimand type.;Candidate contract changes predictor.;Candidate contract changes disease/group contrast.;Preflight: cohort 'ADHD200' has invalid sex encodings.;Preflight: cohort 'ABCD' has missing or non-numeric age values.""}, {'candidate_id': 'adhd_fc_adhd200_abcd_r5_c1_fixed_estimand', 'round_index': '5', 'transform_type': 'fixed_estimand', 'proposal_type': 'independent_replication_claim', 'proposed_question': 'ABCD has had_adhd phenotype; definitions differ.', 'provenance': 'independent_replication', 'validation_split': 'current_data_adaptive', 'validation_ok': 'False', 'blocked_reason': 'proposal_validation_failed', 'violations': ""Candidate preservation_check does not preserve predictor_or_contrast.;Candidate domain_core changes outcome modality.;Candidate domain_core changes predictor or group contrast.;Exploratory transforms must use exploratory_followup_claim proposal type.;Candidate contract changes estimand type.;Candidate contract changes predictor.;Candidate contract changes disease/group contrast.;Preflight: cohort 'ADHD200' has invalid sex encodings.;Preflight: cohort 'ABCD' has missing or non-numeric age values.""}, {'candidate_id': 'adhd_fc_adhd200_abcd_r5_c2_moderator_or_subgroup', 'round_index': '5', 'transform_type': 'moderator_or_subgroup', 'proposal_type': 'independent_replication_claim', 'proposed_question': 'ABCD has had_adhd phenotype; definitions differ.', 'provenance': 'independent_replication', 'validation_split': 'current_data_adaptive', 'validation_ok': 'False', 'blocked_reason': 'proposal_validation_failed', 'violations': ""Candidate preservation_check does not preserve predictor_or_contrast.;Candidate domain_core changes outcome modality.;Candidate domain_core changes predictor or group contrast.;Exploratory transforms must use exploratory_followup_claim proposal type.;Candidate contract changes estimand type.;Candidate contract changes predictor.;Candidate contract changes disease/group contrast.;Preflight: cohort 'ADHD200' has invalid sex encodings.;Preflight: cohort 'ABCD' has missing or non-numeric age values.""}, {'candidate_id': 'adhd_fc_adhd200_abcd_r5_c3_moderator_or_subgroup', 'round_index': '5', 'transform_type': 'moderator_or_subgroup', 'proposal_type': 'independent_replication_claim', 'proposed_question': 'ABCD has had_adhd phenotype; definitions differ.', 'provenance': 'independent_replication', 'validation_split': 'current_data_adaptive', 'validation_ok': 'False', 'blocked_reason': 'proposal_validation_failed', 'violations': ""Candidate preservation_check does not preserve predictor_or_contrast.;Candidate domain_core changes outcome modality.;Candidate domain_core changes predictor or group contrast.;Exploratory transforms must use exploratory_followup_claim proposal type.;Candidate contract changes estimand type.;Candidate contract changes predictor.;Candidate contract changes disease/group contrast.;Preflight: cohort 'ADHD200' has invalid sex encodings.;Preflight: cohort 'ABCD' has missing or non-numeric age values.""}, {'candidate_id': 'adhd_fc_adhd200_abcd_r5_c4_moderator_or_subgroup', 'round_index': '5', 'transform_type': 'moderator_or_subgroup', 'proposal_type': 'independent_replication_claim', 'proposed_question': 'ABCD has had_adhd phenotype; definitions differ.', 'provenance': 'independent_replication', 'validation_split': 'current_data_adaptive', 'validation_ok': 'False', 'blocked_reason': 'proposal_validation_failed', 'violations': ""Candidate preservation_check does not preserve predictor_or_contrast.;Candidate domain_core changes outcome modality.;Candidate domain_core changes predictor or group contrast.;Exploratory transforms must use exploratory_followup_claim proposal type.;Candidate contract changes estimand type.;Candidate contract changes predictor.;Candidate contract changes disease/group contrast.;Preflight: cohort 'ADHD200' has invalid sex encodings.;Preflight: cohort 'ABCD' has missing or non-numeric age values.""}, {'candidate_id': 'adhd_fc_adhd200_abcd_r6_c1_fixed_estimand', 'round_index': '6', 'transform_type': 'fixed_estimand', 'proposal_type': 'independent_replication_claim', 'proposed_question': 'ABCD has had_adhd phenotype; definitions differ.', 'provenance': 'independent_replication', 'validation_split': 'current_data_adaptive', 'validation_ok': 'False', 'blocked_reason': 'proposal_validation_failed', 'violations': ""Candidate preservation_check does not preserve predictor_or_contrast.;Candidate domain_core changes outcome modality.;Candidate domain_core changes predictor or group contrast.;Exploratory transforms must use exploratory_followup_claim proposal type.;Candidate contract changes estimand type.;Candidate contract changes predictor.;Candidate contract changes disease/group contrast.;Preflight: cohort 'ADHD200' has invalid sex encodings.;Preflight: cohort 'ABCD' has missing or non-numeric age values.""}, {'candidate_id': 'adhd_fc_adhd200_abcd_r6_c2_moderator_or_subgroup', 'round_index': '6', 'transform_type': 'moderator_or_subgroup', 'proposal_type': 'independent_replication_claim', 'proposed_question': 'ABCD has had_adhd phenotype; definitions differ.', 'provenance': 'independent_replication', 'validation_split': 'current_data_adaptive', 'validation_ok': 'False', 'blocked_reason': 'proposal_validation_failed', 'violations': ""Candidate preservation_check does not preserve predictor_or_contrast.;Candidate domain_core changes outcome modality.;Candidate domain_core changes predictor or group contrast.;Exploratory transforms must use exploratory_followup_claim proposal type.;Candidate contract changes estimand type.;Candidate contract changes predictor.;Candidate contract changes disease/group contrast.;Preflight: cohort 'ADHD200' has invalid sex encodings.;Preflight: cohort 'ABCD' has missing or non-numeric age values.""}, {'candidate_id': 'adhd_fc_adhd200_abcd_r6_c3_moderator_or_subgroup', 'round_index': '6', 'transform_type': 'moderator_or_subgroup', 'proposal_type': 'independent_replication_claim', 'proposed_question': 'ABCD has had_adhd phenotype; definitions differ.', 'provenance': 'independent_replication', 'validation_split': 'current_data_adaptive', 'validation_ok': 'False', 'blocked_reason': 'proposal_validation_failed', 'violations': ""Candidate preservation_check does not preserve predictor_or_contrast.;Candidate domain_core changes outcome modality.;Candidate domain_core changes predictor or group contrast.;Exploratory transforms must use exploratory_followup_claim proposal type.;Candidate contract changes estimand type.;Candidate contract changes predictor.;Candidate contract changes disease/group contrast.;Preflight: cohort 'ADHD200' has invalid sex encodings.;Preflight: cohort 'ABCD' has missing or non-numeric age values.""}, {'candidate_id': 'adhd_fc_adhd200_abcd_r7_c1_contract_correction', 'round_index': '7', 'transform_type': 'contract_correction', 'proposal_type': 'independent_replication_claim', 'proposed_question': 'ABCD has had_adhd phenotype; definitions differ.', 'provenance': 'contract_correction', 'validation_split': 'current_data_contract_repair', 'validation_ok': 'False', 'blocked_reason': 'proposal_validation_failed', 'violations': ""Only allowed contract corrections may use current-data repair evaluation.;Candidate preservation_check does not preserve predictor_or_contrast.;Candidate domain_core changes outcome modality.;Candidate domain_core changes predictor or group contrast.;Candidate contract changes estimand type.;Candidate contract changes predictor.;Candidate contract changes disease/group contrast.;Preflight: cohort 'ADHD200' has invalid sex encodings.;Preflight: cohort 'ABCD' has missing or non-numeric age values.""}, {'candidate_id': 'adhd_fc_adhd200_abcd_r7_c2_contract_correction', 'round_index': '7', 'transform_type': 'contract_correction', 'proposal_type': 'independent_replication_claim', 'proposed_question': 'ABCD has had_adhd phenotype; definitions differ.', 'provenance': 'future_design', 'validation_split': 'current_data_adaptive', 'validation_ok': 'False', 'blocked_reason': 'proposal_validation_failed', 'violations': ""Candidate preservation_check does not preserve predictor_or_contrast.;Candidate domain_core changes outcome modality.;Candidate domain_core changes predictor or group contrast.;Candidate contract changes estimand type.;Candidate contract changes predictor.;Candidate contract changes disease/group contrast.;Preflight: cohort 'ADHD200' has invalid sex encodings.;Preflight: cohort 'ABCD' has missing or non-numeric age values.""}, {'candidate_id': 'adhd_fc_adhd200_abcd_r8_c1_contract_correction', 'round_index': '8', 'transform_type': 'contract_correction', 'proposal_type': 'independent_replication_claim', 'proposed_question': 'ABCD has had_adhd phenotype; definitions differ.', 'provenance': 'contract_correction', 'validation_split': 'current_data_contract_repair', 'validation_ok': 'False', 'blocked_reason': 'proposal_validation_failed', 'violations': ""Only allowed contract corrections may use current-data repair evaluation.;Candidate preservation_check does not preserve predictor_or_contrast.;Candidate domain_core changes outcome modality.;Candidate domain_core changes predictor or group contrast.;Candidate contract changes estimand type.;Candidate contract changes predictor.;Candidate contract changes disease/group contrast.;Preflight: cohort 'ADHD200' has invalid sex encodings.;Preflight: cohort 'ABCD' has missing or non-numeric age values.""}, {'candidate_id': 'adhd_fc_adhd200_abcd_r8_c2_contract_correction', 'round_index': '8', 'transform_type': 'contract_correction', 'proposal_type': 'independent_replication_claim', 'proposed_question': 'ABCD has had_adhd phenotype; definitions differ.', 'provenance': 'future_design', 'validation_split': 'current_data_adaptive', 'validation_ok': 'False', 'blocked_reason': 'proposal_validation_failed', 'violations': ""Candidate preservation_check does not preserve predictor_or_contrast.;Candidate domain_core changes outcome modality.;Candidate domain_core changes predictor or group contrast.;Candidate contract changes estimand type.;Candidate contract changes predictor.;Candidate contract changes disease/group contrast.;Preflight: cohort 'ADHD200' has invalid sex encodings.;Preflight: cohort 'ABCD' has missing or non-numeric age values.""}, {'candidate_id': 'adhd_fc_adhd200_abcd_r9_c1_contract_correction', 'round_index': '9', 'transform_type': 'contract_correction', 'proposal_type': 'independent_replication_claim', 'proposed_question': 'ABCD has had_adhd phenotype; definitions differ.', 'provenance': 'contract_correction', 'validation_split': 'current_data_contract_repair', 'validation_ok': 'False', 'blocked_reason': 'proposal_validation_failed', 'violations': ""Only allowed contract corrections may use current-data repair evaluation.;Candidate preservation_check does not preserve predictor_or_contrast.;Candidate domain_core changes outcome modality.;Candidate domain_core changes predictor or group contrast.;Candidate contract changes estimand type.;Candidate contract changes predictor.;Candidate contract changes disease/group contrast.;Preflight: cohort 'ADHD200' has invalid sex encodings.;Preflight: cohort 'ABCD' has missing or non-numeric age values.""}, {'candidate_id': 'adhd_fc_adhd200_abcd_r9_c2_contract_correction', 'round_index': '9', 'transform_type': 'contract_correction', 'proposal_type': 'independent_replication_claim', 'proposed_question': 'ABCD has had_adhd phenotype; definitions differ.', 'provenance': 'contract_correction', 'validation_split': 'current_data_contract_repair', 'validation_ok': 'False', 'blocked_reason': 'proposal_validation_failed', 'violations': ""Only allowed contract corrections may use current-data repair evaluation.;Candidate preservation_check does not preserve predictor_or_contrast.;Candidate domain_core changes outcome modality.;Candidate domain_core changes predictor or group contrast.;Candidate contract changes estimand type.;Candidate contract changes predictor.;Candidate contract changes disease/group contrast.;Preflight: cohort 'ADHD200' has invalid sex encodings.;Preflight: cohort 'ABCD' has missing or non-numeric age values.""}, {'candidate_id': 'adhd_fc_adhd200_abcd_r9_c3_contract_correction', 'round_index': '9', 'transform_type': 'contract_correction', 'proposal_type': 'independent_replication_claim', 'proposed_question': 'ABCD has had_adhd phenotype; definitions differ.', 'provenance': 'contract_correction', 'validation_split': 'current_data_contract_repair', 'validation_ok': 'False', 'blocked_reason': 'proposal_validation_failed', 'violations': ""Only allowed contract corrections may use current-data repair evaluation.;Candidate preservation_check does not preserve predictor_or_contrast.;Candidate domain_core changes outcome modality.;Candidate domain_core changes predictor or group contrast.;Candidate contract changes estimand type.;Candidate contract changes predictor.;Candidate contract changes disease/group contrast.;Preflight: cohort 'ADHD200' has invalid sex encodings.;Preflight: cohort 'ABCD' has missing or non-numeric age values.""}, {'candidate_id': 'adhd_fc_adhd200_abcd_r10_c1_contract_correction', 'round_index': '10', 'transform_type': 'contract_correction', 'proposal_type': 'independent_replication_claim', 'proposed_question': 'ABCD has had_adhd phenotype; definitions differ.', 'provenance': 'contract_correction', 'validation_split': 'current_data_adaptive', 'validation_ok': 'False', 'blocked_reason': 'proposal_validation_failed', 'violations': ""Candidate preservation_check does not preserve predictor_or_contrast.;Candidate domain_core changes outcome modality.;Candidate domain_core changes predictor or group contrast.;Candidate contract changes estimand type.;Candidate contract changes predictor.;Candidate contract changes disease/group contrast.;Preflight: cohort 'ADHD200' has invalid sex encodings.;Preflight: cohort 'ABCD' has missing or non-numeric age values.""}, {'candidate_id': 'adhd_fc_adhd200_abcd_r10_c2_contract_correction', 'round_index': '10', 'transform_type': 'contract_correction', 'proposal_type': 'independent_replication_claim', 'proposed_question': 'ABCD has had_adhd phenotype; definitions differ.', 'provenance': 'future_design', 'validation_split': 'current_data_adaptive', 'validation_ok': 'False', 'blocked_reason': 'proposal_validation_failed', 'violations': ""Candidate preservation_check does not preserve predictor_or_contrast.;Candidate domain_core changes outcome modality.;Candidate domain_core changes predictor or group contrast.;Candidate contract changes estimand type.;Candidate contract changes predictor.;Candidate contract changes disease/group contrast.;Preflight: cohort 'ADHD200' has invalid sex encodings.;Preflight: cohort 'ABCD' has missing or non-numeric age values.""}]",,max_rounds_exhausted
adhd_region_adhd200_abcd,Good cross-cohort diagnostic generalization test.,replication,evidence_failure,The claim failed because the observed evidence does not support confirmation: The claim failed because it did not replicate under the declared replication gate.,Replication gate failed; reason=non_replicated_effect_absent; cohorts: ABCD reason=non_replicated_effect_absent:pattern_corr.,"{
  ""allowed_proposal_types"": [
    ""independent_replication_claim""
  ],
  ""allowed_transform_types"": [
    ""narrower_outcome_family"",
    ""moderator_or_subgroup"",
    ""stronger_design"",
    ""fixed_estimand"",
    ""contract_correction""
  ],
  ""candidate_history"": [],
  ""executable_data_catalog"": {
    ""allowed_cohorts"": [
      ""ABCD"",
      ""ABIDE"",
      ""ABIDE1"",
      ""ABIDE2"",
      ""ADHD200"",
      ""ADNI"",
      ""ADNI_fMRI"",
      ""BSNIP"",
      ""BSNIP2"",
      ""COBRE"",
      ""ChineseSZ"",
      ""FBIRN"",
      ""GSP"",
      ""HCP"",
      ""HCP_Aging"",
      ""JH"",
      ""OASIS1"",
      ""OASIS3"",
      ""OASIS3_fMRI"",
      ""Olin_SZ"",
      ""UKB""
    ],
    ""allowed_inclusion_examples"": [
      null,
      ""sex == \""F\"""",
      ""sex == \""M\"""",
      ""age >= 65"",
      ""age <= 30""
    ],
    ""common_outcome_column_count"": 190,
    ""common_outcome_columns_sample"": [
      ""fc_fc_Cont_Cont"",
      ""fc_fc_Cont_Cont_z"",
      ""fc_fc_Cont_Cont_z_z"",
      ""fc_fc_Cont_Default"",
      ""fc_fc_Con",excluded validation evidence required unless candidate is a true contract correction,30,fixed_estimand;moderator_or_subgroup;narrower_outcome_family;contract_correction;contract_correction;narrower_outcome_family;contract_correction;narrower_outcome_family;moderator_or_subgroup;contract_correction;moderator_or_subgroup;contract_correction;narrower_outcome_family;moderator_or_subgroup;moderator_or_subgroup;contract_correction;narrower_outcome_family;moderator_or_subgroup;moderator_or_subgroup;contract_correction;narrower_outcome_family;moderator_or_subgroup;contract_correction;moderator_or_subgroup;moderator_or_subgroup;contract_correction;narrower_outcome_family;moderator_or_subgroup;contract_correction;contract_correction,Good cross-cohort diagnostic generalization test.,False,proposal_validation_failed,"adhd_region_adhd200_abcd_r1_c1_fixed_estimand:False:proposal_validation_failed:Candidate domain_core changes outcome modality.;Candidate is not connected to the original domain core.;Exploratory transforms must use exploratory_followup_claim proposal type.;Preflight: cohort 'ADHD200' is missing analysis columns: ['bench_group'];Preflight: cohort 'ABCD' is missing analysis columns: ['bench_group'] | adhd_region_adhd200_abcd_r1_c2_moderator_or_subgroup:False:proposal_validation_failed:Candidate domain_core changes outcome modality.;Candidate is not connected to the original domain core.;Exploratory transforms must use exploratory_followup_claim proposal type.;Preflight: cohort 'ADHD200' is missing analysis columns: ['bench_group'];Preflight: cohort 'ABCD' is missing analysis columns: ['bench_group'] | adhd_region_adhd200_abcd_r1_c3_narrower_outcome_family:False:proposal_validation_failed:Candidate domain_core changes outcome modality.;Candidate is not connected to the original domain core.;Exploratory transforms must use exploratory_followup_claim proposal type.;Preflight: cohort 'ADHD200' is missing outcome columns: ['raw_fmri_region_Default_at_left_hemisphere'];Preflight: cohort 'ADHD200' is missing analysis columns: ['bench_group'];Preflight: cohort 'ABCD' is missing outcome columns: ['raw_fmri_region_Default_at_left_hemisphere'];Preflight: cohort 'ABCD' is missing analysis columns: ['bench_group'] | adhd_region_adhd200_abcd_r2_c1_contract_correction:False:proposal_validation_failed:Candidate preservation_check does not preserve predictor_or_contrast.;Candidate domain_core changes outcome modality.;Candidate contract changes predictor.;Candidate contract changes disease/group contrast.;Preflight: cohort 'ADHD200' has invalid sex encodings.;Preflight: cohort 'ADHD200' missing group levels for 'dx': ['case', 'control'];Preflight: cohort 'ADHD200' has too few complete rows after filters (0 < 20).;Preflight: cohort 'ABCD' has missing or non-numeric age values.;Preflight: cohort 'ABCD' missing group levels for 'dx': ['case', 'control'];Preflight: cohort 'ABCD' has too few complete rows after filters (0 < 20). | adhd_region_adhd200_abcd_r2_c2_contract_correction:False:proposal_validation_failed:Candidate preservation_check does not preserve predictor_or_contrast.;Candidate domain_core changes outcome modality.;Candidate contract changes predictor.;Candidate contract changes disease/group contrast.;Preflight: cohort 'ADHD200' has invalid sex encodings.;Preflight: cohort 'ADHD200' missing group levels for 'dx': ['case', 'control'];Preflight: cohort 'ADHD200' has too few complete rows after filters (0 < 20).;Preflight: cohort 'ABCD' has missing or non-numeric age values.;Preflight: cohort 'ABCD' missing group levels for 'dx': ['case', 'control'];Preflight: cohort 'ABCD' has too few complete rows after filters (0 < 20). | adhd_region_adhd200_abcd_r2_c3_narrower_outcome_family:False:proposal_validation_failed:Candidate preservation_check does not preserve predictor_or_contrast.;Candidate domain_core changes outcome modality.;Candidate is not connected to the original domain core.;Exploratory transforms must use exploratory_followup_claim proposal type.;Candidate contract changes predictor.;Candidate contract changes disease/group contrast.;Preflight: cohort 'ADHD200' is missing outcome columns: ['raw_fmri_region_Default_at_left_hemisphere'];Preflight: cohort 'ABCD' is missing outcome columns: ['raw_fmri_region_Default_at_left_hemisphere'] | adhd_region_adhd200_abcd_r3_c1_contract_correction:False:proposal_validation_failed:Only allowed contract corrections may use current-data repair evaluation.;Candidate preservation_check does not preserve predictor_or_contrast.;Candidate domain_core changes outcome modality.;Candidate contract changes predictor.;Candidate contract changes disease/group contrast.;Preflight: cohort 'ADHD200' has invalid sex encodings.;Preflight: cohort 'ADHD200' missing group levels for 'dx': ['ADHD', 'TD'];Preflight: cohort 'ADHD200' has too few complete rows after filters (0 < 20).;Preflight: cohort 'ABCD' has missing or non-numeric age values.;Preflight: cohort 'ABCD' missing group levels for 'dx': ['ADHD', 'TD'];Preflight: cohort 'ABCD' has too few complete rows after filters (0 < 20). | adhd_region_adhd200_abcd_r3_c2_narrower_outcome_family:False:proposal_validation_failed:Candidate preservation_check does not preserve predictor_or_contrast.;Candidate domain_core changes outcome modality.;Candidate is not connected to the original domain core.;Exploratory transforms must use exploratory_followup_claim proposal type.;Candidate contract changes predictor.;Candidate contract changes disease/group contrast.;Preflight: cohort 'ADHD200' has invalid sex encodings.;Preflight: cohort 'ADHD200' missing group levels for 'dx': ['ADHD', 'TD'];Preflight: cohort 'ADHD200' has too few complete rows after filters (0 < 20).;Preflight: cohort 'ABCD' has missing or non-numeric age values.;Preflight: cohort 'ABCD' missing group levels for 'dx': ['ADHD', 'TD'];Preflight: cohort 'ABCD' has too few complete rows after filters (0 < 20). | adhd_region_adhd200_abcd_r3_c3_moderator_or_subgroup:False:proposal_validation_failed:Candidate preservation_check does not preserve predictor_or_contrast.;Candidate domain_core changes outcome modality.;Candidate is not connected to the original domain core.;Exploratory transforms must use exploratory_followup_claim proposal type.;Candidate contract changes predictor.;Candidate contract changes disease/group contrast.;Preflight: cohort 'ADHD200' has invalid sex encodings.;Preflight: cohort 'ADHD200' missing group levels for 'dx': ['ADHD', 'TD'];Preflight: cohort 'ADHD200' has too few complete rows after filters (0 < 20).;Preflight: cohort 'ABCD' has missing or non-numeric age values.;Preflight: cohort 'ABCD' missing group levels for 'dx': ['ADHD', 'TD'];Preflight: cohort 'ABCD' has too few complete rows after filters (0 < 20). | adhd_region_adhd200_abcd_r4_c1_contract_correction:False:proposal_validation_failed:Candidate preservation_check does not preserve predictor_or_contrast.;Candidate domain_core changes outcome modality.;Candidate contract changes predictor.;Candidate contract changes disease/group contrast.;Preflight: cohort 'ADHD200' has invalid sex encodings.;Preflight: cohort 'ADHD200' missing group levels for 'dx': ['ADHD', 'TD'];Preflight: cohort 'ADHD200' has too few complete rows after filters (0 < 20).;Preflight: cohort 'ABCD' has missing or non-numeric age values.;Preflight: cohort 'ABCD' missing group levels for 'dx': ['ADHD', 'TD'];Preflight: cohort 'ABCD' has too few complete rows after filters (0 < 20). | adhd_region_adhd200_abcd_r4_c2_moderator_or_subgroup:False:proposal_validation_failed:Candidate preservation_check does not preserve predictor_or_contrast.;Candidate domain_core changes outcome modality.;Candidate is not connected to the original domain core.;Exploratory transforms must use exploratory_followup_claim proposal type.;Candidate contract changes predictor.;Candidate contract changes disease/group contrast.;Preflight: cohort 'ADHD200' has invalid sex encodings.;Preflight: cohort 'ADHD200' missing group levels for 'dx': ['ADHD', 'TD'];Preflight: cohort 'ADHD200' has too few complete rows after filters (0 < 20).;Preflight: cohort 'ABCD' has missing or non-numeric age values.;Preflight: cohort 'ABCD' missing group levels for 'dx': ['ADHD', 'TD'];Preflight: cohort 'ABCD' has too few complete rows after filters (0 < 20). | adhd_region_adhd200_abcd_r5_c1_contract_correction:False:proposal_validation_failed:Candidate preservation_check does not preserve predictor_or_contrast.;Candidate domain_core changes outcome modality.;Candidate contract changes predictor.;Candidate contract changes disease/group contrast.;Preflight: cohort 'ADHD200' has invalid sex encodings.;Preflight: cohort 'ADHD200' missing group levels for 'dx': ['ADHD', 'Control'];Preflight: cohort 'ADHD200' has too few complete rows after filters (0 < 20).;Preflight: cohort 'ABCD' has missing or non-numeric age values.;Preflight: cohort 'ABCD' missing group levels for 'dx': ['ADHD', 'Control'];Preflight: cohort 'ABCD' has too few complete rows after filters (0 < 20). | adhd_region_adhd200_abcd_r5_c2_narrower_outcome_family:False:proposal_validation_failed:Candidate preservation_check does not preserve predictor_or_contrast.;Candidate domain_core changes outcome modality.;Candidate is not connected to the original domain core.;Exploratory transforms must use exploratory_followup_claim proposal type.;Candidate contract changes predictor.;Candidate contract changes disease/group contrast.;Preflight: cohort 'ADHD200' is missing outcome columns: ['raw_fmri_region_Default_at_left_hemisphere'];Preflight: cohort 'ABCD' is missing outcome columns: ['raw_fmri_region_Default_at_left_hemisphere'] | adhd_region_adhd200_abcd_r5_c3_moderator_or_subgroup:False:proposal_validation_failed:Candidate preservation_check does not preserve predictor_or_contrast.;Candidate domain_core changes outcome modality.;Candidate is not connected to the original domain core.;Exploratory transforms must use exploratory_followup_claim proposal type.;Candidate contract changes predictor.;Candidate contract changes disease/group contrast.;Preflight: cohort 'ADHD200' has invalid sex encodings.;Preflight: cohort 'ADHD200' missing group levels for 'dx': ['ADHD', 'Control'];Preflight: cohort 'ADHD200' has too few complete rows after filters (0 < 20).;Preflight: cohort 'ABCD' has missing or non-numeric age values.;Preflight: cohort 'ABCD' missing group levels for 'dx': ['ADHD', 'Control'];Preflight: cohort 'ABCD' has too few complete rows after filters (0 < 20). | adhd_region_adhd200_abcd_r5_c4_moderator_or_subgroup:False:proposal_validation_failed:Candidate preservation_check does not preserve predictor_or_contrast.;Candidate domain_core changes outcome modality.;Candidate is not connected to the original domain core.;Exploratory transforms must use exploratory_followup_claim proposal type.;Candidate contract changes predictor.;Candidate contract changes disease/group contrast.;Preflight: cohort 'ADHD200' is missing outcome columns: ['raw_fmri_region_Default_at_left_hemisphere'];Preflight: cohort 'ABCD' is missing outcome columns: ['raw_fmri_region_Default_at_left_hemisphere'] | adhd_region_adhd200_abcd_r6_c1_contract_correction:False:proposal_validation_failed:Candidate preservation_check does not preserve predictor_or_contrast.;Candidate domain_core changes outcome modality.;Candidate domain_core changes predictor or group contrast.;Candidate contract changes predictor.;Candidate contract changes disease/group contrast.;Preflight: cohort 'ADHD200' has invalid sex encodings.;Preflight: cohort 'ADHD200' missing group levels for 'dx': ['ADHD', 'TD'];Preflight: cohort 'ADHD200' has too few complete rows after filters (0 < 20).;Preflight: cohort 'ABCD' has missing or non-numeric age values.;Preflight: cohort 'ABCD' missing group levels for 'dx': ['ADHD', 'TD'];Preflight: cohort 'ABCD' has too few complete rows after filters (0 < 20). | adhd_region_adhd200_abcd_r6_c2_narrower_outcome_family:False:proposal_validation_failed:Candidate preservation_check does not preserve predictor_or_contrast.;Candidate domain_core changes outcome modality.;Candidate domain_core changes predictor or group contrast.;Candidate is not connected to the original domain core.;Exploratory transforms must use exploratory_followup_claim proposal type.;Candidate contract changes predictor.;Candidate contract changes disease/group contrast.;Preflight: cohort 'ADHD200' is missing outcome columns: ['raw_fmri_region_Default_at_left_hemisphere'];Preflight: cohort 'ABCD' is missing outcome columns: ['raw_fmri_region_Default_at_left_hemisphere'] | adhd_region_adhd200_abcd_r6_c3_moderator_or_subgroup:False:proposal_validation_failed:Candidate preservation_check does not preserve predictor_or_contrast.;Candidate domain_core changes outcome modality.;Candidate domain_core changes predictor or group contrast.;Candidate is not connected to the original domain core.;Exploratory transforms must use exploratory_followup_claim proposal type.;Candidate contract changes predictor.;Candidate contract changes disease/group contrast.;Preflight: cohort 'ADHD200' has invalid sex encodings.;Preflight: cohort 'ADHD200' missing group levels for 'dx': ['ADHD', 'TD'];Preflight: cohort 'ADHD200' has too few complete rows after filters (0 < 20).;Preflight: cohort 'ABCD' has missing or non-numeric age values.;Preflight: cohort 'ABCD' missing group levels for 'dx': ['ADHD', 'TD'];Preflight: cohort 'ABCD' has too few complete rows after filters (0 < 20). | adhd_region_adhd200_abcd_r6_c4_moderator_or_subgroup:False:proposal_validation_failed:Candidate preservation_check does not preserve predictor_or_contrast.;Candidate domain_core changes outcome modality.;Candidate domain_core changes predictor or group contrast.;Candidate is not connected to the original domain core.;Exploratory transforms must use exploratory_followup_claim proposal type.;Candidate contract changes predictor.;Candidate contract changes disease/group contrast.;Preflight: cohort 'ADHD200' is missing outcome columns: ['raw_fmri_region_Default_at_left_hemisphere'];Preflight: cohort 'ABCD' is missing outcome columns: ['raw_fmri_region_Default_at_left_hemisphere'] | adhd_region_adhd200_abcd_r7_c1_contract_correction:False:proposal_validation_failed:Candidate preservation_check does not preserve predictor_or_contrast.;Candidate domain_core changes outcome modality.;Candidate domain_core changes predictor or group contrast.;Candidate contract changes predictor.;Candidate contract changes disease/group contrast.;Preflight: cohort 'ADHD200' has invalid sex encodings.;Preflight: cohort 'ADHD200' missing group levels for 'dx': ['ADHD', 'TD'];Preflight: cohort 'ADHD200' has too few complete rows after filters (0 < 20).;Preflight: cohort 'ABCD' has missing or non-numeric age values.;Preflight: cohort 'ABCD' missing group levels for 'dx': ['ADHD', 'TD'];Preflight: cohort 'ABCD' has too few complete rows after filters (0 < 20). | adhd_region_adhd200_abcd_r7_c2_narrower_outcome_family:False:proposal_validation_failed:Candidate preservation_check does not preserve predictor_or_contrast.;Candidate domain_core changes outcome modality.;Candidate domain_core changes predictor or group contrast.;Candidate is not connected to the original domain core.;Exploratory transforms must use exploratory_followup_claim proposal type.;Candidate contract changes predictor.;Candidate contract changes disease/group contrast.;Preflight: cohort 'ADHD200' has invalid sex encodings.;Preflight: cohort 'ADHD200' missing group levels for 'dx': ['ADHD', 'TD'];Preflight: cohort 'ADHD200' has too few complete rows after filters (0 < 20).;Preflight: cohort 'ABCD' has missing or non-numeric age values.;Preflight: cohort 'ABCD' missing group levels for 'dx': ['ADHD', 'TD'];Preflight: cohort 'ABCD' has too few complete rows after filters (0 < 20). | adhd_region_adhd200_abcd_r7_c3_moderator_or_subgroup:False:proposal_validation_failed:Candidate preservation_check does not preserve predictor_or_contrast.;Candidate domain_core changes outcome modality.;Candidate domain_core changes predictor or group contrast.;Candidate is not connected to the original domain core.;Exploratory transforms must use exploratory_followup_claim proposal type.;Candidate contract changes predictor.;Candidate contract changes disease/group contrast.;Preflight: cohort 'ADHD200' has invalid sex encodings.;Preflight: cohort 'ADHD200' missing group levels for 'dx': ['ADHD', 'TD'];Preflight: cohort 'ADHD200' has too few complete rows after filters (0 < 20).;Preflight: cohort 'ABCD' has missing or non-numeric age values.;Preflight: cohort 'ABCD' missing group levels for 'dx': ['ADHD', 'TD'];Preflight: cohort 'ABCD' has too few complete rows after filters (0 < 20). | adhd_region_adhd200_abcd_r8_c1_contract_correction:False:proposal_validation_failed:Candidate preservation_check does not preserve predictor_or_contrast.;Candidate domain_core changes outcome modality.;Candidate contract changes predictor.;Candidate contract changes disease/group contrast.;Preflight: cohort 'ADHD200' has invalid sex encodings.;Preflight: cohort 'ADHD200' missing group levels for 'dx': ['ADHD', 'Control'];Preflight: cohort 'ADHD200' has too few complete rows after filters (0 < 20).;Preflight: cohort 'ABCD' has missing or non-numeric age values.;Preflight: cohort 'ABCD' missing group levels for 'dx': ['ADHD', 'Control'];Preflight: cohort 'ABCD' has too few complete rows after filters (0 < 20). | adhd_region_adhd200_abcd_r8_c2_moderator_or_subgroup:False:proposal_validation_failed:Candidate preservation_check does not preserve predictor_or_contrast.;Candidate domain_core changes outcome modality.;Candidate is not connected to the original domain core.;Exploratory transforms must use exploratory_followup_claim proposal type.;Candidate contract changes predictor.;Candidate contract changes disease/group contrast.;Preflight: cohort 'ADHD200' has invalid sex encodings.;Preflight: cohort 'ADHD200' missing group levels for 'dx': ['ADHD', 'Control'];Preflight: cohort 'ADHD200' has too few complete rows after filters (0 < 20).;Preflight: cohort 'ABCD' has missing or non-numeric age values.;Preflight: cohort 'ABCD' missing group levels for 'dx': ['ADHD', 'Control'];Preflight: cohort 'ABCD' has too few complete rows after filters (0 < 20). | adhd_region_adhd200_abcd_r8_c3_moderator_or_subgroup:False:proposal_validation_failed:Candidate preservation_check does not preserve predictor_or_contrast.;Candidate domain_core changes outcome modality.;Candidate is not connected to the original domain core.;Exploratory transforms must use exploratory_followup_claim proposal type.;Candidate contract changes predictor.;Candidate contract changes disease/group contrast.;Preflight: cohort 'ADHD200' has invalid sex encodings.;Preflight: cohort 'ADHD200' missing group levels for 'dx': ['ADHD', 'Control'];Preflight: cohort 'ADHD200' has too few complete rows after filters (0 < 20).;Preflight: cohort 'ABCD' has missing or non-numeric age values.;Preflight: cohort 'ABCD' missing group levels for 'dx': ['ADHD', 'Control'];Preflight: cohort 'ABCD' has too few complete rows after filters (0 < 20). | adhd_region_adhd200_abcd_r9_c1_contract_correction:False:proposal_validation_failed:Candidate preservation_check does not preserve predictor_or_contrast.;Candidate domain_core changes outcome modality.;Candidate contract changes predictor.;Candidate contract changes disease/group contrast.;Preflight: cohort 'ADHD200' has invalid sex encodings.;Preflight: cohort 'ADHD200' missing group levels for 'dx': ['ADHD', 'Control'];Preflight: cohort 'ADHD200' has too few complete rows after filters (0 < 20).;Preflight: cohort 'ABCD' has missing or non-numeric age values.;Preflight: cohort 'ABCD' missing group levels for 'dx': ['ADHD', 'Control'];Preflight: cohort 'ABCD' has too few complete rows after filters (0 < 20). | adhd_region_adhd200_abcd_r9_c2_narrower_outcome_family:False:proposal_validation_failed:Candidate preservation_check does not preserve predictor_or_contrast.;Candidate domain_core changes outcome modality.;Candidate is not connected to the original domain core.;Exploratory transforms must use exploratory_followup_claim proposal type.;Candidate contract changes predictor.;Candidate contract changes disease/group contrast.;Preflight: cohort 'ADHD200' is missing outcome columns: ['raw_fmri_region_Default_at_left_hemisphere'];Preflight: cohort 'ABCD' is missing outcome columns: ['raw_fmri_region_Default_at_left_hemisphere'] | adhd_region_adhd200_abcd_r9_c3_moderator_or_subgroup:False:proposal_validation_failed:Candidate preservation_check does not preserve predictor_or_contrast.;Candidate domain_core changes outcome modality.;Candidate is not connected to the original domain core.;Exploratory transforms must use exploratory_followup_claim proposal type.;Candidate contract changes predictor.;Candidate contract changes disease/group contrast.;Preflight: cohort 'ADHD200' has invalid sex encodings.;Preflight: cohort 'ADHD200' missing group levels for 'dx': ['ADHD', 'Control'];Preflight: cohort 'ADHD200' has too few complete rows after filters (0 < 20).;Preflight: cohort 'ABCD' has missing or non-numeric age values.;Preflight: cohort 'ABCD' missing group levels for 'dx': ['ADHD', 'Control'];Preflight: cohort 'ABCD' has too few complete rows after filters (0 < 20). | adhd_region_adhd200_abcd_r10_c1_contract_correction:False:proposal_validation_failed:Candidate domain_core changes outcome modality.;Candidate contract changes predictor.;Candidate contract changes disease/group contrast.;Preflight: cohort 'ADHD200' has invalid sex encodings.;Preflight: cohort 'ADHD200' missing group levels for 'dx': ['ADHD', 'TD'];Preflight: cohort 'ADHD200' has too few complete rows after filters (0 < 20).;Preflight: cohort 'ABCD' has missing or non-numeric age values.;Preflight: cohort 'ABCD' missing group levels for 'dx': ['ADHD', 'TD'];Preflight: cohort 'ABCD' has too few complete rows after filters (0 < 20). | adhd_region_adhd200_abcd_r10_c2_contract_correction:False:proposal_validation_failed:Candidate domain_core changes outcome modality.;Candidate contract changes predictor.;Candidate contract changes disease/group contrast.;Preflight: cohort 'ADHD200' has invalid sex encodings.;Preflight: cohort 'ADHD200' missing group levels for 'dx': ['ADHD', 'TD'];Preflight: cohort 'ADHD200' has too few complete rows after filters (0 < 20).;Preflight: cohort 'ABCD' has missing or non-numeric age values.;Preflight: cohort 'ABCD' missing group levels for 'dx': ['ADHD', 'TD'];Preflight: cohort 'ABCD' has too few complete rows after filters (0 < 20).","[{'candidate_id': 'adhd_region_adhd200_abcd_r1_c1_fixed_estimand', 'round_index': '1', 'transform_type': 'fixed_estimand', 'proposal_type': 'independent_replication_claim', 'proposed_question': 'Good cross-cohort diagnostic generalization test.', 'provenance': 'independent_replication', 'validation_split': 'current_data_adaptive', 'validation_ok': 'False', 'blocked_reason': 'proposal_validation_failed', 'violations': ""Candidate domain_core changes outcome modality.;Candidate is not connected to the original domain core.;Exploratory transforms must use exploratory_followup_claim proposal type.;Preflight: cohort 'ADHD200' is missing analysis columns: ['bench_group'];Preflight: cohort 'ABCD' is missing analysis columns: ['bench_group']""}, {'candidate_id': 'adhd_region_adhd200_abcd_r1_c2_moderator_or_subgroup', 'round_index': '1', 'transform_type': 'moderator_or_subgroup', 'proposal_type': 'independent_replication_claim', 'proposed_question': 'Good cross-cohort diagnostic generalization test.', 'provenance': 'independent_replication', 'validation_split': 'current_data_adaptive', 'validation_ok': 'False', 'blocked_reason': 'proposal_validation_failed', 'violations': ""Candidate domain_core changes outcome modality.;Candidate is not connected to the original domain core.;Exploratory transforms must use exploratory_followup_claim proposal type.;Preflight: cohort 'ADHD200' is missing analysis columns: ['bench_group'];Preflight: cohort 'ABCD' is missing analysis columns: ['bench_group']""}, {'candidate_id': 'adhd_region_adhd200_abcd_r1_c3_narrower_outcome_family', 'round_index': '1', 'transform_type': 'narrower_outcome_family', 'proposal_type': 'independent_replication_claim', 'proposed_question': 'Good cross-cohort diagnostic generalization test.', 'provenance': 'independent_replication', 'validation_split': 'current_data_adaptive', 'validation_ok': 'False', 'blocked_reason': 'proposal_validation_failed', 'violations': ""Candidate domain_core changes outcome modality.;Candidate is not connected to the original domain core.;Exploratory transforms must use exploratory_followup_claim proposal type.;Preflight: cohort 'ADHD200' is missing outcome columns: ['raw_fmri_region_Default_at_left_hemisphere'];Preflight: cohort 'ADHD200' is missing analysis columns: ['bench_group'];Preflight: cohort 'ABCD' is missing outcome columns: ['raw_fmri_region_Default_at_left_hemisphere'];Preflight: cohort 'ABCD' is missing analysis columns: ['bench_group']""}, {'candidate_id': 'adhd_region_adhd200_abcd_r2_c1_contract_correction', 'round_index': '2', 'transform_type': 'contract_correction', 'proposal_type': 'independent_replication_claim', 'proposed_question': 'Good cross-cohort diagnostic generalization test.', 'provenance': 'independent_replication', 'validation_split': 'current_data_adaptive', 'validation_ok': 'False', 'blocked_reason': 'proposal_validation_failed', 'violations': ""Candidate preservation_check does not preserve predictor_or_contrast.;Candidate domain_core changes outcome modality.;Candidate contract changes predictor.;Candidate contract changes disease/group contrast.;Preflight: cohort 'ADHD200' has invalid sex encodings.;Preflight: cohort 'ADHD200' missing group levels for 'dx': ['case', 'control'];Preflight: cohort 'ADHD200' has too few complete rows after filters (0 < 20).;Preflight: cohort 'ABCD' has missing or non-numeric age values.;Preflight: cohort 'ABCD' missing group levels for 'dx': ['case', 'control'];Preflight: cohort 'ABCD' has too few complete rows after filters (0 < 20).""}, {'candidate_id': 'adhd_region_adhd200_abcd_r2_c2_contract_correction', 'round_index': '2', 'transform_type': 'contract_correction', 'proposal_type': 'independent_replication_claim', 'proposed_question': 'Good cross-cohort diagnostic generalization test.', 'provenance': 'independent_replication', 'validation_split': 'current_data_adaptive', 'validation_ok': 'False', 'blocked_reason': 'proposal_validation_failed', 'violations': ""Candidate preservation_check does not preserve predictor_or_contrast.;Candidate domain_core changes outcome modality.;Candidate contract changes predictor.;Candidate contract changes disease/group contrast.;Preflight: cohort 'ADHD200' has invalid sex encodings.;Preflight: cohort 'ADHD200' missing group levels for 'dx': ['case', 'control'];Preflight: cohort 'ADHD200' has too few complete rows after filters (0 < 20).;Preflight: cohort 'ABCD' has missing or non-numeric age values.;Preflight: cohort 'ABCD' missing group levels for 'dx': ['case', 'control'];Preflight: cohort 'ABCD' has too few complete rows after filters (0 < 20).""}, {'candidate_id': 'adhd_region_adhd200_abcd_r2_c3_narrower_outcome_family', 'round_index': '2', 'transform_type': 'narrower_outcome_family', 'proposal_type': 'independent_replication_claim', 'proposed_question': 'Good cross-cohort diagnostic generalization test.', 'provenance': 'independent_replication', 'validation_split': 'current_data_adaptive', 'validation_ok': 'False', 'blocked_reason': 'proposal_validation_failed', 'violations': ""Candidate preservation_check does not preserve predictor_or_contrast.;Candidate domain_core changes outcome modality.;Candidate is not connected to the original domain core.;Exploratory transforms must use exploratory_followup_claim proposal type.;Candidate contract changes predictor.;Candidate contract changes disease/group contrast.;Preflight: cohort 'ADHD200' is missing outcome columns: ['raw_fmri_region_Default_at_left_hemisphere'];Preflight: cohort 'ABCD' is missing outcome columns: ['raw_fmri_region_Default_at_left_hemisphere']""}, {'candidate_id': 'adhd_region_adhd200_abcd_r3_c1_contract_correction', 'round_index': '3', 'transform_type': 'contract_correction', 'proposal_type': 'independent_replication_claim', 'proposed_question': 'Good cross-cohort diagnostic generalization test.', 'provenance': 'independent_replication', 'validation_split': 'current_data_contract_repair', 'validation_ok': 'False', 'blocked_reason': 'proposal_validation_failed', 'violations': ""Only allowed contract corrections may use current-data repair evaluation.;Candidate preservation_check does not preserve predictor_or_contrast.;Candidate domain_core changes outcome modality.;Candidate contract changes predictor.;Candidate contract changes disease/group contrast.;Preflight: cohort 'ADHD200' has invalid sex encodings.;Preflight: cohort 'ADHD200' missing group levels for 'dx': ['ADHD', 'TD'];Preflight: cohort 'ADHD200' has too few complete rows after filters (0 < 20).;Preflight: cohort 'ABCD' has missing or non-numeric age values.;Preflight: cohort 'ABCD' missing group levels for 'dx': ['ADHD', 'TD'];Preflight: cohort 'ABCD' has too few complete rows after filters (0 < 20).""}, {'candidate_id': 'adhd_region_adhd200_abcd_r3_c2_narrower_outcome_family', 'round_index': '3', 'transform_type': 'narrower_outcome_family', 'proposal_type': 'independent_replication_claim', 'proposed_question': 'Good cross-cohort diagnostic generalization test.', 'provenance': 'independent_replication', 'validation_split': 'current_data_adaptive', 'validation_ok': 'False', 'blocked_reason': 'proposal_validation_failed', 'violations': ""Candidate preservation_check does not preserve predictor_or_contrast.;Candidate domain_core changes outcome modality.;Candidate is not connected to the original domain core.;Exploratory transforms must use exploratory_followup_claim proposal type.;Candidate contract changes predictor.;Candidate contract changes disease/group contrast.;Preflight: cohort 'ADHD200' has invalid sex encodings.;Preflight: cohort 'ADHD200' missing group levels for 'dx': ['ADHD', 'TD'];Preflight: cohort 'ADHD200' has too few complete rows after filters (0 < 20).;Preflight: cohort 'ABCD' has missing or non-numeric age values.;Preflight: cohort 'ABCD' missing group levels for 'dx': ['ADHD', 'TD'];Preflight: cohort 'ABCD' has too few complete rows after filters (0 < 20).""}, {'candidate_id': 'adhd_region_adhd200_abcd_r3_c3_moderator_or_subgroup', 'round_index': '3', 'transform_type': 'moderator_or_subgroup', 'proposal_type': 'independent_replication_claim', 'proposed_question': 'Good cross-cohort diagnostic generalization test.', 'provenance': 'independent_replication', 'validation_split': 'current_data_adaptive', 'validation_ok': 'False', 'blocked_reason': 'proposal_validation_failed', 'violations': ""Candidate preservation_check does not preserve predictor_or_contrast.;Candidate domain_core changes outcome modality.;Candidate is not connected to the original domain core.;Exploratory transforms must use exploratory_followup_claim proposal type.;Candidate contract changes predictor.;Candidate contract changes disease/group contrast.;Preflight: cohort 'ADHD200' has invalid sex encodings.;Preflight: cohort 'ADHD200' missing group levels for 'dx': ['ADHD', 'TD'];Preflight: cohort 'ADHD200' has too few complete rows after filters (0 < 20).;Preflight: cohort 'ABCD' has missing or non-numeric age values.;Preflight: cohort 'ABCD' missing group levels for 'dx': ['ADHD', 'TD'];Preflight: cohort 'ABCD' has too few complete rows after filters (0 < 20).""}, {'candidate_id': 'adhd_region_adhd200_abcd_r4_c1_contract_correction', 'round_index': '4', 'transform_type': 'contract_correction', 'proposal_type': 'independent_replication_claim', 'proposed_question': 'Good cross-cohort diagnostic generalization test.', 'provenance': 'independent_replication', 'validation_split': 'current_data_adaptive', 'validation_ok': 'False', 'blocked_reason': 'proposal_validation_failed', 'violations': ""Candidate preservation_check does not preserve predictor_or_contrast.;Candidate domain_core changes outcome modality.;Candidate contract changes predictor.;Candidate contract changes disease/group contrast.;Preflight: cohort 'ADHD200' has invalid sex encodings.;Preflight: cohort 'ADHD200' missing group levels for 'dx': ['ADHD', 'TD'];Preflight: cohort 'ADHD200' has too few complete rows after filters (0 < 20).;Preflight: cohort 'ABCD' has missing or non-numeric age values.;Preflight: cohort 'ABCD' missing group levels for 'dx': ['ADHD', 'TD'];Preflight: cohort 'ABCD' has too few complete rows after filters (0 < 20).""}, {'candidate_id': 'adhd_region_adhd200_abcd_r4_c2_moderator_or_subgroup', 'round_index': '4', 'transform_type': 'moderator_or_subgroup', 'proposal_type': 'independent_replication_claim', 'proposed_question': 'Good cross-cohort diagnostic generalization test.', 'provenance': 'independent_replication', 'validation_split': 'current_data_adaptive', 'validation_ok': 'False', 'blocked_reason': 'proposal_validation_failed', 'violations': ""Candidate preservation_check does not preserve predictor_or_contrast.;Candidate domain_core changes outcome modality.;Candidate is not connected to the original domain core.;Exploratory transforms must use exploratory_followup_claim proposal type.;Candidate contract changes predictor.;Candidate contract changes disease/group contrast.;Preflight: cohort 'ADHD200' has invalid sex encodings.;Preflight: cohort 'ADHD200' missing group levels for 'dx': ['ADHD', 'TD'];Preflight: cohort 'ADHD200' has too few complete rows after filters (0 < 20).;Preflight: cohort 'ABCD' has missing or non-numeric age values.;Preflight: cohort 'ABCD' missing group levels for 'dx': ['ADHD', 'TD'];Preflight: cohort 'ABCD' has too few complete rows after filters (0 < 20).""}, {'candidate_id': 'adhd_region_adhd200_abcd_r5_c1_contract_correction', 'round_index': '5', 'transform_type': 'contract_correction', 'proposal_type': 'independent_replication_claim', 'proposed_question': 'Good cross-cohort diagnostic generalization test.', 'provenance': 'future_design', 'validation_split': 'current_data_adaptive', 'validation_ok': 'False', 'blocked_reason': 'proposal_validation_failed', 'violations': ""Candidate preservation_check does not preserve predictor_or_contrast.;Candidate domain_core changes outcome modality.;Candidate contract changes predictor.;Candidate contract changes disease/group contrast.;Preflight: cohort 'ADHD200' has invalid sex encodings.;Preflight: cohort 'ADHD200' missing group levels for 'dx': ['ADHD', 'Control'];Preflight: cohort 'ADHD200' has too few complete rows after filters (0 < 20).;Preflight: cohort 'ABCD' has missing or non-numeric age values.;Preflight: cohort 'ABCD' missing group levels for 'dx': ['ADHD', 'Control'];Preflight: cohort 'ABCD' has too few complete rows after filters (0 < 20).""}, {'candidate_id': 'adhd_region_adhd200_abcd_r5_c2_narrower_outcome_family', 'round_index': '5', 'transform_type': 'narrower_outcome_family', 'proposal_type': 'independent_replication_claim', 'proposed_question': 'Good cross-cohort diagnostic generalization test.', 'provenance': 'future_design', 'validation_split': 'current_data_adaptive', 'validation_ok': 'False', 'blocked_reason': 'proposal_validation_failed', 'violations': ""Candidate preservation_check does not preserve predictor_or_contrast.;Candidate domain_core changes outcome modality.;Candidate is not connected to the original domain core.;Exploratory transforms must use exploratory_followup_claim proposal type.;Candidate contract changes predictor.;Candidate contract changes disease/group contrast.;Preflight: cohort 'ADHD200' is missing outcome columns: ['raw_fmri_region_Default_at_left_hemisphere'];Preflight: cohort 'ABCD' is missing outcome columns: ['raw_fmri_region_Default_at_left_hemisphere']""}, {'candidate_id': 'adhd_region_adhd200_abcd_r5_c3_moderator_or_subgroup', 'round_index': '5', 'transform_type': 'moderator_or_subgroup', 'proposal_type': 'independent_replication_claim', 'proposed_question': 'Good cross-cohort diagnostic generalization test.', 'provenance': 'future_design', 'validation_split': 'current_data_adaptive', 'validation_ok': 'False', 'blocked_reason': 'proposal_validation_failed', 'violations': ""Candidate preservation_check does not preserve predictor_or_contrast.;Candidate domain_core changes outcome modality.;Candidate is not connected to the original domain core.;Exploratory transforms must use exploratory_followup_claim proposal type.;Candidate contract changes predictor.;Candidate contract changes disease/group contrast.;Preflight: cohort 'ADHD200' has invalid sex encodings.;Preflight: cohort 'ADHD200' missing group levels for 'dx': ['ADHD', 'Control'];Preflight: cohort 'ADHD200' has too few complete rows after filters (0 < 20).;Preflight: cohort 'ABCD' has missing or non-numeric age values.;Preflight: cohort 'ABCD' missing group levels for 'dx': ['ADHD', 'Control'];Preflight: cohort 'ABCD' has too few complete rows after filters (0 < 20).""}, {'candidate_id': 'adhd_region_adhd200_abcd_r5_c4_moderator_or_subgroup', 'round_index': '5', 'transform_type': 'moderator_or_subgroup', 'proposal_type': 'independent_replication_claim', 'proposed_question': 'Good cross-cohort diagnostic generalization test.', 'provenance': 'future_design', 'validation_split': 'current_data_adaptive', 'validation_ok': 'False', 'blocked_reason': 'proposal_validation_failed', 'violations': ""Candidate preservation_check does not preserve predictor_or_contrast.;Candidate domain_core changes outcome modality.;Candidate is not connected to the original domain core.;Exploratory transforms must use exploratory_followup_claim proposal type.;Candidate contract changes predictor.;Candidate contract changes disease/group contrast.;Preflight: cohort 'ADHD200' is missing outcome columns: ['raw_fmri_region_Default_at_left_hemisphere'];Preflight: cohort 'ABCD' is missing outcome columns: ['raw_fmri_region_Default_at_left_hemisphere']""}, {'candidate_id': 'adhd_region_adhd200_abcd_r6_c1_contract_correction', 'round_index': '6', 'transform_type': 'contract_correction', 'proposal_type': 'independent_replication_claim', 'proposed_question': 'Good cross-cohort diagnostic generalization test.', 'provenance': 'future_design', 'validation_split': 'current_data_adaptive', 'validation_ok': 'False', 'blocked_reason': 'proposal_validation_failed', 'violations': ""Candidate preservation_check does not preserve predictor_or_contrast.;Candidate domain_core changes outcome modality.;Candidate domain_core changes predictor or group contrast.;Candidate contract changes predictor.;Candidate contract changes disease/group contrast.;Preflight: cohort 'ADHD200' has invalid sex encodings.;Preflight: cohort 'ADHD200' missing group levels for 'dx': ['ADHD', 'TD'];Preflight: cohort 'ADHD200' has too few complete rows after filters (0 < 20).;Preflight: cohort 'ABCD' has missing or non-numeric age values.;Preflight: cohort 'ABCD' missing group levels for 'dx': ['ADHD', 'TD'];Preflight: cohort 'ABCD' has too few complete rows after filters (0 < 20).""}, {'candidate_id': 'adhd_region_adhd200_abcd_r6_c2_narrower_outcome_family', 'round_index': '6', 'transform_type': 'narrower_outcome_family', 'proposal_type': 'independent_replication_claim', 'proposed_question': 'Good cross-cohort diagnostic generalization test.', 'provenance': 'future_design', 'validation_split': 'current_data_adaptive', 'validation_ok': 'False', 'blocked_reason': 'proposal_validation_failed', 'violations': ""Candidate preservation_check does not preserve predictor_or_contrast.;Candidate domain_core changes outcome modality.;Candidate domain_core changes predictor or group contrast.;Candidate is not connected to the original domain core.;Exploratory transforms must use exploratory_followup_claim proposal type.;Candidate contract changes predictor.;Candidate contract changes disease/group contrast.;Preflight: cohort 'ADHD200' is missing outcome columns: ['raw_fmri_region_Default_at_left_hemisphere'];Preflight: cohort 'ABCD' is missing outcome columns: ['raw_fmri_region_Default_at_left_hemisphere']""}, {'candidate_id': 'adhd_region_adhd200_abcd_r6_c3_moderator_or_subgroup', 'round_index': '6', 'transform_type': 'moderator_or_subgroup', 'proposal_type': 'independent_replication_claim', 'proposed_question': 'Good cross-cohort diagnostic generalization test.', 'provenance': 'future_design', 'validation_split': 'current_data_adaptive', 'validation_ok': 'False', 'blocked_reason': 'proposal_validation_failed', 'violations': ""Candidate preservation_check does not preserve predictor_or_contrast.;Candidate domain_core changes outcome modality.;Candidate domain_core changes predictor or group contrast.;Candidate is not connected to the original domain core.;Exploratory transforms must use exploratory_followup_claim proposal type.;Candidate contract changes predictor.;Candidate contract changes disease/group contrast.;Preflight: cohort 'ADHD200' has invalid sex encodings.;Preflight: cohort 'ADHD200' missing group levels for 'dx': ['ADHD', 'TD'];Preflight: cohort 'ADHD200' has too few complete rows after filters (0 < 20).;Preflight: cohort 'ABCD' has missing or non-numeric age values.;Preflight: cohort 'ABCD' missing group levels for 'dx': ['ADHD', 'TD'];Preflight: cohort 'ABCD' has too few complete rows after filters (0 < 20).""}, {'candidate_id': 'adhd_region_adhd200_abcd_r6_c4_moderator_or_subgroup', 'round_index': '6', 'transform_type': 'moderator_or_subgroup', 'proposal_type': 'independent_replication_claim', 'proposed_question': 'Good cross-cohort diagnostic generalization test.', 'provenance': 'future_design', 'validation_split': 'current_data_adaptive', 'validation_ok': 'False', 'blocked_reason': 'proposal_validation_failed', 'violations': ""Candidate preservation_check does not preserve predictor_or_contrast.;Candidate domain_core changes outcome modality.;Candidate domain_core changes predictor or group contrast.;Candidate is not connected to the original domain core.;Exploratory transforms must use exploratory_followup_claim proposal type.;Candidate contract changes predictor.;Candidate contract changes disease/group contrast.;Preflight: cohort 'ADHD200' is missing outcome columns: ['raw_fmri_region_Default_at_left_hemisphere'];Preflight: cohort 'ABCD' is missing outcome columns: ['raw_fmri_region_Default_at_left_hemisphere']""}, {'candidate_id': 'adhd_region_adhd200_abcd_r7_c1_contract_correction', 'round_index': '7', 'transform_type': 'contract_correction', 'proposal_type': 'independent_replication_claim', 'proposed_question': 'Good cross-cohort diagnostic generalization test.', 'provenance': 'future_design', 'validation_split': 'current_data_adaptive', 'validation_ok': 'False', 'blocked_reason': 'proposal_validation_failed', 'violations': ""Candidate preservation_check does not preserve predictor_or_contrast.;Candidate domain_core changes outcome modality.;Candidate domain_core changes predictor or group contrast.;Candidate contract changes predictor.;Candidate contract changes disease/group contrast.;Preflight: cohort 'ADHD200' has invalid sex encodings.;Preflight: cohort 'ADHD200' missing group levels for 'dx': ['ADHD', 'TD'];Preflight: cohort 'ADHD200' has too few complete rows after filters (0 < 20).;Preflight: cohort 'ABCD' has missing or non-numeric age values.;Preflight: cohort 'ABCD' missing group levels for 'dx': ['ADHD', 'TD'];Preflight: cohort 'ABCD' has too few complete rows after filters (0 < 20).""}, {'candidate_id': 'adhd_region_adhd200_abcd_r7_c2_narrower_outcome_family', 'round_index': '7', 'transform_type': 'narrower_outcome_family', 'proposal_type': 'independent_replication_claim', 'proposed_question': 'Good cross-cohort diagnostic generalization test.', 'provenance': 'future_design', 'validation_split': 'current_data_adaptive', 'validation_ok': 'False', 'blocked_reason': 'proposal_validation_failed', 'violations': ""Candidate preservation_check does not preserve predictor_or_contrast.;Candidate domain_core changes outcome modality.;Candidate domain_core changes predictor or group contrast.;Candidate is not connected to the original domain core.;Exploratory transforms must use exploratory_followup_claim proposal type.;Candidate contract changes predictor.;Candidate contract changes disease/group contrast.;Preflight: cohort 'ADHD200' has invalid sex encodings.;Preflight: cohort 'ADHD200' missing group levels for 'dx': ['ADHD', 'TD'];Preflight: cohort 'ADHD200' has too few complete rows after filters (0 < 20).;Preflight: cohort 'ABCD' has missing or non-numeric age values.;Preflight: cohort 'ABCD' missing group levels for 'dx': ['ADHD', 'TD'];Preflight: cohort 'ABCD' has too few complete rows after filters (0 < 20).""}, {'candidate_id': 'adhd_region_adhd200_abcd_r7_c3_moderator_or_subgroup', 'round_index': '7', 'transform_type': 'moderator_or_subgroup', 'proposal_type': 'independent_replication_claim', 'proposed_question': 'Good cross-cohort diagnostic generalization test.', 'provenance': 'future_design', 'validation_split': 'current_data_adaptive', 'validation_ok': 'False', 'blocked_reason': 'proposal_validation_failed', 'violations': ""Candidate preservation_check does not preserve predictor_or_contrast.;Candidate domain_core changes outcome modality.;Candidate domain_core changes predictor or group contrast.;Candidate is not connected to the original domain core.;Exploratory transforms must use exploratory_followup_claim proposal type.;Candidate contract changes predictor.;Candidate contract changes disease/group contrast.;Preflight: cohort 'ADHD200' has invalid sex encodings.;Preflight: cohort 'ADHD200' missing group levels for 'dx': ['ADHD', 'TD'];Preflight: cohort 'ADHD200' has too few complete rows after filters (0 < 20).;Preflight: cohort 'ABCD' has missing or non-numeric age values.;Preflight: cohort 'ABCD' missing group levels for 'dx': ['ADHD', 'TD'];Preflight: cohort 'ABCD' has too few complete rows after filters (0 < 20).""}, {'candidate_id': 'adhd_region_adhd200_abcd_r8_c1_contract_correction', 'round_index': '8', 'transform_type': 'contract_correction', 'proposal_type': 'independent_replication_claim', 'proposed_question': 'Good cross-cohort diagnostic generalization test.', 'provenance': 'future_design', 'validation_split': 'current_data_adaptive', 'validation_ok': 'False', 'blocked_reason': 'proposal_validation_failed', 'violations': ""Candidate preservation_check does not preserve predictor_or_contrast.;Candidate domain_core changes outcome modality.;Candidate contract changes predictor.;Candidate contract changes disease/group contrast.;Preflight: cohort 'ADHD200' has invalid sex encodings.;Preflight: cohort 'ADHD200' missing group levels for 'dx': ['ADHD', 'Control'];Preflight: cohort 'ADHD200' has too few complete rows after filters (0 < 20).;Preflight: cohort 'ABCD' has missing or non-numeric age values.;Preflight: cohort 'ABCD' missing group levels for 'dx': ['ADHD', 'Control'];Preflight: cohort 'ABCD' has too few complete rows after filters (0 < 20).""}, {'candidate_id': 'adhd_region_adhd200_abcd_r8_c2_moderator_or_subgroup', 'round_index': '8', 'transform_type': 'moderator_or_subgroup', 'proposal_type': 'independent_replication_claim', 'proposed_question': 'Good cross-cohort diagnostic generalization test.', 'provenance': 'future_design', 'validation_split': 'current_data_adaptive', 'validation_ok': 'False', 'blocked_reason': 'proposal_validation_failed', 'violations': ""Candidate preservation_check does not preserve predictor_or_contrast.;Candidate domain_core changes outcome modality.;Candidate is not connected to the original domain core.;Exploratory transforms must use exploratory_followup_claim proposal type.;Candidate contract changes predictor.;Candidate contract changes disease/group contrast.;Preflight: cohort 'ADHD200' has invalid sex encodings.;Preflight: cohort 'ADHD200' missing group levels for 'dx': ['ADHD', 'Control'];Preflight: cohort 'ADHD200' has too few complete rows after filters (0 < 20).;Preflight: cohort 'ABCD' has missing or non-numeric age values.;Preflight: cohort 'ABCD' missing group levels for 'dx': ['ADHD', 'Control'];Preflight: cohort 'ABCD' has too few complete rows after filters (0 < 20).""}, {'candidate_id': 'adhd_region_adhd200_abcd_r8_c3_moderator_or_subgroup', 'round_index': '8', 'transform_type': 'moderator_or_subgroup', 'proposal_type': 'independent_replication_claim', 'proposed_question': 'Good cross-cohort diagnostic generalization test.', 'provenance': 'future_design', 'validation_split': 'current_data_adaptive', 'validation_ok': 'False', 'blocked_reason': 'proposal_validation_failed', 'violations': ""Candidate preservation_check does not preserve predictor_or_contrast.;Candidate domain_core changes outcome modality.;Candidate is not connected to the original domain core.;Exploratory transforms must use exploratory_followup_claim proposal type.;Candidate contract changes predictor.;Candidate contract changes disease/group contrast.;Preflight: cohort 'ADHD200' has invalid sex encodings.;Preflight: cohort 'ADHD200' missing group levels for 'dx': ['ADHD', 'Control'];Preflight: cohort 'ADHD200' has too few complete rows after filters (0 < 20).;Preflight: cohort 'ABCD' has missing or non-numeric age values.;Preflight: cohort 'ABCD' missing group levels for 'dx': ['ADHD', 'Control'];Preflight: cohort 'ABCD' has too few complete rows after filters (0 < 20).""}, {'candidate_id': 'adhd_region_adhd200_abcd_r9_c1_contract_correction', 'round_index': '9', 'transform_type': 'contract_correction', 'proposal_type': 'independent_replication_claim', 'proposed_question': 'Good cross-cohort diagnostic generalization test.', 'provenance': 'future_design', 'validation_split': 'current_data_adaptive', 'validation_ok': 'False', 'blocked_reason': 'proposal_validation_failed', 'violations': ""Candidate preservation_check does not preserve predictor_or_contrast.;Candidate domain_core changes outcome modality.;Candidate contract changes predictor.;Candidate contract changes disease/group contrast.;Preflight: cohort 'ADHD200' has invalid sex encodings.;Preflight: cohort 'ADHD200' missing group levels for 'dx': ['ADHD', 'Control'];Preflight: cohort 'ADHD200' has too few complete rows after filters (0 < 20).;Preflight: cohort 'ABCD' has missing or non-numeric age values.;Preflight: cohort 'ABCD' missing group levels for 'dx': ['ADHD', 'Control'];Preflight: cohort 'ABCD' has too few complete rows after filters (0 < 20).""}, {'candidate_id': 'adhd_region_adhd200_abcd_r9_c2_narrower_outcome_family', 'round_index': '9', 'transform_type': 'narrower_outcome_family', 'proposal_type': 'independent_replication_claim', 'proposed_question': 'Good cross-cohort diagnostic generalization test.', 'provenance': 'future_design', 'validation_split': 'current_data_adaptive', 'validation_ok': 'False', 'blocked_reason': 'proposal_validation_failed', 'violations': ""Candidate preservation_check does not preserve predictor_or_contrast.;Candidate domain_core changes outcome modality.;Candidate is not connected to the original domain core.;Exploratory transforms must use exploratory_followup_claim proposal type.;Candidate contract changes predictor.;Candidate contract changes disease/group contrast.;Preflight: cohort 'ADHD200' is missing outcome columns: ['raw_fmri_region_Default_at_left_hemisphere'];Preflight: cohort 'ABCD' is missing outcome columns: ['raw_fmri_region_Default_at_left_hemisphere']""}, {'candidate_id': 'adhd_region_adhd200_abcd_r9_c3_moderator_or_subgroup', 'round_index': '9', 'transform_type': 'moderator_or_subgroup', 'proposal_type': 'independent_replication_claim', 'proposed_question': 'Good cross-cohort diagnostic generalization test.', 'provenance': 'future_design', 'validation_split': 'current_data_adaptive', 'validation_ok': 'False', 'blocked_reason': 'proposal_validation_failed', 'violations': ""Candidate preservation_check does not preserve predictor_or_contrast.;Candidate domain_core changes outcome modality.;Candidate is not connected to the original domain core.;Exploratory transforms must use exploratory_followup_claim proposal type.;Candidate contract changes predictor.;Candidate contract changes disease/group contrast.;Preflight: cohort 'ADHD200' has invalid sex encodings.;Preflight: cohort 'ADHD200' missing group levels for 'dx': ['ADHD', 'Control'];Preflight: cohort 'ADHD200' has too few complete rows after filters (0 < 20).;Preflight: cohort 'ABCD' has missing or non-numeric age values.;Preflight: cohort 'ABCD' missing group levels for 'dx': ['ADHD', 'Control'];Preflight: cohort 'ABCD' has too few complete rows after filters (0 < 20).""}, {'candidate_id': 'adhd_region_adhd200_abcd_r10_c1_contract_correction', 'round_index': '10', 'transform_type': 'contract_correction', 'proposal_type': 'independent_replication_claim', 'proposed_question': 'Good cross-cohort diagnostic generalization test.', 'provenance': 'future_design', 'validation_split': 'current_data_adaptive', 'validation_ok': 'False', 'blocked_reason': 'proposal_validation_failed', 'violations': ""Candidate domain_core changes outcome modality.;Candidate contract changes predictor.;Candidate contract changes disease/group contrast.;Preflight: cohort 'ADHD200' has invalid sex encodings.;Preflight: cohort 'ADHD200' missing group levels for 'dx': ['ADHD', 'TD'];Preflight: cohort 'ADHD200' has too few complete rows after filters (0 < 20).;Preflight: cohort 'ABCD' has missing or non-numeric age values.;Preflight: cohort 'ABCD' missing group levels for 'dx': ['ADHD', 'TD'];Preflight: cohort 'ABCD' has too few complete rows after filters (0 < 20).""}, {'candidate_id': 'adhd_region_adhd200_abcd_r10_c2_contract_correction', 'round_index': '10', 'transform_type': 'contract_correction', 'proposal_type': 'independent_replication_claim', 'proposed_question': 'Good cross-cohort diagnostic generalization test.', 'provenance': 'future_design', 'validation_split': 'current_data_adaptive', 'validation_ok': 'False', 'blocked_reason': 'proposal_validation_failed', 'violations': ""Candidate domain_core changes outcome modality.;Candidate contract changes predictor.;Candidate contract changes disease/group contrast.;Preflight: cohort 'ADHD200' has invalid sex encodings.;Preflight: cohort 'ADHD200' missing group levels for 'dx': ['ADHD', 'TD'];Preflight: cohort 'ADHD200' has too few complete rows after filters (0 < 20).;Preflight: cohort 'ABCD' has missing or non-numeric age values.;Preflight: cohort 'ABCD' missing group levels for 'dx': ['ADHD', 'TD'];Preflight: cohort 'ABCD' has too few complete rows after filters (0 < 20).""}]",,max_rounds_exhausted
asd_fc_abide2_abcd,ABCD ASD flag is not equivalent to ABIDE diagnosis; likely fragile.,multiplicity;confound;power;multiverse;replication,confound_failure,The claim failed because the current design does not sufficiently address confounding.,"Multiplicity gate failed; primary p=0.1093; method=fdr_bh; alpha=0.05; effective family_size=84. | Multiverse gate failed; fraction_consistent=0; required>=0.6; consistent_specs=0/6. | Replication gate failed; reason=non_replicated_effect_absent; cohorts: ABCD reason=non_replicated_effect_absent:pattern_corr,region_replication_fraction. | Power gate failed; achieved_power=0.9217; required>=0.8; n_needed_80=532.1. | Confound gate failed.","{
  ""allowed_proposal_types"": [
    ""corrected_contract"",
    ""independent_replication_claim""
  ],
  ""allowed_transform_types"": [
    ""narrower_outcome_family"",
    ""moderator_or_subgroup"",
    ""stronger_design"",
    ""fixed_estimand"",
    ""contract_correction""
  ],
  ""candidate_history"": [],
  ""executable_data_catalog"": {
    ""allowed_cohorts"": [
      ""ABCD"",
      ""ABIDE"",
      ""ABIDE1"",
      ""ABIDE2"",
      ""ADHD200"",
      ""ADNI"",
      ""ADNI_fMRI"",
      ""BSNIP"",
      ""BSNIP2"",
      ""COBRE"",
      ""ChineseSZ"",
      ""FBIRN"",
      ""GSP"",
      ""HCP"",
      ""HCP_Aging"",
      ""JH"",
      ""OASIS1"",
      ""OASIS3"",
      ""OASIS3_fMRI"",
      ""Olin_SZ"",
      ""UKB""
    ],
    ""allowed_inclusion_examples"": [
      null,
      ""sex == \""F\"""",
      ""sex == \""M\"""",
      ""age >= 65"",
      ""age <= 30""
    ],
    ""common_outcome_column_count"": 84,
    ""common_outcome_columns_sample"": [
      ""fc_fc_Cont_Cont"",
      ""fc_fc_Cont_Cont_z"",
      ""fc_fc_Cont_Cont_z_z"",
      ""fc_fc_Cont_D",excluded validation evidence required unless candidate is a true contract correction,31,moderator_or_subgroup;moderator_or_subgroup;stronger_design;moderator_or_subgroup;moderator_or_subgroup;moderator_or_subgroup;moderator_or_subgroup;stronger_design;contract_correction;contract_correction;stronger_design;fixed_estimand;stronger_design;stronger_design;fixed_estimand;fixed_estimand;fixed_estimand;fixed_estimand;fixed_estimand;fixed_estimand;fixed_estimand;fixed_estimand;fixed_estimand;fixed_estimand;fixed_estimand;fixed_estimand;fixed_estimand;fixed_estimand;fixed_estimand;fixed_estimand;fixed_estimand,ABCD ASD flag is not equivalent to ABIDE diagnosis; likely fragile.,False,proposal_validation_failed,"asd_fc_abide2_abcd_r1_c1_moderator_or_subgroup:False:proposal_validation_failed:Exploratory transforms must use exploratory_followup_claim proposal type.;Preflight: cohort 'ABIDE2' is missing analysis columns: ['bench_group'];Preflight: cohort 'ABCD' is missing analysis columns: ['bench_group'] | asd_fc_abide2_abcd_r1_c2_moderator_or_subgroup:False:proposal_validation_failed:Candidate is not connected to the original domain core.;Exploratory transforms must use exploratory_followup_claim proposal type.;Preflight: cohort 'ABIDE2' is missing analysis columns: ['bench_group'];Preflight: cohort 'ABCD' is missing analysis columns: ['bench_group'] | asd_fc_abide2_abcd_r2_c1_stronger_design:False:proposal_validation_failed:stronger_design transform must use independent_replication_claim proposal type.;Preflight: cohort 'ABIDE2' is missing analysis columns: ['bench_group'];Preflight: cohort 'ABCD' is missing analysis columns: ['bench_group'] | asd_fc_abide2_abcd_r2_c2_moderator_or_subgroup:False:proposal_validation_failed:Exploratory transforms must use exploratory_followup_claim proposal type.;Preflight: cohort 'ABIDE2' is missing analysis columns: ['bench_group'];Preflight: cohort 'ABCD' is missing analysis columns: ['bench_group'] | asd_fc_abide2_abcd_r2_c3_moderator_or_subgroup:False:proposal_validation_failed:Candidate is not connected to the original domain core.;Exploratory transforms must use exploratory_followup_claim proposal type.;Preflight: cohort 'ABIDE2' is missing analysis columns: ['bench_group'];Preflight: cohort 'ABCD' is missing analysis columns: ['bench_group'] | asd_fc_abide2_abcd_r3_c1_moderator_or_subgroup:False:proposal_validation_failed:Exploratory transforms must use exploratory_followup_claim proposal type.;Preflight: cohort 'ABIDE2' is missing analysis columns: ['bench_group'];Preflight: cohort 'ABCD' is missing analysis columns: ['bench_group'] | asd_fc_abide2_abcd_r3_c2_moderator_or_subgroup:False:proposal_validation_failed:Exploratory transforms must use exploratory_followup_claim proposal type.;Preflight: cohort 'ABIDE2' is missing analysis columns: ['bench_group'];Preflight: cohort 'ABCD' is missing analysis columns: ['bench_group'] | asd_fc_abide2_abcd_r3_c3_stronger_design:False:proposal_validation_failed:stronger_design transform must use independent_replication_claim proposal type.;Preflight: cohort 'ABIDE2' is missing analysis columns: ['bench_group'];Preflight: cohort 'ABCD' is missing analysis columns: ['bench_group'] | asd_fc_abide2_abcd_r4_c1_contract_correction:False:proposal_validation_failed:Preflight: cohort 'ABIDE2' is missing analysis columns: ['bench_group'];Preflight: cohort 'ABCD' is missing analysis columns: ['bench_group'] | asd_fc_abide2_abcd_r4_c2_contract_correction:False:proposal_validation_failed:Preflight: cohort 'ABIDE2' is missing analysis columns: ['bench_group'];Preflight: cohort 'ABCD' is missing analysis columns: ['bench_group'] | asd_fc_abide2_abcd_r4_c3_stronger_design:False:proposal_validation_failed:Candidate is not connected to the original domain core.;Preflight: cohort 'ABIDE2' is missing analysis columns: ['bench_group'];Preflight: cohort 'ABCD' is missing analysis columns: ['bench_group'] | asd_fc_abide2_abcd_r5_c1_fixed_estimand:False:proposal_validation_failed:Exploratory transforms must use exploratory_followup_claim proposal type.;Candidate contract changes estimand type.;Candidate contract changes predictor.;Candidate contract changes disease/group contrast.;Preflight: cohort 'ABCD' has missing or non-numeric age values. | asd_fc_abide2_abcd_r5_c2_stronger_design:False:proposal_validation_failed:Candidate contract changes estimand type.;Candidate contract changes predictor.;Candidate contract changes disease/group contrast.;Preflight: cohort 'ABCD' has missing or non-numeric age values. | asd_fc_abide2_abcd_r5_c3_stronger_design:False:proposal_validation_failed:Candidate contract changes estimand type.;Candidate contract changes predictor.;Candidate contract changes disease/group contrast.;Preflight: cohort 'ABCD' has missing or non-numeric age values. | asd_fc_abide2_abcd_r6_c1_fixed_estimand:False:proposal_validation_failed:Group contrast changed outside an estimand-repair allowance.;Predictor changed outside an estimand-repair allowance.;Exploratory transforms must use exploratory_followup_claim proposal type.;Preflight: cohort 'ABIDE2' missing group levels for 'dx': ['ASD', 'control'];Preflight: cohort 'ABIDE2' has too few complete rows after filters (0 < 20).;Preflight: cohort 'ABCD' has missing or non-numeric age values.;Preflight: cohort 'ABCD' missing group levels for 'dx': ['ASD', 'control'];Preflight: cohort 'ABCD' has too few complete rows after filters (0 < 20). | asd_fc_abide2_abcd_r6_c2_fixed_estimand:False:proposal_validation_failed:Group contrast changed outside an estimand-repair allowance.;Predictor changed outside an estimand-repair allowance.;Exploratory transforms must use exploratory_followup_claim proposal type.;Preflight: cohort 'ABIDE2' missing group levels for 'dx': ['ASD', 'control'];Preflight: cohort 'ABIDE2' has too few complete rows after filters (0 < 20).;Preflight: cohort 'ABCD' has missing or non-numeric age values.;Preflight: cohort 'ABCD' missing group levels for 'dx': ['ASD', 'control'];Preflight: cohort 'ABCD' has too few complete rows after filters (0 < 20). | asd_fc_abide2_abcd_r6_c3_fixed_estimand:False:proposal_validation_failed:Group contrast changed outside an estimand-repair allowance.;Predictor changed outside an estimand-repair allowance.;Exploratory transforms must use exploratory_followup_claim proposal type.;Preflight: cohort 'ABIDE2' missing group levels for 'dx': ['ASD', 'control'];Preflight: cohort 'ABIDE2' has too few complete rows after filters (0 < 20).;Preflight: cohort 'ABCD' has missing or non-numeric age values.;Preflight: cohort 'ABCD' missing group levels for 'dx': ['ASD', 'control'];Preflight: cohort 'ABCD' has too few complete rows after filters (0 < 20). | asd_fc_abide2_abcd_r7_c1_fixed_estimand:False:proposal_validation_failed:Group contrast changed outside an estimand-repair allowance.;Predictor changed outside an estimand-repair allowance.;Exploratory transforms must use exploratory_followup_claim proposal type.;Preflight: cohort 'ABIDE2' missing group levels for 'dx': ['ASD', 'control'];Preflight: cohort 'ABIDE2' has too few complete rows after filters (0 < 20).;Preflight: cohort 'ABCD' has missing or non-numeric age values.;Preflight: cohort 'ABCD' missing group levels for 'dx': ['ASD', 'control'];Preflight: cohort 'ABCD' has too few complete rows after filters (0 < 20). | asd_fc_abide2_abcd_r7_c2_fixed_estimand:False:proposal_validation_failed:Group contrast changed outside an estimand-repair allowance.;Predictor changed outside an estimand-repair allowance.;Exploratory transforms must use exploratory_followup_claim proposal type.;Preflight: cohort 'ABIDE2' missing group levels for 'dx': ['ASD', 'control'];Preflight: cohort 'ABIDE2' has too few complete rows after filters (0 < 20).;Preflight: cohort 'ABCD' has missing or non-numeric age values.;Preflight: cohort 'ABCD' missing group levels for 'dx': ['ASD', 'control'];Preflight: cohort 'ABCD' has too few complete rows after filters (0 < 20). | asd_fc_abide2_abcd_r7_c3_fixed_estimand:False:proposal_validation_failed:Group contrast changed outside an estimand-repair allowance.;Predictor changed outside an estimand-repair allowance.;Exploratory transforms must use exploratory_followup_claim proposal type.;Preflight: cohort 'ABIDE2' missing group levels for 'dx': ['ASD', 'control'];Preflight: cohort 'ABIDE2' has too few complete rows after filters (0 < 20).;Preflight: cohort 'ABCD' has missing or non-numeric age values.;Preflight: cohort 'ABCD' missing group levels for 'dx': ['ASD', 'control'];Preflight: cohort 'ABCD' has too few complete rows after filters (0 < 20). | asd_fc_abide2_abcd_r7_c4_fixed_estimand:False:proposal_validation_failed:Exploratory transforms must use exploratory_followup_claim proposal type.;Candidate contract changes predictor.;Candidate contract changes disease/group contrast.;Preflight: cohort 'ABIDE2' missing group levels for 'dx': ['ASD', 'control'];Preflight: cohort 'ABIDE2' has too few complete rows after filters (0 < 20).;Preflight: cohort 'ABCD' has missing or non-numeric age values.;Preflight: cohort 'ABCD' missing group levels for 'dx': ['ASD', 'control'];Preflight: cohort 'ABCD' has too few complete rows after filters (0 < 20). | asd_fc_abide2_abcd_r8_c1_fixed_estimand:False:proposal_validation_failed:Group contrast changed outside an estimand-repair allowance.;Predictor changed outside an estimand-repair allowance.;Exploratory transforms must use exploratory_followup_claim proposal type.;Preflight: cohort 'ABIDE2' missing group levels for 'dx': ['ASD', 'control'];Preflight: cohort 'ABIDE2' has too few complete rows after filters (0 < 20).;Preflight: cohort 'ABCD' has missing or non-numeric age values.;Preflight: cohort 'ABCD' missing group levels for 'dx': ['ASD', 'control'];Preflight: cohort 'ABCD' has too few complete rows after filters (0 < 20). | asd_fc_abide2_abcd_r8_c2_fixed_estimand:False:proposal_validation_failed:Group contrast changed outside an estimand-repair allowance.;Predictor changed outside an estimand-repair allowance.;Candidate is not connected to the original domain core.;Exploratory transforms must use exploratory_followup_claim proposal type.;Preflight: cohort 'ABIDE2' missing group levels for 'dx': ['ASD', 'control'];Preflight: cohort 'ABIDE2' has too few complete rows after filters (0 < 20).;Preflight: cohort 'ABCD' has missing or non-numeric age values.;Preflight: cohort 'ABCD' missing group levels for 'dx': ['ASD', 'control'];Preflight: cohort 'ABCD' has too few complete rows after filters (0 < 20). | asd_fc_abide2_abcd_r8_c3_fixed_estimand:False:proposal_validation_failed:Group contrast changed outside an estimand-repair allowance.;Predictor changed outside an estimand-repair allowance.;Candidate is not connected to the original domain core.;Exploratory transforms must use exploratory_followup_claim proposal type.;Preflight: cohort 'ABIDE2' missing group levels for 'dx': ['ASD', 'control'];Preflight: cohort 'ABIDE2' has too few complete rows after filters (0 < 20).;Preflight: cohort 'ABCD' has missing or non-numeric age values.;Preflight: cohort 'ABCD' missing group levels for 'dx': ['ASD', 'control'];Preflight: cohort 'ABCD' has too few complete rows after filters (0 < 20). | asd_fc_abide2_abcd_r9_c1_fixed_estimand:False:proposal_validation_failed:Group contrast changed outside an estimand-repair allowance.;Predictor changed outside an estimand-repair allowance.;Exploratory transforms must use exploratory_followup_claim proposal type.;Preflight: cohort 'ABIDE2' missing group levels for 'dx': ['ASD', 'control'];Preflight: cohort 'ABIDE2' has too few complete rows after filters (0 < 20).;Preflight: cohort 'ABCD' has missing or non-numeric age values.;Preflight: cohort 'ABCD' missing group levels for 'dx': ['ASD', 'control'];Preflight: cohort 'ABCD' has too few complete rows after filters (0 < 20). | asd_fc_abide2_abcd_r9_c2_fixed_estimand:False:proposal_validation_failed:Group contrast changed outside an estimand-repair allowance.;Predictor changed outside an estimand-repair allowance.;Exploratory transforms must use exploratory_followup_claim proposal type.;Preflight: cohort 'ABIDE2' missing group levels for 'dx': ['ASD', 'control'];Preflight: cohort 'ABIDE2' has too few complete rows after filters (0 < 20).;Preflight: cohort 'ABCD' has missing or non-numeric age values.;Preflight: cohort 'ABCD' missing group levels for 'dx': ['ASD', 'control'];Preflight: cohort 'ABCD' has too few complete rows after filters (0 < 20). | asd_fc_abide2_abcd_r9_c3_fixed_estimand:False:proposal_validation_failed:Group contrast changed outside an estimand-repair allowance.;Predictor changed outside an estimand-repair allowance.;Exploratory transforms must use exploratory_followup_claim proposal type.;Preflight: cohort 'ABIDE2' missing group levels for 'dx': ['ASD', 'control'];Preflight: cohort 'ABIDE2' has too few complete rows after filters (0 < 20).;Preflight: cohort 'ABCD' has missing or non-numeric age values.;Preflight: cohort 'ABCD' missing group levels for 'dx': ['ASD', 'control'];Preflight: cohort 'ABCD' has too few complete rows after filters (0 < 20). | asd_fc_abide2_abcd_r9_c4_fixed_estimand:False:proposal_validation_failed:Exploratory transforms must use exploratory_followup_claim proposal type.;Candidate contract changes predictor.;Candidate contract changes disease/group contrast.;Preflight: cohort 'ABIDE2' missing group levels for 'dx': ['ASD', 'control'];Preflight: cohort 'ABIDE2' has too few complete rows after filters (0 < 20).;Preflight: cohort 'ABCD' has missing or non-numeric age values.;Preflight: cohort 'ABCD' missing group levels for 'dx': ['ASD', 'control'];Preflight: cohort 'ABCD' has too few complete rows after filters (0 < 20). | asd_fc_abide2_abcd_r10_c1_fixed_estimand:False:proposal_validation_failed:Group contrast changed outside an estimand-repair allowance.;Predictor changed outside an estimand-repair allowance.;Candidate is not connected to the original domain core.;Exploratory transforms must use exploratory_followup_claim proposal type.;Preflight: cohort 'ABIDE2' missing group levels for 'dx': ['ASD', 'control'];Preflight: cohort 'ABIDE2' has too few complete rows after filters (0 < 20).;Preflight: cohort 'ABCD' has missing or non-numeric age values.;Preflight: cohort 'ABCD' missing group levels for 'dx': ['ASD', 'control'];Preflight: cohort 'ABCD' has too few complete rows after filters (0 < 20). | asd_fc_abide2_abcd_r10_c2_fixed_estimand:False:proposal_validation_failed:Group contrast changed outside an estimand-repair allowance.;Predictor changed outside an estimand-repair allowance.;Candidate is not connected to the original domain core.;Exploratory transforms must use exploratory_followup_claim proposal type.;Preflight: cohort 'ABIDE2' missing group levels for 'dx': ['ASD', 'control'];Preflight: cohort 'ABIDE2' has too few complete rows after filters (0 < 20).;Preflight: cohort 'ABCD' has missing or non-numeric age values.;Preflight: cohort 'ABCD' missing group levels for 'dx': ['ASD', 'control'];Preflight: cohort 'ABCD' has too few complete rows after filters (0 < 20). | asd_fc_abide2_abcd_r10_c3_fixed_estimand:False:proposal_validation_failed:Group contrast changed outside an estimand-repair allowance.;Predictor changed outside an estimand-repair allowance.;Candidate is not connected to the original domain core.;Exploratory transforms must use exploratory_followup_claim proposal type.;Preflight: cohort 'ABIDE2' missing group levels for 'dx': ['ASD', 'control'];Preflight: cohort 'ABIDE2' has too few complete rows after filters (0 < 20).;Preflight: cohort 'ABCD' has missing or non-numeric age values.;Preflight: cohort 'ABCD' missing group levels for 'dx': ['ASD', 'control'];Preflight: cohort 'ABCD' has too few complete rows after filters (0 < 20).","[{'candidate_id': 'asd_fc_abide2_abcd_r1_c1_moderator_or_subgroup', 'round_index': '1', 'transform_type': 'moderator_or_subgroup', 'proposal_type': 'corrected_contract', 'proposed_question': 'ABCD ASD flag is not equivalent to ABIDE diagnosis; likely fragile.', 'provenance': 'contract_correction', 'validation_split': 'current_data_contract_repair', 'validation_ok': 'False', 'blocked_reason': 'proposal_validation_failed', 'violations': ""Exploratory transforms must use exploratory_followup_claim proposal type.;Preflight: cohort 'ABIDE2' is missing analysis columns: ['bench_group'];Preflight: cohort 'ABCD' is missing analysis columns: ['bench_group']""}, {'candidate_id': 'asd_fc_abide2_abcd_r1_c2_moderator_or_subgroup', 'round_index': '1', 'transform_type': 'moderator_or_subgroup', 'proposal_type': 'corrected_contract', 'proposed_question': 'ABCD ASD flag is not equivalent to ABIDE diagnosis; likely fragile.', 'provenance': 'contract_correction', 'validation_split': 'current_data_contract_repair', 'validation_ok': 'False', 'blocked_reason': 'proposal_validation_failed', 'violations': ""Candidate is not connected to the original domain core.;Exploratory transforms must use exploratory_followup_claim proposal type.;Preflight: cohort 'ABIDE2' is missing analysis columns: ['bench_group'];Preflight: cohort 'ABCD' is missing analysis columns: ['bench_group']""}, {'candidate_id': 'asd_fc_abide2_abcd_r2_c1_stronger_design', 'round_index': '2', 'transform_type': 'stronger_design', 'proposal_type': 'corrected_contract', 'proposed_question': 'ABCD ASD flag is not equivalent to ABIDE diagnosis; likely fragile.', 'provenance': 'contract_correction', 'validation_split': 'current_data_contract_repair', 'validation_ok': 'False', 'blocked_reason': 'proposal_validation_failed', 'violations': ""stronger_design transform must use independent_replication_claim proposal type.;Preflight: cohort 'ABIDE2' is missing analysis columns: ['bench_group'];Preflight: cohort 'ABCD' is missing analysis columns: ['bench_group']""}, {'candidate_id': 'asd_fc_abide2_abcd_r2_c2_moderator_or_subgroup', 'round_index': '2', 'transform_type': 'moderator_or_subgroup', 'proposal_type': 'corrected_contract', 'proposed_question': 'ABCD ASD flag is not equivalent to ABIDE diagnosis; likely fragile.', 'provenance': 'contract_correction', 'validation_split': 'current_data_contract_repair', 'validation_ok': 'False', 'blocked_reason': 'proposal_validation_failed', 'violations': ""Exploratory transforms must use exploratory_followup_claim proposal type.;Preflight: cohort 'ABIDE2' is missing analysis columns: ['bench_group'];Preflight: cohort 'ABCD' is missing analysis columns: ['bench_group']""}, {'candidate_id': 'asd_fc_abide2_abcd_r2_c3_moderator_or_subgroup', 'round_index': '2', 'transform_type': 'moderator_or_subgroup', 'proposal_type': 'corrected_contract', 'proposed_question': 'ABCD ASD flag is not equivalent to ABIDE diagnosis; likely fragile.', 'provenance': 'contract_correction', 'validation_split': 'current_data_contract_repair', 'validation_ok': 'False', 'blocked_reason': 'proposal_validation_failed', 'violations': ""Candidate is not connected to the original domain core.;Exploratory transforms must use exploratory_followup_claim proposal type.;Preflight: cohort 'ABIDE2' is missing analysis columns: ['bench_group'];Preflight: cohort 'ABCD' is missing analysis columns: ['bench_group']""}, {'candidate_id': 'asd_fc_abide2_abcd_r3_c1_moderator_or_subgroup', 'round_index': '3', 'transform_type': 'moderator_or_subgroup', 'proposal_type': 'corrected_contract', 'proposed_question': 'ABCD ASD flag is not equivalent to ABIDE diagnosis; likely fragile.', 'provenance': 'contract_correction', 'validation_split': 'current_data_contract_repair', 'validation_ok': 'False', 'blocked_reason': 'proposal_validation_failed', 'violations': ""Exploratory transforms must use exploratory_followup_claim proposal type.;Preflight: cohort 'ABIDE2' is missing analysis columns: ['bench_group'];Preflight: cohort 'ABCD' is missing analysis columns: ['bench_group']""}, {'candidate_id': 'asd_fc_abide2_abcd_r3_c2_moderator_or_subgroup', 'round_index': '3', 'transform_type': 'moderator_or_subgroup', 'proposal_type': 'corrected_contract', 'proposed_question': 'ABCD ASD flag is not equivalent to ABIDE diagnosis; likely fragile.', 'provenance': 'contract_correction', 'validation_split': 'current_data_contract_repair', 'validation_ok': 'False', 'blocked_reason': 'proposal_validation_failed', 'violations': ""Exploratory transforms must use exploratory_followup_claim proposal type.;Preflight: cohort 'ABIDE2' is missing analysis columns: ['bench_group'];Preflight: cohort 'ABCD' is missing analysis columns: ['bench_group']""}, {'candidate_id': 'asd_fc_abide2_abcd_r3_c3_stronger_design', 'round_index': '3', 'transform_type': 'stronger_design', 'proposal_type': 'corrected_contract', 'proposed_question': 'ABCD ASD flag is not equivalent to ABIDE diagnosis; likely fragile.', 'provenance': 'contract_correction', 'validation_split': 'current_data_contract_repair', 'validation_ok': 'False', 'blocked_reason': 'proposal_validation_failed', 'violations': ""stronger_design transform must use independent_replication_claim proposal type.;Preflight: cohort 'ABIDE2' is missing analysis columns: ['bench_group'];Preflight: cohort 'ABCD' is missing analysis columns: ['bench_group']""}, {'candidate_id': 'asd_fc_abide2_abcd_r4_c1_contract_correction', 'round_index': '4', 'transform_type': 'contract_correction', 'proposal_type': 'corrected_contract', 'proposed_question': 'ABCD ASD flag is not equivalent to ABIDE diagnosis; likely fragile.', 'provenance': 'contract_correction', 'validation_split': 'current_data_contract_repair', 'validation_ok': 'False', 'blocked_reason': 'proposal_validation_failed', 'violations': ""Preflight: cohort 'ABIDE2' is missing analysis columns: ['bench_group'];Preflight: cohort 'ABCD' is missing analysis columns: ['bench_group']""}, {'candidate_id': 'asd_fc_abide2_abcd_r4_c2_contract_correction', 'round_index': '4', 'transform_type': 'contract_correction', 'proposal_type': 'corrected_contract', 'proposed_question': 'ABCD ASD flag is not equivalent to ABIDE diagnosis; likely fragile.', 'provenance': 'contract_correction', 'validation_split': 'current_data_contract_repair', 'validation_ok': 'False', 'blocked_reason': 'proposal_validation_failed', 'violations': ""Preflight: cohort 'ABIDE2' is missing analysis columns: ['bench_group'];Preflight: cohort 'ABCD' is missing analysis columns: ['bench_group']""}, {'candidate_id': 'asd_fc_abide2_abcd_r4_c3_stronger_design', 'round_index': '4', 'transform_type': 'stronger_design', 'proposal_type': 'independent_replication_claim', 'proposed_question': 'ABCD ASD flag is not equivalent to ABIDE diagnosis; likely fragile.', 'provenance': 'independent_replication', 'validation_split': 'current_data_adaptive', 'validation_ok': 'False', 'blocked_reason': 'proposal_validation_failed', 'violations': ""Candidate is not connected to the original domain core.;Preflight: cohort 'ABIDE2' is missing analysis columns: ['bench_group'];Preflight: cohort 'ABCD' is missing analysis columns: ['bench_group']""}, {'candidate_id': 'asd_fc_abide2_abcd_r5_c1_fixed_estimand', 'round_index': '5', 'transform_type': 'fixed_estimand', 'proposal_type': 'independent_replication_claim', 'proposed_question': 'ABCD ASD flag is not equivalent to ABIDE diagnosis; likely fragile.', 'provenance': 'independent_replication', 'validation_split': 'current_data_adaptive', 'validation_ok': 'False', 'blocked_reason': 'proposal_validation_failed', 'violations': ""Exploratory transforms must use exploratory_followup_claim proposal type.;Candidate contract changes estimand type.;Candidate contract changes predictor.;Candidate contract changes disease/group contrast.;Preflight: cohort 'ABCD' has missing or non-numeric age values.""}, {'candidate_id': 'asd_fc_abide2_abcd_r5_c2_stronger_design', 'round_index': '5', 'transform_type': 'stronger_design', 'proposal_type': 'independent_replication_claim', 'proposed_question': 'ABCD ASD flag is not equivalent to ABIDE diagnosis; likely fragile.', 'provenance': 'independent_replication', 'validation_split': 'current_data_adaptive', 'validation_ok': 'False', 'blocked_reason': 'proposal_validation_failed', 'violations': ""Candidate contract changes estimand type.;Candidate contract changes predictor.;Candidate contract changes disease/group contrast.;Preflight: cohort 'ABCD' has missing or non-numeric age values.""}, {'candidate_id': 'asd_fc_abide2_abcd_r5_c3_stronger_design', 'round_index': '5', 'transform_type': 'stronger_design', 'proposal_type': 'independent_replication_claim', 'proposed_question': 'ABCD ASD flag is not equivalent to ABIDE diagnosis; likely fragile.', 'provenance': 'independent_replication', 'validation_split': 'current_data_adaptive', 'validation_ok': 'False', 'blocked_reason': 'proposal_validation_failed', 'violations': ""Candidate contract changes estimand type.;Candidate contract changes predictor.;Candidate contract changes disease/group contrast.;Preflight: cohort 'ABCD' has missing or non-numeric age values.""}, {'candidate_id': 'asd_fc_abide2_abcd_r6_c1_fixed_estimand', 'round_index': '6', 'transform_type': 'fixed_estimand', 'proposal_type': 'corrected_contract', 'proposed_question': 'ABCD ASD flag is not equivalent to ABIDE diagnosis; likely fragile.', 'provenance': 'contract_correction', 'validation_split': 'current_data_contract_repair', 'validation_ok': 'False', 'blocked_reason': 'proposal_validation_failed', 'violations': ""Group contrast changed outside an estimand-repair allowance.;Predictor changed outside an estimand-repair allowance.;Exploratory transforms must use exploratory_followup_claim proposal type.;Preflight: cohort 'ABIDE2' missing group levels for 'dx': ['ASD', 'control'];Preflight: cohort 'ABIDE2' has too few complete rows after filters (0 < 20).;Preflight: cohort 'ABCD' has missing or non-numeric age values.;Preflight: cohort 'ABCD' missing group levels for 'dx': ['ASD', 'control'];Preflight: cohort 'ABCD' has too few complete rows after filters (0 < 20).""}, {'candidate_id': 'asd_fc_abide2_abcd_r6_c2_fixed_estimand', 'round_index': '6', 'transform_type': 'fixed_estimand', 'proposal_type': 'corrected_contract', 'proposed_question': 'ABCD ASD flag is not equivalent to ABIDE diagnosis; likely fragile.', 'provenance': 'contract_correction', 'validation_split': 'current_data_contract_repair', 'validation_ok': 'False', 'blocked_reason': 'proposal_validation_failed', 'violations': ""Group contrast changed outside an estimand-repair allowance.;Predictor changed outside an estimand-repair allowance.;Exploratory transforms must use exploratory_followup_claim proposal type.;Preflight: cohort 'ABIDE2' missing group levels for 'dx': ['ASD', 'control'];Preflight: cohort 'ABIDE2' has too few complete rows after filters (0 < 20).;Preflight: cohort 'ABCD' has missing or non-numeric age values.;Preflight: cohort 'ABCD' missing group levels for 'dx': ['ASD', 'control'];Preflight: cohort 'ABCD' has too few complete rows after filters (0 < 20).""}, {'candidate_id': 'asd_fc_abide2_abcd_r6_c3_fixed_estimand', 'round_index': '6', 'transform_type': 'fixed_estimand', 'proposal_type': 'corrected_contract', 'proposed_question': 'ABCD ASD flag is not equivalent to ABIDE diagnosis; likely fragile.', 'provenance': 'contract_correction', 'validation_split': 'current_data_contract_repair', 'validation_ok': 'False', 'blocked_reason': 'proposal_validation_failed', 'violations': ""Group contrast changed outside an estimand-repair allowance.;Predictor changed outside an estimand-repair allowance.;Exploratory transforms must use exploratory_followup_claim proposal type.;Preflight: cohort 'ABIDE2' missing group levels for 'dx': ['ASD', 'control'];Preflight: cohort 'ABIDE2' has too few complete rows after filters (0 < 20).;Preflight: cohort 'ABCD' has missing or non-numeric age values.;Preflight: cohort 'ABCD' missing group levels for 'dx': ['ASD', 'control'];Preflight: cohort 'ABCD' has too few complete rows after filters (0 < 20).""}, {'candidate_id': 'asd_fc_abide2_abcd_r7_c1_fixed_estimand', 'round_index': '7', 'transform_type': 'fixed_estimand', 'proposal_type': 'corrected_contract', 'proposed_question': 'ABCD ASD flag is not equivalent to ABIDE diagnosis; likely fragile.', 'provenance': 'contract_correction', 'validation_split': 'current_data_contract_repair', 'validation_ok': 'False', 'blocked_reason': 'proposal_validation_failed', 'violations': ""Group contrast changed outside an estimand-repair allowance.;Predictor changed outside an estimand-repair allowance.;Exploratory transforms must use exploratory_followup_claim proposal type.;Preflight: cohort 'ABIDE2' missing group levels for 'dx': ['ASD', 'control'];Preflight: cohort 'ABIDE2' has too few complete rows after filters (0 < 20).;Preflight: cohort 'ABCD' has missing or non-numeric age values.;Preflight: cohort 'ABCD' missing group levels for 'dx': ['ASD', 'control'];Preflight: cohort 'ABCD' has too few complete rows after filters (0 < 20).""}, {'candidate_id': 'asd_fc_abide2_abcd_r7_c2_fixed_estimand', 'round_index': '7', 'transform_type': 'fixed_estimand', 'proposal_type': 'corrected_contract', 'proposed_question': 'ABCD ASD flag is not equivalent to ABIDE diagnosis; likely fragile.', 'provenance': 'contract_correction', 'validation_split': 'current_data_contract_repair', 'validation_ok': 'False', 'blocked_reason': 'proposal_validation_failed', 'violations': ""Group contrast changed outside an estimand-repair allowance.;Predictor changed outside an estimand-repair allowance.;Exploratory transforms must use exploratory_followup_claim proposal type.;Preflight: cohort 'ABIDE2' missing group levels for 'dx': ['ASD', 'control'];Preflight: cohort 'ABIDE2' has too few complete rows after filters (0 < 20).;Preflight: cohort 'ABCD' has missing or non-numeric age values.;Preflight: cohort 'ABCD' missing group levels for 'dx': ['ASD', 'control'];Preflight: cohort 'ABCD' has too few complete rows after filters (0 < 20).""}, {'candidate_id': 'asd_fc_abide2_abcd_r7_c3_fixed_estimand', 'round_index': '7', 'transform_type': 'fixed_estimand', 'proposal_type': 'corrected_contract', 'proposed_question': 'ABCD ASD flag is not equivalent to ABIDE diagnosis; likely fragile.', 'provenance': 'contract_correction', 'validation_split': 'current_data_contract_repair', 'validation_ok': 'False', 'blocked_reason': 'proposal_validation_failed', 'violations': ""Group contrast changed outside an estimand-repair allowance.;Predictor changed outside an estimand-repair allowance.;Exploratory transforms must use exploratory_followup_claim proposal type.;Preflight: cohort 'ABIDE2' missing group levels for 'dx': ['ASD', 'control'];Preflight: cohort 'ABIDE2' has too few complete rows after filters (0 < 20).;Preflight: cohort 'ABCD' has missing or non-numeric age values.;Preflight: cohort 'ABCD' missing group levels for 'dx': ['ASD', 'control'];Preflight: cohort 'ABCD' has too few complete rows after filters (0 < 20).""}, {'candidate_id': 'asd_fc_abide2_abcd_r7_c4_fixed_estimand', 'round_index': '7', 'transform_type': 'fixed_estimand', 'proposal_type': 'independent_replication_claim', 'proposed_question': 'ABCD ASD flag is not equivalent to ABIDE diagnosis; likely fragile.', 'provenance': 'independent_replication', 'validation_split': 'current_data_adaptive', 'validation_ok': 'False', 'blocked_reason': 'proposal_validation_failed', 'violations': ""Exploratory transforms must use exploratory_followup_claim proposal type.;Candidate contract changes predictor.;Candidate contract changes disease/group contrast.;Preflight: cohort 'ABIDE2' missing group levels for 'dx': ['ASD', 'control'];Preflight: cohort 'ABIDE2' has too few complete rows after filters (0 < 20).;Preflight: cohort 'ABCD' has missing or non-numeric age values.;Preflight: cohort 'ABCD' missing group levels for 'dx': ['ASD', 'control'];Preflight: cohort 'ABCD' has too few complete rows after filters (0 < 20).""}, {'candidate_id': 'asd_fc_abide2_abcd_r8_c1_fixed_estimand', 'round_index': '8', 'transform_type': 'fixed_estimand', 'proposal_type': 'corrected_contract', 'proposed_question': 'ABCD ASD flag is not equivalent to ABIDE diagnosis; likely fragile.', 'provenance': 'contract_correction', 'validation_split': 'current_data_contract_repair', 'validation_ok': 'False', 'blocked_reason': 'proposal_validation_failed', 'violations': ""Group contrast changed outside an estimand-repair allowance.;Predictor changed outside an estimand-repair allowance.;Exploratory transforms must use exploratory_followup_claim proposal type.;Preflight: cohort 'ABIDE2' missing group levels for 'dx': ['ASD', 'control'];Preflight: cohort 'ABIDE2' has too few complete rows after filters (0 < 20).;Preflight: cohort 'ABCD' has missing or non-numeric age values.;Preflight: cohort 'ABCD' missing group levels for 'dx': ['ASD', 'control'];Preflight: cohort 'ABCD' has too few complete rows after filters (0 < 20).""}, {'candidate_id': 'asd_fc_abide2_abcd_r8_c2_fixed_estimand', 'round_index': '8', 'transform_type': 'fixed_estimand', 'proposal_type': 'corrected_contract', 'proposed_question': 'ABCD ASD flag is not equivalent to ABIDE diagnosis; likely fragile.', 'provenance': 'contract_correction', 'validation_split': 'current_data_contract_repair', 'validation_ok': 'False', 'blocked_reason': 'proposal_validation_failed', 'violations': ""Group contrast changed outside an estimand-repair allowance.;Predictor changed outside an estimand-repair allowance.;Candidate is not connected to the original domain core.;Exploratory transforms must use exploratory_followup_claim proposal type.;Preflight: cohort 'ABIDE2' missing group levels for 'dx': ['ASD', 'control'];Preflight: cohort 'ABIDE2' has too few complete rows after filters (0 < 20).;Preflight: cohort 'ABCD' has missing or non-numeric age values.;Preflight: cohort 'ABCD' missing group levels for 'dx': ['ASD', 'control'];Preflight: cohort 'ABCD' has too few complete rows after filters (0 < 20).""}, {'candidate_id': 'asd_fc_abide2_abcd_r8_c3_fixed_estimand', 'round_index': '8', 'transform_type': 'fixed_estimand', 'proposal_type': 'corrected_contract', 'proposed_question': 'ABCD ASD flag is not equivalent to ABIDE diagnosis; likely fragile.', 'provenance': 'contract_correction', 'validation_split': 'current_data_contract_repair', 'validation_ok': 'False', 'blocked_reason': 'proposal_validation_failed', 'violations': ""Group contrast changed outside an estimand-repair allowance.;Predictor changed outside an estimand-repair allowance.;Candidate is not connected to the original domain core.;Exploratory transforms must use exploratory_followup_claim proposal type.;Preflight: cohort 'ABIDE2' missing group levels for 'dx': ['ASD', 'control'];Preflight: cohort 'ABIDE2' has too few complete rows after filters (0 < 20).;Preflight: cohort 'ABCD' has missing or non-numeric age values.;Preflight: cohort 'ABCD' missing group levels for 'dx': ['ASD', 'control'];Preflight: cohort 'ABCD' has too few complete rows after filters (0 < 20).""}, {'candidate_id': 'asd_fc_abide2_abcd_r9_c1_fixed_estimand', 'round_index': '9', 'transform_type': 'fixed_estimand', 'proposal_type': 'corrected_contract', 'proposed_question': 'ABCD ASD flag is not equivalent to ABIDE diagnosis; likely fragile.', 'provenance': 'contract_correction', 'validation_split': 'current_data_contract_repair', 'validation_ok': 'False', 'blocked_reason': 'proposal_validation_failed', 'violations': ""Group contrast changed outside an estimand-repair allowance.;Predictor changed outside an estimand-repair allowance.;Exploratory transforms must use exploratory_followup_claim proposal type.;Preflight: cohort 'ABIDE2' missing group levels for 'dx': ['ASD', 'control'];Preflight: cohort 'ABIDE2' has too few complete rows after filters (0 < 20).;Preflight: cohort 'ABCD' has missing or non-numeric age values.;Preflight: cohort 'ABCD' missing group levels for 'dx': ['ASD', 'control'];Preflight: cohort 'ABCD' has too few complete rows after filters (0 < 20).""}, {'candidate_id': 'asd_fc_abide2_abcd_r9_c2_fixed_estimand', 'round_index': '9', 'transform_type': 'fixed_estimand', 'proposal_type': 'corrected_contract', 'proposed_question': 'ABCD ASD flag is not equivalent to ABIDE diagnosis; likely fragile.', 'provenance': 'contract_correction', 'validation_split': 'current_data_contract_repair', 'validation_ok': 'False', 'blocked_reason': 'proposal_validation_failed', 'violations': ""Group contrast changed outside an estimand-repair allowance.;Predictor changed outside an estimand-repair allowance.;Exploratory transforms must use exploratory_followup_claim proposal type.;Preflight: cohort 'ABIDE2' missing group levels for 'dx': ['ASD', 'control'];Preflight: cohort 'ABIDE2' has too few complete rows after filters (0 < 20).;Preflight: cohort 'ABCD' has missing or non-numeric age values.;Preflight: cohort 'ABCD' missing group levels for 'dx': ['ASD', 'control'];Preflight: cohort 'ABCD' has too few complete rows after filters (0 < 20).""}, {'candidate_id': 'asd_fc_abide2_abcd_r9_c3_fixed_estimand', 'round_index': '9', 'transform_type': 'fixed_estimand', 'proposal_type': 'corrected_contract', 'proposed_question': 'ABCD ASD flag is not equivalent to ABIDE diagnosis; likely fragile.', 'provenance': 'contract_correction', 'validation_split': 'current_data_contract_repair', 'validation_ok': 'False', 'blocked_reason': 'proposal_validation_failed', 'violations': ""Group contrast changed outside an estimand-repair allowance.;Predictor changed outside an estimand-repair allowance.;Exploratory transforms must use exploratory_followup_claim proposal type.;Preflight: cohort 'ABIDE2' missing group levels for 'dx': ['ASD', 'control'];Preflight: cohort 'ABIDE2' has too few complete rows after filters (0 < 20).;Preflight: cohort 'ABCD' has missing or non-numeric age values.;Preflight: cohort 'ABCD' missing group levels for 'dx': ['ASD', 'control'];Preflight: cohort 'ABCD' has too few complete rows after filters (0 < 20).""}, {'candidate_id': 'asd_fc_abide2_abcd_r9_c4_fixed_estimand', 'round_index': '9', 'transform_type': 'fixed_estimand', 'proposal_type': 'independent_replication_claim', 'proposed_question': 'ABCD ASD flag is not equivalent to ABIDE diagnosis; likely fragile.', 'provenance': 'independent_replication', 'validation_split': 'current_data_adaptive', 'validation_ok': 'False', 'blocked_reason': 'proposal_validation_failed', 'violations': ""Exploratory transforms must use exploratory_followup_claim proposal type.;Candidate contract changes predictor.;Candidate contract changes disease/group contrast.;Preflight: cohort 'ABIDE2' missing group levels for 'dx': ['ASD', 'control'];Preflight: cohort 'ABIDE2' has too few complete rows after filters (0 < 20).;Preflight: cohort 'ABCD' has missing or non-numeric age values.;Preflight: cohort 'ABCD' missing group levels for 'dx': ['ASD', 'control'];Preflight: cohort 'ABCD' has too few complete rows after filters (0 < 20).""}, {'candidate_id': 'asd_fc_abide2_abcd_r10_c1_fixed_estimand', 'round_index': '10', 'transform_type': 'fixed_estimand', 'proposal_type': 'corrected_contract', 'proposed_question': 'ABCD ASD flag is not equivalent to ABIDE diagnosis; likely fragile.', 'provenance': 'contract_correction', 'validation_split': 'current_data_contract_repair', 'validation_ok': 'False', 'blocked_reason': 'proposal_validation_failed', 'violations': ""Group contrast changed outside an estimand-repair allowance.;Predictor changed outside an estimand-repair allowance.;Candidate is not connected to the original domain core.;Exploratory transforms must use exploratory_followup_claim proposal type.;Preflight: cohort 'ABIDE2' missing group levels for 'dx': ['ASD', 'control'];Preflight: cohort 'ABIDE2' has too few complete rows after filters (0 < 20).;Preflight: cohort 'ABCD' has missing or non-numeric age values.;Preflight: cohort 'ABCD' missing group levels for 'dx': ['ASD', 'control'];Preflight: cohort 'ABCD' has too few complete rows after filters (0 < 20).""}, {'candidate_id': 'asd_fc_abide2_abcd_r10_c2_fixed_estimand', 'round_index': '10', 'transform_type': 'fixed_estimand', 'proposal_type': 'corrected_contract', 'proposed_question': 'ABCD ASD flag is not equivalent to ABIDE diagnosis; likely fragile.', 'provenance': 'contract_correction', 'validation_split': 'current_data_contract_repair', 'validation_ok': 'False', 'blocked_reason': 'proposal_validation_failed', 'violations': ""Group contrast changed outside an estimand-repair allowance.;Predictor changed outside an estimand-repair allowance.;Candidate is not connected to the original domain core.;Exploratory transforms must use exploratory_followup_claim proposal type.;Preflight: cohort 'ABIDE2' missing group levels for 'dx': ['ASD', 'control'];Preflight: cohort 'ABIDE2' has too few complete rows after filters (0 < 20).;Preflight: cohort 'ABCD' has missing or non-numeric age values.;Preflight: cohort 'ABCD' missing group levels for 'dx': ['ASD', 'control'];Preflight: cohort 'ABCD' has too few complete rows after filters (0 < 20).""}, {'candidate_id': 'asd_fc_abide2_abcd_r10_c3_fixed_estimand', 'round_index': '10', 'transform_type': 'fixed_estimand', 'proposal_type': 'corrected_contract', 'proposed_question': 'ABCD ASD flag is not equivalent to ABIDE diagnosis; likely fragile.', 'provenance': 'contract_correction', 'validation_split': 'current_data_contract_repair', 'validation_ok': 'False', 'blocked_reason': 'proposal_validation_failed', 'violations': ""Group contrast changed outside an estimand-repair allowance.;Predictor changed outside an estimand-repair allowance.;Candidate is not connected to the original domain core.;Exploratory transforms must use exploratory_followup_claim proposal type.;Preflight: cohort 'ABIDE2' missing group levels for 'dx': ['ASD', 'control'];Preflight: cohort 'ABIDE2' has too few complete rows after filters (0 < 20).;Preflight: cohort 'ABCD' has missing or non-numeric age values.;Preflight: cohort 'ABCD' missing group levels for 'dx': ['ASD', 'control'];Preflight: cohort 'ABCD' has too few complete rows after filters (0 < 20).""}]",,max_rounds_exhausted
ad_fc_adni_oasis3,Functional AD effect; less canonical than sMRI.,multiplicity;confound;power;multiverse;replication,confound_failure,The claim failed because the current design does not sufficiently address confounding.,"Multiplicity gate failed; primary p=0.00906; method=fdr_bh; alpha=0.05; effective family_size=84. | Multiverse gate failed; fraction_consistent=0; required>=0.6; consistent_specs=0/6. | Replication gate failed; reason=non_replicated_effect_absent; cohorts: OASIS3_fMRI reason=non_replicated_effect_absent:pattern_corr,region_replication_fraction. | Power gate failed; achieved_power=1; required>=0.8; n_needed_80=68.86. | Confound gate failed.","{
  ""allowed_proposal_types"": [
    ""corrected_contract"",
    ""independent_replication_claim""
  ],
  ""allowed_transform_types"": [
    ""narrower_outcome_family"",
    ""moderator_or_subgroup"",
    ""stronger_design"",
    ""fixed_estimand"",
    ""contract_correction""
  ],
  ""candidate_history"": [],
  ""executable_data_catalog"": {
    ""allowed_cohorts"": [
      ""ABCD"",
      ""ABIDE"",
      ""ABIDE1"",
      ""ABIDE2"",
      ""ADHD200"",
      ""ADNI"",
      ""ADNI_fMRI"",
      ""BSNIP"",
      ""BSNIP2"",
      ""COBRE"",
      ""ChineseSZ"",
      ""FBIRN"",
      ""GSP"",
      ""HCP"",
      ""HCP_Aging"",
      ""JH"",
      ""OASIS1"",
      ""OASIS3"",
      ""OASIS3_fMRI"",
      ""Olin_SZ"",
      ""UKB""
    ],
    ""allowed_inclusion_examples"": [
      null,
      ""sex == \""F\"""",
      ""sex == \""M\"""",
      ""age >= 65"",
      ""age <= 30""
    ],
    ""common_outcome_column_count"": 190,
    ""common_outcome_columns_sample"": [
      ""fc_fc_Cont_Cont"",
      ""fc_fc_Cont_Cont_z"",
      ""fc_fc_Cont_Cont_z_z"",
      ""fc_fc_Cont_",excluded validation evidence required unless candidate is a true contract correction,4,contract_correction;stronger_design;moderator_or_subgroup;narrower_outcome_family,Does the AD (dx) vs CN (dx) functional connectivity effect replicate across ADNI_fMRI and OASIS3_fMRI under the preregistered gates?,False,proposal_validation_failed,"ad_fc_adni_oasis3_r1_c1_contract_correction:False:proposal_validation_failed:Group contrast changed outside an estimand-repair allowance.;Predictor changed outside an estimand-repair allowance.;Candidate preservation_check does not preserve predictor_or_contrast.;Candidate domain_core changes outcome modality.;Candidate domain_core changes predictor or group contrast.;Preflight: cohort 'ADNI_fMRI' has missing or non-numeric age values.;Preflight: cohort 'ADNI_fMRI' missing group levels for 'dx': ['AD', 'CN'];Preflight: cohort 'ADNI_fMRI' has too few complete rows after filters (0 < 20).;Preflight: cohort 'OASIS3_fMRI' missing group levels for 'dx': ['AD', 'CN'];Preflight: cohort 'OASIS3_fMRI' has too few complete rows after filters (0 < 20). | ad_fc_adni_oasis3_r1_c2_stronger_design:False:proposal_validation_failed:Group contrast changed outside an estimand-repair allowance.;Predictor changed outside an estimand-repair allowance.;Candidate preservation_check does not preserve predictor_or_contrast.;Candidate domain_core changes outcome modality.;Candidate domain_core changes predictor or group contrast.;Candidate is not connected to the original domain core.;stronger_design transform must use independent_replication_claim proposal type.;Preflight: cohort 'ADNI_fMRI' has missing or non-numeric age values.;Preflight: cohort 'ADNI_fMRI' missing group levels for 'dx': ['AD', 'CN'];Preflight: cohort 'ADNI_fMRI' has too few complete rows after filters (0 < 20).;Preflight: cohort 'OASIS3_fMRI' missing group levels for 'dx': ['AD', 'CN'];Preflight: cohort 'OASIS3_fMRI' has too few complete rows after filters (0 < 20). | ad_fc_adni_oasis3_r1_c3_moderator_or_subgroup:False:proposal_validation_failed:Group contrast changed outside an estimand-repair allowance.;Predictor changed outside an estimand-repair allowance.;Candidate preservation_check does not preserve predictor_or_contrast.;Candidate domain_core changes outcome modality.;Candidate domain_core changes predictor or group contrast.;Candidate is not connected to the original domain core.;Exploratory transforms must use exploratory_followup_claim proposal type.;Preflight: cohort 'ADNI_fMRI' has missing or non-numeric age values.;Preflight: cohort 'ADNI_fMRI' missing group levels for 'dx': ['AD', 'CN'];Preflight: cohort 'ADNI_fMRI' has too few complete rows after filters (0 < 20).;Preflight: cohort 'OASIS3_fMRI' missing group levels for 'dx': ['AD', 'CN'];Preflight: cohort 'OASIS3_fMRI' has too few complete rows after filters (0 < 20). | ad_fc_adni_oasis3_r1_c4_narrower_outcome_family:False:proposal_validation_failed:Outcome changed outside an estimand-repair allowance.;Group contrast changed outside an estimand-repair allowance.;Predictor changed outside an estimand-repair allowance.;Candidate preservation_check does not preserve predictor_or_contrast.;Candidate domain_core changes outcome modality.;Candidate domain_core changes predictor or group contrast.;Exploratory transforms must use exploratory_followup_claim proposal type.;Preflight: cohort 'ADNI_fMRI' has missing or non-numeric age values.;Preflight: cohort 'ADNI_fMRI' missing group levels for 'dx': ['AD', 'CN'];Preflight: cohort 'ADNI_fMRI' has too few complete rows after filters (0 < 20).;Preflight: cohort 'OASIS3_fMRI' missing group levels for 'dx': ['AD', 'CN'];Preflight: cohort 'OASIS3_fMRI' has too few complete rows after filters (0 < 20).","[{'candidate_id': 'ad_fc_adni_oasis3_r1_c1_contract_correction', 'round_index': '1', 'transform_type': 'contract_correction', 'proposal_type': 'corrected_contract', 'proposed_question': 'Does the AD (dx) vs CN (dx) functional connectivity effect replicate across ADNI_fMRI and OASIS3_fMRI under the preregistered gates?', 'provenance': 'contract_correction', 'validation_split': 'current_data_contract_repair', 'validation_ok': 'False', 'blocked_reason': 'proposal_validation_failed', 'violations': ""Group contrast changed outside an estimand-repair allowance.;Predictor changed outside an estimand-repair allowance.;Candidate preservation_check does not preserve predictor_or_contrast.;Candidate domain_core changes outcome modality.;Candidate domain_core changes predictor or group contrast.;Preflight: cohort 'ADNI_fMRI' has missing or non-numeric age values.;Preflight: cohort 'ADNI_fMRI' missing group levels for 'dx': ['AD', 'CN'];Preflight: cohort 'ADNI_fMRI' has too few complete rows after filters (0 < 20).;Preflight: cohort 'OASIS3_fMRI' missing group levels for 'dx': ['AD', 'CN'];Preflight: cohort 'OASIS3_fMRI' has too few complete rows after filters (0 < 20).""}, {'candidate_id': 'ad_fc_adni_oasis3_r1_c2_stronger_design', 'round_index': '1', 'transform_type': 'stronger_design', 'proposal_type': 'corrected_contract', 'proposed_question': 'Under added motion quality control, does the AD (dx) vs CN (dx) functional connectivity effect replicate across ADNI_fMRI and OASIS3_fMRI?', 'provenance': 'contract_correction', 'validation_split': 'current_data_contract_repair', 'validation_ok': 'False', 'blocked_reason': 'proposal_validation_failed', 'violations': ""Group contrast changed outside an estimand-repair allowance.;Predictor changed outside an estimand-repair allowance.;Candidate preservation_check does not preserve predictor_or_contrast.;Candidate domain_core changes outcome modality.;Candidate domain_core changes predictor or group contrast.;Candidate is not connected to the original domain core.;stronger_design transform must use independent_replication_claim proposal type.;Preflight: cohort 'ADNI_fMRI' has missing or non-numeric age values.;Preflight: cohort 'ADNI_fMRI' missing group levels for 'dx': ['AD', 'CN'];Preflight: cohort 'ADNI_fMRI' has too few complete rows after filters (0 < 20).;Preflight: cohort 'OASIS3_fMRI' missing group levels for 'dx': ['AD', 'CN'];Preflight: cohort 'OASIS3_fMRI' has too few complete rows after filters (0 < 20).""}, {'candidate_id': 'ad_fc_adni_oasis3_r1_c3_moderator_or_subgroup', 'round_index': '1', 'transform_type': 'moderator_or_subgroup', 'proposal_type': 'corrected_contract', 'proposed_question': 'In older adults (age >= 65) with motion QC, does the AD (dx) vs CN (dx) functional connectivity effect replicate across ADNI_fMRI and OASIS3_fMRI?', 'provenance': 'contract_correction', 'validation_split': 'current_data_contract_repair', 'validation_ok': 'False', 'blocked_reason': 'proposal_validation_failed', 'violations': ""Group contrast changed outside an estimand-repair allowance.;Predictor changed outside an estimand-repair allowance.;Candidate preservation_check does not preserve predictor_or_contrast.;Candidate domain_core changes outcome modality.;Candidate domain_core changes predictor or group contrast.;Candidate is not connected to the original domain core.;Exploratory transforms must use exploratory_followup_claim proposal type.;Preflight: cohort 'ADNI_fMRI' has missing or non-numeric age values.;Preflight: cohort 'ADNI_fMRI' missing group levels for 'dx': ['AD', 'CN'];Preflight: cohort 'ADNI_fMRI' has too few complete rows after filters (0 < 20).;Preflight: cohort 'OASIS3_fMRI' missing group levels for 'dx': ['AD', 'CN'];Preflight: cohort 'OASIS3_fMRI' has too few complete rows after filters (0 < 20).""}, {'candidate_id': 'ad_fc_adni_oasis3_r1_c4_narrower_outcome_family', 'round_index': '1', 'transform_type': 'narrower_outcome_family', 'proposal_type': 'corrected_contract', 'proposed_question': 'Focusing on Default-mode network connections with motion QC, does the AD (dx) vs CN (dx) functional connectivity effect replicate across ADNI_fMRI and OASIS3_fMRI?', 'provenance': 'contract_correction', 'validation_split': 'current_data_contract_repair', 'validation_ok': 'False', 'blocked_reason': 'proposal_validation_failed', 'violations': ""Outcome changed outside an estimand-repair allowance.;Group contrast changed outside an estimand-repair allowance.;Predictor changed outside an estimand-repair allowance.;Candidate preservation_check does not preserve predictor_or_contrast.;Candidate domain_core changes outcome modality.;Candidate domain_core changes predictor or group contrast.;Exploratory transforms must use exploratory_followup_claim proposal type.;Preflight: cohort 'ADNI_fMRI' has missing or non-numeric age values.;Preflight: cohort 'ADNI_fMRI' missing group levels for 'dx': ['AD', 'CN'];Preflight: cohort 'ADNI_fMRI' has too few complete rows after filters (0 < 20).;Preflight: cohort 'OASIS3_fMRI' missing group levels for 'dx': ['AD', 'CN'];Preflight: cohort 'OASIS3_fMRI' has too few complete rows after filters (0 < 20).""}]",,no_candidates
ad_region_adni_oasis3,AD fMRI regional descriptor replication.,replication,evidence_failure,The claim failed because the observed evidence does not support confirmation: The claim failed because it did not replicate under the declared replication gate.,"Replication gate failed; reason=non_replicated_effect_absent; cohorts: OASIS3_fMRI reason=non_replicated_effect_absent:pattern_corr,region_replication_fraction.","{
  ""allowed_proposal_types"": [
    ""independent_replication_claim""
  ],
  ""allowed_transform_types"": [
    ""narrower_outcome_family"",
    ""moderator_or_subgroup"",
    ""stronger_design"",
    ""fixed_estimand"",
    ""contract_correction""
  ],
  ""candidate_history"": [],
  ""executable_data_catalog"": {
    ""allowed_cohorts"": [
      ""ABCD"",
      ""ABIDE"",
      ""ABIDE1"",
      ""ABIDE2"",
      ""ADHD200"",
      ""ADNI"",
      ""ADNI_fMRI"",
      ""BSNIP"",
      ""BSNIP2"",
      ""COBRE"",
      ""ChineseSZ"",
      ""FBIRN"",
      ""GSP"",
      ""HCP"",
      ""HCP_Aging"",
      ""JH"",
      ""OASIS1"",
      ""OASIS3"",
      ""OASIS3_fMRI"",
      ""Olin_SZ"",
      ""UKB""
    ],
    ""allowed_inclusion_examples"": [
      null,
      ""sex == \""F\"""",
      ""sex == \""M\"""",
      ""age >= 65"",
      ""age <= 30""
    ],
    ""common_outcome_column_count"": 190,
    ""common_outcome_columns_sample"": [
      ""fc_fc_Cont_Cont"",
      ""fc_fc_Cont_Cont_z"",
      ""fc_fc_Cont_Cont_z_z"",
      ""fc_fc_Cont_Default"",
      ""fc_fc_Con",excluded validation evidence required unless candidate is a true contract correction,33,narrower_outcome_family;narrower_outcome_family;moderator_or_subgroup;contract_correction;moderator_or_subgroup;narrower_outcome_family;contract_correction;narrower_outcome_family;moderator_or_subgroup;fixed_estimand;contract_correction;contract_correction;contract_correction;narrower_outcome_family;moderator_or_subgroup;contract_correction;narrower_outcome_family;moderator_or_subgroup;fixed_estimand;contract_correction;narrower_outcome_family;moderator_or_subgroup;fixed_estimand;contract_correction;narrower_outcome_family;moderator_or_subgroup;fixed_estimand;contract_correction;contract_correction;contract_correction;narrower_outcome_family;moderator_or_subgroup;fixed_estimand,AD fMRI regional descriptor replication focusing on Default Mode Network regions.,False,proposal_validation_failed,"ad_region_adni_oasis3_r1_c1_narrower_outcome_family:False:proposal_validation_failed:Candidate domain_core changes outcome modality.;Candidate is not connected to the original domain core.;Exploratory transforms must use exploratory_followup_claim proposal type.;Preflight: cohort 'ADNI_fMRI' is missing analysis columns: ['bench_group'];Preflight: cohort 'OASIS3_fMRI' is missing analysis columns: ['bench_group'] | ad_region_adni_oasis3_r1_c2_narrower_outcome_family:False:proposal_validation_failed:Candidate domain_core changes outcome modality.;Candidate is not connected to the original domain core.;Exploratory transforms must use exploratory_followup_claim proposal type.;Preflight: cohort 'ADNI_fMRI' is missing analysis columns: ['bench_group'];Preflight: cohort 'OASIS3_fMRI' is missing analysis columns: ['bench_group'] | ad_region_adni_oasis3_r1_c3_moderator_or_subgroup:False:proposal_validation_failed:Candidate domain_core changes outcome modality.;Candidate is not connected to the original domain core.;Exploratory transforms must use exploratory_followup_claim proposal type.;Preflight: cohort 'ADNI_fMRI' is missing analysis columns: ['bench_group'];Preflight: cohort 'OASIS3_fMRI' is missing analysis columns: ['bench_group'] | ad_region_adni_oasis3_r2_c1_contract_correction:False:proposal_validation_failed:Candidate preservation_check does not preserve predictor_or_contrast.;Candidate domain_core changes outcome modality.;Candidate domain_core changes predictor or group contrast.;Candidate contract changes predictor.;Candidate contract changes disease/group contrast.;Preflight: cohort 'ADNI_fMRI' has missing or non-numeric age values.;Preflight: cohort 'ADNI_fMRI' missing group levels for 'dx': ['AD', 'CN'];Preflight: cohort 'ADNI_fMRI' has too few complete rows after filters (0 < 20).;Preflight: cohort 'OASIS3_fMRI' missing group levels for 'dx': ['AD', 'CN'];Preflight: cohort 'OASIS3_fMRI' has too few complete rows after filters (0 < 20). | ad_region_adni_oasis3_r2_c2_moderator_or_subgroup:False:proposal_validation_failed:Candidate preservation_check does not preserve predictor_or_contrast.;Candidate domain_core changes outcome modality.;Candidate domain_core changes predictor or group contrast.;Candidate is not connected to the original domain core.;Exploratory transforms must use exploratory_followup_claim proposal type.;Candidate contract changes predictor.;Candidate contract changes disease/group contrast.;Preflight: cohort 'ADNI_fMRI' has missing or non-numeric age values.;Preflight: cohort 'ADNI_fMRI' missing group levels for 'dx': ['AD', 'CN'];Preflight: cohort 'ADNI_fMRI' has too few complete rows after filters (0 < 20).;Preflight: cohort 'OASIS3_fMRI' missing group levels for 'dx': ['AD', 'CN'];Preflight: cohort 'OASIS3_fMRI' has too few complete rows after filters (0 < 20). | ad_region_adni_oasis3_r2_c3_narrower_outcome_family:False:proposal_validation_failed:Candidate preservation_check does not preserve predictor_or_contrast.;Candidate domain_core changes outcome modality.;Candidate domain_core changes predictor or group contrast.;Candidate is not connected to the original domain core.;Exploratory transforms must use exploratory_followup_claim proposal type.;Candidate contract changes predictor.;Candidate contract changes disease/group contrast.;Preflight: cohort 'ADNI_fMRI' has missing or non-numeric age values.;Preflight: cohort 'ADNI_fMRI' missing group levels for 'dx': ['AD', 'CN'];Preflight: cohort 'ADNI_fMRI' has too few complete rows after filters (0 < 20).;Preflight: cohort 'OASIS3_fMRI' missing group levels for 'dx': ['AD', 'CN'];Preflight: cohort 'OASIS3_fMRI' has too few complete rows after filters (0 < 20). | ad_region_adni_oasis3_r3_c1_contract_correction:False:proposal_validation_failed:Candidate preservation_check does not preserve predictor_or_contrast.;Candidate domain_core changes outcome modality.;Candidate domain_core changes predictor or group contrast.;Candidate contract changes predictor.;Candidate contract changes disease/group contrast.;Preflight: cohort 'ADNI_fMRI' has missing or non-numeric age values.;Preflight: cohort 'ADNI_fMRI' missing group levels for 'dx': ['AD', 'CN'];Preflight: cohort 'ADNI_fMRI' has too few complete rows after filters (0 < 20).;Preflight: cohort 'OASIS3_fMRI' missing group levels for 'dx': ['AD', 'CN'];Preflight: cohort 'OASIS3_fMRI' has too few complete rows after filters (0 < 20). | ad_region_adni_oasis3_r3_c2_narrower_outcome_family:False:proposal_validation_failed:Candidate preservation_check does not preserve predictor_or_contrast.;Candidate domain_core changes outcome modality.;Candidate domain_core changes predictor or group contrast.;Candidate is not connected to the original domain core.;Exploratory transforms must use exploratory_followup_claim proposal type.;Candidate contract changes predictor.;Candidate contract changes disease/group contrast.;Preflight: cohort 'ADNI_fMRI' has missing or non-numeric age values.;Preflight: cohort 'ADNI_fMRI' missing group levels for 'dx': ['AD', 'CN'];Preflight: cohort 'ADNI_fMRI' has too few complete rows after filters (0 < 20).;Preflight: cohort 'OASIS3_fMRI' missing group levels for 'dx': ['AD', 'CN'];Preflight: cohort 'OASIS3_fMRI' has too few complete rows after filters (0 < 20). | ad_region_adni_oasis3_r3_c3_moderator_or_subgroup:False:proposal_validation_failed:Candidate preservation_check does not preserve predictor_or_contrast.;Candidate domain_core changes outcome modality.;Candidate domain_core changes predictor or group contrast.;Candidate is not connected to the original domain core.;Exploratory transforms must use exploratory_followup_claim proposal type.;Candidate contract changes predictor.;Candidate contract changes disease/group contrast.;Preflight: cohort 'ADNI_fMRI' has missing or non-numeric age values.;Preflight: cohort 'ADNI_fMRI' missing group levels for 'dx': ['AD', 'CN'];Preflight: cohort 'ADNI_fMRI' has too few complete rows after filters (0 < 20).;Preflight: cohort 'OASIS3_fMRI' missing group levels for 'dx': ['AD', 'CN'];Preflight: cohort 'OASIS3_fMRI' has too few complete rows after filters (0 < 20). | ad_region_adni_oasis3_r3_c4_fixed_estimand:False:proposal_validation_failed:Candidate preservation_check does not preserve predictor_or_contrast.;Candidate domain_core changes outcome modality.;Candidate domain_core changes predictor or group contrast.;Candidate is not connected to the original domain core.;Exploratory transforms must use exploratory_followup_claim proposal type.;Candidate contract changes predictor.;Candidate contract changes disease/group contrast.;Preflight: cohort 'ADNI_fMRI' has missing or non-numeric age values.;Preflight: cohort 'ADNI_fMRI' missing group levels for 'dx': ['AD', 'CN'];Preflight: cohort 'ADNI_fMRI' has too few complete rows after filters (0 < 20).;Preflight: cohort 'OASIS3_fMRI' missing group levels for 'dx': ['AD', 'CN'];Preflight: cohort 'OASIS3_fMRI' has too few complete rows after filters (0 < 20). | ad_region_adni_oasis3_r4_c1_contract_correction:False:proposal_validation_failed:Only allowed contract corrections may use current-data repair evaluation.;Candidate domain_core changes outcome modality.;Candidate domain_core changes predictor or group contrast.;Candidate contract changes predictor.;Candidate contract changes disease/group contrast.;Preflight: cohort 'ADNI_fMRI' has missing or non-numeric age values.;Preflight: cohort 'ADNI_fMRI' missing group levels for 'dx': ['AD', 'CN'];Preflight: cohort 'ADNI_fMRI' has too few complete rows after filters (0 < 20).;Preflight: cohort 'OASIS3_fMRI' missing group levels for 'dx': ['AD', 'CN'];Preflight: cohort 'OASIS3_fMRI' has too few complete rows after filters (0 < 20). | ad_region_adni_oasis3_r4_c2_contract_correction:False:proposal_validation_failed:Candidate domain_core changes outcome modality.;Candidate domain_core changes predictor or group contrast.;Candidate contract changes predictor.;Candidate contract changes disease/group contrast.;Preflight: cohort 'ADNI_fMRI' has missing or non-numeric age values.;Preflight: cohort 'ADNI_fMRI' missing group levels for 'dx': ['AD', 'CN'];Preflight: cohort 'ADNI_fMRI' has too few complete rows after filters (0 < 20).;Preflight: cohort 'OASIS3_fMRI' missing group levels for 'dx': ['AD', 'CN'];Preflight: cohort 'OASIS3_fMRI' has too few complete rows after filters (0 < 20). | ad_region_adni_oasis3_r5_c1_contract_correction:False:proposal_validation_failed:Candidate preservation_check does not preserve predictor_or_contrast.;Candidate domain_core changes outcome modality.;Candidate contract changes predictor.;Candidate contract changes disease/group contrast.;Preflight: cohort 'ADNI_fMRI' has missing or non-numeric age values.;Preflight: cohort 'ADNI_fMRI' missing group levels for 'dx': ['AD', 'CN'];Preflight: cohort 'ADNI_fMRI' has too few complete rows after filters (0 < 20).;Preflight: cohort 'OASIS3_fMRI' missing group levels for 'dx': ['AD', 'CN'];Preflight: cohort 'OASIS3_fMRI' has too few complete rows after filters (0 < 20). | ad_region_adni_oasis3_r5_c2_narrower_outcome_family:False:proposal_validation_failed:Candidate preservation_check does not preserve predictor_or_contrast.;Candidate domain_core changes outcome modality.;Candidate is not connected to the original domain core.;Exploratory transforms must use exploratory_followup_claim proposal type.;Candidate contract changes predictor.;Candidate contract changes disease/group contrast.;Preflight: cohort 'ADNI_fMRI' has missing or non-numeric age values.;Preflight: cohort 'ADNI_fMRI' missing group levels for 'dx': ['AD', 'CN'];Preflight: cohort 'ADNI_fMRI' has too few complete rows after filters (0 < 20).;Preflight: cohort 'OASIS3_fMRI' missing group levels for 'dx': ['AD', 'CN'];Preflight: cohort 'OASIS3_fMRI' has too few complete rows after filters (0 < 20). | ad_region_adni_oasis3_r5_c3_moderator_or_subgroup:False:proposal_validation_failed:Candidate preservation_check does not preserve predictor_or_contrast.;Candidate domain_core changes outcome modality.;Candidate is not connected to the original domain core.;Exploratory transforms must use exploratory_followup_claim proposal type.;Candidate contract changes predictor.;Candidate contract changes disease/group contrast.;Preflight: cohort 'ADNI_fMRI' has missing or non-numeric age values.;Preflight: cohort 'ADNI_fMRI' missing group levels for 'dx': ['AD', 'CN'];Preflight: cohort 'ADNI_fMRI' has too few complete rows after filters (0 < 20).;Preflight: cohort 'OASIS3_fMRI' missing group levels for 'dx': ['AD', 'CN'];Preflight: cohort 'OASIS3_fMRI' has too few complete rows after filters (0 < 20). | ad_region_adni_oasis3_r6_c1_contract_correction:False:proposal_validation_failed:Candidate preservation_check does not preserve predictor_or_contrast.;Candidate domain_core changes outcome modality.;Candidate domain_core changes predictor or group contrast.;Candidate contract changes predictor.;Candidate contract changes disease/group contrast.;Preflight: cohort 'ADNI_fMRI' has missing or non-numeric age values.;Preflight: cohort 'ADNI_fMRI' missing group levels for 'dx': ['AD', 'CN'];Preflight: cohort 'ADNI_fMRI' has too few complete rows after filters (0 < 20).;Preflight: cohort 'OASIS3_fMRI' missing group levels for 'dx': ['AD', 'CN'];Preflight: cohort 'OASIS3_fMRI' has too few complete rows after filters (0 < 20). | ad_region_adni_oasis3_r6_c2_narrower_outcome_family:False:proposal_validation_failed:Candidate preservation_check does not preserve predictor_or_contrast.;Candidate domain_core changes outcome modality.;Candidate domain_core changes predictor or group contrast.;Candidate is not connected to the original domain core.;Exploratory transforms must use exploratory_followup_claim proposal type.;Candidate contract changes predictor.;Candidate contract changes disease/group contrast.;Preflight: cohort 'ADNI_fMRI' has missing or non-numeric age values.;Preflight: cohort 'ADNI_fMRI' missing group levels for 'dx': ['AD', 'CN'];Preflight: cohort 'ADNI_fMRI' has too few complete rows after filters (0 < 20).;Preflight: cohort 'OASIS3_fMRI' missing group levels for 'dx': ['AD', 'CN'];Preflight: cohort 'OASIS3_fMRI' has too few complete rows after filters (0 < 20). | ad_region_adni_oasis3_r6_c3_moderator_or_subgroup:False:proposal_validation_failed:Candidate preservation_check does not preserve predictor_or_contrast.;Candidate domain_core changes outcome modality.;Candidate domain_core changes predictor or group contrast.;Candidate is not connected to the original domain core.;Exploratory transforms must use exploratory_followup_claim proposal type.;Candidate contract changes predictor.;Candidate contract changes disease/group contrast.;Preflight: cohort 'ADNI_fMRI' has missing or non-numeric age values.;Preflight: cohort 'ADNI_fMRI' missing group levels for 'dx': ['AD', 'CN'];Preflight: cohort 'ADNI_fMRI' has too few complete rows after filters (0 < 20).;Preflight: cohort 'OASIS3_fMRI' missing group levels for 'dx': ['AD', 'CN'];Preflight: cohort 'OASIS3_fMRI' has too few complete rows after filters (0 < 20). | ad_region_adni_oasis3_r6_c4_fixed_estimand:False:proposal_validation_failed:Candidate preservation_check does not preserve predictor_or_contrast.;Candidate domain_core changes outcome modality.;Candidate domain_core changes predictor or group contrast.;Candidate is not connected to the original domain core.;Exploratory transforms must use exploratory_followup_claim proposal type.;Candidate contract changes predictor.;Candidate contract changes disease/group contrast.;Preflight: cohort 'ADNI_fMRI' has missing or non-numeric age values.;Preflight: cohort 'ADNI_fMRI' missing group levels for 'dx': ['AD', 'CN'];Preflight: cohort 'ADNI_fMRI' has too few complete rows after filters (0 < 20).;Preflight: cohort 'OASIS3_fMRI' missing group levels for 'dx': ['AD', 'CN'];Preflight: cohort 'OASIS3_fMRI' has too few complete rows after filters (0 < 20). | ad_region_adni_oasis3_r7_c1_contract_correction:False:proposal_validation_failed:Candidate preservation_check does not preserve predictor_or_contrast.;Candidate domain_core changes outcome modality.;Candidate domain_core changes predictor or group contrast.;Candidate contract changes predictor.;Candidate contract changes disease/group contrast.;Preflight: cohort 'ADNI_fMRI' has missing or non-numeric age values.;Preflight: cohort 'ADNI_fMRI' missing group levels for 'dx': ['AD', 'CN'];Preflight: cohort 'ADNI_fMRI' has too few complete rows after filters (0 < 20).;Preflight: cohort 'OASIS3_fMRI' missing group levels for 'dx': ['AD', 'CN'];Preflight: cohort 'OASIS3_fMRI' has too few complete rows after filters (0 < 20). | ad_region_adni_oasis3_r7_c2_narrower_outcome_family:False:proposal_validation_failed:Candidate preservation_check does not preserve predictor_or_contrast.;Candidate domain_core changes outcome modality.;Candidate domain_core changes predictor or group contrast.;Candidate is not connected to the original domain core.;Exploratory transforms must use exploratory_followup_claim proposal type.;Candidate contract changes predictor.;Candidate contract changes disease/group contrast.;Preflight: cohort 'ADNI_fMRI' has missing or non-numeric age values.;Preflight: cohort 'ADNI_fMRI' missing group levels for 'dx': ['AD', 'CN'];Preflight: cohort 'ADNI_fMRI' has too few complete rows after filters (0 < 20).;Preflight: cohort 'OASIS3_fMRI' missing group levels for 'dx': ['AD', 'CN'];Preflight: cohort 'OASIS3_fMRI' has too few complete rows after filters (0 < 20). | ad_region_adni_oasis3_r7_c3_moderator_or_subgroup:False:proposal_validation_failed:Candidate preservation_check does not preserve predictor_or_contrast.;Candidate domain_core changes outcome modality.;Candidate domain_core changes predictor or group contrast.;Candidate is not connected to the original domain core.;Exploratory transforms must use exploratory_followup_claim proposal type.;Candidate contract changes predictor.;Candidate contract changes disease/group contrast.;Preflight: cohort 'ADNI_fMRI' has missing or non-numeric age values.;Preflight: cohort 'ADNI_fMRI' missing group levels for 'dx': ['AD', 'CN'];Preflight: cohort 'ADNI_fMRI' has too few complete rows after filters (0 < 20).;Preflight: cohort 'OASIS3_fMRI' missing group levels for 'dx': ['AD', 'CN'];Preflight: cohort 'OASIS3_fMRI' has too few complete rows after filters (0 < 20). | ad_region_adni_oasis3_r7_c4_fixed_estimand:False:proposal_validation_failed:Candidate preservation_check does not preserve predictor_or_contrast.;Candidate domain_core changes outcome modality.;Candidate domain_core changes predictor or group contrast.;Candidate is not connected to the original domain core.;Exploratory transforms must use exploratory_followup_claim proposal type.;Candidate contract changes predictor.;Candidate contract changes disease/group contrast.;Preflight: cohort 'ADNI_fMRI' has missing or non-numeric age values.;Preflight: cohort 'ADNI_fMRI' missing group levels for 'dx': ['AD', 'CN'];Preflight: cohort 'ADNI_fMRI' has too few complete rows after filters (0 < 20).;Preflight: cohort 'OASIS3_fMRI' missing group levels for 'dx': ['AD', 'CN'];Preflight: cohort 'OASIS3_fMRI' has too few complete rows after filters (0 < 20). | ad_region_adni_oasis3_r8_c1_contract_correction:False:proposal_validation_failed:Candidate preservation_check does not preserve predictor_or_contrast.;Candidate domain_core changes outcome modality.;Candidate contract changes predictor.;Candidate contract changes disease/group contrast.;Preflight: cohort 'ADNI_fMRI' has missing or non-numeric age values.;Preflight: cohort 'ADNI_fMRI' missing group levels for 'dx': ['AD', 'CN'];Preflight: cohort 'ADNI_fMRI' has too few complete rows after filters (0 < 20).;Preflight: cohort 'OASIS3_fMRI' missing group levels for 'dx': ['AD', 'CN'];Preflight: cohort 'OASIS3_fMRI' has too few complete rows after filters (0 < 20). | ad_region_adni_oasis3_r8_c2_narrower_outcome_family:False:proposal_validation_failed:Candidate preservation_check does not preserve predictor_or_contrast.;Candidate domain_core changes outcome modality.;Candidate is not connected to the original domain core.;Exploratory transforms must use exploratory_followup_claim proposal type.;Candidate contract changes predictor.;Candidate contract changes disease/group contrast.;Preflight: cohort 'ADNI_fMRI' has missing or non-numeric age values.;Preflight: cohort 'ADNI_fMRI' missing group levels for 'dx': ['AD', 'CN'];Preflight: cohort 'ADNI_fMRI' has too few complete rows after filters (0 < 20).;Preflight: cohort 'OASIS3_fMRI' missing group levels for 'dx': ['AD', 'CN'];Preflight: cohort 'OASIS3_fMRI' has too few complete rows after filters (0 < 20). | ad_region_adni_oasis3_r8_c3_moderator_or_subgroup:False:proposal_validation_failed:Candidate preservation_check does not preserve predictor_or_contrast.;Candidate domain_core changes outcome modality.;Candidate is not connected to the original domain core.;Exploratory transforms must use exploratory_followup_claim proposal type.;Candidate contract changes predictor.;Candidate contract changes disease/group contrast.;Preflight: cohort 'ADNI_fMRI' has missing or non-numeric age values.;Preflight: cohort 'ADNI_fMRI' missing group levels for 'dx': ['AD', 'CN'];Preflight: cohort 'ADNI_fMRI' has too few complete rows after filters (0 < 20).;Preflight: cohort 'OASIS3_fMRI' missing group levels for 'dx': ['AD', 'CN'];Preflight: cohort 'OASIS3_fMRI' has too few complete rows after filters (0 < 20). | ad_region_adni_oasis3_r8_c4_fixed_estimand:False:proposal_validation_failed:Candidate preservation_check does not preserve predictor_or_contrast.;Candidate domain_core changes outcome modality.;Candidate is not connected to the original domain core.;Exploratory transforms must use exploratory_followup_claim proposal type.;Candidate contract changes predictor.;Candidate contract changes disease/group contrast.;Preflight: cohort 'ADNI_fMRI' has missing or non-numeric age values.;Preflight: cohort 'ADNI_fMRI' missing group levels for 'dx': ['AD', 'CN'];Preflight: cohort 'ADNI_fMRI' has too few complete rows after filters (0 < 20).;Preflight: cohort 'OASIS3_fMRI' missing group levels for 'dx': ['AD', 'CN'];Preflight: cohort 'OASIS3_fMRI' has too few complete rows after filters (0 < 20). | ad_region_adni_oasis3_r9_c1_contract_correction:False:proposal_validation_failed:Candidate domain_core changes outcome modality.;Candidate contract changes predictor.;Candidate contract changes disease/group contrast.;Preflight: cohort 'ADNI_fMRI' has missing or non-numeric age values.;Preflight: cohort 'ADNI_fMRI' missing group levels for 'dx': ['AD', 'CN'];Preflight: cohort 'ADNI_fMRI' has too few complete rows after filters (0 < 20).;Preflight: cohort 'OASIS3_fMRI' missing group levels for 'dx': ['AD', 'CN'];Preflight: cohort 'OASIS3_fMRI' has too few complete rows after filters (0 < 20). | ad_region_adni_oasis3_r9_c2_contract_correction:False:proposal_validation_failed:Candidate domain_core changes outcome modality.;Candidate contract changes predictor.;Candidate contract changes disease/group contrast.;Preflight: cohort 'ADNI_fMRI' has missing or non-numeric age values.;Preflight: cohort 'ADNI_fMRI' missing group levels for 'dx': ['AD', 'CN'];Preflight: cohort 'ADNI_fMRI' has too few complete rows after filters (0 < 20).;Preflight: cohort 'OASIS3_fMRI' missing group levels for 'dx': ['AD', 'CN'];Preflight: cohort 'OASIS3_fMRI' has too few complete rows after filters (0 < 20). | ad_region_adni_oasis3_r10_c1_contract_correction:False:proposal_validation_failed:Candidate preservation_check does not preserve predictor_or_contrast.;Candidate domain_core changes outcome modality.;Candidate domain_core changes predictor or group contrast.;Candidate contract changes predictor.;Candidate contract changes disease/group contrast.;Preflight: cohort 'ADNI_fMRI' has missing or non-numeric age values.;Preflight: cohort 'ADNI_fMRI' missing group levels for 'dx': ['AD', 'CN'];Preflight: cohort 'ADNI_fMRI' has too few complete rows after filters (0 < 20).;Preflight: cohort 'OASIS3_fMRI' missing group levels for 'dx': ['AD', 'CN'];Preflight: cohort 'OASIS3_fMRI' has too few complete rows after filters (0 < 20). | ad_region_adni_oasis3_r10_c2_narrower_outcome_family:False:proposal_validation_failed:Candidate preservation_check does not preserve predictor_or_contrast.;Candidate domain_core changes outcome modality.;Candidate domain_core changes predictor or group contrast.;Candidate is not connected to the original domain core.;Exploratory transforms must use exploratory_followup_claim proposal type.;Candidate contract changes predictor.;Candidate contract changes disease/group contrast.;Preflight: cohort 'ADNI_fMRI' has missing or non-numeric age values.;Preflight: cohort 'ADNI_fMRI' missing group levels for 'dx': ['AD', 'CN'];Preflight: cohort 'ADNI_fMRI' has too few complete rows after filters (0 < 20).;Preflight: cohort 'OASIS3_fMRI' missing group levels for 'dx': ['AD', 'CN'];Preflight: cohort 'OASIS3_fMRI' has too few complete rows after filters (0 < 20). | ad_region_adni_oasis3_r10_c3_moderator_or_subgroup:False:proposal_validation_failed:Candidate preservation_check does not preserve predictor_or_contrast.;Candidate domain_core changes outcome modality.;Candidate domain_core changes predictor or group contrast.;Candidate is not connected to the original domain core.;Exploratory transforms must use exploratory_followup_claim proposal type.;Candidate contract changes predictor.;Candidate contract changes disease/group contrast.;Preflight: cohort 'ADNI_fMRI' has missing or non-numeric age values.;Preflight: cohort 'ADNI_fMRI' missing group levels for 'dx': ['AD', 'CN'];Preflight: cohort 'ADNI_fMRI' has too few complete rows after filters (0 < 20).;Preflight: cohort 'OASIS3_fMRI' missing group levels for 'dx': ['AD', 'CN'];Preflight: cohort 'OASIS3_fMRI' has too few complete rows after filters (0 < 20). | ad_region_adni_oasis3_r10_c4_fixed_estimand:False:proposal_validation_failed:Candidate preservation_check does not preserve predictor_or_contrast.;Candidate domain_core changes outcome modality.;Candidate domain_core changes predictor or group contrast.;Candidate is not connected to the original domain core.;Exploratory transforms must use exploratory_followup_claim proposal type.;Candidate contract changes predictor.;Candidate contract changes disease/group contrast.;Preflight: cohort 'ADNI_fMRI' has missing or non-numeric age values.;Preflight: cohort 'ADNI_fMRI' missing group levels for 'dx': ['AD', 'CN'];Preflight: cohort 'ADNI_fMRI' has too few complete rows after filters (0 < 20).;Preflight: cohort 'OASIS3_fMRI' missing group levels for 'dx': ['AD', 'CN'];Preflight: cohort 'OASIS3_fMRI' has too few complete rows after filters (0 < 20).","[{'candidate_id': 'ad_region_adni_oasis3_r1_c1_narrower_outcome_family', 'round_index': '1', 'transform_type': 'narrower_outcome_family', 'proposal_type': 'independent_replication_claim', 'proposed_question': 'AD fMRI regional descriptor replication focusing on Default Mode Network regions.', 'provenance': 'independent_replication', 'validation_split': 'current_data_adaptive', 'validation_ok': 'False', 'blocked_reason': 'proposal_validation_failed', 'violations': ""Candidate domain_core changes outcome modality.;Candidate is not connected to the original domain core.;Exploratory transforms must use exploratory_followup_claim proposal type.;Preflight: cohort 'ADNI_fMRI' is missing analysis columns: ['bench_group'];Preflight: cohort 'OASIS3_fMRI' is missing analysis columns: ['bench_group']""}, {'candidate_id': 'ad_region_adni_oasis3_r1_c2_narrower_outcome_family', 'round_index': '1', 'transform_type': 'narrower_outcome_family', 'proposal_type': 'independent_replication_claim', 'proposed_question': 'AD fMRI regional descriptor replication focusing on Salience/Ventral Attention regions.', 'provenance': 'independent_replication', 'validation_split': 'current_data_adaptive', 'validation_ok': 'False', 'blocked_reason': 'proposal_validation_failed', 'violations': ""Candidate domain_core changes outcome modality.;Candidate is not connected to the original domain core.;Exploratory transforms must use exploratory_followup_claim proposal type.;Preflight: cohort 'ADNI_fMRI' is missing analysis columns: ['bench_group'];Preflight: cohort 'OASIS3_fMRI' is missing analysis columns: ['bench_group']""}, {'candidate_id': 'ad_region_adni_oasis3_r1_c3_moderator_or_subgroup', 'round_index': '1', 'transform_type': 'moderator_or_subgroup', 'proposal_type': 'independent_replication_claim', 'proposed_question': 'AD fMRI regional descriptor replication in older adults (age >= 65).', 'provenance': 'independent_replication', 'validation_split': 'current_data_adaptive', 'validation_ok': 'False', 'blocked_reason': 'proposal_validation_failed', 'violations': ""Candidate domain_core changes outcome modality.;Candidate is not connected to the original domain core.;Exploratory transforms must use exploratory_followup_claim proposal type.;Preflight: cohort 'ADNI_fMRI' is missing analysis columns: ['bench_group'];Preflight: cohort 'OASIS3_fMRI' is missing analysis columns: ['bench_group']""}, {'candidate_id': 'ad_region_adni_oasis3_r2_c1_contract_correction', 'round_index': '2', 'transform_type': 'contract_correction', 'proposal_type': 'independent_replication_claim', 'proposed_question': 'Do AD vs CN differences in fMRI regional self-descriptor measures replicate across ADNI_fMRI (discovery) and OASIS3_fMRI (replication) when the contrast is encoded by the dx diagnostic label?', 'provenance': 'independent_replication', 'validation_split': 'current_data_adaptive', 'validation_ok': 'False', 'blocked_reason': 'proposal_validation_failed', 'violations': ""Candidate preservation_check does not preserve predictor_or_contrast.;Candidate domain_core changes outcome modality.;Candidate domain_core changes predictor or group contrast.;Candidate contract changes predictor.;Candidate contract changes disease/group contrast.;Preflight: cohort 'ADNI_fMRI' has missing or non-numeric age values.;Preflight: cohort 'ADNI_fMRI' missing group levels for 'dx': ['AD', 'CN'];Preflight: cohort 'ADNI_fMRI' has too few complete rows after filters (0 < 20).;Preflight: cohort 'OASIS3_fMRI' missing group levels for 'dx': ['AD', 'CN'];Preflight: cohort 'OASIS3_fMRI' has too few complete rows after filters (0 < 20).""}, {'candidate_id': 'ad_region_adni_oasis3_r2_c2_moderator_or_subgroup', 'round_index': '2', 'transform_type': 'moderator_or_subgroup', 'proposal_type': 'independent_replication_claim', 'proposed_question': 'Do dx-coded AD vs CN differences in fMRI regional self-descriptor measures replicate across cohorts when restricting to participants aged 65 and older?', 'provenance': 'independent_replication', 'validation_split': 'current_data_adaptive', 'validation_ok': 'False', 'blocked_reason': 'proposal_validation_failed', 'violations': ""Candidate preservation_check does not preserve predictor_or_contrast.;Candidate domain_core changes outcome modality.;Candidate domain_core changes predictor or group contrast.;Candidate is not connected to the original domain core.;Exploratory transforms must use exploratory_followup_claim proposal type.;Candidate contract changes predictor.;Candidate contract changes disease/group contrast.;Preflight: cohort 'ADNI_fMRI' has missing or non-numeric age values.;Preflight: cohort 'ADNI_fMRI' missing group levels for 'dx': ['AD', 'CN'];Preflight: cohort 'ADNI_fMRI' has too few complete rows after filters (0 < 20).;Preflight: cohort 'OASIS3_fMRI' missing group levels for 'dx': ['AD', 'CN'];Preflight: cohort 'OASIS3_fMRI' has too few complete rows after filters (0 < 20).""}, {'candidate_id': 'ad_region_adni_oasis3_r2_c3_narrower_outcome_family', 'round_index': '2', 'transform_type': 'narrower_outcome_family', 'proposal_type': 'independent_replication_claim', 'proposed_question': 'Do dx-coded AD vs CN differences in fMRI regional self-descriptor measures replicate across cohorts when focusing on Default Mode Network regions?', 'provenance': 'independent_replication', 'validation_split': 'current_data_adaptive', 'validation_ok': 'False', 'blocked_reason': 'proposal_validation_failed', 'violations': ""Candidate preservation_check does not preserve predictor_or_contrast.;Candidate domain_core changes outcome modality.;Candidate domain_core changes predictor or group contrast.;Candidate is not connected to the original domain core.;Exploratory transforms must use exploratory_followup_claim proposal type.;Candidate contract changes predictor.;Candidate contract changes disease/group contrast.;Preflight: cohort 'ADNI_fMRI' has missing or non-numeric age values.;Preflight: cohort 'ADNI_fMRI' missing group levels for 'dx': ['AD', 'CN'];Preflight: cohort 'ADNI_fMRI' has too few complete rows after filters (0 < 20).;Preflight: cohort 'OASIS3_fMRI' missing group levels for 'dx': ['AD', 'CN'];Preflight: cohort 'OASIS3_fMRI' has too few complete rows after filters (0 < 20).""}, {'candidate_id': 'ad_region_adni_oasis3_r3_c1_contract_correction', 'round_index': '3', 'transform_type': 'contract_correction', 'proposal_type': 'independent_replication_claim', 'proposed_question': 'Do AD vs CN differences in fMRI regional self-descriptor measures replicate across ADNI_fMRI (discovery) and OASIS3_fMRI (replication) when using the dx diagnostic label?', 'provenance': 'contract_correction', 'validation_split': 'current_data_adaptive', 'validation_ok': 'False', 'blocked_reason': 'proposal_validation_failed', 'violations': ""Candidate preservation_check does not preserve predictor_or_contrast.;Candidate domain_core changes outcome modality.;Candidate domain_core changes predictor or group contrast.;Candidate contract changes predictor.;Candidate contract changes disease/group contrast.;Preflight: cohort 'ADNI_fMRI' has missing or non-numeric age values.;Preflight: cohort 'ADNI_fMRI' missing group levels for 'dx': ['AD', 'CN'];Preflight: cohort 'ADNI_fMRI' has too few complete rows after filters (0 < 20).;Preflight: cohort 'OASIS3_fMRI' missing group levels for 'dx': ['AD', 'CN'];Preflight: cohort 'OASIS3_fMRI' has too few complete rows after filters (0 < 20).""}, {'candidate_id': 'ad_region_adni_oasis3_r3_c2_narrower_outcome_family', 'round_index': '3', 'transform_type': 'narrower_outcome_family', 'proposal_type': 'independent_replication_claim', 'proposed_question': 'Do dx-coded AD vs CN differences in fMRI regional self-descriptor measures replicate across cohorts when focusing on Default Mode Network regions?', 'provenance': 'independent_replication', 'validation_split': 'current_data_adaptive', 'validation_ok': 'False', 'blocked_reason': 'proposal_validation_failed', 'violations': ""Candidate preservation_check does not preserve predictor_or_contrast.;Candidate domain_core changes outcome modality.;Candidate domain_core changes predictor or group contrast.;Candidate is not connected to the original domain core.;Exploratory transforms must use exploratory_followup_claim proposal type.;Candidate contract changes predictor.;Candidate contract changes disease/group contrast.;Preflight: cohort 'ADNI_fMRI' has missing or non-numeric age values.;Preflight: cohort 'ADNI_fMRI' missing group levels for 'dx': ['AD', 'CN'];Preflight: cohort 'ADNI_fMRI' has too few complete rows after filters (0 < 20).;Preflight: cohort 'OASIS3_fMRI' missing group levels for 'dx': ['AD', 'CN'];Preflight: cohort 'OASIS3_fMRI' has too few complete rows after filters (0 < 20).""}, {'candidate_id': 'ad_region_adni_oasis3_r3_c3_moderator_or_subgroup', 'round_index': '3', 'transform_type': 'moderator_or_subgroup', 'proposal_type': 'independent_replication_claim', 'proposed_question': 'Do dx-coded AD vs CN differences in fMRI regional self-descriptor measures replicate across cohorts when restricting to participants aged 65 and older?', 'provenance': 'independent_replication', 'validation_split': 'current_data_adaptive', 'validation_ok': 'False', 'blocked_reason': 'proposal_validation_failed', 'violations': ""Candidate preservation_check does not preserve predictor_or_contrast.;Candidate domain_core changes outcome modality.;Candidate domain_core changes predictor or group contrast.;Candidate is not connected to the original domain core.;Exploratory transforms must use exploratory_followup_claim proposal type.;Candidate contract changes predictor.;Candidate contract changes disease/group contrast.;Preflight: cohort 'ADNI_fMRI' has missing or non-numeric age values.;Preflight: cohort 'ADNI_fMRI' missing group levels for 'dx': ['AD', 'CN'];Preflight: cohort 'ADNI_fMRI' has too few complete rows after filters (0 < 20).;Preflight: cohort 'OASIS3_fMRI' missing group levels for 'dx': ['AD', 'CN'];Preflight: cohort 'OASIS3_fMRI' has too few complete rows after filters (0 < 20).""}, {'candidate_id': 'ad_region_adni_oasis3_r3_c4_fixed_estimand', 'round_index': '3', 'transform_type': 'fixed_estimand', 'proposal_type': 'independent_replication_claim', 'proposed_question': 'Do dx-coded AD vs CN differences replicate across cohorts for an a priori DMN hub (left precuneus) fMRI regional descriptor?', 'provenance': 'independent_replication', 'validation_split': 'current_data_adaptive', 'validation_ok': 'False', 'blocked_reason': 'proposal_validation_failed', 'violations': ""Candidate preservation_check does not preserve predictor_or_contrast.;Candidate domain_core changes outcome modality.;Candidate domain_core changes predictor or group contrast.;Candidate is not connected to the original domain core.;Exploratory transforms must use exploratory_followup_claim proposal type.;Candidate contract changes predictor.;Candidate contract changes disease/group contrast.;Preflight: cohort 'ADNI_fMRI' has missing or non-numeric age values.;Preflight: cohort 'ADNI_fMRI' missing group levels for 'dx': ['AD', 'CN'];Preflight: cohort 'ADNI_fMRI' has too few complete rows after filters (0 < 20).;Preflight: cohort 'OASIS3_fMRI' missing group levels for 'dx': ['AD', 'CN'];Preflight: cohort 'OASIS3_fMRI' has too few complete rows after filters (0 < 20).""}, {'candidate_id': 'ad_region_adni_oasis3_r4_c1_contract_correction', 'round_index': '4', 'transform_type': 'contract_correction', 'proposal_type': 'independent_replication_claim', 'proposed_question': 'Do AD vs CN differences in fMRI regional self-descriptor measures replicate across ADNI_fMRI (discovery) and OASIS3_fMRI (replication) when the contrast is encoded by the dx diagnostic label?', 'provenance': 'contract_correction', 'validation_split': 'current_data_contract_repair', 'validation_ok': 'False', 'blocked_reason': 'proposal_validation_failed', 'violations': ""Only allowed contract corrections may use current-data repair evaluation.;Candidate domain_core changes outcome modality.;Candidate domain_core changes predictor or group contrast.;Candidate contract changes predictor.;Candidate contract changes disease/group contrast.;Preflight: cohort 'ADNI_fMRI' has missing or non-numeric age values.;Preflight: cohort 'ADNI_fMRI' missing group levels for 'dx': ['AD', 'CN'];Preflight: cohort 'ADNI_fMRI' has too few complete rows after filters (0 < 20).;Preflight: cohort 'OASIS3_fMRI' missing group levels for 'dx': ['AD', 'CN'];Preflight: cohort 'OASIS3_fMRI' has too few complete rows after filters (0 < 20).""}, {'candidate_id': 'ad_region_adni_oasis3_r4_c2_contract_correction', 'round_index': '4', 'transform_type': 'contract_correction', 'proposal_type': 'independent_replication_claim', 'proposed_question': 'Do dx-coded AD vs CN differences in fMRI regional self-descriptor measures replicate across ADNI_fMRI (discovery) and OASIS3_fMRI (replication)?', 'provenance': 'contract_correction', 'validation_split': 'current_data_adaptive', 'validation_ok': 'False', 'blocked_reason': 'proposal_validation_failed', 'violations': ""Candidate domain_core changes outcome modality.;Candidate domain_core changes predictor or group contrast.;Candidate contract changes predictor.;Candidate contract changes disease/group contrast.;Preflight: cohort 'ADNI_fMRI' has missing or non-numeric age values.;Preflight: cohort 'ADNI_fMRI' missing group levels for 'dx': ['AD', 'CN'];Preflight: cohort 'ADNI_fMRI' has too few complete rows after filters (0 < 20).;Preflight: cohort 'OASIS3_fMRI' missing group levels for 'dx': ['AD', 'CN'];Preflight: cohort 'OASIS3_fMRI' has too few complete rows after filters (0 < 20).""}, {'candidate_id': 'ad_region_adni_oasis3_r5_c1_contract_correction', 'round_index': '5', 'transform_type': 'contract_correction', 'proposal_type': 'independent_replication_claim', 'proposed_question': 'AD fMRI regional descriptor replication using dx-coded AD vs CN.', 'provenance': 'contract_correction', 'validation_split': 'current_data_adaptive', 'validation_ok': 'False', 'blocked_reason': 'proposal_validation_failed', 'violations': ""Candidate preservation_check does not preserve predictor_or_contrast.;Candidate domain_core changes outcome modality.;Candidate contract changes predictor.;Candidate contract changes disease/group contrast.;Preflight: cohort 'ADNI_fMRI' has missing or non-numeric age values.;Preflight: cohort 'ADNI_fMRI' missing group levels for 'dx': ['AD', 'CN'];Preflight: cohort 'ADNI_fMRI' has too few complete rows after filters (0 < 20).;Preflight: cohort 'OASIS3_fMRI' missing group levels for 'dx': ['AD', 'CN'];Preflight: cohort 'OASIS3_fMRI' has too few complete rows after filters (0 < 20).""}, {'candidate_id': 'ad_region_adni_oasis3_r5_c2_narrower_outcome_family', 'round_index': '5', 'transform_type': 'narrower_outcome_family', 'proposal_type': 'independent_replication_claim', 'proposed_question': 'AD fMRI regional descriptor replication focusing on Default Mode Network using dx-coded contrast.', 'provenance': 'independent_replication', 'validation_split': 'current_data_adaptive', 'validation_ok': 'False', 'blocked_reason': 'proposal_validation_failed', 'violations': ""Candidate preservation_check does not preserve predictor_or_contrast.;Candidate domain_core changes outcome modality.;Candidate is not connected to the original domain core.;Exploratory transforms must use exploratory_followup_claim proposal type.;Candidate contract changes predictor.;Candidate contract changes disease/group contrast.;Preflight: cohort 'ADNI_fMRI' has missing or non-numeric age values.;Preflight: cohort 'ADNI_fMRI' missing group levels for 'dx': ['AD', 'CN'];Preflight: cohort 'ADNI_fMRI' has too few complete rows after filters (0 < 20).;Preflight: cohort 'OASIS3_fMRI' missing group levels for 'dx': ['AD', 'CN'];Preflight: cohort 'OASIS3_fMRI' has too few complete rows after filters (0 < 20).""}, {'candidate_id': 'ad_region_adni_oasis3_r5_c3_moderator_or_subgroup', 'round_index': '5', 'transform_type': 'moderator_or_subgroup', 'proposal_type': 'independent_replication_claim', 'proposed_question': 'AD fMRI regional descriptor replication using dx with age >= 65 inclusion.', 'provenance': 'independent_replication', 'validation_split': 'current_data_adaptive', 'validation_ok': 'False', 'blocked_reason': 'proposal_validation_failed', 'violations': ""Candidate preservation_check does not preserve predictor_or_contrast.;Candidate domain_core changes outcome modality.;Candidate is not connected to the original domain core.;Exploratory transforms must use exploratory_followup_claim proposal type.;Candidate contract changes predictor.;Candidate contract changes disease/group contrast.;Preflight: cohort 'ADNI_fMRI' has missing or non-numeric age values.;Preflight: cohort 'ADNI_fMRI' missing group levels for 'dx': ['AD', 'CN'];Preflight: cohort 'ADNI_fMRI' has too few complete rows after filters (0 < 20).;Preflight: cohort 'OASIS3_fMRI' missing group levels for 'dx': ['AD', 'CN'];Preflight: cohort 'OASIS3_fMRI' has too few complete rows after filters (0 < 20).""}, {'candidate_id': 'ad_region_adni_oasis3_r6_c1_contract_correction', 'round_index': '6', 'transform_type': 'contract_correction', 'proposal_type': 'independent_replication_claim', 'proposed_question': 'Do dx-coded AD vs CN differences in fMRI regional self-descriptor measures replicate across ADNI_fMRI (discovery) and OASIS3_fMRI (replication)?', 'provenance': 'independent_replication', 'validation_split': 'current_data_adaptive', 'validation_ok': 'False', 'blocked_reason': 'proposal_validation_failed', 'violations': ""Candidate preservation_check does not preserve predictor_or_contrast.;Candidate domain_core changes outcome modality.;Candidate domain_core changes predictor or group contrast.;Candidate contract changes predictor.;Candidate contract changes disease/group contrast.;Preflight: cohort 'ADNI_fMRI' has missing or non-numeric age values.;Preflight: cohort 'ADNI_fMRI' missing group levels for 'dx': ['AD', 'CN'];Preflight: cohort 'ADNI_fMRI' has too few complete rows after filters (0 < 20).;Preflight: cohort 'OASIS3_fMRI' missing group levels for 'dx': ['AD', 'CN'];Preflight: cohort 'OASIS3_fMRI' has too few complete rows after filters (0 < 20).""}, {'candidate_id': 'ad_region_adni_oasis3_r6_c2_narrower_outcome_family', 'round_index': '6', 'transform_type': 'narrower_outcome_family', 'proposal_type': 'independent_replication_claim', 'proposed_question': 'Do dx-coded AD vs CN differences in fMRI regional self-descriptor measures replicate across cohorts when focusing on Default Mode Network regions?', 'provenance': 'independent_replication', 'validation_split': 'current_data_adaptive', 'validation_ok': 'False', 'blocked_reason': 'proposal_validation_failed', 'violations': ""Candidate preservation_check does not preserve predictor_or_contrast.;Candidate domain_core changes outcome modality.;Candidate domain_core changes predictor or group contrast.;Candidate is not connected to the original domain core.;Exploratory transforms must use exploratory_followup_claim proposal type.;Candidate contract changes predictor.;Candidate contract changes disease/group contrast.;Preflight: cohort 'ADNI_fMRI' has missing or non-numeric age values.;Preflight: cohort 'ADNI_fMRI' missing group levels for 'dx': ['AD', 'CN'];Preflight: cohort 'ADNI_fMRI' has too few complete rows after filters (0 < 20).;Preflight: cohort 'OASIS3_fMRI' missing group levels for 'dx': ['AD', 'CN'];Preflight: cohort 'OASIS3_fMRI' has too few complete rows after filters (0 < 20).""}, {'candidate_id': 'ad_region_adni_oasis3_r6_c3_moderator_or_subgroup', 'round_index': '6', 'transform_type': 'moderator_or_subgroup', 'proposal_type': 'independent_replication_claim', 'proposed_question': 'Do dx-coded AD vs CN differences in fMRI regional self-descriptor measures replicate across cohorts when restricting to participants aged 65 and older?', 'provenance': 'independent_replication', 'validation_split': 'current_data_adaptive', 'validation_ok': 'False', 'blocked_reason': 'proposal_validation_failed', 'violations': ""Candidate preservation_check does not preserve predictor_or_contrast.;Candidate domain_core changes outcome modality.;Candidate domain_core changes predictor or group contrast.;Candidate is not connected to the original domain core.;Exploratory transforms must use exploratory_followup_claim proposal type.;Candidate contract changes predictor.;Candidate contract changes disease/group contrast.;Preflight: cohort 'ADNI_fMRI' has missing or non-numeric age values.;Preflight: cohort 'ADNI_fMRI' missing group levels for 'dx': ['AD', 'CN'];Preflight: cohort 'ADNI_fMRI' has too few complete rows after filters (0 < 20).;Preflight: cohort 'OASIS3_fMRI' missing group levels for 'dx': ['AD', 'CN'];Preflight: cohort 'OASIS3_fMRI' has too few complete rows after filters (0 < 20).""}, {'candidate_id': 'ad_region_adni_oasis3_r6_c4_fixed_estimand', 'round_index': '6', 'transform_type': 'fixed_estimand', 'proposal_type': 'independent_replication_claim', 'proposed_question': 'Do dx-coded AD vs CN differences replicate across cohorts for an a priori DMN hub (left precuneus) fMRI regional descriptor?', 'provenance': 'independent_replication', 'validation_split': 'current_data_adaptive', 'validation_ok': 'False', 'blocked_reason': 'proposal_validation_failed', 'violations': ""Candidate preservation_check does not preserve predictor_or_contrast.;Candidate domain_core changes outcome modality.;Candidate domain_core changes predictor or group contrast.;Candidate is not connected to the original domain core.;Exploratory transforms must use exploratory_followup_claim proposal type.;Candidate contract changes predictor.;Candidate contract changes disease/group contrast.;Preflight: cohort 'ADNI_fMRI' has missing or non-numeric age values.;Preflight: cohort 'ADNI_fMRI' missing group levels for 'dx': ['AD', 'CN'];Preflight: cohort 'ADNI_fMRI' has too few complete rows after filters (0 < 20).;Preflight: cohort 'OASIS3_fMRI' missing group levels for 'dx': ['AD', 'CN'];Preflight: cohort 'OASIS3_fMRI' has too few complete rows after filters (0 < 20).""}, {'candidate_id': 'ad_region_adni_oasis3_r7_c1_contract_correction', 'round_index': '7', 'transform_type': 'contract_correction', 'proposal_type': 'independent_replication_claim', 'proposed_question': 'Do dx-coded AD vs CN differences in fMRI regional self-descriptor measures replicate across ADNI_fMRI (discovery) and OASIS3_fMRI (replication)?', 'provenance': 'contract_correction', 'validation_split': 'current_data_adaptive', 'validation_ok': 'False', 'blocked_reason': 'proposal_validation_failed', 'violations': ""Candidate preservation_check does not preserve predictor_or_contrast.;Candidate domain_core changes outcome modality.;Candidate domain_core changes predictor or group contrast.;Candidate contract changes predictor.;Candidate contract changes disease/group contrast.;Preflight: cohort 'ADNI_fMRI' has missing or non-numeric age values.;Preflight: cohort 'ADNI_fMRI' missing group levels for 'dx': ['AD', 'CN'];Preflight: cohort 'ADNI_fMRI' has too few complete rows after filters (0 < 20).;Preflight: cohort 'OASIS3_fMRI' missing group levels for 'dx': ['AD', 'CN'];Preflight: cohort 'OASIS3_fMRI' has too few complete rows after filters (0 < 20).""}, {'candidate_id': 'ad_region_adni_oasis3_r7_c2_narrower_outcome_family', 'round_index': '7', 'transform_type': 'narrower_outcome_family', 'proposal_type': 'independent_replication_claim', 'proposed_question': 'Do dx-coded AD vs CN differences in fMRI regional self-descriptor measures replicate across cohorts when focusing on Default Mode Network regions?', 'provenance': 'independent_replication', 'validation_split': 'current_data_adaptive', 'validation_ok': 'False', 'blocked_reason': 'proposal_validation_failed', 'violations': ""Candidate preservation_check does not preserve predictor_or_contrast.;Candidate domain_core changes outcome modality.;Candidate domain_core changes predictor or group contrast.;Candidate is not connected to the original domain core.;Exploratory transforms must use exploratory_followup_claim proposal type.;Candidate contract changes predictor.;Candidate contract changes disease/group contrast.;Preflight: cohort 'ADNI_fMRI' has missing or non-numeric age values.;Preflight: cohort 'ADNI_fMRI' missing group levels for 'dx': ['AD', 'CN'];Preflight: cohort 'ADNI_fMRI' has too few complete rows after filters (0 < 20).;Preflight: cohort 'OASIS3_fMRI' missing group levels for 'dx': ['AD', 'CN'];Preflight: cohort 'OASIS3_fMRI' has too few complete rows after filters (0 < 20).""}, {'candidate_id': 'ad_region_adni_oasis3_r7_c3_moderator_or_subgroup', 'round_index': '7', 'transform_type': 'moderator_or_subgroup', 'proposal_type': 'independent_replication_claim', 'proposed_question': 'Do dx-coded AD vs CN differences in fMRI regional self-descriptor measures replicate across cohorts when restricting to participants aged 65 and older?', 'provenance': 'independent_replication', 'validation_split': 'current_data_adaptive', 'validation_ok': 'False', 'blocked_reason': 'proposal_validation_failed', 'violations': ""Candidate preservation_check does not preserve predictor_or_contrast.;Candidate domain_core changes outcome modality.;Candidate domain_core changes predictor or group contrast.;Candidate is not connected to the original domain core.;Exploratory transforms must use exploratory_followup_claim proposal type.;Candidate contract changes predictor.;Candidate contract changes disease/group contrast.;Preflight: cohort 'ADNI_fMRI' has missing or non-numeric age values.;Preflight: cohort 'ADNI_fMRI' missing group levels for 'dx': ['AD', 'CN'];Preflight: cohort 'ADNI_fMRI' has too few complete rows after filters (0 < 20).;Preflight: cohort 'OASIS3_fMRI' missing group levels for 'dx': ['AD', 'CN'];Preflight: cohort 'OASIS3_fMRI' has too few complete rows after filters (0 < 20).""}, {'candidate_id': 'ad_region_adni_oasis3_r7_c4_fixed_estimand', 'round_index': '7', 'transform_type': 'fixed_estimand', 'proposal_type': 'independent_replication_claim', 'proposed_question': 'Do dx-coded AD vs CN differences replicate across cohorts for an a priori DMN hub (left precuneus) fMRI regional descriptor?', 'provenance': 'independent_replication', 'validation_split': 'current_data_adaptive', 'validation_ok': 'False', 'blocked_reason': 'proposal_validation_failed', 'violations': ""Candidate preservation_check does not preserve predictor_or_contrast.;Candidate domain_core changes outcome modality.;Candidate domain_core changes predictor or group contrast.;Candidate is not connected to the original domain core.;Exploratory transforms must use exploratory_followup_claim proposal type.;Candidate contract changes predictor.;Candidate contract changes disease/group contrast.;Preflight: cohort 'ADNI_fMRI' has missing or non-numeric age values.;Preflight: cohort 'ADNI_fMRI' missing group levels for 'dx': ['AD', 'CN'];Preflight: cohort 'ADNI_fMRI' has too few complete rows after filters (0 < 20).;Preflight: cohort 'OASIS3_fMRI' missing group levels for 'dx': ['AD', 'CN'];Preflight: cohort 'OASIS3_fMRI' has too few complete rows after filters (0 < 20).""}, {'candidate_id': 'ad_region_adni_oasis3_r8_c1_contract_correction', 'round_index': '8', 'transform_type': 'contract_correction', 'proposal_type': 'independent_replication_claim', 'proposed_question': 'AD fMRI regional descriptor replication using dx-coded AD vs CN.', 'provenance': 'contract_correction', 'validation_split': 'current_data_adaptive', 'validation_ok': 'False', 'blocked_reason': 'proposal_validation_failed', 'violations': ""Candidate preservation_check does not preserve predictor_or_contrast.;Candidate domain_core changes outcome modality.;Candidate contract changes predictor.;Candidate contract changes disease/group contrast.;Preflight: cohort 'ADNI_fMRI' has missing or non-numeric age values.;Preflight: cohort 'ADNI_fMRI' missing group levels for 'dx': ['AD', 'CN'];Preflight: cohort 'ADNI_fMRI' has too few complete rows after filters (0 < 20).;Preflight: cohort 'OASIS3_fMRI' missing group levels for 'dx': ['AD', 'CN'];Preflight: cohort 'OASIS3_fMRI' has too few complete rows after filters (0 < 20).""}, {'candidate_id': 'ad_region_adni_oasis3_r8_c2_narrower_outcome_family', 'round_index': '8', 'transform_type': 'narrower_outcome_family', 'proposal_type': 'independent_replication_claim', 'proposed_question': 'AD fMRI regional descriptor replication focusing on Default Mode Network using dx-coded contrast.', 'provenance': 'future_design', 'validation_split': 'current_data_adaptive', 'validation_ok': 'False', 'blocked_reason': 'proposal_validation_failed', 'violations': ""Candidate preservation_check does not preserve predictor_or_contrast.;Candidate domain_core changes outcome modality.;Candidate is not connected to the original domain core.;Exploratory transforms must use exploratory_followup_claim proposal type.;Candidate contract changes predictor.;Candidate contract changes disease/group contrast.;Preflight: cohort 'ADNI_fMRI' has missing or non-numeric age values.;Preflight: cohort 'ADNI_fMRI' missing group levels for 'dx': ['AD', 'CN'];Preflight: cohort 'ADNI_fMRI' has too few complete rows after filters (0 < 20).;Preflight: cohort 'OASIS3_fMRI' missing group levels for 'dx': ['AD', 'CN'];Preflight: cohort 'OASIS3_fMRI' has too few complete rows after filters (0 < 20).""}, {'candidate_id': 'ad_region_adni_oasis3_r8_c3_moderator_or_subgroup', 'round_index': '8', 'transform_type': 'moderator_or_subgroup', 'proposal_type': 'independent_replication_claim', 'proposed_question': 'AD fMRI regional descriptor replication using dx with age >= 65 inclusion.', 'provenance': 'future_design', 'validation_split': 'current_data_adaptive', 'validation_ok': 'False', 'blocked_reason': 'proposal_validation_failed', 'violations': ""Candidate preservation_check does not preserve predictor_or_contrast.;Candidate domain_core changes outcome modality.;Candidate is not connected to the original domain core.;Exploratory transforms must use exploratory_followup_claim proposal type.;Candidate contract changes predictor.;Candidate contract changes disease/group contrast.;Preflight: cohort 'ADNI_fMRI' has missing or non-numeric age values.;Preflight: cohort 'ADNI_fMRI' missing group levels for 'dx': ['AD', 'CN'];Preflight: cohort 'ADNI_fMRI' has too few complete rows after filters (0 < 20).;Preflight: cohort 'OASIS3_fMRI' missing group levels for 'dx': ['AD', 'CN'];Preflight: cohort 'OASIS3_fMRI' has too few complete rows after filters (0 < 20).""}, {'candidate_id': 'ad_region_adni_oasis3_r8_c4_fixed_estimand', 'round_index': '8', 'transform_type': 'fixed_estimand', 'proposal_type': 'independent_replication_claim', 'proposed_question': 'Do dx-coded AD vs CN differences replicate across cohorts for an a priori DMN hub (left precuneus) fMRI regional descriptor?', 'provenance': 'future_design', 'validation_split': 'current_data_adaptive', 'validation_ok': 'False', 'blocked_reason': 'proposal_validation_failed', 'violations': ""Candidate preservation_check does not preserve predictor_or_contrast.;Candidate domain_core changes outcome modality.;Candidate is not connected to the original domain core.;Exploratory transforms must use exploratory_followup_claim proposal type.;Candidate contract changes predictor.;Candidate contract changes disease/group contrast.;Preflight: cohort 'ADNI_fMRI' has missing or non-numeric age values.;Preflight: cohort 'ADNI_fMRI' missing group levels for 'dx': ['AD', 'CN'];Preflight: cohort 'ADNI_fMRI' has too few complete rows after filters (0 < 20).;Preflight: cohort 'OASIS3_fMRI' missing group levels for 'dx': ['AD', 'CN'];Preflight: cohort 'OASIS3_fMRI' has too few complete rows after filters (0 < 20).""}, {'candidate_id': 'ad_region_adni_oasis3_r9_c1_contract_correction', 'round_index': '9', 'transform_type': 'contract_correction', 'proposal_type': 'independent_replication_claim', 'proposed_question': 'Do AD vs CN differences in fMRI regional self-descriptor measures replicate across ADNI_fMRI (discovery) and OASIS3_fMRI (replication) when the contrast is encoded by the dx diagnostic label?', 'provenance': 'contract_correction', 'validation_split': 'current_data_adaptive', 'validation_ok': 'False', 'blocked_reason': 'proposal_validation_failed', 'violations': ""Candidate domain_core changes outcome modality.;Candidate contract changes predictor.;Candidate contract changes disease/group contrast.;Preflight: cohort 'ADNI_fMRI' has missing or non-numeric age values.;Preflight: cohort 'ADNI_fMRI' missing group levels for 'dx': ['AD', 'CN'];Preflight: cohort 'ADNI_fMRI' has too few complete rows after filters (0 < 20).;Preflight: cohort 'OASIS3_fMRI' missing group levels for 'dx': ['AD', 'CN'];Preflight: cohort 'OASIS3_fMRI' has too few complete rows after filters (0 < 20).""}, {'candidate_id': 'ad_region_adni_oasis3_r9_c2_contract_correction', 'round_index': '9', 'transform_type': 'contract_correction', 'proposal_type': 'independent_replication_claim', 'proposed_question': 'AD fMRI regional descriptor replication using dx-coded AD vs CN.', 'provenance': 'contract_correction', 'validation_split': 'current_data_adaptive', 'validation_ok': 'False', 'blocked_reason': 'proposal_validation_failed', 'violations': ""Candidate domain_core changes outcome modality.;Candidate contract changes predictor.;Candidate contract changes disease/group contrast.;Preflight: cohort 'ADNI_fMRI' has missing or non-numeric age values.;Preflight: cohort 'ADNI_fMRI' missing group levels for 'dx': ['AD', 'CN'];Preflight: cohort 'ADNI_fMRI' has too few complete rows after filters (0 < 20).;Preflight: cohort 'OASIS3_fMRI' missing group levels for 'dx': ['AD', 'CN'];Preflight: cohort 'OASIS3_fMRI' has too few complete rows after filters (0 < 20).""}, {'candidate_id': 'ad_region_adni_oasis3_r10_c1_contract_correction', 'round_index': '10', 'transform_type': 'contract_correction', 'proposal_type': 'independent_replication_claim', 'proposed_question': 'Do AD vs CN differences in fMRI regional self-descriptor measures replicate across ADNI_fMRI (discovery) and OASIS3_fMRI (replication) when the contrast is encoded by the dx diagnostic label?', 'provenance': 'contract_correction', 'validation_split': 'current_data_adaptive', 'validation_ok': 'False', 'blocked_reason': 'proposal_validation_failed', 'violations': ""Candidate preservation_check does not preserve predictor_or_contrast.;Candidate domain_core changes outcome modality.;Candidate domain_core changes predictor or group contrast.;Candidate contract changes predictor.;Candidate contract changes disease/group contrast.;Preflight: cohort 'ADNI_fMRI' has missing or non-numeric age values.;Preflight: cohort 'ADNI_fMRI' missing group levels for 'dx': ['AD', 'CN'];Preflight: cohort 'ADNI_fMRI' has too few complete rows after filters (0 < 20).;Preflight: cohort 'OASIS3_fMRI' missing group levels for 'dx': ['AD', 'CN'];Preflight: cohort 'OASIS3_fMRI' has too few complete rows after filters (0 < 20).""}, {'candidate_id': 'ad_region_adni_oasis3_r10_c2_narrower_outcome_family', 'round_index': '10', 'transform_type': 'narrower_outcome_family', 'proposal_type': 'independent_replication_claim', 'proposed_question': 'Do dx-coded AD vs CN differences in fMRI regional self-descriptor measures replicate across cohorts when focusing on Default Mode Network regions?', 'provenance': 'independent_replication', 'validation_split': 'current_data_adaptive', 'validation_ok': 'False', 'blocked_reason': 'proposal_validation_failed', 'violations': ""Candidate preservation_check does not preserve predictor_or_contrast.;Candidate domain_core changes outcome modality.;Candidate domain_core changes predictor or group contrast.;Candidate is not connected to the original domain core.;Exploratory transforms must use exploratory_followup_claim proposal type.;Candidate contract changes predictor.;Candidate contract changes disease/group contrast.;Preflight: cohort 'ADNI_fMRI' has missing or non-numeric age values.;Preflight: cohort 'ADNI_fMRI' missing group levels for 'dx': ['AD', 'CN'];Preflight: cohort 'ADNI_fMRI' has too few complete rows after filters (0 < 20).;Preflight: cohort 'OASIS3_fMRI' missing group levels for 'dx': ['AD', 'CN'];Preflight: cohort 'OASIS3_fMRI' has too few complete rows after filters (0 < 20).""}, {'candidate_id': 'ad_region_adni_oasis3_r10_c3_moderator_or_subgroup', 'round_index': '10', 'transform_type': 'moderator_or_subgroup', 'proposal_type': 'independent_replication_claim', 'proposed_question': 'Do dx-coded AD vs CN differences in fMRI regional self-descriptor measures replicate across cohorts when restricting to participants aged 65 and older?', 'provenance': 'independent_replication', 'validation_split': 'current_data_adaptive', 'validation_ok': 'False', 'blocked_reason': 'proposal_validation_failed', 'violations': ""Candidate preservation_check does not preserve predictor_or_contrast.;Candidate domain_core changes outcome modality.;Candidate domain_core changes predictor or group contrast.;Candidate is not connected to the original domain core.;Exploratory transforms must use exploratory_followup_claim proposal type.;Candidate contract changes predictor.;Candidate contract changes disease/group contrast.;Preflight: cohort 'ADNI_fMRI' has missing or non-numeric age values.;Preflight: cohort 'ADNI_fMRI' missing group levels for 'dx': ['AD', 'CN'];Preflight: cohort 'ADNI_fMRI' has too few complete rows after filters (0 < 20).;Preflight: cohort 'OASIS3_fMRI' missing group levels for 'dx': ['AD', 'CN'];Preflight: cohort 'OASIS3_fMRI' has too few complete rows after filters (0 < 20).""}, {'candidate_id': 'ad_region_adni_oasis3_r10_c4_fixed_estimand', 'round_index': '10', 'transform_type': 'fixed_estimand', 'proposal_type': 'independent_replication_claim', 'proposed_question': 'Do dx-coded AD vs CN differences replicate across cohorts for an a priori DMN hub (left precuneus) fMRI regional descriptor?', 'provenance': 'independent_replication', 'validation_split': 'current_data_adaptive', 'validation_ok': 'False', 'blocked_reason': 'proposal_validation_failed', 'violations': ""Candidate preservation_check does not preserve predictor_or_contrast.;Candidate domain_core changes outcome modality.;Candidate domain_core changes predictor or group contrast.;Candidate is not connected to the original domain core.;Exploratory transforms must use exploratory_followup_claim proposal type.;Candidate contract changes predictor.;Candidate contract changes disease/group contrast.;Preflight: cohort 'ADNI_fMRI' has missing or non-numeric age values.;Preflight: cohort 'ADNI_fMRI' missing group levels for 'dx': ['AD', 'CN'];Preflight: cohort 'ADNI_fMRI' has too few complete rows after filters (0 < 20).;Preflight: cohort 'OASIS3_fMRI' missing group levels for 'dx': ['AD', 'CN'];Preflight: cohort 'OASIS3_fMRI' has too few complete rows after filters (0 < 20).""}]",,max_rounds_exhausted
ad_dyno_adni_oasis3,AD dynamic fMRI descriptors.,multiplicity;confound;power;multiverse;replication,confound_failure,The claim failed because the current design does not sufficiently address confounding.,"Multiplicity gate failed; primary p=0.008509; method=fdr_bh; alpha=0.05; effective family_size=30. | Multiverse gate failed; fraction_consistent=0; required>=0.6; consistent_specs=0/6. | Replication gate failed; reason=non_replicated_effect_absent; cohorts: OASIS3_fMRI reason=non_replicated_effect_absent:pattern_corr,region_replication_fraction. | Power gate failed; achieved_power=1; required>=0.8; n_needed_80=78.34. | Confound gate failed.","{
  ""allowed_proposal_types"": [
    ""corrected_contract"",
    ""independent_replication_claim""
  ],
  ""allowed_transform_types"": [
    ""narrower_outcome_family"",
    ""moderator_or_subgroup"",
    ""stronger_design"",
    ""fixed_estimand"",
    ""contract_correction""
  ],
  ""candidate_history"": [],
  ""executable_data_catalog"": {
    ""allowed_cohorts"": [
      ""ABCD"",
      ""ABIDE"",
      ""ABIDE1"",
      ""ABIDE2"",
      ""ADHD200"",
      ""ADNI"",
      ""ADNI_fMRI"",
      ""BSNIP"",
      ""BSNIP2"",
      ""COBRE"",
      ""ChineseSZ"",
      ""FBIRN"",
      ""GSP"",
      ""HCP"",
      ""HCP_Aging"",
      ""JH"",
      ""OASIS1"",
      ""OASIS3"",
      ""OASIS3_fMRI"",
      ""Olin_SZ"",
      ""UKB""
    ],
    ""allowed_inclusion_examples"": [
      null,
      ""sex == \""F\"""",
      ""sex == \""M\"""",
      ""age >= 65"",
      ""age <= 30""
    ],
    ""common_outcome_column_count"": 190,
    ""common_outcome_columns_sample"": [
      ""fc_fc_Cont_Cont"",
      ""fc_fc_Cont_Cont_z"",
      ""fc_fc_Cont_Cont_z_z"",
      ""fc_fc_Cont_",excluded validation evidence required unless candidate is a true contract correction,34,stronger_design;moderator_or_subgroup;moderator_or_subgroup;fixed_estimand;contract_correction;stronger_design;fixed_estimand;stronger_design;moderator_or_subgroup;stronger_design;contract_correction;moderator_or_subgroup;moderator_or_subgroup;stronger_design;fixed_estimand;fixed_estimand;fixed_estimand;fixed_estimand;fixed_estimand;stronger_design;fixed_estimand;moderator_or_subgroup;moderator_or_subgroup;fixed_estimand;fixed_estimand;moderator_or_subgroup;stronger_design;fixed_estimand;moderator_or_subgroup;moderator_or_subgroup;stronger_design;fixed_estimand;moderator_or_subgroup;moderator_or_subgroup,AD dynamic fMRI descriptors.,False,proposal_validation_failed,"ad_dyno_adni_oasis3_r1_c1_stronger_design:False:proposal_validation_failed:Candidate domain_core changes outcome modality.;Candidate is not connected to the original domain core.;stronger_design transform must use independent_replication_claim proposal type.;Preflight: cohort 'ADNI_fMRI' is missing analysis columns: ['bench_group'];Preflight: cohort 'OASIS3_fMRI' is missing analysis columns: ['bench_group'] | ad_dyno_adni_oasis3_r1_c2_moderator_or_subgroup:False:proposal_validation_failed:Candidate domain_core changes outcome modality.;Candidate is not connected to the original domain core.;Exploratory transforms must use exploratory_followup_claim proposal type.;Preflight: cohort 'ADNI_fMRI' is missing analysis columns: ['bench_group'];Preflight: cohort 'OASIS3_fMRI' is missing analysis columns: ['bench_group'] | ad_dyno_adni_oasis3_r1_c3_moderator_or_subgroup:False:proposal_validation_failed:Candidate domain_core changes outcome modality.;Candidate is not connected to the original domain core.;Exploratory transforms must use exploratory_followup_claim proposal type.;Preflight: cohort 'ADNI_fMRI' is missing analysis columns: ['bench_group'];Preflight: cohort 'OASIS3_fMRI' is missing analysis columns: ['bench_group'] | ad_dyno_adni_oasis3_r2_c1_fixed_estimand:False:proposal_validation_failed:Group contrast changed outside an estimand-repair allowance.;Predictor changed outside an estimand-repair allowance.;Candidate preservation_check does not preserve predictor_or_contrast.;Candidate domain_core changes outcome modality.;Candidate domain_core changes predictor or group contrast.;Candidate is not connected to the original domain core.;Exploratory transforms must use exploratory_followup_claim proposal type.;Preflight: cohort 'ADNI_fMRI' has missing or non-numeric age values.;Preflight: cohort 'ADNI_fMRI' missing group levels for 'dx': ['AD', 'CN'];Preflight: cohort 'ADNI_fMRI' has too few complete rows after filters (0 < 20).;Preflight: cohort 'OASIS3_fMRI' missing group levels for 'dx': ['AD', 'CN'];Preflight: cohort 'OASIS3_fMRI' has too few complete rows after filters (0 < 20). | ad_dyno_adni_oasis3_r2_c2_contract_correction:False:proposal_validation_failed:Group contrast changed outside an estimand-repair allowance.;Predictor changed outside an estimand-repair allowance.;Candidate preservation_check does not preserve predictor_or_contrast.;Candidate domain_core changes outcome modality.;Candidate domain_core changes predictor or group contrast.;Preflight: cohort 'ADNI_fMRI' has missing or non-numeric age values.;Preflight: cohort 'ADNI_fMRI' missing group levels for 'dx': ['AD', 'CN'];Preflight: cohort 'ADNI_fMRI' has too few complete rows after filters (0 < 20).;Preflight: cohort 'OASIS3_fMRI' missing group levels for 'dx': ['AD', 'CN'];Preflight: cohort 'OASIS3_fMRI' has too few complete rows after filters (0 < 20). | ad_dyno_adni_oasis3_r2_c3_stronger_design:False:proposal_validation_failed:Candidate preservation_check does not preserve predictor_or_contrast.;Candidate domain_core changes outcome modality.;Candidate domain_core changes predictor or group contrast.;Candidate is not connected to the original domain core.;Candidate contract changes predictor.;Candidate contract changes disease/group contrast.;Preflight: cohort 'ADNI_fMRI' has missing or non-numeric age values.;Preflight: cohort 'ADNI_fMRI' missing group levels for 'dx': ['AD', 'CN'];Preflight: cohort 'ADNI_fMRI' has too few complete rows after filters (0 < 20).;Preflight: cohort 'OASIS3_fMRI' missing group levels for 'dx': ['AD', 'CN'];Preflight: cohort 'OASIS3_fMRI' has too few complete rows after filters (0 < 20). | ad_dyno_adni_oasis3_r3_c1_fixed_estimand:False:proposal_validation_failed:Group contrast changed outside an estimand-repair allowance.;Predictor changed outside an estimand-repair allowance.;Candidate preservation_check does not preserve predictor_or_contrast.;Candidate domain_core changes outcome modality.;Candidate domain_core changes predictor or group contrast.;Candidate is not connected to the original domain core.;Exploratory transforms must use exploratory_followup_claim proposal type.;Preflight: cohort 'ADNI_fMRI' has missing or non-numeric age values.;Preflight: cohort 'ADNI_fMRI' missing group levels for 'dx': ['AD', 'CN'];Preflight: cohort 'ADNI_fMRI' has too few complete rows after filters (0 < 20).;Preflight: cohort 'OASIS3_fMRI' missing group levels for 'dx': ['AD', 'CN'];Preflight: cohort 'OASIS3_fMRI' has too few complete rows after filters (0 < 20). | ad_dyno_adni_oasis3_r3_c2_stronger_design:False:proposal_validation_failed:Group contrast changed outside an estimand-repair allowance.;Predictor changed outside an estimand-repair allowance.;Candidate preservation_check does not preserve predictor_or_contrast.;Candidate domain_core changes outcome modality.;Candidate domain_core changes predictor or group contrast.;Candidate is not connected to the original domain core.;stronger_design transform must use independent_replication_claim proposal type.;Preflight: cohort 'ADNI_fMRI' has missing or non-numeric age values.;Preflight: cohort 'ADNI_fMRI' missing group levels for 'dx': ['AD', 'CN'];Preflight: cohort 'ADNI_fMRI' has too few complete rows after filters (0 < 20).;Preflight: cohort 'OASIS3_fMRI' missing group levels for 'dx': ['AD', 'CN'];Preflight: cohort 'OASIS3_fMRI' has too few complete rows after filters (0 < 20). | ad_dyno_adni_oasis3_r3_c3_moderator_or_subgroup:False:proposal_validation_failed:Group contrast changed outside an estimand-repair allowance.;Predictor changed outside an estimand-repair allowance.;Candidate preservation_check does not preserve predictor_or_contrast.;Candidate domain_core changes outcome modality.;Candidate domain_core changes predictor or group contrast.;Candidate is not connected to the original domain core.;Exploratory transforms must use exploratory_followup_claim proposal type.;Preflight: cohort 'ADNI_fMRI' has missing or non-numeric age values.;Preflight: cohort 'ADNI_fMRI' missing group levels for 'dx': ['AD', 'CN'];Preflight: cohort 'ADNI_fMRI' has too few complete rows after filters (0 < 20).;Preflight: cohort 'OASIS3_fMRI' missing group levels for 'dx': ['AD', 'CN'];Preflight: cohort 'OASIS3_fMRI' has too few complete rows after filters (0 < 20). | ad_dyno_adni_oasis3_r3_c4_stronger_design:False:proposal_validation_failed:Candidate preservation_check does not preserve predictor_or_contrast.;Candidate domain_core changes outcome modality.;Candidate domain_core changes predictor or group contrast.;Candidate is not connected to the original domain core.;Candidate contract changes predictor.;Candidate contract changes disease/group contrast.;Preflight: cohort 'ADNI_fMRI' has missing or non-numeric age values.;Preflight: cohort 'ADNI_fMRI' missing group levels for 'dx': ['AD', 'CN'];Preflight: cohort 'ADNI_fMRI' has too few complete rows after filters (0 < 20).;Preflight: cohort 'OASIS3_fMRI' missing group levels for 'dx': ['AD', 'CN'];Preflight: cohort 'OASIS3_fMRI' has too few complete rows after filters (0 < 20). | ad_dyno_adni_oasis3_r4_c1_contract_correction:False:proposal_validation_failed:Estimand type changed outside an estimand-repair allowance.;Group contrast changed outside an estimand-repair allowance.;Predictor changed outside an estimand-repair allowance.;Candidate preservation_check does not preserve predictor_or_contrast.;Candidate domain_core changes outcome modality.;Candidate domain_core changes predictor or group contrast.;Preflight: cohort 'ADNI_fMRI' has missing or non-numeric age values. | ad_dyno_adni_oasis3_r4_c2_moderator_or_subgroup:False:proposal_validation_failed:Estimand type changed outside an estimand-repair allowance.;Group contrast changed outside an estimand-repair allowance.;Predictor changed outside an estimand-repair allowance.;Candidate preservation_check does not preserve predictor_or_contrast.;Candidate domain_core changes outcome modality.;Candidate domain_core changes predictor or group contrast.;Candidate is not connected to the original domain core.;Exploratory transforms must use exploratory_followup_claim proposal type.;Preflight: cohort 'ADNI_fMRI' has missing or non-numeric age values. | ad_dyno_adni_oasis3_r4_c3_moderator_or_subgroup:False:proposal_validation_failed:Estimand type changed outside an estimand-repair allowance.;Group contrast changed outside an estimand-repair allowance.;Predictor changed outside an estimand-repair allowance.;Candidate preservation_check does not preserve predictor_or_contrast.;Candidate domain_core changes outcome modality.;Candidate domain_core changes predictor or group contrast.;Candidate is not connected to the original domain core.;Exploratory transforms must use exploratory_followup_claim proposal type.;Preflight: cohort 'ADNI_fMRI' has missing or non-numeric age values. | ad_dyno_adni_oasis3_r4_c4_stronger_design:False:proposal_validation_failed:Candidate preservation_check does not preserve predictor_or_contrast.;Candidate domain_core changes outcome modality.;Candidate domain_core changes predictor or group contrast.;Candidate is not connected to the original domain core.;Candidate contract changes estimand type.;Candidate contract changes predictor.;Candidate contract changes disease/group contrast.;Preflight: cohort 'ADNI_fMRI' has missing or non-numeric age values. | ad_dyno_adni_oasis3_r5_c1_fixed_estimand:False:proposal_validation_failed:Group contrast changed outside an estimand-repair allowance.;Predictor changed outside an estimand-repair allowance.;Candidate preservation_check does not preserve predictor_or_contrast.;Candidate domain_core changes outcome modality.;Candidate domain_core changes predictor or group contrast.;Candidate is not connected to the original domain core.;Exploratory transforms must use exploratory_followup_claim proposal type.;Preflight: cohort 'ADNI_fMRI' has missing or non-numeric age values.;Preflight: cohort 'ADNI_fMRI' missing group levels for 'dx': ['AD', 'CN'];Preflight: cohort 'ADNI_fMRI' has too few complete rows after filters (0 < 20).;Preflight: cohort 'OASIS3_fMRI' missing group levels for 'dx': ['AD', 'CN'];Preflight: cohort 'OASIS3_fMRI' has too few complete rows after filters (0 < 20). | ad_dyno_adni_oasis3_r5_c2_fixed_estimand:False:proposal_validation_failed:Group contrast changed outside an estimand-repair allowance.;Predictor changed outside an estimand-repair allowance.;Candidate preservation_check does not preserve predictor_or_contrast.;Candidate domain_core changes outcome modality.;Candidate domain_core changes predictor or group contrast.;Candidate is not connected to the original domain core.;Exploratory transforms must use exploratory_followup_claim proposal type.;Preflight: cohort 'ADNI_fMRI' has missing or non-numeric age values.;Preflight: cohort 'ADNI_fMRI' missing group levels for 'dx': ['AD', 'CN'];Preflight: cohort 'ADNI_fMRI' has too few complete rows after filters (0 < 20).;Preflight: cohort 'OASIS3_fMRI' missing group levels for 'dx': ['AD', 'CN'];Preflight: cohort 'OASIS3_fMRI' has too few complete rows after filters (0 < 20). | ad_dyno_adni_oasis3_r5_c3_fixed_estimand:False:proposal_validation_failed:Candidate preservation_check does not preserve predictor_or_contrast.;Candidate domain_core changes outcome modality.;Candidate domain_core changes predictor or group contrast.;Candidate is not connected to the original domain core.;Exploratory transforms must use exploratory_followup_claim proposal type.;Candidate contract changes predictor.;Candidate contract changes disease/group contrast.;Preflight: cohort 'ADNI_fMRI' has missing or non-numeric age values.;Preflight: cohort 'ADNI_fMRI' missing group levels for 'dx': ['AD', 'CN'];Preflight: cohort 'ADNI_fMRI' has too few complete rows after filters (0 < 20).;Preflight: cohort 'OASIS3_fMRI' missing group levels for 'dx': ['AD', 'CN'];Preflight: cohort 'OASIS3_fMRI' has too few complete rows after filters (0 < 20). | ad_dyno_adni_oasis3_r6_c1_fixed_estimand:False:proposal_validation_failed:Group contrast changed outside an estimand-repair allowance.;Predictor changed outside an estimand-repair allowance.;Candidate preservation_check does not preserve predictor_or_contrast.;Candidate domain_core changes outcome modality.;Candidate domain_core changes predictor or group contrast.;Candidate is not connected to the original domain core.;Exploratory transforms must use exploratory_followup_claim proposal type.;Preflight: cohort 'ADNI_fMRI' has missing or non-numeric age values.;Preflight: cohort 'ADNI_fMRI' missing group levels for 'dx': ['AD', 'CN'];Preflight: cohort 'ADNI_fMRI' has too few complete rows after filters (0 < 20).;Preflight: cohort 'OASIS3_fMRI' missing group levels for 'dx': ['AD', 'CN'];Preflight: cohort 'OASIS3_fMRI' has too few complete rows after filters (0 < 20). | ad_dyno_adni_oasis3_r6_c2_fixed_estimand:False:proposal_validation_failed:Group contrast changed outside an estimand-repair allowance.;Predictor changed outside an estimand-repair allowance.;Candidate preservation_check does not preserve predictor_or_contrast.;Candidate domain_core changes outcome modality.;Candidate domain_core changes predictor or group contrast.;Candidate is not connected to the original domain core.;Exploratory transforms must use exploratory_followup_claim proposal type.;Preflight: cohort 'ADNI_fMRI' has missing or non-numeric age values.;Preflight: cohort 'ADNI_fMRI' missing group levels for 'dx': ['AD', 'CN'];Preflight: cohort 'ADNI_fMRI' has too few complete rows after filters (0 < 20).;Preflight: cohort 'OASIS3_fMRI' missing group levels for 'dx': ['AD', 'CN'];Preflight: cohort 'OASIS3_fMRI' has too few complete rows after filters (0 < 20). | ad_dyno_adni_oasis3_r6_c3_stronger_design:False:proposal_validation_failed:Candidate preservation_check does not preserve predictor_or_contrast.;Candidate domain_core changes outcome modality.;Candidate domain_core changes predictor or group contrast.;Candidate is not connected to the original domain core.;Candidate contract changes predictor.;Candidate contract changes disease/group contrast.;Preflight: cohort 'ADNI_fMRI' has missing or non-numeric age values.;Preflight: cohort 'ADNI_fMRI' missing group levels for 'dx': ['AD', 'CN'];Preflight: cohort 'ADNI_fMRI' has too few complete rows after filters (0 < 20).;Preflight: cohort 'OASIS3_fMRI' missing group levels for 'dx': ['AD', 'CN'];Preflight: cohort 'OASIS3_fMRI' has too few complete rows after filters (0 < 20). | ad_dyno_adni_oasis3_r7_c1_fixed_estimand:False:proposal_validation_failed:Group contrast changed outside an estimand-repair allowance.;Predictor changed outside an estimand-repair allowance.;Candidate preservation_check does not preserve predictor_or_contrast.;Candidate domain_core changes outcome modality.;Candidate domain_core changes predictor or group contrast.;Candidate is not connected to the original domain core.;Exploratory transforms must use exploratory_followup_claim proposal type.;Preflight: cohort 'ADNI_fMRI' has missing or non-numeric age values.;Preflight: cohort 'ADNI_fMRI' missing group levels for 'dx': ['AD', 'CN'];Preflight: cohort 'ADNI_fMRI' has too few complete rows after filters (0 < 20).;Preflight: cohort 'OASIS3_fMRI' missing group levels for 'dx': ['AD', 'CN'];Preflight: cohort 'OASIS3_fMRI' has too few complete rows after filters (0 < 20). | ad_dyno_adni_oasis3_r7_c2_moderator_or_subgroup:False:proposal_validation_failed:Group contrast changed outside an estimand-repair allowance.;Predictor changed outside an estimand-repair allowance.;Candidate preservation_check does not preserve predictor_or_contrast.;Candidate domain_core changes outcome modality.;Candidate domain_core changes predictor or group contrast.;Candidate is not connected to the original domain core.;Exploratory transforms must use exploratory_followup_claim proposal type.;Preflight: cohort 'ADNI_fMRI' has missing or non-numeric age values.;Preflight: cohort 'ADNI_fMRI' missing group levels for 'dx': ['AD', 'CN'];Preflight: cohort 'ADNI_fMRI' has too few complete rows after filters (0 < 20).;Preflight: cohort 'OASIS3_fMRI' missing group levels for 'dx': ['AD', 'CN'];Preflight: cohort 'OASIS3_fMRI' has too few complete rows after filters (0 < 20). | ad_dyno_adni_oasis3_r7_c3_moderator_or_subgroup:False:proposal_validation_failed:Group contrast changed outside an estimand-repair allowance.;Predictor changed outside an estimand-repair allowance.;Candidate preservation_check does not preserve predictor_or_contrast.;Candidate domain_core changes outcome modality.;Candidate domain_core changes predictor or group contrast.;Candidate is not connected to the original domain core.;Exploratory transforms must use exploratory_followup_claim proposal type.;Preflight: cohort 'ADNI_fMRI' has missing or non-numeric age values.;Preflight: cohort 'ADNI_fMRI' missing group levels for 'dx': ['AD', 'CN'];Preflight: cohort 'ADNI_fMRI' has too few complete rows after filters (0 < 20).;Preflight: cohort 'OASIS3_fMRI' missing group levels for 'dx': ['AD', 'CN'];Preflight: cohort 'OASIS3_fMRI' has too few complete rows after filters (0 < 20). | ad_dyno_adni_oasis3_r7_c4_fixed_estimand:False:proposal_validation_failed:Candidate preservation_check does not preserve predictor_or_contrast.;Candidate domain_core changes outcome modality.;Candidate domain_core changes predictor or group contrast.;Candidate is not connected to the original domain core.;Exploratory transforms must use exploratory_followup_claim proposal type.;Candidate contract changes predictor.;Candidate contract changes disease/group contrast.;Preflight: cohort 'ADNI_fMRI' has missing or non-numeric age values.;Preflight: cohort 'ADNI_fMRI' missing group levels for 'dx': ['AD', 'CN'];Preflight: cohort 'ADNI_fMRI' has too few complete rows after filters (0 < 20).;Preflight: cohort 'OASIS3_fMRI' missing group levels for 'dx': ['AD', 'CN'];Preflight: cohort 'OASIS3_fMRI' has too few complete rows after filters (0 < 20). | ad_dyno_adni_oasis3_r8_c1_fixed_estimand:False:proposal_validation_failed:Group contrast changed outside an estimand-repair allowance.;Predictor changed outside an estimand-repair allowance.;Candidate preservation_check does not preserve predictor_or_contrast.;Candidate domain_core changes outcome modality.;Candidate domain_core changes predictor or group contrast.;Candidate is not connected to the original domain core.;Exploratory transforms must use exploratory_followup_claim proposal type.;Preflight: cohort 'ADNI_fMRI' has missing or non-numeric age values.;Preflight: cohort 'ADNI_fMRI' missing group levels for 'dx': ['AD', 'CN'];Preflight: cohort 'ADNI_fMRI' has too few complete rows after filters (0 < 20).;Preflight: cohort 'OASIS3_fMRI' missing group levels for 'dx': ['AD', 'CN'];Preflight: cohort 'OASIS3_fMRI' has too few complete rows after filters (0 < 20). | ad_dyno_adni_oasis3_r8_c2_moderator_or_subgroup:False:proposal_validation_failed:Group contrast changed outside an estimand-repair allowance.;Predictor changed outside an estimand-repair allowance.;Candidate preservation_check does not preserve predictor_or_contrast.;Candidate domain_core changes outcome modality.;Candidate domain_core changes predictor or group contrast.;Candidate is not connected to the original domain core.;Exploratory transforms must use exploratory_followup_claim proposal type.;Preflight: cohort 'ADNI_fMRI' has missing or non-numeric age values.;Preflight: cohort 'ADNI_fMRI' missing group levels for 'dx': ['AD', 'CN'];Preflight: cohort 'ADNI_fMRI' has too few complete rows after filters (0 < 20).;Preflight: cohort 'OASIS3_fMRI' missing group levels for 'dx': ['AD', 'CN'];Preflight: cohort 'OASIS3_fMRI' has too few complete rows after filters (0 < 20). | ad_dyno_adni_oasis3_r8_c3_stronger_design:False:proposal_validation_failed:Candidate preservation_check does not preserve predictor_or_contrast.;Candidate domain_core changes outcome modality.;Candidate domain_core changes predictor or group contrast.;Candidate is not connected to the original domain core.;Candidate contract changes predictor.;Candidate contract changes disease/group contrast.;Preflight: cohort 'ADNI_fMRI' has missing or non-numeric age values.;Preflight: cohort 'ADNI_fMRI' missing group levels for 'dx': ['AD', 'CN'];Preflight: cohort 'ADNI_fMRI' has too few complete rows after filters (0 < 20).;Preflight: cohort 'OASIS3_fMRI' missing group levels for 'dx': ['AD', 'CN'];Preflight: cohort 'OASIS3_fMRI' has too few complete rows after filters (0 < 20). | ad_dyno_adni_oasis3_r9_c1_fixed_estimand:False:proposal_validation_failed:Group contrast changed outside an estimand-repair allowance.;Predictor changed outside an estimand-repair allowance.;Candidate preservation_check does not preserve predictor_or_contrast.;Candidate domain_core changes outcome modality.;Candidate domain_core changes predictor or group contrast.;Candidate is not connected to the original domain core.;Exploratory transforms must use exploratory_followup_claim proposal type.;Preflight: cohort 'ADNI_fMRI' has missing or non-numeric age values.;Preflight: cohort 'ADNI_fMRI' missing group levels for 'dx': ['AD', 'CN'];Preflight: cohort 'ADNI_fMRI' has too few complete rows after filters (0 < 20).;Preflight: cohort 'OASIS3_fMRI' missing group levels for 'dx': ['AD', 'CN'];Preflight: cohort 'OASIS3_fMRI' has too few complete rows after filters (0 < 20). | ad_dyno_adni_oasis3_r9_c2_moderator_or_subgroup:False:proposal_validation_failed:Group contrast changed outside an estimand-repair allowance.;Predictor changed outside an estimand-repair allowance.;Candidate preservation_check does not preserve predictor_or_contrast.;Candidate domain_core changes outcome modality.;Candidate domain_core changes predictor or group contrast.;Candidate is not connected to the original domain core.;Exploratory transforms must use exploratory_followup_claim proposal type.;Preflight: cohort 'ADNI_fMRI' has missing or non-numeric age values.;Preflight: cohort 'ADNI_fMRI' missing group levels for 'dx': ['AD', 'CN'];Preflight: cohort 'ADNI_fMRI' has too few complete rows after filters (0 < 20).;Preflight: cohort 'OASIS3_fMRI' missing group levels for 'dx': ['AD', 'CN'];Preflight: cohort 'OASIS3_fMRI' has too few complete rows after filters (0 < 20). | ad_dyno_adni_oasis3_r9_c3_moderator_or_subgroup:False:proposal_validation_failed:Group contrast changed outside an estimand-repair allowance.;Predictor changed outside an estimand-repair allowance.;Candidate preservation_check does not preserve predictor_or_contrast.;Candidate domain_core changes outcome modality.;Candidate domain_core changes predictor or group contrast.;Candidate is not connected to the original domain core.;Exploratory transforms must use exploratory_followup_claim proposal type.;Preflight: cohort 'ADNI_fMRI' has missing or non-numeric age values.;Preflight: cohort 'ADNI_fMRI' missing group levels for 'dx': ['AD', 'CN'];Preflight: cohort 'ADNI_fMRI' has too few complete rows after filters (0 < 20).;Preflight: cohort 'OASIS3_fMRI' missing group levels for 'dx': ['AD', 'CN'];Preflight: cohort 'OASIS3_fMRI' has too few complete rows after filters (0 < 20). | ad_dyno_adni_oasis3_r9_c4_stronger_design:False:proposal_validation_failed:Candidate preservation_check does not preserve predictor_or_contrast.;Candidate domain_core changes outcome modality.;Candidate domain_core changes predictor or group contrast.;Candidate is not connected to the original domain core.;Candidate contract changes predictor.;Candidate contract changes disease/group contrast.;Preflight: cohort 'ADNI_fMRI' has missing or non-numeric age values.;Preflight: cohort 'ADNI_fMRI' missing group levels for 'dx': ['AD', 'CN'];Preflight: cohort 'ADNI_fMRI' has too few complete rows after filters (0 < 20).;Preflight: cohort 'OASIS3_fMRI' missing group levels for 'dx': ['AD', 'CN'];Preflight: cohort 'OASIS3_fMRI' has too few complete rows after filters (0 < 20). | ad_dyno_adni_oasis3_r10_c1_fixed_estimand:False:proposal_validation_failed:Group contrast changed outside an estimand-repair allowance.;Predictor changed outside an estimand-repair allowance.;Candidate preservation_check does not preserve predictor_or_contrast.;Candidate domain_core changes outcome modality.;Candidate domain_core changes predictor or group contrast.;Candidate is not connected to the original domain core.;Exploratory transforms must use exploratory_followup_claim proposal type.;Preflight: cohort 'ADNI_fMRI' has missing or non-numeric age values.;Preflight: cohort 'ADNI_fMRI' missing group levels for 'dx': ['AD', 'CN'];Preflight: cohort 'ADNI_fMRI' has too few complete rows after filters (0 < 20).;Preflight: cohort 'OASIS3_fMRI' missing group levels for 'dx': ['AD', 'CN'];Preflight: cohort 'OASIS3_fMRI' has too few complete rows after filters (0 < 20). | ad_dyno_adni_oasis3_r10_c2_moderator_or_subgroup:False:proposal_validation_failed:Group contrast changed outside an estimand-repair allowance.;Predictor changed outside an estimand-repair allowance.;Candidate preservation_check does not preserve predictor_or_contrast.;Candidate domain_core changes outcome modality.;Candidate domain_core changes predictor or group contrast.;Candidate is not connected to the original domain core.;Exploratory transforms must use exploratory_followup_claim proposal type.;Preflight: cohort 'ADNI_fMRI' has missing or non-numeric age values.;Preflight: cohort 'ADNI_fMRI' missing group levels for 'dx': ['AD', 'CN'];Preflight: cohort 'ADNI_fMRI' has too few complete rows after filters (0 < 20).;Preflight: cohort 'OASIS3_fMRI' missing group levels for 'dx': ['AD', 'CN'];Preflight: cohort 'OASIS3_fMRI' has too few complete rows after filters (0 < 20). | ad_dyno_adni_oasis3_r10_c3_moderator_or_subgroup:False:proposal_validation_failed:Group contrast changed outside an estimand-repair allowance.;Predictor changed outside an estimand-repair allowance.;Candidate preservation_check does not preserve predictor_or_contrast.;Candidate domain_core changes outcome modality.;Candidate domain_core changes predictor or group contrast.;Candidate is not connected to the original domain core.;Exploratory transforms must use exploratory_followup_claim proposal type.;Preflight: cohort 'ADNI_fMRI' has missing or non-numeric age values.;Preflight: cohort 'ADNI_fMRI' missing group levels for 'dx': ['AD', 'CN'];Preflight: cohort 'ADNI_fMRI' has too few complete rows after filters (0 < 20).;Preflight: cohort 'OASIS3_fMRI' missing group levels for 'dx': ['AD', 'CN'];Preflight: cohort 'OASIS3_fMRI' has too few complete rows after filters (0 < 20).","[{'candidate_id': 'ad_dyno_adni_oasis3_r1_c1_stronger_design', 'round_index': '1', 'transform_type': 'stronger_design', 'proposal_type': 'corrected_contract', 'proposed_question': 'AD dynamic fMRI descriptors.', 'provenance': 'contract_correction', 'validation_split': 'current_data_contract_repair', 'validation_ok': 'False', 'blocked_reason': 'proposal_validation_failed', 'violations': ""Candidate domain_core changes outcome modality.;Candidate is not connected to the original domain core.;stronger_design transform must use independent_replication_claim proposal type.;Preflight: cohort 'ADNI_fMRI' is missing analysis columns: ['bench_group'];Preflight: cohort 'OASIS3_fMRI' is missing analysis columns: ['bench_group']""}, {'candidate_id': 'ad_dyno_adni_oasis3_r1_c2_moderator_or_subgroup', 'round_index': '1', 'transform_type': 'moderator_or_subgroup', 'proposal_type': 'corrected_contract', 'proposed_question': 'AD dynamic fMRI descriptors.', 'provenance': 'contract_correction', 'validation_split': 'current_data_contract_repair', 'validation_ok': 'False', 'blocked_reason': 'proposal_validation_failed', 'violations': ""Candidate domain_core changes outcome modality.;Candidate is not connected to the original domain core.;Exploratory transforms must use exploratory_followup_claim proposal type.;Preflight: cohort 'ADNI_fMRI' is missing analysis columns: ['bench_group'];Preflight: cohort 'OASIS3_fMRI' is missing analysis columns: ['bench_group']""}, {'candidate_id': 'ad_dyno_adni_oasis3_r1_c3_moderator_or_subgroup', 'round_index': '1', 'transform_type': 'moderator_or_subgroup', 'proposal_type': 'corrected_contract', 'proposed_question': 'AD dynamic fMRI descriptors.', 'provenance': 'contract_correction', 'validation_split': 'current_data_contract_repair', 'validation_ok': 'False', 'blocked_reason': 'proposal_validation_failed', 'violations': ""Candidate domain_core changes outcome modality.;Candidate is not connected to the original domain core.;Exploratory transforms must use exploratory_followup_claim proposal type.;Preflight: cohort 'ADNI_fMRI' is missing analysis columns: ['bench_group'];Preflight: cohort 'OASIS3_fMRI' is missing analysis columns: ['bench_group']""}, {'candidate_id': 'ad_dyno_adni_oasis3_r2_c1_fixed_estimand', 'round_index': '2', 'transform_type': 'fixed_estimand', 'proposal_type': 'corrected_contract', 'proposed_question': 'AD dynamic fMRI descriptors.', 'provenance': 'contract_correction', 'validation_split': 'current_data_contract_repair', 'validation_ok': 'False', 'blocked_reason': 'proposal_validation_failed', 'violations': ""Group contrast changed outside an estimand-repair allowance.;Predictor changed outside an estimand-repair allowance.;Candidate preservation_check does not preserve predictor_or_contrast.;Candidate domain_core changes outcome modality.;Candidate domain_core changes predictor or group contrast.;Candidate is not connected to the original domain core.;Exploratory transforms must use exploratory_followup_claim proposal type.;Preflight: cohort 'ADNI_fMRI' has missing or non-numeric age values.;Preflight: cohort 'ADNI_fMRI' missing group levels for 'dx': ['AD', 'CN'];Preflight: cohort 'ADNI_fMRI' has too few complete rows after filters (0 < 20).;Preflight: cohort 'OASIS3_fMRI' missing group levels for 'dx': ['AD', 'CN'];Preflight: cohort 'OASIS3_fMRI' has too few complete rows after filters (0 < 20).""}, {'candidate_id': 'ad_dyno_adni_oasis3_r2_c2_contract_correction', 'round_index': '2', 'transform_type': 'contract_correction', 'proposal_type': 'corrected_contract', 'proposed_question': 'AD dynamic fMRI descriptors.', 'provenance': 'contract_correction', 'validation_split': 'current_data_contract_repair', 'validation_ok': 'False', 'blocked_reason': 'proposal_validation_failed', 'violations': ""Group contrast changed outside an estimand-repair allowance.;Predictor changed outside an estimand-repair allowance.;Candidate preservation_check does not preserve predictor_or_contrast.;Candidate domain_core changes outcome modality.;Candidate domain_core changes predictor or group contrast.;Preflight: cohort 'ADNI_fMRI' has missing or non-numeric age values.;Preflight: cohort 'ADNI_fMRI' missing group levels for 'dx': ['AD', 'CN'];Preflight: cohort 'ADNI_fMRI' has too few complete rows after filters (0 < 20).;Preflight: cohort 'OASIS3_fMRI' missing group levels for 'dx': ['AD', 'CN'];Preflight: cohort 'OASIS3_fMRI' has too few complete rows after filters (0 < 20).""}, {'candidate_id': 'ad_dyno_adni_oasis3_r2_c3_stronger_design', 'round_index': '2', 'transform_type': 'stronger_design', 'proposal_type': 'independent_replication_claim', 'proposed_question': 'AD dynamic fMRI descriptors.', 'provenance': 'independent_replication', 'validation_split': 'current_data_adaptive', 'validation_ok': 'False', 'blocked_reason': 'proposal_validation_failed', 'violations': ""Candidate preservation_check does not preserve predictor_or_contrast.;Candidate domain_core changes outcome modality.;Candidate domain_core changes predictor or group contrast.;Candidate is not connected to the original domain core.;Candidate contract changes predictor.;Candidate contract changes disease/group contrast.;Preflight: cohort 'ADNI_fMRI' has missing or non-numeric age values.;Preflight: cohort 'ADNI_fMRI' missing group levels for 'dx': ['AD', 'CN'];Preflight: cohort 'ADNI_fMRI' has too few complete rows after filters (0 < 20).;Preflight: cohort 'OASIS3_fMRI' missing group levels for 'dx': ['AD', 'CN'];Preflight: cohort 'OASIS3_fMRI' has too few complete rows after filters (0 < 20).""}, {'candidate_id': 'ad_dyno_adni_oasis3_r3_c1_fixed_estimand', 'round_index': '3', 'transform_type': 'fixed_estimand', 'proposal_type': 'corrected_contract', 'proposed_question': 'AD dynamic fMRI descriptors.', 'provenance': 'contract_correction', 'validation_split': 'current_data_contract_repair', 'validation_ok': 'False', 'blocked_reason': 'proposal_validation_failed', 'violations': ""Group contrast changed outside an estimand-repair allowance.;Predictor changed outside an estimand-repair allowance.;Candidate preservation_check does not preserve predictor_or_contrast.;Candidate domain_core changes outcome modality.;Candidate domain_core changes predictor or group contrast.;Candidate is not connected to the original domain core.;Exploratory transforms must use exploratory_followup_claim proposal type.;Preflight: cohort 'ADNI_fMRI' has missing or non-numeric age values.;Preflight: cohort 'ADNI_fMRI' missing group levels for 'dx': ['AD', 'CN'];Preflight: cohort 'ADNI_fMRI' has too few complete rows after filters (0 < 20).;Preflight: cohort 'OASIS3_fMRI' missing group levels for 'dx': ['AD', 'CN'];Preflight: cohort 'OASIS3_fMRI' has too few complete rows after filters (0 < 20).""}, {'candidate_id': 'ad_dyno_adni_oasis3_r3_c2_stronger_design', 'round_index': '3', 'transform_type': 'stronger_design', 'proposal_type': 'corrected_contract', 'proposed_question': 'AD dynamic fMRI descriptors.', 'provenance': 'contract_correction', 'validation_split': 'current_data_contract_repair', 'validation_ok': 'False', 'blocked_reason': 'proposal_validation_failed', 'violations': ""Group contrast changed outside an estimand-repair allowance.;Predictor changed outside an estimand-repair allowance.;Candidate preservation_check does not preserve predictor_or_contrast.;Candidate domain_core changes outcome modality.;Candidate domain_core changes predictor or group contrast.;Candidate is not connected to the original domain core.;stronger_design transform must use independent_replication_claim proposal type.;Preflight: cohort 'ADNI_fMRI' has missing or non-numeric age values.;Preflight: cohort 'ADNI_fMRI' missing group levels for 'dx': ['AD', 'CN'];Preflight: cohort 'ADNI_fMRI' has too few complete rows after filters (0 < 20).;Preflight: cohort 'OASIS3_fMRI' missing group levels for 'dx': ['AD', 'CN'];Preflight: cohort 'OASIS3_fMRI' has too few complete rows after filters (0 < 20).""}, {'candidate_id': 'ad_dyno_adni_oasis3_r3_c3_moderator_or_subgroup', 'round_index': '3', 'transform_type': 'moderator_or_subgroup', 'proposal_type': 'corrected_contract', 'proposed_question': 'AD dynamic fMRI descriptors.', 'provenance': 'contract_correction', 'validation_split': 'current_data_contract_repair', 'validation_ok': 'False', 'blocked_reason': 'proposal_validation_failed', 'violations': ""Group contrast changed outside an estimand-repair allowance.;Predictor changed outside an estimand-repair allowance.;Candidate preservation_check does not preserve predictor_or_contrast.;Candidate domain_core changes outcome modality.;Candidate domain_core changes predictor or group contrast.;Candidate is not connected to the original domain core.;Exploratory transforms must use exploratory_followup_claim proposal type.;Preflight: cohort 'ADNI_fMRI' has missing or non-numeric age values.;Preflight: cohort 'ADNI_fMRI' missing group levels for 'dx': ['AD', 'CN'];Preflight: cohort 'ADNI_fMRI' has too few complete rows after filters (0 < 20).;Preflight: cohort 'OASIS3_fMRI' missing group levels for 'dx': ['AD', 'CN'];Preflight: cohort 'OASIS3_fMRI' has too few complete rows after filters (0 < 20).""}, {'candidate_id': 'ad_dyno_adni_oasis3_r3_c4_stronger_design', 'round_index': '3', 'transform_type': 'stronger_design', 'proposal_type': 'independent_replication_claim', 'proposed_question': 'AD dynamic fMRI descriptors.', 'provenance': 'independent_replication', 'validation_split': 'current_data_adaptive', 'validation_ok': 'False', 'blocked_reason': 'proposal_validation_failed', 'violations': ""Candidate preservation_check does not preserve predictor_or_contrast.;Candidate domain_core changes outcome modality.;Candidate domain_core changes predictor or group contrast.;Candidate is not connected to the original domain core.;Candidate contract changes predictor.;Candidate contract changes disease/group contrast.;Preflight: cohort 'ADNI_fMRI' has missing or non-numeric age values.;Preflight: cohort 'ADNI_fMRI' missing group levels for 'dx': ['AD', 'CN'];Preflight: cohort 'ADNI_fMRI' has too few complete rows after filters (0 < 20).;Preflight: cohort 'OASIS3_fMRI' missing group levels for 'dx': ['AD', 'CN'];Preflight: cohort 'OASIS3_fMRI' has too few complete rows after filters (0 < 20).""}, {'candidate_id': 'ad_dyno_adni_oasis3_r4_c1_contract_correction', 'round_index': '4', 'transform_type': 'contract_correction', 'proposal_type': 'corrected_contract', 'proposed_question': 'AD dynamic fMRI descriptors.', 'provenance': 'contract_correction', 'validation_split': 'current_data_contract_repair', 'validation_ok': 'False', 'blocked_reason': 'proposal_validation_failed', 'violations': ""Estimand type changed outside an estimand-repair allowance.;Group contrast changed outside an estimand-repair allowance.;Predictor changed outside an estimand-repair allowance.;Candidate preservation_check does not preserve predictor_or_contrast.;Candidate domain_core changes outcome modality.;Candidate domain_core changes predictor or group contrast.;Preflight: cohort 'ADNI_fMRI' has missing or non-numeric age values.""}, {'candidate_id': 'ad_dyno_adni_oasis3_r4_c2_moderator_or_subgroup', 'round_index': '4', 'transform_type': 'moderator_or_subgroup', 'proposal_type': 'corrected_contract', 'proposed_question': 'AD dynamic fMRI descriptors.', 'provenance': 'contract_correction', 'validation_split': 'current_data_contract_repair', 'validation_ok': 'False', 'blocked_reason': 'proposal_validation_failed', 'violations': ""Estimand type changed outside an estimand-repair allowance.;Group contrast changed outside an estimand-repair allowance.;Predictor changed outside an estimand-repair allowance.;Candidate preservation_check does not preserve predictor_or_contrast.;Candidate domain_core changes outcome modality.;Candidate domain_core changes predictor or group contrast.;Candidate is not connected to the original domain core.;Exploratory transforms must use exploratory_followup_claim proposal type.;Preflight: cohort 'ADNI_fMRI' has missing or non-numeric age values.""}, {'candidate_id': 'ad_dyno_adni_oasis3_r4_c3_moderator_or_subgroup', 'round_index': '4', 'transform_type': 'moderator_or_subgroup', 'proposal_type': 'corrected_contract', 'proposed_question': 'AD dynamic fMRI descriptors.', 'provenance': 'contract_correction', 'validation_split': 'current_data_contract_repair', 'validation_ok': 'False', 'blocked_reason': 'proposal_validation_failed', 'violations': ""Estimand type changed outside an estimand-repair allowance.;Group contrast changed outside an estimand-repair allowance.;Predictor changed outside an estimand-repair allowance.;Candidate preservation_check does not preserve predictor_or_contrast.;Candidate domain_core changes outcome modality.;Candidate domain_core changes predictor or group contrast.;Candidate is not connected to the original domain core.;Exploratory transforms must use exploratory_followup_claim proposal type.;Preflight: cohort 'ADNI_fMRI' has missing or non-numeric age values.""}, {'candidate_id': 'ad_dyno_adni_oasis3_r4_c4_stronger_design', 'round_index': '4', 'transform_type': 'stronger_design', 'proposal_type': 'independent_replication_claim', 'proposed_question': 'AD dynamic fMRI descriptors.', 'provenance': 'independent_replication', 'validation_split': 'current_data_adaptive', 'validation_ok': 'False', 'blocked_reason': 'proposal_validation_failed', 'violations': ""Candidate preservation_check does not preserve predictor_or_contrast.;Candidate domain_core changes outcome modality.;Candidate domain_core changes predictor or group contrast.;Candidate is not connected to the original domain core.;Candidate contract changes estimand type.;Candidate contract changes predictor.;Candidate contract changes disease/group contrast.;Preflight: cohort 'ADNI_fMRI' has missing or non-numeric age values.""}, {'candidate_id': 'ad_dyno_adni_oasis3_r5_c1_fixed_estimand', 'round_index': '5', 'transform_type': 'fixed_estimand', 'proposal_type': 'corrected_contract', 'proposed_question': 'AD dynamic fMRI descriptors.', 'provenance': 'contract_correction', 'validation_split': 'current_data_contract_repair', 'validation_ok': 'False', 'blocked_reason': 'proposal_validation_failed', 'violations': ""Group contrast changed outside an estimand-repair allowance.;Predictor changed outside an estimand-repair allowance.;Candidate preservation_check does not preserve predictor_or_contrast.;Candidate domain_core changes outcome modality.;Candidate domain_core changes predictor or group contrast.;Candidate is not connected to the original domain core.;Exploratory transforms must use exploratory_followup_claim proposal type.;Preflight: cohort 'ADNI_fMRI' has missing or non-numeric age values.;Preflight: cohort 'ADNI_fMRI' missing group levels for 'dx': ['AD', 'CN'];Preflight: cohort 'ADNI_fMRI' has too few complete rows after filters (0 < 20).;Preflight: cohort 'OASIS3_fMRI' missing group levels for 'dx': ['AD', 'CN'];Preflight: cohort 'OASIS3_fMRI' has too few complete rows after filters (0 < 20).""}, {'candidate_id': 'ad_dyno_adni_oasis3_r5_c2_fixed_estimand', 'round_index': '5', 'transform_type': 'fixed_estimand', 'proposal_type': 'corrected_contract', 'proposed_question': 'AD dynamic fMRI descriptors.', 'provenance': 'contract_correction', 'validation_split': 'current_data_contract_repair', 'validation_ok': 'False', 'blocked_reason': 'proposal_validation_failed', 'violations': ""Group contrast changed outside an estimand-repair allowance.;Predictor changed outside an estimand-repair allowance.;Candidate preservation_check does not preserve predictor_or_contrast.;Candidate domain_core changes outcome modality.;Candidate domain_core changes predictor or group contrast.;Candidate is not connected to the original domain core.;Exploratory transforms must use exploratory_followup_claim proposal type.;Preflight: cohort 'ADNI_fMRI' has missing or non-numeric age values.;Preflight: cohort 'ADNI_fMRI' missing group levels for 'dx': ['AD', 'CN'];Preflight: cohort 'ADNI_fMRI' has too few complete rows after filters (0 < 20).;Preflight: cohort 'OASIS3_fMRI' missing group levels for 'dx': ['AD', 'CN'];Preflight: cohort 'OASIS3_fMRI' has too few complete rows after filters (0 < 20).""}, {'candidate_id': 'ad_dyno_adni_oasis3_r5_c3_fixed_estimand', 'round_index': '5', 'transform_type': 'fixed_estimand', 'proposal_type': 'independent_replication_claim', 'proposed_question': 'AD dynamic fMRI descriptors.', 'provenance': 'independent_replication', 'validation_split': 'current_data_adaptive', 'validation_ok': 'False', 'blocked_reason': 'proposal_validation_failed', 'violations': ""Candidate preservation_check does not preserve predictor_or_contrast.;Candidate domain_core changes outcome modality.;Candidate domain_core changes predictor or group contrast.;Candidate is not connected to the original domain core.;Exploratory transforms must use exploratory_followup_claim proposal type.;Candidate contract changes predictor.;Candidate contract changes disease/group contrast.;Preflight: cohort 'ADNI_fMRI' has missing or non-numeric age values.;Preflight: cohort 'ADNI_fMRI' missing group levels for 'dx': ['AD', 'CN'];Preflight: cohort 'ADNI_fMRI' has too few complete rows after filters (0 < 20).;Preflight: cohort 'OASIS3_fMRI' missing group levels for 'dx': ['AD', 'CN'];Preflight: cohort 'OASIS3_fMRI' has too few complete rows after filters (0 < 20).""}, {'candidate_id': 'ad_dyno_adni_oasis3_r6_c1_fixed_estimand', 'round_index': '6', 'transform_type': 'fixed_estimand', 'proposal_type': 'corrected_contract', 'proposed_question': 'AD dynamic fMRI descriptors.', 'provenance': 'contract_correction', 'validation_split': 'current_data_contract_repair', 'validation_ok': 'False', 'blocked_reason': 'proposal_validation_failed', 'violations': ""Group contrast changed outside an estimand-repair allowance.;Predictor changed outside an estimand-repair allowance.;Candidate preservation_check does not preserve predictor_or_contrast.;Candidate domain_core changes outcome modality.;Candidate domain_core changes predictor or group contrast.;Candidate is not connected to the original domain core.;Exploratory transforms must use exploratory_followup_claim proposal type.;Preflight: cohort 'ADNI_fMRI' has missing or non-numeric age values.;Preflight: cohort 'ADNI_fMRI' missing group levels for 'dx': ['AD', 'CN'];Preflight: cohort 'ADNI_fMRI' has too few complete rows after filters (0 < 20).;Preflight: cohort 'OASIS3_fMRI' missing group levels for 'dx': ['AD', 'CN'];Preflight: cohort 'OASIS3_fMRI' has too few complete rows after filters (0 < 20).""}, {'candidate_id': 'ad_dyno_adni_oasis3_r6_c2_fixed_estimand', 'round_index': '6', 'transform_type': 'fixed_estimand', 'proposal_type': 'corrected_contract', 'proposed_question': 'AD dynamic fMRI descriptors.', 'provenance': 'contract_correction', 'validation_split': 'current_data_contract_repair', 'validation_ok': 'False', 'blocked_reason': 'proposal_validation_failed', 'violations': ""Group contrast changed outside an estimand-repair allowance.;Predictor changed outside an estimand-repair allowance.;Candidate preservation_check does not preserve predictor_or_contrast.;Candidate domain_core changes outcome modality.;Candidate domain_core changes predictor or group contrast.;Candidate is not connected to the original domain core.;Exploratory transforms must use exploratory_followup_claim proposal type.;Preflight: cohort 'ADNI_fMRI' has missing or non-numeric age values.;Preflight: cohort 'ADNI_fMRI' missing group levels for 'dx': ['AD', 'CN'];Preflight: cohort 'ADNI_fMRI' has too few complete rows after filters (0 < 20).;Preflight: cohort 'OASIS3_fMRI' missing group levels for 'dx': ['AD', 'CN'];Preflight: cohort 'OASIS3_fMRI' has too few complete rows after filters (0 < 20).""}, {'candidate_id': 'ad_dyno_adni_oasis3_r6_c3_stronger_design', 'round_index': '6', 'transform_type': 'stronger_design', 'proposal_type': 'independent_replication_claim', 'proposed_question': 'AD dynamic fMRI descriptors.', 'provenance': 'independent_replication', 'validation_split': 'current_data_adaptive', 'validation_ok': 'False', 'blocked_reason': 'proposal_validation_failed', 'violations': ""Candidate preservation_check does not preserve predictor_or_contrast.;Candidate domain_core changes outcome modality.;Candidate domain_core changes predictor or group contrast.;Candidate is not connected to the original domain core.;Candidate contract changes predictor.;Candidate contract changes disease/group contrast.;Preflight: cohort 'ADNI_fMRI' has missing or non-numeric age values.;Preflight: cohort 'ADNI_fMRI' missing group levels for 'dx': ['AD', 'CN'];Preflight: cohort 'ADNI_fMRI' has too few complete rows after filters (0 < 20).;Preflight: cohort 'OASIS3_fMRI' missing group levels for 'dx': ['AD', 'CN'];Preflight: cohort 'OASIS3_fMRI' has too few complete rows after filters (0 < 20).""}, {'candidate_id': 'ad_dyno_adni_oasis3_r7_c1_fixed_estimand', 'round_index': '7', 'transform_type': 'fixed_estimand', 'proposal_type': 'corrected_contract', 'proposed_question': 'AD dynamic fMRI descriptors.', 'provenance': 'contract_correction', 'validation_split': 'current_data_contract_repair', 'validation_ok': 'False', 'blocked_reason': 'proposal_validation_failed', 'violations': ""Group contrast changed outside an estimand-repair allowance.;Predictor changed outside an estimand-repair allowance.;Candidate preservation_check does not preserve predictor_or_contrast.;Candidate domain_core changes outcome modality.;Candidate domain_core changes predictor or group contrast.;Candidate is not connected to the original domain core.;Exploratory transforms must use exploratory_followup_claim proposal type.;Preflight: cohort 'ADNI_fMRI' has missing or non-numeric age values.;Preflight: cohort 'ADNI_fMRI' missing group levels for 'dx': ['AD', 'CN'];Preflight: cohort 'ADNI_fMRI' has too few complete rows after filters (0 < 20).;Preflight: cohort 'OASIS3_fMRI' missing group levels for 'dx': ['AD', 'CN'];Preflight: cohort 'OASIS3_fMRI' has too few complete rows after filters (0 < 20).""}, {'candidate_id': 'ad_dyno_adni_oasis3_r7_c2_moderator_or_subgroup', 'round_index': '7', 'transform_type': 'moderator_or_subgroup', 'proposal_type': 'corrected_contract', 'proposed_question': 'AD dynamic fMRI descriptors.', 'provenance': 'contract_correction', 'validation_split': 'current_data_contract_repair', 'validation_ok': 'False', 'blocked_reason': 'proposal_validation_failed', 'violations': ""Group contrast changed outside an estimand-repair allowance.;Predictor changed outside an estimand-repair allowance.;Candidate preservation_check does not preserve predictor_or_contrast.;Candidate domain_core changes outcome modality.;Candidate domain_core changes predictor or group contrast.;Candidate is not connected to the original domain core.;Exploratory transforms must use exploratory_followup_claim proposal type.;Preflight: cohort 'ADNI_fMRI' has missing or non-numeric age values.;Preflight: cohort 'ADNI_fMRI' missing group levels for 'dx': ['AD', 'CN'];Preflight: cohort 'ADNI_fMRI' has too few complete rows after filters (0 < 20).;Preflight: cohort 'OASIS3_fMRI' missing group levels for 'dx': ['AD', 'CN'];Preflight: cohort 'OASIS3_fMRI' has too few complete rows after filters (0 < 20).""}, {'candidate_id': 'ad_dyno_adni_oasis3_r7_c3_moderator_or_subgroup', 'round_index': '7', 'transform_type': 'moderator_or_subgroup', 'proposal_type': 'corrected_contract', 'proposed_question': 'AD dynamic fMRI descriptors.', 'provenance': 'contract_correction', 'validation_split': 'current_data_contract_repair', 'validation_ok': 'False', 'blocked_reason': 'proposal_validation_failed', 'violations': ""Group contrast changed outside an estimand-repair allowance.;Predictor changed outside an estimand-repair allowance.;Candidate preservation_check does not preserve predictor_or_contrast.;Candidate domain_core changes outcome modality.;Candidate domain_core changes predictor or group contrast.;Candidate is not connected to the original domain core.;Exploratory transforms must use exploratory_followup_claim proposal type.;Preflight: cohort 'ADNI_fMRI' has missing or non-numeric age values.;Preflight: cohort 'ADNI_fMRI' missing group levels for 'dx': ['AD', 'CN'];Preflight: cohort 'ADNI_fMRI' has too few complete rows after filters (0 < 20).;Preflight: cohort 'OASIS3_fMRI' missing group levels for 'dx': ['AD', 'CN'];Preflight: cohort 'OASIS3_fMRI' has too few complete rows after filters (0 < 20).""}, {'candidate_id': 'ad_dyno_adni_oasis3_r7_c4_fixed_estimand', 'round_index': '7', 'transform_type': 'fixed_estimand', 'proposal_type': 'independent_replication_claim', 'proposed_question': 'AD dynamic fMRI descriptors.', 'provenance': 'independent_replication', 'validation_split': 'current_data_adaptive', 'validation_ok': 'False', 'blocked_reason': 'proposal_validation_failed', 'violations': ""Candidate preservation_check does not preserve predictor_or_contrast.;Candidate domain_core changes outcome modality.;Candidate domain_core changes predictor or group contrast.;Candidate is not connected to the original domain core.;Exploratory transforms must use exploratory_followup_claim proposal type.;Candidate contract changes predictor.;Candidate contract changes disease/group contrast.;Preflight: cohort 'ADNI_fMRI' has missing or non-numeric age values.;Preflight: cohort 'ADNI_fMRI' missing group levels for 'dx': ['AD', 'CN'];Preflight: cohort 'ADNI_fMRI' has too few complete rows after filters (0 < 20).;Preflight: cohort 'OASIS3_fMRI' missing group levels for 'dx': ['AD', 'CN'];Preflight: cohort 'OASIS3_fMRI' has too few complete rows after filters (0 < 20).""}, {'candidate_id': 'ad_dyno_adni_oasis3_r8_c1_fixed_estimand', 'round_index': '8', 'transform_type': 'fixed_estimand', 'proposal_type': 'corrected_contract', 'proposed_question': 'AD dynamic fMRI descriptors.', 'provenance': 'contract_correction', 'validation_split': 'current_data_contract_repair', 'validation_ok': 'False', 'blocked_reason': 'proposal_validation_failed', 'violations': ""Group contrast changed outside an estimand-repair allowance.;Predictor changed outside an estimand-repair allowance.;Candidate preservation_check does not preserve predictor_or_contrast.;Candidate domain_core changes outcome modality.;Candidate domain_core changes predictor or group contrast.;Candidate is not connected to the original domain core.;Exploratory transforms must use exploratory_followup_claim proposal type.;Preflight: cohort 'ADNI_fMRI' has missing or non-numeric age values.;Preflight: cohort 'ADNI_fMRI' missing group levels for 'dx': ['AD', 'CN'];Preflight: cohort 'ADNI_fMRI' has too few complete rows after filters (0 < 20).;Preflight: cohort 'OASIS3_fMRI' missing group levels for 'dx': ['AD', 'CN'];Preflight: cohort 'OASIS3_fMRI' has too few complete rows after filters (0 < 20).""}, {'candidate_id': 'ad_dyno_adni_oasis3_r8_c2_moderator_or_subgroup', 'round_index': '8', 'transform_type': 'moderator_or_subgroup', 'proposal_type': 'corrected_contract', 'proposed_question': 'AD dynamic fMRI descriptors.', 'provenance': 'contract_correction', 'validation_split': 'current_data_contract_repair', 'validation_ok': 'False', 'blocked_reason': 'proposal_validation_failed', 'violations': ""Group contrast changed outside an estimand-repair allowance.;Predictor changed outside an estimand-repair allowance.;Candidate preservation_check does not preserve predictor_or_contrast.;Candidate domain_core changes outcome modality.;Candidate domain_core changes predictor or group contrast.;Candidate is not connected to the original domain core.;Exploratory transforms must use exploratory_followup_claim proposal type.;Preflight: cohort 'ADNI_fMRI' has missing or non-numeric age values.;Preflight: cohort 'ADNI_fMRI' missing group levels for 'dx': ['AD', 'CN'];Preflight: cohort 'ADNI_fMRI' has too few complete rows after filters (0 < 20).;Preflight: cohort 'OASIS3_fMRI' missing group levels for 'dx': ['AD', 'CN'];Preflight: cohort 'OASIS3_fMRI' has too few complete rows after filters (0 < 20).""}, {'candidate_id': 'ad_dyno_adni_oasis3_r8_c3_stronger_design', 'round_index': '8', 'transform_type': 'stronger_design', 'proposal_type': 'independent_replication_claim', 'proposed_question': 'AD dynamic fMRI descriptors.', 'provenance': 'independent_replication', 'validation_split': 'current_data_adaptive', 'validation_ok': 'False', 'blocked_reason': 'proposal_validation_failed', 'violations': ""Candidate preservation_check does not preserve predictor_or_contrast.;Candidate domain_core changes outcome modality.;Candidate domain_core changes predictor or group contrast.;Candidate is not connected to the original domain core.;Candidate contract changes predictor.;Candidate contract changes disease/group contrast.;Preflight: cohort 'ADNI_fMRI' has missing or non-numeric age values.;Preflight: cohort 'ADNI_fMRI' missing group levels for 'dx': ['AD', 'CN'];Preflight: cohort 'ADNI_fMRI' has too few complete rows after filters (0 < 20).;Preflight: cohort 'OASIS3_fMRI' missing group levels for 'dx': ['AD', 'CN'];Preflight: cohort 'OASIS3_fMRI' has too few complete rows after filters (0 < 20).""}, {'candidate_id': 'ad_dyno_adni_oasis3_r9_c1_fixed_estimand', 'round_index': '9', 'transform_type': 'fixed_estimand', 'proposal_type': 'corrected_contract', 'proposed_question': 'AD dynamic fMRI descriptors.', 'provenance': 'contract_correction', 'validation_split': 'current_data_contract_repair', 'validation_ok': 'False', 'blocked_reason': 'proposal_validation_failed', 'violations': ""Group contrast changed outside an estimand-repair allowance.;Predictor changed outside an estimand-repair allowance.;Candidate preservation_check does not preserve predictor_or_contrast.;Candidate domain_core changes outcome modality.;Candidate domain_core changes predictor or group contrast.;Candidate is not connected to the original domain core.;Exploratory transforms must use exploratory_followup_claim proposal type.;Preflight: cohort 'ADNI_fMRI' has missing or non-numeric age values.;Preflight: cohort 'ADNI_fMRI' missing group levels for 'dx': ['AD', 'CN'];Preflight: cohort 'ADNI_fMRI' has too few complete rows after filters (0 < 20).;Preflight: cohort 'OASIS3_fMRI' missing group levels for 'dx': ['AD', 'CN'];Preflight: cohort 'OASIS3_fMRI' has too few complete rows after filters (0 < 20).""}, {'candidate_id': 'ad_dyno_adni_oasis3_r9_c2_moderator_or_subgroup', 'round_index': '9', 'transform_type': 'moderator_or_subgroup', 'proposal_type': 'corrected_contract', 'proposed_question': 'AD dynamic fMRI descriptors.', 'provenance': 'contract_correction', 'validation_split': 'current_data_contract_repair', 'validation_ok': 'False', 'blocked_reason': 'proposal_validation_failed', 'violations': ""Group contrast changed outside an estimand-repair allowance.;Predictor changed outside an estimand-repair allowance.;Candidate preservation_check does not preserve predictor_or_contrast.;Candidate domain_core changes outcome modality.;Candidate domain_core changes predictor or group contrast.;Candidate is not connected to the original domain core.;Exploratory transforms must use exploratory_followup_claim proposal type.;Preflight: cohort 'ADNI_fMRI' has missing or non-numeric age values.;Preflight: cohort 'ADNI_fMRI' missing group levels for 'dx': ['AD', 'CN'];Preflight: cohort 'ADNI_fMRI' has too few complete rows after filters (0 < 20).;Preflight: cohort 'OASIS3_fMRI' missing group levels for 'dx': ['AD', 'CN'];Preflight: cohort 'OASIS3_fMRI' has too few complete rows after filters (0 < 20).""}, {'candidate_id': 'ad_dyno_adni_oasis3_r9_c3_moderator_or_subgroup', 'round_index': '9', 'transform_type': 'moderator_or_subgroup', 'proposal_type': 'corrected_contract', 'proposed_question': 'AD dynamic fMRI descriptors.', 'provenance': 'contract_correction', 'validation_split': 'current_data_contract_repair', 'validation_ok': 'False', 'blocked_reason': 'proposal_validation_failed', 'violations': ""Group contrast changed outside an estimand-repair allowance.;Predictor changed outside an estimand-repair allowance.;Candidate preservation_check does not preserve predictor_or_contrast.;Candidate domain_core changes outcome modality.;Candidate domain_core changes predictor or group contrast.;Candidate is not connected to the original domain core.;Exploratory transforms must use exploratory_followup_claim proposal type.;Preflight: cohort 'ADNI_fMRI' has missing or non-numeric age values.;Preflight: cohort 'ADNI_fMRI' missing group levels for 'dx': ['AD', 'CN'];Preflight: cohort 'ADNI_fMRI' has too few complete rows after filters (0 < 20).;Preflight: cohort 'OASIS3_fMRI' missing group levels for 'dx': ['AD', 'CN'];Preflight: cohort 'OASIS3_fMRI' has too few complete rows after filters (0 < 20).""}, {'candidate_id': 'ad_dyno_adni_oasis3_r9_c4_stronger_design', 'round_index': '9', 'transform_type': 'stronger_design', 'proposal_type': 'independent_replication_claim', 'proposed_question': 'AD dynamic fMRI descriptors.', 'provenance': 'independent_replication', 'validation_split': 'current_data_adaptive', 'validation_ok': 'False', 'blocked_reason': 'proposal_validation_failed', 'violations': ""Candidate preservation_check does not preserve predictor_or_contrast.;Candidate domain_core changes outcome modality.;Candidate domain_core changes predictor or group contrast.;Candidate is not connected to the original domain core.;Candidate contract changes predictor.;Candidate contract changes disease/group contrast.;Preflight: cohort 'ADNI_fMRI' has missing or non-numeric age values.;Preflight: cohort 'ADNI_fMRI' missing group levels for 'dx': ['AD', 'CN'];Preflight: cohort 'ADNI_fMRI' has too few complete rows after filters (0 < 20).;Preflight: cohort 'OASIS3_fMRI' missing group levels for 'dx': ['AD', 'CN'];Preflight: cohort 'OASIS3_fMRI' has too few complete rows after filters (0 < 20).""}, {'candidate_id': 'ad_dyno_adni_oasis3_r10_c1_fixed_estimand', 'round_index': '10', 'transform_type': 'fixed_estimand', 'proposal_type': 'corrected_contract', 'proposed_question': 'AD dynamic fMRI descriptors.', 'provenance': 'contract_correction', 'validation_split': 'current_data_contract_repair', 'validation_ok': 'False', 'blocked_reason': 'proposal_validation_failed', 'violations': ""Group contrast changed outside an estimand-repair allowance.;Predictor changed outside an estimand-repair allowance.;Candidate preservation_check does not preserve predictor_or_contrast.;Candidate domain_core changes outcome modality.;Candidate domain_core changes predictor or group contrast.;Candidate is not connected to the original domain core.;Exploratory transforms must use exploratory_followup_claim proposal type.;Preflight: cohort 'ADNI_fMRI' has missing or non-numeric age values.;Preflight: cohort 'ADNI_fMRI' missing group levels for 'dx': ['AD', 'CN'];Preflight: cohort 'ADNI_fMRI' has too few complete rows after filters (0 < 20).;Preflight: cohort 'OASIS3_fMRI' missing group levels for 'dx': ['AD', 'CN'];Preflight: cohort 'OASIS3_fMRI' has too few complete rows after filters (0 < 20).""}, {'candidate_id': 'ad_dyno_adni_oasis3_r10_c2_moderator_or_subgroup', 'round_index': '10', 'transform_type': 'moderator_or_subgroup', 'proposal_type': 'corrected_contract', 'proposed_question': 'AD dynamic fMRI descriptors.', 'provenance': 'contract_correction', 'validation_split': 'current_data_contract_repair', 'validation_ok': 'False', 'blocked_reason': 'proposal_validation_failed', 'violations': ""Group contrast changed outside an estimand-repair allowance.;Predictor changed outside an estimand-repair allowance.;Candidate preservation_check does not preserve predictor_or_contrast.;Candidate domain_core changes outcome modality.;Candidate domain_core changes predictor or group contrast.;Candidate is not connected to the original domain core.;Exploratory transforms must use exploratory_followup_claim proposal type.;Preflight: cohort 'ADNI_fMRI' has missing or non-numeric age values.;Preflight: cohort 'ADNI_fMRI' missing group levels for 'dx': ['AD', 'CN'];Preflight: cohort 'ADNI_fMRI' has too few complete rows after filters (0 < 20).;Preflight: cohort 'OASIS3_fMRI' missing group levels for 'dx': ['AD', 'CN'];Preflight: cohort 'OASIS3_fMRI' has too few complete rows after filters (0 < 20).""}, {'candidate_id': 'ad_dyno_adni_oasis3_r10_c3_moderator_or_subgroup', 'round_index': '10', 'transform_type': 'moderator_or_subgroup', 'proposal_type': 'corrected_contract', 'proposed_question': 'AD dynamic fMRI descriptors.', 'provenance': 'contract_correction', 'validation_split': 'current_data_contract_repair', 'validation_ok': 'False', 'blocked_reason': 'proposal_validation_failed', 'violations': ""Group contrast changed outside an estimand-repair allowance.;Predictor changed outside an estimand-repair allowance.;Candidate preservation_check does not preserve predictor_or_contrast.;Candidate domain_core changes outcome modality.;Candidate domain_core changes predictor or group contrast.;Candidate is not connected to the original domain core.;Exploratory transforms must use exploratory_followup_claim proposal type.;Preflight: cohort 'ADNI_fMRI' has missing or non-numeric age values.;Preflight: cohort 'ADNI_fMRI' missing group levels for 'dx': ['AD', 'CN'];Preflight: cohort 'ADNI_fMRI' has too few complete rows after filters (0 < 20).;Preflight: cohort 'OASIS3_fMRI' missing group levels for 'dx': ['AD', 'CN'];Preflight: cohort 'OASIS3_fMRI' has too few complete rows after filters (0 < 20).""}]",,max_rounds_exhausted
injected_null_site_abcd,Create fake group tied to acquisition/site/metadata; should abstain after confound/replication.,confound;confound_completeness;power;multiverse;replication,confound_failure,The claim failed because the current design does not sufficiently address confounding.,Multiverse gate failed; fraction_consistent=1; required>=0.6; consistent_specs=6/6. | Replication gate failed; reason=passed; cohorts: ABCD_REP reason=passed. | Power gate failed; achieved_power=1; required>=0.8; n_needed_80=3.269. | Confound gate failed.,"{
  ""allowed_proposal_types"": [
    ""independent_replication_claim""
  ],
  ""allowed_transform_types"": [
    ""narrower_outcome_family"",
    ""moderator_or_subgroup"",
    ""stronger_design"",
    ""fixed_estimand"",
    ""contract_correction""
  ],
  ""candidate_history"": [],
  ""executable_data_catalog"": {
    ""allowed_cohorts"": [
      ""ABCD"",
      ""ABIDE"",
      ""ABIDE1"",
      ""ABIDE2"",
      ""ADHD200"",
      ""ADNI"",
      ""ADNI_fMRI"",
      ""BSNIP"",
      ""BSNIP2"",
      ""COBRE"",
      ""ChineseSZ"",
      ""FBIRN"",
      ""GSP"",
      ""HCP"",
      ""HCP_Aging"",
      ""JH"",
      ""OASIS1"",
      ""OASIS3"",
      ""OASIS3_fMRI"",
      ""Olin_SZ"",
      ""UKB""
    ],
    ""allowed_inclusion_examples"": [
      null,
      ""sex == \""F\"""",
      ""sex == \""M\"""",
      ""age >= 65"",
      ""age <= 30""
    ],
    ""common_outcome_column_count"": 190,
    ""common_outcome_columns_sample"": [
      ""fc_fc_Cont_Cont"",
      ""fc_fc_Cont_Cont_z"",
      ""fc_fc_Cont_Cont_z_z"",
      ""fc_fc_Cont_Default"",
      ""fc_fc_Con",excluded validation evidence required unless candidate is a true contract correction,0,,,,,,[],,no_candidates
injected_null_site_ukb,Large-scale false-positive stress test.,confound;confound_completeness;power;multiverse;replication,confound_failure,The claim failed because the current design does not sufficiently address confounding.,Multiverse gate failed; fraction_consistent=1; required>=0.6; consistent_specs=6/6. | Replication gate failed; reason=passed; cohorts: UKB_REP reason=passed. | Power gate failed; achieved_power=1; required>=0.8; n_needed_80=3.458. | Confound gate failed.,"{
  ""allowed_proposal_types"": [
    ""independent_replication_claim""
  ],
  ""allowed_transform_types"": [
    ""narrower_outcome_family"",
    ""moderator_or_subgroup"",
    ""stronger_design"",
    ""fixed_estimand"",
    ""contract_correction""
  ],
  ""candidate_history"": [],
  ""executable_data_catalog"": {
    ""allowed_cohorts"": [
      ""ABCD"",
      ""ABIDE"",
      ""ABIDE1"",
      ""ABIDE2"",
      ""ADHD200"",
      ""ADNI"",
      ""ADNI_fMRI"",
      ""BSNIP"",
      ""BSNIP2"",
      ""COBRE"",
      ""ChineseSZ"",
      ""FBIRN"",
      ""GSP"",
      ""HCP"",
      ""HCP_Aging"",
      ""JH"",
      ""OASIS1"",
      ""OASIS3"",
      ""OASIS3_fMRI"",
      ""Olin_SZ"",
      ""UKB""
    ],
    ""allowed_inclusion_examples"": [
      null,
      ""sex == \""F\"""",
      ""sex == \""M\"""",
      ""age >= 65"",
      ""age <= 30""
    ],
    ""common_outcome_column_count"": 190,
    ""common_outcome_columns_sample"": [
      ""fc_fc_Cont_Cont"",
      ""fc_fc_Cont_Cont_z"",
      ""fc_fc_Cont_Cont_z_z"",
      ""fc_fc_Cont_Default"",
      ""fc_fc_Con",excluded validation evidence required unless candidate is a true contract correction,3,stronger_design;moderator_or_subgroup;moderator_or_subgroup,Large-scale false-positive stress test.,False,proposal_validation_failed,"injected_null_site_ukb_r1_c1_stronger_design:False:proposal_validation_failed:Candidate domain_core changes outcome modality.;Candidate domain_core changes predictor or group contrast.;Candidate is not connected to the original domain core.;Preflight: cohort 'UKB_DISC' is missing analysis columns: ['bench_group', 'synthetic_site'];Preflight: cohort 'UKB_REP' is missing analysis columns: ['bench_group', 'synthetic_site'] | injected_null_site_ukb_r1_c2_moderator_or_subgroup:False:proposal_validation_failed:Candidate domain_core changes outcome modality.;Candidate domain_core changes predictor or group contrast.;Candidate is not connected to the original domain core.;Exploratory transforms must use exploratory_followup_claim proposal type.;Preflight: cohort 'UKB_DISC' is missing analysis columns: ['bench_group', 'synthetic_site'];Preflight: cohort 'UKB_REP' is missing analysis columns: ['bench_group', 'synthetic_site'] | injected_null_site_ukb_r1_c3_moderator_or_subgroup:False:proposal_validation_failed:Candidate domain_core changes outcome modality.;Candidate domain_core changes predictor or group contrast.;Candidate is not connected to the original domain core.;Exploratory transforms must use exploratory_followup_claim proposal type.;Preflight: cohort 'UKB_DISC' is missing analysis columns: ['bench_group', 'synthetic_site'];Preflight: cohort 'UKB_REP' is missing analysis columns: ['bench_group', 'synthetic_site']","[{'candidate_id': 'injected_null_site_ukb_r1_c1_stronger_design', 'round_index': '1', 'transform_type': 'stronger_design', 'proposal_type': 'independent_replication_claim', 'proposed_question': 'Large-scale false-positive stress test.', 'provenance': 'independent_replication', 'validation_split': 'current_data_adaptive', 'validation_ok': 'False', 'blocked_reason': 'proposal_validation_failed', 'violations': ""Candidate domain_core changes outcome modality.;Candidate domain_core changes predictor or group contrast.;Candidate is not connected to the original domain core.;Preflight: cohort 'UKB_DISC' is missing analysis columns: ['bench_group', 'synthetic_site'];Preflight: cohort 'UKB_REP' is missing analysis columns: ['bench_group', 'synthetic_site']""}, {'candidate_id': 'injected_null_site_ukb_r1_c2_moderator_or_subgroup', 'round_index': '1', 'transform_type': 'moderator_or_subgroup', 'proposal_type': 'independent_replication_claim', 'proposed_question': 'Large-scale false-positive stress test.', 'provenance': 'independent_replication', 'validation_split': 'current_data_adaptive', 'validation_ok': 'False', 'blocked_reason': 'proposal_validation_failed', 'violations': ""Candidate domain_core changes outcome modality.;Candidate domain_core changes predictor or group contrast.;Candidate is not connected to the original domain core.;Exploratory transforms must use exploratory_followup_claim proposal type.;Preflight: cohort 'UKB_DISC' is missing analysis columns: ['bench_group', 'synthetic_site'];Preflight: cohort 'UKB_REP' is missing analysis columns: ['bench_group', 'synthetic_site']""}, {'candidate_id': 'injected_null_site_ukb_r1_c3_moderator_or_subgroup', 'round_index': '1', 'transform_type': 'moderator_or_subgroup', 'proposal_type': 'independent_replication_claim', 'proposed_question': 'Large-scale false-positive stress test.', 'provenance': 'independent_replication', 'validation_split': 'current_data_adaptive', 'validation_ok': 'False', 'blocked_reason': 'proposal_validation_failed', 'violations': ""Candidate domain_core changes outcome modality.;Candidate domain_core changes predictor or group contrast.;Candidate is not connected to the original domain core.;Exploratory transforms must use exploratory_followup_claim proposal type.;Preflight: cohort 'UKB_DISC' is missing analysis columns: ['bench_group', 'synthetic_site'];Preflight: cohort 'UKB_REP' is missing analysis columns: ['bench_group', 'synthetic_site']""}]",,no_candidates
injected_null_random_hcp,Should not confirm; useful reproducibility check.,multiplicity;confound;power;multiverse;replication,confound_failure,The claim failed because the current design does not sufficiently address confounding.,Multiplicity gate failed; primary p=0.001228; method=fdr_bh; alpha=0.05; effective family_size=84. | Multiverse gate failed; fraction_consistent=0; required>=0.6; consistent_specs=0/6. | Replication gate failed; reason=non_replicated_effect_absent; cohorts: HCP_REP reason=non_replicated_effect_absent:region_replication_fraction. | Power gate failed; achieved_power=1; required>=0.8; n_needed_80=100. | Confound gate failed.,"{
  ""allowed_proposal_types"": [
    ""corrected_contract"",
    ""independent_replication_claim""
  ],
  ""allowed_transform_types"": [
    ""narrower_outcome_family"",
    ""moderator_or_subgroup"",
    ""stronger_design"",
    ""fixed_estimand"",
    ""contract_correction""
  ],
  ""candidate_history"": [],
  ""executable_data_catalog"": {
    ""allowed_cohorts"": [
      ""ABCD"",
      ""ABIDE"",
      ""ABIDE1"",
      ""ABIDE2"",
      ""ADHD200"",
      ""ADNI"",
      ""ADNI_fMRI"",
      ""BSNIP"",
      ""BSNIP2"",
      ""COBRE"",
      ""ChineseSZ"",
      ""FBIRN"",
      ""GSP"",
      ""HCP"",
      ""HCP_Aging"",
      ""JH"",
      ""OASIS1"",
      ""OASIS3"",
      ""OASIS3_fMRI"",
      ""Olin_SZ"",
      ""UKB""
    ],
    ""allowed_inclusion_examples"": [
      null,
      ""sex == \""F\"""",
      ""sex == \""M\"""",
      ""age >= 65"",
      ""age <= 30""
    ],
    ""common_outcome_column_count"": 84,
    ""common_outcome_columns_sample"": [
      ""fc_fc_Cont_Cont"",
      ""fc_fc_Cont_Cont_z"",
      ""fc_fc_Cont_Cont_z_z"",
      ""fc_fc_Cont_D",excluded validation evidence required unless candidate is a true contract correction,29,contract_correction;contract_correction;contract_correction;contract_correction;contract_correction;contract_correction;contract_correction;contract_correction;fixed_estimand;fixed_estimand;fixed_estimand;contract_correction;contract_correction;fixed_estimand;contract_correction;contract_correction;contract_correction;contract_correction;contract_correction;contract_correction;fixed_estimand;fixed_estimand;fixed_estimand;fixed_estimand;moderator_or_subgroup;moderator_or_subgroup;stronger_design;moderator_or_subgroup;fixed_estimand,Should not confirm; useful reproducibility check.,False,proposal_validation_failed,injected_null_random_hcp_r1_c1_contract_correction:False:proposal_validation_failed:Estimand type changed outside an estimand-repair allowance.;Group contrast changed outside an estimand-repair allowance.;Predictor changed outside an estimand-repair allowance.;Candidate preservation_check does not preserve predictor_or_contrast. | injected_null_random_hcp_r1_c2_contract_correction:False:proposal_validation_failed:Estimand type changed outside an estimand-repair allowance.;Group contrast changed outside an estimand-repair allowance.;Predictor changed outside an estimand-repair allowance.;Candidate preservation_check does not preserve predictor_or_contrast. | injected_null_random_hcp_r2_c1_contract_correction:False:proposal_validation_failed:Estimand type changed outside an estimand-repair allowance.;Group contrast changed outside an estimand-repair allowance.;Predictor changed outside an estimand-repair allowance.;Candidate preservation_check does not preserve predictor_or_contrast. | injected_null_random_hcp_r2_c2_contract_correction:False:proposal_validation_failed:Proposal rationale contains unsupported numeric values: ['30'].;Estimand type changed outside an estimand-repair allowance.;Group contrast changed outside an estimand-repair allowance.;Predictor changed outside an estimand-repair allowance.;Candidate preservation_check does not preserve predictor_or_contrast. | injected_null_random_hcp_r3_c1_contract_correction:False:proposal_validation_failed:Estimand type changed outside an estimand-repair allowance.;Group contrast changed outside an estimand-repair allowance.;Predictor changed outside an estimand-repair allowance.;Candidate preservation_check does not preserve predictor_or_contrast. | injected_null_random_hcp_r3_c2_contract_correction:False:proposal_validation_failed:Estimand type changed outside an estimand-repair allowance.;Group contrast changed outside an estimand-repair allowance.;Predictor changed outside an estimand-repair allowance.;Candidate preservation_check does not preserve predictor_or_contrast. | injected_null_random_hcp_r3_c3_contract_correction:False:proposal_validation_failed:Estimand type changed outside an estimand-repair allowance.;Group contrast changed outside an estimand-repair allowance.;Predictor changed outside an estimand-repair allowance.;Candidate preservation_check does not preserve predictor_or_contrast. | injected_null_random_hcp_r3_c4_contract_correction:False:proposal_validation_failed:Proposal rationale contains unsupported numeric values: ['30'].;Estimand type changed outside an estimand-repair allowance.;Group contrast changed outside an estimand-repair allowance.;Predictor changed outside an estimand-repair allowance.;Candidate preservation_check does not preserve predictor_or_contrast. | injected_null_random_hcp_r4_c1_fixed_estimand:False:proposal_validation_failed:Estimand type changed outside an estimand-repair allowance.;Group contrast changed outside an estimand-repair allowance.;Predictor changed outside an estimand-repair allowance.;Candidate preservation_check does not preserve predictor_or_contrast.;Candidate is not connected to the original domain core.;Exploratory transforms must use exploratory_followup_claim proposal type. | injected_null_random_hcp_r4_c2_fixed_estimand:False:proposal_validation_failed:Estimand type changed outside an estimand-repair allowance.;Group contrast changed outside an estimand-repair allowance.;Predictor changed outside an estimand-repair allowance.;Candidate preservation_check does not preserve predictor_or_contrast.;Candidate is not connected to the original domain core.;Exploratory transforms must use exploratory_followup_claim proposal type. | injected_null_random_hcp_r4_c3_fixed_estimand:False:proposal_validation_failed:Estimand type changed outside an estimand-repair allowance.;Group contrast changed outside an estimand-repair allowance.;Predictor changed outside an estimand-repair allowance.;Candidate preservation_check does not preserve predictor_or_contrast.;Candidate is not connected to the original domain core.;Exploratory transforms must use exploratory_followup_claim proposal type. | injected_null_random_hcp_r5_c1_contract_correction:False:proposal_validation_failed:Estimand type changed outside an estimand-repair allowance.;Group contrast changed outside an estimand-repair allowance.;Predictor changed outside an estimand-repair allowance.;Candidate preservation_check does not preserve predictor_or_contrast. | injected_null_random_hcp_r5_c2_contract_correction:False:proposal_validation_failed:Estimand type changed outside an estimand-repair allowance.;Group contrast changed outside an estimand-repair allowance.;Predictor changed outside an estimand-repair allowance.;Candidate preservation_check does not preserve predictor_or_contrast. | injected_null_random_hcp_r5_c3_fixed_estimand:False:proposal_validation_failed:Estimand type changed outside an estimand-repair allowance.;Group contrast changed outside an estimand-repair allowance.;Predictor changed outside an estimand-repair allowance.;Candidate preservation_check does not preserve predictor_or_contrast.;Candidate is not connected to the original domain core.;Exploratory transforms must use exploratory_followup_claim proposal type. | injected_null_random_hcp_r6_c1_contract_correction:False:proposal_validation_failed:Estimand type changed outside an estimand-repair allowance.;Group contrast changed outside an estimand-repair allowance.;Predictor changed outside an estimand-repair allowance.;Candidate preservation_check does not preserve predictor_or_contrast. | injected_null_random_hcp_r6_c2_contract_correction:False:proposal_validation_failed:Estimand type changed outside an estimand-repair allowance.;Group contrast changed outside an estimand-repair allowance.;Predictor changed outside an estimand-repair allowance.;Candidate preservation_check does not preserve predictor_or_contrast. | injected_null_random_hcp_r6_c3_contract_correction:False:proposal_validation_failed:Estimand type changed outside an estimand-repair allowance.;Group contrast changed outside an estimand-repair allowance.;Predictor changed outside an estimand-repair allowance.;Candidate preservation_check does not preserve predictor_or_contrast. | injected_null_random_hcp_r6_c4_contract_correction:False:proposal_validation_failed:Proposal rationale contains unsupported numeric values: ['30'].;Estimand type changed outside an estimand-repair allowance.;Group contrast changed outside an estimand-repair allowance.;Predictor changed outside an estimand-repair allowance.;Candidate preservation_check does not preserve predictor_or_contrast. | injected_null_random_hcp_r7_c1_contract_correction:False:proposal_validation_failed:Estimand type changed outside an estimand-repair allowance.;Group contrast changed outside an estimand-repair allowance.;Predictor changed outside an estimand-repair allowance.;Candidate preservation_check does not preserve predictor_or_contrast. | injected_null_random_hcp_r7_c2_contract_correction:False:proposal_validation_failed:Estimand type changed outside an estimand-repair allowance.;Group contrast changed outside an estimand-repair allowance.;Predictor changed outside an estimand-repair allowance.;Candidate preservation_check does not preserve predictor_or_contrast. | injected_null_random_hcp_r7_c3_fixed_estimand:False:proposal_validation_failed:Candidate preservation_check does not preserve predictor_or_contrast.;Candidate is not connected to the original domain core.;Exploratory transforms must use exploratory_followup_claim proposal type.;Candidate contract changes estimand type.;Candidate contract changes predictor.;Candidate contract changes disease/group contrast. | injected_null_random_hcp_r8_c1_fixed_estimand:False:proposal_validation_failed:Candidate preservation_check does not preserve predictor_or_contrast.;Candidate is not connected to the original domain core.;Exploratory transforms must use exploratory_followup_claim proposal type.;Candidate contract changes estimand type.;Candidate contract changes predictor.;Candidate contract changes disease/group contrast. | injected_null_random_hcp_r8_c2_fixed_estimand:False:proposal_validation_failed:Candidate preservation_check does not preserve predictor_or_contrast.;Candidate is not connected to the original domain core.;Exploratory transforms must use exploratory_followup_claim proposal type.;Candidate contract changes estimand type.;Candidate contract changes predictor.;Candidate contract changes disease/group contrast. | injected_null_random_hcp_r8_c3_fixed_estimand:False:proposal_validation_failed:Candidate preservation_check does not preserve predictor_or_contrast.;Candidate is not connected to the original domain core.;Exploratory transforms must use exploratory_followup_claim proposal type.;Candidate contract changes estimand type.;Candidate contract changes predictor.;Candidate contract changes disease/group contrast. | injected_null_random_hcp_r9_c1_moderator_or_subgroup:False:proposal_validation_failed:Candidate preservation_check does not preserve predictor_or_contrast.;Candidate is not connected to the original domain core.;Exploratory transforms must use exploratory_followup_claim proposal type.;Candidate contract changes estimand type.;Candidate contract changes predictor.;Candidate contract changes disease/group contrast. | injected_null_random_hcp_r9_c2_moderator_or_subgroup:False:proposal_validation_failed:Proposal rationale contains unsupported numeric values: ['30'].;Candidate preservation_check does not preserve predictor_or_contrast.;Candidate is not connected to the original domain core.;Exploratory transforms must use exploratory_followup_claim proposal type.;Candidate contract changes estimand type.;Candidate contract changes predictor.;Candidate contract changes disease/group contrast. | injected_null_random_hcp_r10_c1_stronger_design:False:proposal_validation_failed:Estimand type changed outside an estimand-repair allowance.;Group contrast changed outside an estimand-repair allowance.;Predictor changed outside an estimand-repair allowance.;Candidate preservation_check does not preserve predictor_or_contrast.;Candidate is not connected to the original domain core.;stronger_design transform must use independent_replication_claim proposal type. | injected_null_random_hcp_r10_c2_moderator_or_subgroup:False:proposal_validation_failed:Estimand type changed outside an estimand-repair allowance.;Group contrast changed outside an estimand-repair allowance.;Predictor changed outside an estimand-repair allowance.;Candidate preservation_check does not preserve predictor_or_contrast.;Candidate is not connected to the original domain core.;Exploratory transforms must use exploratory_followup_claim proposal type. | injected_null_random_hcp_r10_c3_fixed_estimand:False:proposal_validation_failed:Candidate preservation_check does not preserve predictor_or_contrast.;Candidate is not connected to the original domain core.;Exploratory transforms must use exploratory_followup_claim proposal type.;Candidate contract changes estimand type.;Candidate contract changes predictor.;Candidate contract changes disease/group contrast.,"[{'candidate_id': 'injected_null_random_hcp_r1_c1_contract_correction', 'round_index': '1', 'transform_type': 'contract_correction', 'proposal_type': 'corrected_contract', 'proposed_question': 'Should not confirm; useful reproducibility check.', 'provenance': 'contract_correction', 'validation_split': 'current_data_contract_repair', 'validation_ok': 'False', 'blocked_reason': 'proposal_validation_failed', 'violations': 'Estimand type changed outside an estimand-repair allowance.;Group contrast changed outside an estimand-repair allowance.;Predictor changed outside an estimand-repair allowance.;Candidate preservation_check does not preserve predictor_or_contrast.'}, {'candidate_id': 'injected_null_random_hcp_r1_c2_contract_correction', 'round_index': '1', 'transform_type': 'contract_correction', 'proposal_type': 'corrected_contract', 'proposed_question': 'Should not confirm; useful reproducibility check.', 'provenance': 'contract_correction', 'validation_split': 'current_data_contract_repair', 'validation_ok': 'False', 'blocked_reason': 'proposal_validation_failed', 'violations': 'Estimand type changed outside an estimand-repair allowance.;Group contrast changed outside an estimand-repair allowance.;Predictor changed outside an estimand-repair allowance.;Candidate preservation_check does not preserve predictor_or_contrast.'}, {'candidate_id': 'injected_null_random_hcp_r2_c1_contract_correction', 'round_index': '2', 'transform_type': 'contract_correction', 'proposal_type': 'corrected_contract', 'proposed_question': 'Should not confirm; useful reproducibility check.', 'provenance': 'contract_correction', 'validation_split': 'current_data_contract_repair', 'validation_ok': 'False', 'blocked_reason': 'proposal_validation_failed', 'violations': 'Estimand type changed outside an estimand-repair allowance.;Group contrast changed outside an estimand-repair allowance.;Predictor changed outside an estimand-repair allowance.;Candidate preservation_check does not preserve predictor_or_contrast.'}, {'candidate_id': 'injected_null_random_hcp_r2_c2_contract_correction', 'round_index': '2', 'transform_type': 'contract_correction', 'proposal_type': 'corrected_contract', 'proposed_question': 'Should not confirm; useful reproducibility check.', 'provenance': 'contract_correction', 'validation_split': 'current_data_contract_repair', 'validation_ok': 'False', 'blocked_reason': 'proposal_validation_failed', 'violations': ""Proposal rationale contains unsupported numeric values: ['30'].;Estimand type changed outside an estimand-repair allowance.;Group contrast changed outside an estimand-repair allowance.;Predictor changed outside an estimand-repair allowance.;Candidate preservation_check does not preserve predictor_or_contrast.""}, {'candidate_id': 'injected_null_random_hcp_r3_c1_contract_correction', 'round_index': '3', 'transform_type': 'contract_correction', 'proposal_type': 'corrected_contract', 'proposed_question': 'Should not confirm; useful reproducibility check.', 'provenance': 'contract_correction', 'validation_split': 'current_data_contract_repair', 'validation_ok': 'False', 'blocked_reason': 'proposal_validation_failed', 'violations': 'Estimand type changed outside an estimand-repair allowance.;Group contrast changed outside an estimand-repair allowance.;Predictor changed outside an estimand-repair allowance.;Candidate preservation_check does not preserve predictor_or_contrast.'}, {'candidate_id': 'injected_null_random_hcp_r3_c2_contract_correction', 'round_index': '3', 'transform_type': 'contract_correction', 'proposal_type': 'corrected_contract', 'proposed_question': 'Should not confirm; useful reproducibility check.', 'provenance': 'contract_correction', 'validation_split': 'current_data_contract_repair', 'validation_ok': 'False', 'blocked_reason': 'proposal_validation_failed', 'violations': 'Estimand type changed outside an estimand-repair allowance.;Group contrast changed outside an estimand-repair allowance.;Predictor changed outside an estimand-repair allowance.;Candidate preservation_check does not preserve predictor_or_contrast.'}, {'candidate_id': 'injected_null_random_hcp_r3_c3_contract_correction', 'round_index': '3', 'transform_type': 'contract_correction', 'proposal_type': 'corrected_contract', 'proposed_question': 'Should not confirm; useful reproducibility check.', 'provenance': 'contract_correction', 'validation_split': 'current_data_contract_repair', 'validation_ok': 'False', 'blocked_reason': 'proposal_validation_failed', 'violations': 'Estimand type changed outside an estimand-repair allowance.;Group contrast changed outside an estimand-repair allowance.;Predictor changed outside an estimand-repair allowance.;Candidate preservation_check does not preserve predictor_or_contrast.'}, {'candidate_id': 'injected_null_random_hcp_r3_c4_contract_correction', 'round_index': '3', 'transform_type': 'contract_correction', 'proposal_type': 'corrected_contract', 'proposed_question': 'Should not confirm; useful reproducibility check.', 'provenance': 'contract_correction', 'validation_split': 'current_data_contract_repair', 'validation_ok': 'False', 'blocked_reason': 'proposal_validation_failed', 'violations': ""Proposal rationale contains unsupported numeric values: ['30'].;Estimand type changed outside an estimand-repair allowance.;Group contrast changed outside an estimand-repair allowance.;Predictor changed outside an estimand-repair allowance.;Candidate preservation_check does not preserve predictor_or_contrast.""}, {'candidate_id': 'injected_null_random_hcp_r4_c1_fixed_estimand', 'round_index': '4', 'transform_type': 'fixed_estimand', 'proposal_type': 'corrected_contract', 'proposed_question': 'Should not confirm; useful reproducibility check.', 'provenance': 'contract_correction', 'validation_split': 'current_data_contract_repair', 'validation_ok': 'False', 'blocked_reason': 'proposal_validation_failed', 'violations': 'Estimand type changed outside an estimand-repair allowance.;Group contrast changed outside an estimand-repair allowance.;Predictor changed outside an estimand-repair allowance.;Candidate preservation_check does not preserve predictor_or_contrast.;Candidate is not connected to the original domain core.;Exploratory transforms must use exploratory_followup_claim proposal type.'}, {'candidate_id': 'injected_null_random_hcp_r4_c2_fixed_estimand', 'round_index': '4', 'transform_type': 'fixed_estimand', 'proposal_type': 'corrected_contract', 'proposed_question': 'Should not confirm; useful reproducibility check.', 'provenance': 'contract_correction', 'validation_split': 'current_data_contract_repair', 'validation_ok': 'False', 'blocked_reason': 'proposal_validation_failed', 'violations': 'Estimand type changed outside an estimand-repair allowance.;Group contrast changed outside an estimand-repair allowance.;Predictor changed outside an estimand-repair allowance.;Candidate preservation_check does not preserve predictor_or_contrast.;Candidate is not connected to the original domain core.;Exploratory transforms must use exploratory_followup_claim proposal type.'}, {'candidate_id': 'injected_null_random_hcp_r4_c3_fixed_estimand', 'round_index': '4', 'transform_type': 'fixed_estimand', 'proposal_type': 'corrected_contract', 'proposed_question': 'Should not confirm; useful reproducibility check.', 'provenance': 'contract_correction', 'validation_split': 'current_data_contract_repair', 'validation_ok': 'False', 'blocked_reason': 'proposal_validation_failed', 'violations': 'Estimand type changed outside an estimand-repair allowance.;Group contrast changed outside an estimand-repair allowance.;Predictor changed outside an estimand-repair allowance.;Candidate preservation_check does not preserve predictor_or_contrast.;Candidate is not connected to the original domain core.;Exploratory transforms must use exploratory_followup_claim proposal type.'}, {'candidate_id': 'injected_null_random_hcp_r5_c1_contract_correction', 'round_index': '5', 'transform_type': 'contract_correction', 'proposal_type': 'corrected_contract', 'proposed_question': 'Should not confirm; useful reproducibility check.', 'provenance': 'contract_correction', 'validation_split': 'current_data_contract_repair', 'validation_ok': 'False', 'blocked_reason': 'proposal_validation_failed', 'violations': 'Estimand type changed outside an estimand-repair allowance.;Group contrast changed outside an estimand-repair allowance.;Predictor changed outside an estimand-repair allowance.;Candidate preservation_check does not preserve predictor_or_contrast.'}, {'candidate_id': 'injected_null_random_hcp_r5_c2_contract_correction', 'round_index': '5', 'transform_type': 'contract_correction', 'proposal_type': 'corrected_contract', 'proposed_question': 'Should not confirm; useful reproducibility check.', 'provenance': 'contract_correction', 'validation_split': 'current_data_contract_repair', 'validation_ok': 'False', 'blocked_reason': 'proposal_validation_failed', 'violations': 'Estimand type changed outside an estimand-repair allowance.;Group contrast changed outside an estimand-repair allowance.;Predictor changed outside an estimand-repair allowance.;Candidate preservation_check does not preserve predictor_or_contrast.'}, {'candidate_id': 'injected_null_random_hcp_r5_c3_fixed_estimand', 'round_index': '5', 'transform_type': 'fixed_estimand', 'proposal_type': 'corrected_contract', 'proposed_question': 'Should not confirm; useful reproducibility check.', 'provenance': 'contract_correction', 'validation_split': 'current_data_contract_repair', 'validation_ok': 'False', 'blocked_reason': 'proposal_validation_failed', 'violations': 'Estimand type changed outside an estimand-repair allowance.;Group contrast changed outside an estimand-repair allowance.;Predictor changed outside an estimand-repair allowance.;Candidate preservation_check does not preserve predictor_or_contrast.;Candidate is not connected to the original domain core.;Exploratory transforms must use exploratory_followup_claim proposal type.'}, {'candidate_id': 'injected_null_random_hcp_r6_c1_contract_correction', 'round_index': '6', 'transform_type': 'contract_correction', 'proposal_type': 'corrected_contract', 'proposed_question': 'Should not confirm; useful reproducibility check.', 'provenance': 'contract_correction', 'validation_split': 'current_data_contract_repair', 'validation_ok': 'False', 'blocked_reason': 'proposal_validation_failed', 'violations': 'Estimand type changed outside an estimand-repair allowance.;Group contrast changed outside an estimand-repair allowance.;Predictor changed outside an estimand-repair allowance.;Candidate preservation_check does not preserve predictor_or_contrast.'}, {'candidate_id': 'injected_null_random_hcp_r6_c2_contract_correction', 'round_index': '6', 'transform_type': 'contract_correction', 'proposal_type': 'corrected_contract', 'proposed_question': 'Should not confirm; useful reproducibility check.', 'provenance': 'contract_correction', 'validation_split': 'current_data_contract_repair', 'validation_ok': 'False', 'blocked_reason': 'proposal_validation_failed', 'violations': 'Estimand type changed outside an estimand-repair allowance.;Group contrast changed outside an estimand-repair allowance.;Predictor changed outside an estimand-repair allowance.;Candidate preservation_check does not preserve predictor_or_contrast.'}, {'candidate_id': 'injected_null_random_hcp_r6_c3_contract_correction', 'round_index': '6', 'transform_type': 'contract_correction', 'proposal_type': 'corrected_contract', 'proposed_question': 'Should not confirm; useful reproducibility check.', 'provenance': 'contract_correction', 'validation_split': 'current_data_contract_repair', 'validation_ok': 'False', 'blocked_reason': 'proposal_validation_failed', 'violations': 'Estimand type changed outside an estimand-repair allowance.;Group contrast changed outside an estimand-repair allowance.;Predictor changed outside an estimand-repair allowance.;Candidate preservation_check does not preserve predictor_or_contrast.'}, {'candidate_id': 'injected_null_random_hcp_r6_c4_contract_correction', 'round_index': '6', 'transform_type': 'contract_correction', 'proposal_type': 'corrected_contract', 'proposed_question': 'Should not confirm; useful reproducibility check.', 'provenance': 'contract_correction', 'validation_split': 'current_data_contract_repair', 'validation_ok': 'False', 'blocked_reason': 'proposal_validation_failed', 'violations': ""Proposal rationale contains unsupported numeric values: ['30'].;Estimand type changed outside an estimand-repair allowance.;Group contrast changed outside an estimand-repair allowance.;Predictor changed outside an estimand-repair allowance.;Candidate preservation_check does not preserve predictor_or_contrast.""}, {'candidate_id': 'injected_null_random_hcp_r7_c1_contract_correction', 'round_index': '7', 'transform_type': 'contract_correction', 'proposal_type': 'corrected_contract', 'proposed_question': 'Should not confirm; useful reproducibility check.', 'provenance': 'contract_correction', 'validation_split': 'current_data_contract_repair', 'validation_ok': 'False', 'blocked_reason': 'proposal_validation_failed', 'violations': 'Estimand type changed outside an estimand-repair allowance.;Group contrast changed outside an estimand-repair allowance.;Predictor changed outside an estimand-repair allowance.;Candidate preservation_check does not preserve predictor_or_contrast.'}, {'candidate_id': 'injected_null_random_hcp_r7_c2_contract_correction', 'round_index': '7', 'transform_type': 'contract_correction', 'proposal_type': 'corrected_contract', 'proposed_question': 'Should not confirm; useful reproducibility check.', 'provenance': 'contract_correction', 'validation_split': 'current_data_contract_repair', 'validation_ok': 'False', 'blocked_reason': 'proposal_validation_failed', 'violations': 'Estimand type changed outside an estimand-repair allowance.;Group contrast changed outside an estimand-repair allowance.;Predictor changed outside an estimand-repair allowance.;Candidate preservation_check does not preserve predictor_or_contrast.'}, {'candidate_id': 'injected_null_random_hcp_r7_c3_fixed_estimand', 'round_index': '7', 'transform_type': 'fixed_estimand', 'proposal_type': 'independent_replication_claim', 'proposed_question': 'Should not confirm; useful reproducibility check.', 'provenance': 'independent_replication', 'validation_split': 'current_data_adaptive', 'validation_ok': 'False', 'blocked_reason': 'proposal_validation_failed', 'violations': 'Candidate preservation_check does not preserve predictor_or_contrast.;Candidate is not connected to the original domain core.;Exploratory transforms must use exploratory_followup_claim proposal type.;Candidate contract changes estimand type.;Candidate contract changes predictor.;Candidate contract changes disease/group contrast.'}, {'candidate_id': 'injected_null_random_hcp_r8_c1_fixed_estimand', 'round_index': '8', 'transform_type': 'fixed_estimand', 'proposal_type': 'independent_replication_claim', 'proposed_question': 'Should not confirm; useful reproducibility check.', 'provenance': 'independent_replication', 'validation_split': 'current_data_adaptive', 'validation_ok': 'False', 'blocked_reason': 'proposal_validation_failed', 'violations': 'Candidate preservation_check does not preserve predictor_or_contrast.;Candidate is not connected to the original domain core.;Exploratory transforms must use exploratory_followup_claim proposal type.;Candidate contract changes estimand type.;Candidate contract changes predictor.;Candidate contract changes disease/group contrast.'}, {'candidate_id': 'injected_null_random_hcp_r8_c2_fixed_estimand', 'round_index': '8', 'transform_type': 'fixed_estimand', 'proposal_type': 'independent_replication_claim', 'proposed_question': 'Should not confirm; useful reproducibility check.', 'provenance': 'independent_replication', 'validation_split': 'current_data_adaptive', 'validation_ok': 'False', 'blocked_reason': 'proposal_validation_failed', 'violations': 'Candidate preservation_check does not preserve predictor_or_contrast.;Candidate is not connected to the original domain core.;Exploratory transforms must use exploratory_followup_claim proposal type.;Candidate contract changes estimand type.;Candidate contract changes predictor.;Candidate contract changes disease/group contrast.'}, {'candidate_id': 'injected_null_random_hcp_r8_c3_fixed_estimand', 'round_index': '8', 'transform_type': 'fixed_estimand', 'proposal_type': 'independent_replication_claim', 'proposed_question': 'Should not confirm; useful reproducibility check.', 'provenance': 'independent_replication', 'validation_split': 'current_data_adaptive', 'validation_ok': 'False', 'blocked_reason': 'proposal_validation_failed', 'violations': 'Candidate preservation_check does not preserve predictor_or_contrast.;Candidate is not connected to the original domain core.;Exploratory transforms must use exploratory_followup_claim proposal type.;Candidate contract changes estimand type.;Candidate contract changes predictor.;Candidate contract changes disease/group contrast.'}, {'candidate_id': 'injected_null_random_hcp_r9_c1_moderator_or_subgroup', 'round_index': '9', 'transform_type': 'moderator_or_subgroup', 'proposal_type': 'independent_replication_claim', 'proposed_question': 'Should not confirm; useful reproducibility check.', 'provenance': 'independent_replication', 'validation_split': 'current_data_adaptive', 'validation_ok': 'False', 'blocked_reason': 'proposal_validation_failed', 'violations': 'Candidate preservation_check does not preserve predictor_or_contrast.;Candidate is not connected to the original domain core.;Exploratory transforms must use exploratory_followup_claim proposal type.;Candidate contract changes estimand type.;Candidate contract changes predictor.;Candidate contract changes disease/group contrast.'}, {'candidate_id': 'injected_null_random_hcp_r9_c2_moderator_or_subgroup', 'round_index': '9', 'transform_type': 'moderator_or_subgroup', 'proposal_type': 'independent_replication_claim', 'proposed_question': 'Should not confirm; useful reproducibility check.', 'provenance': 'independent_replication', 'validation_split': 'current_data_adaptive', 'validation_ok': 'False', 'blocked_reason': 'proposal_validation_failed', 'violations': ""Proposal rationale contains unsupported numeric values: ['30'].;Candidate preservation_check does not preserve predictor_or_contrast.;Candidate is not connected to the original domain core.;Exploratory transforms must use exploratory_followup_claim proposal type.;Candidate contract changes estimand type.;Candidate contract changes predictor.;Candidate contract changes disease/group contrast.""}, {'candidate_id': 'injected_null_random_hcp_r10_c1_stronger_design', 'round_index': '10', 'transform_type': 'stronger_design', 'proposal_type': 'corrected_contract', 'proposed_question': 'Should not confirm; useful reproducibility check.', 'provenance': 'contract_correction', 'validation_split': 'current_data_contract_repair', 'validation_ok': 'False', 'blocked_reason': 'proposal_validation_failed', 'violations': 'Estimand type changed outside an estimand-repair allowance.;Group contrast changed outside an estimand-repair allowance.;Predictor changed outside an estimand-repair allowance.;Candidate preservation_check does not preserve predictor_or_contrast.;Candidate is not connected to the original domain core.;stronger_design transform must use independent_replication_claim proposal type.'}, {'candidate_id': 'injected_null_random_hcp_r10_c2_moderator_or_subgroup', 'round_index': '10', 'transform_type': 'moderator_or_subgroup', 'proposal_type': 'corrected_contract', 'proposed_question': 'Should not confirm; useful reproducibility check.', 'provenance': 'contract_correction', 'validation_split': 'current_data_contract_repair', 'validation_ok': 'False', 'blocked_reason': 'proposal_validation_failed', 'violations': 'Estimand type changed outside an estimand-repair allowance.;Group contrast changed outside an estimand-repair allowance.;Predictor changed outside an estimand-repair allowance.;Candidate preservation_check does not preserve predictor_or_contrast.;Candidate is not connected to the original domain core.;Exploratory transforms must use exploratory_followup_claim proposal type.'}, {'candidate_id': 'injected_null_random_hcp_r10_c3_fixed_estimand', 'round_index': '10', 'transform_type': 'fixed_estimand', 'proposal_type': 'independent_replication_claim', 'proposed_question': 'Should not confirm; useful reproducibility check.', 'provenance': 'independent_replication', 'validation_split': 'current_data_adaptive', 'validation_ok': 'False', 'blocked_reason': 'proposal_validation_failed', 'violations': 'Candidate preservation_check does not preserve predictor_or_contrast.;Candidate is not connected to the original domain core.;Exploratory transforms must use exploratory_followup_claim proposal type.;Candidate contract changes estimand type.;Candidate contract changes predictor.;Candidate contract changes disease/group contrast.'}]",,max_rounds_exhausted
