benchmark_claim_id,benchmark_split,target_family,modality,reference_label,score_eligible,confirm_outcome,reference_strength,reference_basis,scientific_question_sha256,semantic_cluster_id,dataset_ids,contract_sha256,evaluation_task_count,task_error_count
ncb-case-00d00d7a98b037e1,synthetic_safety,synthetic_stress,fMRI-FC,abstain,True,abstained,constructed,constructed_control,bc9561cf36451f71dc170eed589166cd8b983c6f180f4002d802967d428dd31f,ncb-constructed-ad75daa0b0b99b64,neg_random_label_abide1_s3,f8fa9003aa7c9d3ba1c1034cc85380019be6cd482bb3394559fa376579ad25a4,1,0
ncb-case-013786007c57614a,scientific,psychosis,fMRI-FC,unresolved,False,abstained,evidence_gap,literature,12a8c450b03a4679a3e072cde7a58e39e04305d3c757da795decf192427eee60,ncb-sem-b158ae5ae8b91424,COBRE,822a9e3fd7a9cc40dd56cec27d9df1f4b981c6e08141b1a8a2264fd39544ccfa,1,0
ncb-case-01885c9053d350cb,synthetic_safety,synthetic_stress,fMRI-FC,abstain,True,abstained,constructed,constructed_control,bc9561cf36451f71dc170eed589166cd8b983c6f180f4002d802967d428dd31f,ncb-constructed-34ee5ed7f9514ce1,neg_underpowered_abcd_s1,2724233ad72644a4edc54b420e469d5c12fe7c9cd82c8b30f0ecd3658a8c08c8,1,0
ncb-case-01e53d0ed61b0197,synthetic_safety,synthetic_stress,fMRI-FC,abstain,True,abstained,constructed,constructed_control,bc9561cf36451f71dc170eed589166cd8b983c6f180f4002d802967d428dd31f,ncb-constructed-3a68fa0b134ee647,neg_underpowered_hcp_s3,015db0b6e9d5687ec19738349420306cc81f28b8433ef780d0d7db2024f1ce1f,1,0
ncb-case-023880a16932e622,scientific,adhd,fMRI-FC,unresolved,False,confirmed,evidence_gap,literature,8bc529b5e9ad12fe39e7c2aac1e087d82346ebf78a63b62520fb568907a30ee9,ncb-sem-af493c396e1173da,ADHD200,1954832d44d0ebd153d33a92a73ee22d02a964c7b8fcdadd30845d32219325eb,1,0
ncb-case-03ec59e9b4d63ea5,scientific,asd,fMRI-FC,confirm,True,abstained,strict,literature,11ae38191c89ac95c09ea91b8f2be1345ff0c3caca32d471c878afa4fb058a31,ncb-sem-6ba39a227919b4ae,ABIDE2,23e29f207b2ce118eb82e467460690afed63ed3a697ca7d5dfef098e03af6fdd,1,0
ncb-case-04e1f27e0473d18b,scientific,ad_aging,sMRI,confirm,True,confirmed,strict,literature,27b894055f88f8bc33ad7398a202e6882cd2c1be7d493aa9dceb5843f2db3ff2,ncb-sem-5ec25f86a95995a3,ADNI,a20d5751ea756186d20b808bb6f95bf13e0bc956ea37bccdfd0404d9233947ed,1,0
ncb-case-05562f84efa4481c,synthetic_safety,synthetic_stress,fMRI-FC,abstain,True,abstained,constructed,constructed_control,bc9561cf36451f71dc170eed589166cd8b983c6f180f4002d802967d428dd31f,ncb-constructed-90a5e2423382531c,neg_random_label_abide2_s3,98bf3913e77b446e6773a72465287f8a626b7b4d978f3e6f77c60f479620d72f,1,0
ncb-case-0604106d01dea7f0,synthetic_safety,synthetic_stress,fMRI-FC,abstain,True,abstained,constructed,constructed_control,bc9561cf36451f71dc170eed589166cd8b983c6f180f4002d802967d428dd31f,ncb-constructed-4aa2eec3ba4cb249,neg_random_label_hcp_s1,ecf6d32180cfff5832719b69d9d1cf89182eafc28c198ee3bfdee483e15e47e0,1,0
ncb-case-0636a6932b947555,scientific,psychosis,fMRI-FC,confirm,True,abstained,provisional,literature,6e926668ee2102fe15bfb78e98e843358b9bd05425dc94eb7cb40b8460de631c,ncb-sem-9086d74191ad7d9b,ChineseSZ,7c8fd02a769bcd9a50c58371dc350ccdbc8a4ee13f120f120f0bbcd3b15a000f,1,0
ncb-case-06558d77f5e3c177,external_transfer,ad_aging,sMRI,confirm,True,abstained,strict,literature,732c2064c4edc92cc22ed5b4500af374e55068b627f59ba4428179335064ef5c,ncb-sem-b72b43aef7740981,NACC,5fb11c517888b8d924cd8c19b347ccae0ef25f2697b27fdb07d9a8351a9baab6,1,0
ncb-case-07243d3805f75684,scientific,psychosis,fMRI-FC,unresolved,False,abstained,evidence_gap,literature,268874f0caddc32a56475d579d3e315fac40387f7bec01ff2964398e0b3bf634,ncb-sem-2166e66544e56e96,COBRE,d4c0b42a60357a5d939e12105a02798899968bed182f8471def699471bf39842,1,0
ncb-case-07505fdb23de5755,scientific,normative_fmri,fMRI-FC,unresolved,False,abstained,evidence_gap,literature,91db835974b0b3a4116f0ca5bfba75df642f5cb9e2df009aa224269244928cdc,ncb-sem-ce4cface1e4e8236,ABCD,d6cbeb536d2b01632b3c753bd865bcb7f96749ca7f83705faf307f82a8ceda07,1,0
ncb-case-077e42b63ae31cb9,synthetic_safety,synthetic_stress,fMRI-FC,abstain,True,abstained,constructed,constructed_control,bc9561cf36451f71dc170eed589166cd8b983c6f180f4002d802967d428dd31f,ncb-constructed-789a832ee2ba05b6,neg_p_fishing_abcd_s2,cb1ea057a92edbc7dcd8e51832f16329f3a3610616766c1b7b87758ebc7469f0,1,0
ncb-case-07a9432584cc53d5,scientific,adhd,fMRI-FC,unresolved,False,abstained,evidence_gap,literature,4534f60aebd59bf411dff332e7d4aa2e530c34c5d20aafc1bd860b07358677cb,ncb-sem-c9eae7560a1dd465,ABCD,b6bcaf52ce24d41101405c05556ff4df7a5cf370d247fb9fbe590d817921a011,1,0
ncb-case-09b1423591017b5c,scientific,psychosis,fMRI-FC,unresolved,False,abstained,evidence_gap,literature,45fc5a612e729a6508baf65d19a5bf36c2c8eb55cb58485f343c1b1eb135b55a,ncb-sem-2166e66544e56e96,ChineseSZ,3942bdaedf8efb2afecb3c2c12045c0014df9f189b66d0de08e09298d10c22ae,1,0
ncb-case-0a76ce03968cea00,synthetic_safety,synthetic_stress,fMRI-FC,abstain,True,abstained,constructed,constructed_control,bc9561cf36451f71dc170eed589166cd8b983c6f180f4002d802967d428dd31f,ncb-constructed-557fd4a01e8aef09,neg_underpowered_hcp_aging_s1,314c6524cbe93809d7373910bd99ce634a5e4b4a45df3fea8f96ee6cb99675ca,1,0
ncb-case-0a99bffb687cf6c9,scientific,adhd,fMRI-FC,unresolved,False,abstained,evidence_gap,literature,c4b2a6558b62d2bad18bd86b91ef2e94d8b31723993242852cbdb8c3dcf9f092,ncb-sem-d2a68399033368eb,ABCD,721c4fa75e038ea4bdb26ce48b91b63d0615507f3c7e11e3dd07f46967efa967,1,0
ncb-case-0b5ef32cb1e42640,scientific,psychosis,fMRI-FC,unresolved,False,abstained,evidence_gap,literature,801d163072ac548006b03fd8eaa0ff97f01d380f90e7d7c5d906ac4deffc9b43,ncb-sem-b158ae5ae8b91424,FBIRN,172d75bcc17dcce9c2a8cde3b446b4521935e40d9bee3691b4d574e1b426012d,1,0
ncb-case-0b7ae9196627a80f,synthetic_safety,synthetic_stress,fMRI-FC,abstain,True,abstained,constructed,constructed_control,bc9561cf36451f71dc170eed589166cd8b983c6f180f4002d802967d428dd31f,ncb-constructed-eb35f431a65b489e,neg_p_fishing_hcp_s2,87f4857ed96a61649ab7097cdc5f5f3c4b109c3ff5c8c8dce8b405ee3e31dc93,1,0
ncb-case-0bda5d387ad52a67,synthetic_safety,synthetic_stress,fMRI-FC,abstain,True,abstained,constructed,constructed_control,bc9561cf36451f71dc170eed589166cd8b983c6f180f4002d802967d428dd31f,ncb-constructed-0434a95c70a3ab1b,neg_random_label_abide2_s2,6fa6169d2993bc1d083f7ef2e46cc19d08a55b2c93404ce6be9ebe94ca0dab97,1,0
ncb-case-0c2bd011716a1d05,synthetic_safety,synthetic_stress,sMRI,abstain,True,abstained,constructed,constructed_control,bc9561cf36451f71dc170eed589166cd8b983c6f180f4002d802967d428dd31f,ncb-constructed-8d1e6caa6717c87b,neg_random_label_oasis3_s2,c7fc286c99cc66c61ee223dfd1592f4543b9bc9cc1f6d5a27d80391229c466e9,1,0
ncb-case-0cd25512fdeec5bb,scientific,psychosis,fMRI-FC,confirm,True,abstained,strict,literature,8f9a2fbc14b3e39be781174a8f91159fcfc5d1cad1857493c479e6357e749bdf,ncb-sem-a44d2718db4923a4,FBIRN,740708798029c58d4d6385bc24deca50249908931c23e35c50e771c1555ef475,1,0
ncb-case-0d2c23cb04d4f819,synthetic_safety,synthetic_stress,fMRI-FC,abstain,True,abstained,constructed,constructed_control,bc9561cf36451f71dc170eed589166cd8b983c6f180f4002d802967d428dd31f,ncb-constructed-2bcaecd747cd62f4,neg_p_fishing_ukb_s2,6ace315a9094473a123d734577e84480f4f01c05cee77d611fb489cc73895be7,1,0
ncb-case-0d59eccdefa85be5,scientific,ad_aging,fMRI-FC,unresolved,False,abstained,evidence_gap,literature,71fb9709047800171a4ce270a3541de6f23227d9722adf65c0889477236fcd0b,ncb-sem-097fb42632a8bead,OASIS3_fMRI,f7956622f7e3eaf82268d3c6d03184df48ef112532d72822e58c2e3b4eb9abd0,1,0
ncb-case-0e85f8bdd60fd349,synthetic_safety,synthetic_stress,sMRI,abstain,True,abstained,constructed,constructed_control,bc9561cf36451f71dc170eed589166cd8b983c6f180f4002d802967d428dd31f,ncb-constructed-4b0018bcb732de77,neg_p_fishing_oasis3_s3,92eebea972c198140ff097155fdf333c00a5b3faef139a03d1632c11422600e9,1,0
ncb-case-0fdb2b2d01e4d450,external_transfer,ad_aging,sMRI,abstain,True,abstained,constructed,constructed_control,53884c395d6eca8399c143d028bf77319139b0ac7ed39dce3d56cf03b8322138,ncb-constructed-0ccb7dda8b0915af,NACC,177eb50cd5631fb9eedb233479913432dd89571b2ad2397f1156ff24579db4db,1,0
ncb-case-105a92fc030ea9fa,scientific,asd,fMRI-FC,abstain,True,abstained,provisional,literature,6889d8205eafeb4a34e35b325f7ab54cbacb5b665452fc496c73ab3d1e5f961d,ncb-sem-a44d2718db4923a4,ABIDE1,83e09f86b797842db14cf907d844db23b34efc9e14034f96c3ccdb763c272e12,1,0
ncb-case-1070e2d3add46f92,scientific,asd,fMRI-FC,confirm,True,abstained,provisional,literature,0a75415b4c04408e34290566724e63c7ba3987886fd331f3408c5bf65eb33b4c,ncb-sem-bcd31e36404b748e,ABIDE1,3e1160c83f5950a67cb5f0bbc0478fdf9f1049f9a00563f8ba1bc631c90a9dbf,1,0
ncb-case-110a8772c2a6c99c,synthetic_safety,synthetic_stress,fMRI-FC,abstain,True,abstained,constructed,constructed_control,bc9561cf36451f71dc170eed589166cd8b983c6f180f4002d802967d428dd31f,ncb-constructed-672ed856d58afbd6,neg_site_confound_abcd_s1,f034e20c6a6bc7f8897f01e8c3b3c9f1448e9e6fbcd0b88c8040e4f2acd22953,1,0
ncb-case-11d91d222c383cbd,external_transfer,ad_aging,sMRI,abstain,True,abstained,constructed,constructed_control,192b85735de738f271e56b695f37cf547495898511dd37450a7a6495578dfd6a,ncb-constructed-940e11e6166d8d78,NACC,cb99d85c37156d750cd33985f727208fc6076a59810b54ccaa0af4a96d96981d,1,0
ncb-case-129d52456ff7c4a1,external_transfer,psychosis,sMRI,confirm,True,abstained,strict,literature,c259c860e7ad322176f7a9738bb2b05e696db11afb937c289d855763d7d5b754,ncb-sem-1e66a151c67e33de,ds000030,3368778ccb30dbe804567ee9703c1619a73432aba9ce742095928a37022d8251,1,0
ncb-case-12a18cb34d5192c1,scientific,normative_fmri,fMRI-FC,confirm,True,confirmed,strict,literature,a8a905b9783b229f4ecd04dd95f62381cccb2c1461d6de7a1fb057aa329dc761,ncb-sem-6b697f335a6513a1,UKB,25e7ef2da7f86162e17db3c87a2a749b660109283b81fcff23254154c04df77b,1,0
ncb-case-13523b717fbbf81b,synthetic_safety,synthetic_stress,fMRI-FC,abstain,True,abstained,constructed,constructed_control,bc9561cf36451f71dc170eed589166cd8b983c6f180f4002d802967d428dd31f,ncb-constructed-7955b847397893f2,neg_random_label_ukb_s1,ca59e7bcf2e17f7b442348c7469169bd2ab4765abe4bccaf5184c3c5b6a90b78,1,0
ncb-case-13730644ff0763bc,scientific,asd,fMRI-FC,unresolved,False,abstained,evidence_gap,literature,535c84f3611c6ee5e986210892b96d640bef5506a5df6811d8df0c847b6c21b5,ncb-sem-11b4ebf49e0a3c2a,ABIDE2,61274f38e0112edde8180b2b74bd970e73a3a503b87528dec8547ff8d39e08d3,1,0
ncb-case-143dee76805e7dac,scientific,asd,fMRI-FC,unresolved,False,abstained,evidence_gap,literature,33e89aec59a3bf8a0b69e34d581e8d06c4a3196d0dac05b9939e1d0f86d00201,ncb-sem-74f061d5c7506b17,ABIDE2,7a87a86398becf44806656c7b8437f675f371fd6f2644ac257e562ca90b86a6a,1,0
ncb-case-1476a0d527831a23,scientific,adhd,fMRI-FC,unresolved,False,confirmed,evidence_gap,literature,709e9febbf7abd25df4363a4d1182f95a9e3a8fa6210b3dcb398f946fc7bbe9f,ncb-sem-431a40f2cc1f5ed6,ADHD200,cff1d7d2ccfb4083777868ad19918ae7945541ba0eac4f51f5d045cb634efc6b,1,0
ncb-case-150173f23020bb20,scientific,adhd,fMRI-FC,unresolved,False,abstained,evidence_gap,literature,d87f3407ef1037002f2040f38a585d777582f88c865231dae7f9968130e7640e,ncb-sem-a78bc3d5c2482eab,ABCD,ccf76ee04722df945c7c574a27b2da49fc63bef96e9b9b9f3ee1612f4beb0257,1,0
ncb-case-155d140605bd8bc3,scientific,adhd,fMRI-FC,unresolved,False,abstained,evidence_gap,literature,c0c3136ae13104aee5f285b829af93f0169b1b014dbf9d271372f37ae8fa88ae,ncb-sem-01555b96f5ff8e0a,ADHD200,bdd01753f9ebb90c217a505dcc5198d851aee4b3c3450e682d1615f35e5dd44c,1,0
ncb-case-159563022cc82516,scientific,ad_aging,sMRI,unresolved,False,abstained,evidence_gap,literature,e08530a1ce66821e0185b99544e99b7af362c6c7ec77a4a3089fb24d52bb2103,ncb-sem-f3e4911f433998d2,OASIS3,7f4258667f94f44d5e73e949aab05c8374dbe1ac010e146956307f30d3201ba2,1,0
ncb-case-15a55e6428f4914f,synthetic_safety,synthetic_stress,fMRI-FC,abstain,True,abstained,constructed,constructed_control,bc9561cf36451f71dc170eed589166cd8b983c6f180f4002d802967d428dd31f,ncb-constructed-4af553201ba53424,neg_p_fishing_abide1_s2,9ec90396df1939bd27c15a13598171bcdce7b4bbe53c705777a1c1eee213293d,1,0
ncb-case-168496bc9a960ce6,scientific,adhd,fMRI-FC,unresolved,False,confirmed,evidence_gap,literature,a86343caa5bb09eb59f77a3aa266fac7e2750127055bf382d2e6cc3ae5bace9c,ncb-sem-3a434f7a811e7a88,ADHD200,716ac41c979ca4a5751727c9e8aca547707bebd52f5ebce962a7318706feddd3,1,0
ncb-case-16b15ea251a14a6a,scientific,adhd,fMRI-FC,abstain,True,abstained,provisional,literature,fec24c80fd4b76d227cb257a90f867bca482a7e13d76fb0ad6c93c70edfef3ff,ncb-sem-48f5ab47f50c688b,ABCD,9306eed5ac12c7afb5d6c7513192e5e650af6d2ccd09172f90bd0be83b95b662,1,0
ncb-case-1770cf039de2dc4b,scientific,ad_aging,sMRI,unresolved,False,abstained,evidence_gap,literature,471346971a5ea41cfb190c9fabcbd47a7800e7ac5bf957af51dac02889ff6aba,ncb-sem-35771173cccac1ce,OASIS3,bf6a4a4dabf8357f31e6a07ae1504771c332c4ed81929fb895a09609631d5866,1,0
ncb-case-182012ab40d29699,external_transfer,psychosis,sMRI,confirm,True,abstained,strict,literature,c9a7495fe96a9e9cd05698659acf7af038028deb67f49f51d9561829475dbdb3,ncb-sem-235791b5d5f8197d,ds000030,913498386bc29d4b2b3c583e5816a5a09b3b17ebbe76c36fc84136301f8a9c9d,1,0
ncb-case-1861eb96bff66a7d,scientific,adhd,fMRI-FC,confirm,True,confirmed,provisional,literature,420536f8daa167807f9ff99ab7d52445c1174c1aa174d5f6d8898dff0fcf61e7,ncb-sem-e204539c7b009359,ADHD200,4cdc34b013079f25e4a8d0ecbc1de04254f8203a47122d8ea7aaffc0b397cf81,1,0
ncb-case-186eabcbed30f518,external_transfer,ad_aging,sMRI,abstain,True,abstained,constructed,constructed_control,f7e67ab2c56e8e9a6c4c064c877de70de70c020630843e20a3199a87dbb480d6,ncb-constructed-bc25c3c9f517e1b6,NACC,b438e68421f62598f6144a98276d5070cf53e61708b4ffaeca54f0db418f9a10,1,0
ncb-case-1988c7e9546365a0,external_transfer,psychosis,sMRI,confirm,True,abstained,strict,literature,98dfdae5060fcf8fee6118781f30ba26fcdad304cd93f33397925db47fa49a21,ncb-sem-b46d9a9c93f21668,ds000030,963d6d126e015ed1951ca4a09d65a38f7950d95a1ab654aaa720d117ad228067,1,0
ncb-case-19c161b6c003a2c9,scientific,normative_fmri,sMRI,unresolved,False,abstained,evidence_gap,literature,271364dcac5fcb50955219f26ffdda02f2480812446fbee6c6e31b269aab528b,ncb-sem-bf0084ade08ee738,GSP,042202d5c660975ce3b91ee7e685400356d305baaf7cc0193e6cae7f20c340b0,1,0
ncb-case-1a29042ad9a5465b,scientific,psychosis,fMRI-FC,confirm,True,abstained,strict,literature,beb1e5dda51a98cabaa46ec34d86bd89da9389294f841f74428546b35a7a1b1c,ncb-sem-7fef9c55448de8a8,BSNIP2,1c4bb13eab05e37903f684a6f8836eb4046bdfd60c0337e4be303461922306ff,1,0
ncb-case-1a68706cf9da40e8,synthetic_safety,synthetic_stress,fMRI-FC,abstain,True,abstained,constructed,constructed_control,bc9561cf36451f71dc170eed589166cd8b983c6f180f4002d802967d428dd31f,ncb-constructed-67f059f9b9b199f4,neg_site_confound_adni_fmri_s1,9b50e1327c3e6c6aa2c6aa65871a90437554052edb078f027664ce1fc00215ed,1,0
ncb-case-1a7807874ff5d1e1,scientific,adhd,fMRI-FC,unresolved,False,abstained,evidence_gap,literature,b64e3ace5cdd53ccd885f80b4e18d8a7d546e42a0835d42dcf0ec94079f6a606,ncb-sem-54358dca910572d4,ABCD,4bec8588ceb4224ddd1ba5d8630aca64bbe57f5c572153bf88b8b92a099e90a4,1,0
ncb-case-1afe945aed4f3816,scientific,asd,fMRI-FC,unresolved,False,abstained,evidence_gap,literature,fafd5037b8601c23c53be1427181a301e0c7cb55c0ce7ed82f6c3f9c922fedde,ncb-sem-36d900948ef5a6c9,ABIDE2,c631e745a39a4c34b7a2b47ee20ac723363fb4d3f247ba63938ada9c0511f640,1,0
ncb-case-1b46ce42af68feaf,synthetic_safety,synthetic_stress,fMRI-FC,abstain,True,abstained,constructed,constructed_control,bc9561cf36451f71dc170eed589166cd8b983c6f180f4002d802967d428dd31f,ncb-constructed-073fd32571a77fe1,neg_underpowered_adni_fmri_s2,88779694dc46460fb1e076cee83c5be4e30a97c854ecbfc8f239804f35ccebd7,1,0
ncb-case-1b9279bb902fca77,scientific,adhd,fMRI-FC,unresolved,False,abstained,evidence_gap,literature,042de82b6e180575d97e5abc72a24dcbb9d282effef3e184634dd3d8f6251552,ncb-sem-02e98abc510ab3f0,ABCD,8875a7bf33df951977e26ecd4ecf5885a3a6e08b889d220be4400f20649c8706,1,0
ncb-case-1baa52a178c84188,scientific,asd,fMRI-FC,unresolved,False,abstained,evidence_gap,literature,8006929afd02e83488b6b126559c6871c27e67f92e44168157621b5323681d50,ncb-sem-1bcf71f03d32a2b8,ABIDE2,7fe9235c8d5841b21b4e02f5f1ea3da19d265b3dae41e4689eb549064708d519,1,0
ncb-case-1bb69c61e99fe8ae,scientific,psychosis,fMRI-FC,confirm,True,abstained,strict,literature,f4973facbde2385f27bbaeeb38405ae850c4a5ef31c8a96a6f710a6288abebf7,ncb-sem-2ccad72c3141229c,COBRE,6c9d8d248e03fd072175b3155b829fce548d5dc88bffc0dd63db73a27cc1b1f9,1,0
ncb-case-1bee3c48cbe5d877,scientific,psychosis,fMRI-FC,abstain,True,abstained,provisional,literature,b2c71003102c909dd34665617cad7aab274086031a08aad7bde388b035a8a425,ncb-sem-6c35024a79091cc0,BSNIP2,66560a7fd0e34141ba219136468ed4d54ee064cfff748f6d27aa451fbfd80069,1,0
ncb-case-1e2e456b045a80f1,scientific,adhd,fMRI-FC,unresolved,False,abstained,evidence_gap,literature,ee68ae43c36d7e8041d4e3c3fc5f38ae133a163b0149de359965b8387562f7ee,ncb-sem-2b233c027e6c128b,ADHD200,f38d6fdbc4e79d95965379c89ad839dad19e0303155a580a4d7bcd26ddf9a32d,1,0
ncb-case-1e5022cdf2a99f7a,scientific,psychosis,fMRI-FC,confirm,True,abstained,provisional,literature,0960ebd7c899621d0dff9af5d9c0b550295e3b9d0284eb626fb35be6b52689de,ncb-sem-a44d2718db4923a4,BSNIP2,3cd280f660dfbcd415a0ac5f54af96f2ce8fe1cc897a4a14f869e1ea54467213,1,0
ncb-case-1e546dbf6e23c75e,external_transfer,psychosis,sMRI,abstain,True,abstained,strict,literature,cb507c12e98e0c48a27fd4dac9ed7e9597c60339ee4580cb500632786f9cd015,ncb-sem-83a3420c79caa878,ds000030,ddd73764077ec10348da93d1d35e97680ce187d09150a66d48ab1c7ca7d700bd,1,0
ncb-case-1ea0be69229af7a2,scientific,adhd,fMRI-FC,unresolved,False,abstained,evidence_gap,literature,429dcb7a854709ebe8a9aca0cea5fc242a9ef7c863f685d2fe3091ea1b722b7d,ncb-sem-d1d63849392e8fad,ABCD,c8faa8d62af041ef89350be38a83cbeb57d551b518e3e17905b78d1b51c85218,1,0
ncb-case-1f2175401ed164dc,scientific,normative_fmri,fMRI-FC,unresolved,False,confirmed,evidence_gap,literature,53bbcf6a2b0a61878655e2e0d64b3a5ac9128bdced0680878f27860708d8d09a,ncb-sem-9baa4928c0e53a88,HCP_Aging,1bc0eeed8b9a00bcce2b16c492833a958ed447237b1b30b729a3a74a70d428bf,1,0
ncb-case-20fec8cf8f96b7ca,scientific,psychosis,fMRI-FC,unresolved,False,abstained,evidence_gap,literature,adfdf92ec3b7d82f846061a833138ee3d6955a288b1384df67e2e4e64f1d87c3,ncb-sem-0de9c0c5b4d3defc,FBIRN,561d93190dd22ced60f31e0fd38e0faf5c987fc53b8acf69c6396133d316d230,1,0
ncb-case-215385d2d757b6f1,scientific,psychosis,fMRI-FC,unresolved,False,abstained,evidence_gap,literature,d8607c5669ed576987535d932e063a92d7702cb0f9133fd9674dfe5589e32dcf,ncb-sem-f6629357fa60f0d6,ChineseSZ,4bafecc6ed3b9d87a26b408fcd1dd48f8e80cc184c6f98eb941ab54c48ad2031,1,0
ncb-case-21fd4a7942a133d5,scientific,asd,fMRI-FC,unresolved,False,abstained,evidence_gap,literature,34ad74317355f61b0e51248e3cd2fc0fa2e50d4425bd51e8f4a23e584818898f,ncb-sem-9610f92c93cdb893,ABIDE2,1329501baee4943a8d1925394f1bd0c531b39a4df9d4412f31a9e326f49d547b,1,0
ncb-case-2234f7dbb511d7f2,scientific,psychosis,fMRI-FC,unresolved,False,abstained,evidence_gap,literature,6be75917f0e2f16e42737a15e1d03b83801e2cfd0f7880fd0c744de4b4194bea,ncb-sem-6c35024a79091cc0,BSNIP2,e5b2412738b16335f55b1518f3aac394c8cfff48e1b39a9dc0d2b64c2cbb5877,1,0
ncb-case-226e96270875f9ec,scientific,adhd,fMRI-FC,unresolved,False,confirmed,evidence_gap,literature,30f9e44b2da47ffe1a7d08cf76441f598f9536fad52dabc91e41aedea32a9cd6,ncb-sem-05af2046a1fc0188,ADHD200,909dd51daf957cf4b20c9b9653fa6fd59e0a164cd218cfc872a8413563b73c59,1,0
ncb-case-2296934ffe3c0610,synthetic_safety,synthetic_stress,fMRI-FC,abstain,True,abstained,constructed,constructed_control,bc9561cf36451f71dc170eed589166cd8b983c6f180f4002d802967d428dd31f,ncb-constructed-3da9f6729c947c49,neg_site_confound_abcd_s2,fcd62e593092700b4e7bedc28b51d5f3f2566377e10ce98b5ec2423c0fd12eeb,1,0
ncb-case-22996c9eeaa28686,scientific,psychosis,fMRI-FC,unresolved,False,abstained,evidence_gap,literature,83f61ceb13a1f77475c2bafa9ca9a6ce4041c1d2c98a28e1cd7fd503422ef111,ncb-sem-2166e66544e56e96,FBIRN,611e67de29172a34127865843ed7fbb0a3c674cbea476eacda530d3d8c5a9abf,1,0
ncb-case-22c0b8daa3ec869d,synthetic_safety,synthetic_stress,fMRI-FC,abstain,True,abstained,constructed,constructed_control,bc9561cf36451f71dc170eed589166cd8b983c6f180f4002d802967d428dd31f,ncb-constructed-2154cda3312a2057,neg_p_fishing_adhd200_s3,75f27bf902a69eb3491dacf2f33de0bd4fe16d43b668d5a3245ffa665c7b45cf,1,0
ncb-case-230c57b182c3252f,synthetic_safety,synthetic_stress,fMRI-FC,abstain,True,abstained,constructed,constructed_control,bc9561cf36451f71dc170eed589166cd8b983c6f180f4002d802967d428dd31f,ncb-constructed-88b336b6e468b247,neg_p_fishing_abide2_s3,0cd02a3132b5afda35a56670b90451b2fba87c7caa9c600b4a5873768af9b48f,1,0
ncb-case-2370bde3a6fa5c56,scientific,psychosis,fMRI-FC,confirm,True,abstained,strict,literature,5b3efc83c2238eab3df9ed2b7c3e5db350519871fbc673eb52d4bdcd615604b3,ncb-sem-a44d2718db4923a4,COBRE,9066c4a0d3bc2f9f335adcc9e6fce3653c8c38198faedd03436f1aa34da54b25,1,0
ncb-case-23f61026b088cfd9,synthetic_safety,synthetic_stress,fMRI-FC,abstain,True,abstained,constructed,constructed_control,bc9561cf36451f71dc170eed589166cd8b983c6f180f4002d802967d428dd31f,ncb-constructed-20645e251a4d71d2,neg_p_fishing_oasis3_fmri_s1,dfbe62737d4d8555178bbaa468c83f85ce4d4ddb051a2ba34c5428eb1dd7b8af,1,0
ncb-case-24c28c91c3021eb6,scientific,ad_aging,fMRI-FC,unresolved,False,abstained,evidence_gap,literature,8b20c9be920cca4814ccd228983288411d29bafc0dc4294a7aee1addbfc71e56,ncb-sem-0cd6c8ea82eb22a6,OASIS3_fMRI,1d2a9e0f4f0b8bc35fe53e1c18e110f8965f0dbb01897b1aba0cbe4d193e5821,1,0
ncb-case-24c69df4cb6f5c60,scientific,ad_aging,sMRI,confirm,True,confirmed,provisional,literature,27b3b8973c48886671e13c09f7aba0b67e26d1c85bbef694fcd3d27c23592a03,ncb-sem-1aa85065ed1b8153,ADNI,b274fb2db756fa8fbe67b5bf4c76aa14a96203ae5a5dae6222358380236562c8,1,0
ncb-case-25404d4a24844fb5,scientific,adhd,fMRI-FC,unresolved,False,abstained,evidence_gap,literature,23a368ff60828e0ee0db8a67512b99e21274ca785f78e54e5a323fc5016e3be0,ncb-sem-9afa33f4c5eb06ba,ABCD,41e14c6dd1c2213b09c65b85fb99ab48160786245ae19fcdf1dbe6c8a7704fe3,1,0
ncb-case-26013675bfd8d20a,synthetic_safety,synthetic_stress,sMRI,abstain,True,abstained,constructed,constructed_control,bc9561cf36451f71dc170eed589166cd8b983c6f180f4002d802967d428dd31f,ncb-constructed-d904c9f0eaad68df,neg_random_label_adni_s3,6efee680423ceb0ac9968cca6e4747faaf747870722ba1c4e9170af0ecc523fc,1,0
ncb-case-260333890e7bbc40,synthetic_safety,synthetic_stress,fMRI-FC,abstain,True,abstained,constructed,constructed_control,bc9561cf36451f71dc170eed589166cd8b983c6f180f4002d802967d428dd31f,ncb-constructed-7e46608efb71dd0d,neg_underpowered_ukb_s3,81b80b20688f3f90aedb84dca8f05b7945488cbf34958a44dba055000732e9c9,1,0
ncb-case-26190155607a5ea8,external_transfer,psychosis,sMRI,abstain,True,abstained,constructed,constructed_control,c3f329ae2cc3045109c5a6c3051b95fb3d9edb309895ea869b08896d5cd32f40,ncb-constructed-224a37abde2396b4,ds000030,73747f0cddc3039ef2f721bcbb1f7c47c6c634c7bc996bbaa9edc229f715aefb,1,0
ncb-case-2779a2af4fbe7c5e,scientific,psychosis,fMRI-FC,unresolved,False,abstained,evidence_gap,literature,cd3601dfd0043d88bca145b4600da4e750740d909e5ebba12c6d2b4749b0d7ae,ncb-sem-6c35024a79091cc0,COBRE,622e97baf8eece3cc6a62615addca82592c24a5eb42cd164d81459a0d041eaab,1,0
ncb-case-2828d16ce751ab31,scientific,ad_aging,sMRI,unresolved,False,confirmed,evidence_gap,literature,39825fec627a2e8426a5ffa557927023686d7b60551236745f601adda2bb29fe,ncb-sem-750f3d2e5a18f3fd,OASIS3,970b61f9cba924c6d68292ce20e398b5486f23406238ab4f20992d5ff84ef2ca,1,0
ncb-case-29fcd3255c477bd4,synthetic_safety,synthetic_stress,fMRI-FC,abstain,True,abstained,constructed,constructed_control,bc9561cf36451f71dc170eed589166cd8b983c6f180f4002d802967d428dd31f,ncb-constructed-966b3fe90dd0233a,neg_p_fishing_adni_fmri_s1,0cd265e25bb8f4a611ccea7c88317f72040f9c7850dc7646c615fa9d13a7ba23,1,0
ncb-case-2a478afd6f28d2fa,scientific,adhd,fMRI-FC,unresolved,False,abstained,evidence_gap,literature,5e68e8432ce7444392ec81f9d01c5b1f2d73c5553440f48dd91e84d651415103,ncb-sem-e5f15bfbf25f78f4,ADHD200,91575e683551f75081c4f506c9039447b9776b05e7c95ff1bf81a2323f0c51b9,1,0
ncb-case-2a86f3769ff9fdb4,scientific,normative_fmri,fMRI-FC,unresolved,False,abstained,evidence_gap,literature,3a2841b6dab54d00ae1fee08edd897a970baa824bb5a81813de4975bf70d6ec0,ncb-sem-383c02b5660c8b72,HCP_Aging,05c17620b6ff0817912306ae784d68f40f43538421d7a77238304c5941523117,1,0
ncb-case-2abf5fc78774e1f8,scientific,asd,fMRI-FC,unresolved,False,abstained,evidence_gap,literature,9a8b3ada48613ae7ef76b281498919c153b6d6f8b7b95da20a56fc642bf02251,ncb-sem-b4a8d5bfb3357c42,ABIDE2,206dd8d45a4d9d891eb2644f5acdf1aeb9a4d894209c6c0c3142e2a74481d2e3,1,0
ncb-case-2b3c33be0b079c58,scientific,normative_fmri,fMRI-FC,unresolved,False,abstained,evidence_gap,literature,a41420f536f7714287e4dfce224f39ed0adc6ad4ae0bd1571069678cda9ee1ba,ncb-sem-f6cad41f7540de84,HCP_Aging,a427d5471566b2cf475103489cde2f05ea57bbab09ea9cdd585ccf3a09b6dc00,1,0
ncb-case-2b77f64317510709,scientific,normative_fmri,fMRI-FC,confirm,True,abstained,provisional,literature,4d7298eb66c722a70b4bac20a8e6de4ad6974e0039e7e12c984a6983f924c52c,ncb-sem-1e00529a89dced24,UKB,6f07b924f78e762dbb04192421df62ac5dd24835b8e50993a3f5c2cdf333e66c,1,0
ncb-case-2b983101a2372286,scientific,normative_fmri,fMRI-FC,unresolved,False,confirmed,evidence_gap,literature,530e5c21bfc8d9fae437f44614c53c11ecbb23847a4503ce32eeea8747378e71,ncb-sem-dfc290f3eccf477b,HCP,7be5e0886589fedd176d8f8a4351a86533239f8929f35db4651ba564298bca62,1,0
ncb-case-2baf041afbc62573,scientific,normative_fmri,fMRI-FC,unresolved,False,confirmed,evidence_gap,literature,18d607e826ddb60b2ac1b306496243e0e6b99d75c58f65c3f2eee46d3189eec2,ncb-sem-4baa47ead031cd94,HCP,456c48345929eb71ad0b3a52855e1c8ae6d77f6e6ac96e12dc58ebe0ecd43705,1,0
ncb-case-2c50a189e0bf24b5,scientific,psychosis,fMRI-FC,unresolved,False,abstained,evidence_gap,literature,074c94e46de6318e076d953f0b4b4512f273a90851b345b12aa65fe8e6a544d2,ncb-sem-893ac2c9b485762f,ChineseSZ,6aa47e3b129ad9fb3b897f8e59d71e00f8f3abe34d5515c19a65bf8a5c880e1a,1,0
ncb-case-2e0f189c26580fe6,synthetic_safety,synthetic_stress,fMRI-FC,abstain,True,abstained,constructed,constructed_control,bc9561cf36451f71dc170eed589166cd8b983c6f180f4002d802967d428dd31f,ncb-constructed-ad6b354ca02a09e4,neg_random_label_abide1_s2,91524ba0afb540ec2bf410922397ec4bcdf765b562f31d4120d6184a88af54b6,1,0
ncb-case-306a800f887838bb,synthetic_safety,synthetic_stress,fMRI-FC,abstain,True,abstained,constructed,constructed_control,bc9561cf36451f71dc170eed589166cd8b983c6f180f4002d802967d428dd31f,ncb-constructed-f61a92e97920738a,neg_p_fishing_abide2_s2,b06c112fe652826cbee2235af02fba088e742c71297e691734171303d35a6d45,1,0
ncb-case-30ca33c996dc4653,synthetic_safety,synthetic_stress,fMRI-FC,abstain,True,abstained,constructed,constructed_control,bc9561cf36451f71dc170eed589166cd8b983c6f180f4002d802967d428dd31f,ncb-constructed-30f66bccfd6ca735,neg_random_label_adni_fmri_s1,cfc8fee4265680904f785e2de2ffdf1c69881338afce3dd249e566595e12ae99,1,0
ncb-case-32e530e2faadeb12,synthetic_safety,synthetic_stress,sMRI,abstain,True,abstained,constructed,constructed_control,bc9561cf36451f71dc170eed589166cd8b983c6f180f4002d802967d428dd31f,ncb-constructed-e25ca4b164856254,neg_random_label_oasis3_s3,bc7a72687a803144afcd25d9c0c1ef79cb070664947250e327acf067476ec7c1,1,0
ncb-case-335c942b8a7f71ac,scientific,normative_fmri,fMRI-FC,unresolved,False,abstained,evidence_gap,literature,96aee9e4045df0936dc512090197b1714506d8f70e189d6949dfa3665e906cc9,ncb-sem-42378af71a5a3ea8,HCP,f84fe6980294c120bccc3de4d0ceb634edd5c41e1166cc53760b2275e4bae482,1,0
ncb-case-33a00e68c2927737,scientific,normative_fmri,fMRI-FC,unresolved,False,abstained,evidence_gap,literature,e8a90461e74ec7ea6bd2848fdbda5621c505143c5489c8da0aa3baa02a292dfd,ncb-sem-e297b93c7c7c4209,HCP_Aging,ee627d7a5d823df05e627bdf39c5c62a61d74c6453f8c490dc39a233a4ecf6a1,1,0
ncb-case-33c303f3c628befd,synthetic_safety,synthetic_stress,fMRI-FC,abstain,True,abstained,constructed,constructed_control,bc9561cf36451f71dc170eed589166cd8b983c6f180f4002d802967d428dd31f,ncb-constructed-d9e51aa0e5aa0713,neg_site_confound_oasis3_fmri_s2,54c17f36d0f78ac84dfdc0a179b23b3cd6b24b6f4ab4864ce8448e189a4f70b6,1,0
ncb-case-34820492461087e7,external_transfer,psychosis,sMRI,unresolved,False,abstained,evidence_gap,literature,d20f98d5266325de494f1804636bb9f8f0b44c8f3c95f5c72a0c6e0217a6de96,ncb-sem-599c3fa34cbbd1a8,ds000030,9c7a47dbebfe1759a0b310c27fec449c761d034846196c9372d436a7fa570a34,1,0
ncb-case-352f3448885481de,scientific,ad_aging,sMRI,unresolved,False,abstained,evidence_gap,literature,53fa251788a35110e095f3a21563ed929421af399dc979f6c4aa653fe49e89bf,ncb-sem-1bd1a60a1440fb79,ADNI,c922885057dbc163bc0da7c09a1f929618f4043b01e964bfbd4ba2d3947e992e,1,0
ncb-case-354b1c1b69293f0b,scientific,psychosis,fMRI-FC,unresolved,False,abstained,evidence_gap,literature,af1e3ea30c2d14dca25b864e581917b849d1fce778a0ae1bb2311ff513f67c9e,ncb-sem-2166e66544e56e96,BSNIP2,872c426870a43fc09bee7deefd9487ffedf554184b618cfa1548e9f8d3be8d34,1,0
ncb-case-3571b049e7ec3682,synthetic_safety,synthetic_stress,fMRI-FC,abstain,True,abstained,constructed,constructed_control,bc9561cf36451f71dc170eed589166cd8b983c6f180f4002d802967d428dd31f,ncb-constructed-0a81de0c3423a58c,neg_site_confound_abide2_s2,61a83b2df86312b44fa182cadf64e7b04455fa04f0c9fb62a3cbec3ec1cb334a,1,0
ncb-case-3598edeef79d44e6,external_transfer,psychosis,sMRI,unresolved,False,abstained,evidence_gap,literature,fa741a945b42d260005158d1cd289b0c8dd483433e9d7075274f9a62ebf84f68,ncb-sem-32ee581d8c3f930c,ds000030,b8fb8dbb05332d12269e95853428ee27fe9dc55dcc7002c27e81a5ac83b94e59,1,0
ncb-case-36342b22349b96fd,synthetic_safety,synthetic_stress,fMRI-FC,abstain,True,abstained,constructed,constructed_control,bc9561cf36451f71dc170eed589166cd8b983c6f180f4002d802967d428dd31f,ncb-constructed-4e70c98059394cf2,neg_site_confound_fbirn_s1,35ab0b847aafb7de2e2678785d830cb00125095448dadd1b4ef99c2f50ad9935,1,0
ncb-case-374577051c4f64d8,synthetic_safety,synthetic_stress,fMRI-FC,abstain,True,abstained,constructed,constructed_control,bc9561cf36451f71dc170eed589166cd8b983c6f180f4002d802967d428dd31f,ncb-constructed-ba5d1f740a6c1161,neg_site_confound_cobre_s2,65ed609046c2750096bdeed2696ee264aecdf77935ccb41b7b3aa45e6bed6379,1,0
ncb-case-3852c7b8e66b6dd3,scientific,ad_aging,sMRI,confirm,True,confirmed,strict,literature,5942338980a08aaa9cf5e973661fe3df2a80114b60ce0dee3ca67136ccb9b2ba,ncb-sem-f3e4911f433998d2,ADNI,b22524a12bd4a0b93a1526df97ea32199d9f08beef37d943ae1d4f7942ff7f5b,1,0
ncb-case-385bb9463aa48d73,scientific,adhd,fMRI-FC,unresolved,False,abstained,evidence_gap,literature,4037e2e75b04cd9206d8c402d57a297ff5c80638d0578700e00a403422e06da0,ncb-sem-4297ac55ed4096d3,ABCD,c64dac21d8591104aa2912c0fc623cb3df7ae2fad45f89683dcc7f18692dc403,1,0
ncb-case-386d8c898d91864d,scientific,ad_aging,fMRI-FC,unresolved,False,abstained,evidence_gap,literature,bb0702c42caf974ef7f34c2f9d387c0bf6e1c67a9e7c41134334a9af131dea6b,ncb-sem-2e39c87cf3178a9c,OASIS3_fMRI,0b054fd85acaa06382e368b06e24cb23876d673dda29faac3b690645e449b6d5,1,0
ncb-case-388e09fd3169851b,scientific,asd,fMRI-FC,unresolved,False,abstained,evidence_gap,literature,e0a1a693139df854df77ff104e7081d5c005c2a2154d6b8035a08cbf2efaa53e,ncb-sem-27d3f222f4588508,ABIDE2,30f73b540a076be8877cbf58acf8e237d4ffaf8c5fa00b91f350eced56d4fe50,1,0
ncb-case-398bb1d9c6e61c0a,scientific,psychosis,fMRI-FC,unresolved,False,abstained,evidence_gap,literature,aef68fdadbfa0011b5691a1ead3ab683040408d7b7f68fc7d6d8f4a466b7a408,ncb-sem-2166e66544e56e96,ChineseSZ,047feb6835500e20fce6c8866aa5f4319884079d3ece961fffa1950d3f67649b,1,0
ncb-case-3a513699cdbc46f0,external_transfer,ad_aging,sMRI,confirm,True,abstained,provisional,literature,d99250dd5fdee3cfd1bf95b8aba0c7aba750e348bdcc082e468cb45970ab8073,ncb-sem-8df3c520b912b075,NACC,12f6919745623d9ae92aec900c1af98d80fb2e7cad3c02d62f5620f74c97dca7,1,0
ncb-case-3a82f78713b42591,scientific,ad_aging,fMRI-FC,unresolved,False,abstained,evidence_gap,literature,ef2a8e15be082d933317e939029fdcff5bd018f83edc5aeceae2519cad111e55,ncb-sem-7f91f6e25ee9d60d,ADNI_fMRI,4d6ed37bb9324c72153b3fa839362f89320d16c7cbd9dd2659db729eb80061bf,1,0
ncb-case-3b56eea1c626193f,scientific,normative_fmri,fMRI-FC,unresolved,False,abstained,evidence_gap,literature,33fa3ec69b7b9eec6fe26b51c3bd67b129d4b0aca9cf3fe70527eff9a3a3afcb,ncb-sem-0e2fdf4f1720ce06,HCP,704522685c487d817c358b1648972cf4b93110fe504eef340f7662e1605fe2af,1,0
ncb-case-3b74492f05f5a5b4,scientific,adhd,fMRI-FC,unresolved,False,abstained,evidence_gap,literature,aafddaff6e02d26deda394069fd3fddfb42755355228d65e871f1ec7543099f9,ncb-sem-57936e3548ab028f,ABCD,6bedac272110f71307ba214166242c783aaabb9d2c90371d6e25cf14b2258297,1,0
ncb-case-3bed20a5a12dcc68,scientific,asd,fMRI-FC,unresolved,False,abstained,evidence_gap,literature,9dbb04d49595ab31799f0dff4ca9d3191283f2fe277327880665d6e8e5da2ea7,ncb-sem-77e0b8089e3a4a66,ABIDE2,5e6aa7181e35b6057dcfa0b2ef30e1accaf27ffa30c7110a71e05a7d42cd2bf4,1,0
ncb-case-3cb5c7ed93f00eef,scientific,asd,fMRI-FC,unresolved,False,abstained,evidence_gap,literature,2e8ca1fa68a1ceefd584df107b0c74c0f6322971d553a5483aafdc6e3a1c7d14,ncb-sem-2b233c027e6c128b,ABIDE2,1518a0abab43514213f4d83221121b85df589c0db1f51783ab24f10b187a989c,1,0
ncb-case-3d181c44d8c183a5,scientific,psychosis,fMRI-FC,unresolved,False,abstained,evidence_gap,literature,01556625a9b8ec63fe4f204a3a16d2a31f82ef736397c39bf15f966331a4eb3e,ncb-sem-2166e66544e56e96,COBRE,49789008a2790135ef34dcf22e9cca7d4c0f5d7fbda4deb5eba3ff7d6e6f9a00,1,0
ncb-case-3f38a4ee78fb15dc,scientific,normative_fmri,fMRI-FC,unresolved,False,abstained,evidence_gap,literature,fa4fde5a5fdfbbd433747fbd9e5e95781de4d8fda940f64d4b4c99da4ca207b5,ncb-sem-3faf51692de70837,ABCD,65466f9b282b22be1e717ceaf51a11a1383878fa6f0987faf8a0e2a126ffa737,1,0
ncb-case-3f8c5d8c867c4a9a,scientific,psychosis,fMRI-FC,confirm,True,abstained,strict,literature,2b3aaeaee648421d90f5cebc8afa825e590bccaaffd0465c374864d091b40dbb,ncb-sem-acc9140cbcc764b1,BSNIP2,09903e42ed156c2690cdbe27471b1d9877a5a23f33b016ead3e1b12870fef1fc,1,0
ncb-case-3ff244009ecdaede,scientific,normative_fmri,fMRI-FC,unresolved,False,confirmed,evidence_gap,literature,7e06971cb92409b74cf0be5e7f4bfe07c0a2679d8b49d129f16516602aa3b07c,ncb-sem-4a45aa5df3ae914e,UKB,f38be8ab6a8f07ce1df876772b2b2987abfe8d7da0a73638f07bf09b7f8218f9,1,0
ncb-case-401633bf098f7966,scientific,psychosis,fMRI-FC,confirm,True,abstained,provisional,literature,54acffd20c41e9a0c533f35de4add5b79743714fedc400c8ca10b2f70357ed1f,ncb-sem-71354e62dc1c127c,BSNIP2,c671d3de1b2734cb8e64ccc55fdd15ea4118e551d604845c6f756f7b71f7ba43,1,0
ncb-case-4019f0acf90b7192,scientific,normative_fmri,fMRI-FC,unresolved,False,confirmed,evidence_gap,literature,dd0cec98d7f1aac97206ba48ff4eed4d194206d7740113afc245558505ea93be,ncb-sem-e6626f0717ad07d0,UKB,3700ad906c849ad53fa7bd2bdd91cad428c07057952f31ecea37b17a562b5aa9,1,0
ncb-case-403de616edfedcd9,synthetic_safety,synthetic_stress,fMRI-FC,abstain,True,abstained,constructed,constructed_control,bc9561cf36451f71dc170eed589166cd8b983c6f180f4002d802967d428dd31f,ncb-constructed-081dde1ba0504fbb,neg_random_label_fbirn_s3,81bc0f58011fdf7ddb6089d83c1f2d20752e7fb5e63c59a1d606357af3bdc882,1,0
ncb-case-405a074cf5dcdbfc,scientific,normative_fmri,fMRI-FC,unresolved,False,abstained,evidence_gap,literature,1f7bc67d179b9355b46c0a6d219801071d9b65cbb77303c00ba2f5be300fd9ba,ncb-sem-f6cad41f7540de84,HCP,7c173adc5485d7ce2f944c400dd42b6053d003a6972c57de7cbc05bac07157ce,1,0
ncb-case-407080b86e5d621b,scientific,normative_fmri,fMRI-FC,unresolved,False,abstained,evidence_gap,literature,98180d740463670610765b132da60a10ace8a9493947889b4dd690caf805ac31,ncb-sem-027c48c5b3ac8f14,ABCD,c9246d08669f6265e26d6a274208eaff54a2c585d734065f5cd7d4289f86a6ed,1,0
ncb-case-40b35f5b521303d6,scientific,asd,fMRI-FC,unresolved,False,abstained,evidence_gap,literature,9763df7a7dd31b105295896e054169d61cc3598bb9a9102307e7c70996ef8888,ncb-sem-3c909cffd2f141c3,ABIDE2,08efd1786e5b448a84158f5fd3ce228ce6c198e48d98d9822b46850721e8ef2c,1,0
ncb-case-40c850a951edf3c4,external_transfer,ad_aging,sMRI,confirm,True,abstained,strict,literature,7d6f3bbc1c0664e8ee14229ef41c27e1d9a65e696ce299470f12eab5fde10c33,ncb-sem-37f640879318ca57,NACC,bd91d6374d028fa2b0bb5214ffa478877487a12d7b56cf7a495d42c306ac0d99,1,0
ncb-case-414ea2db73e27155,scientific,asd,fMRI-FC,unresolved,False,abstained,evidence_gap,literature,236f6f8d2cc35a40518e8dacfa931adce471b00d7c760cd18c013bf3c54ef816,ncb-sem-e31d66eed7539323,ABIDE2,68bd56b0483a236c99db6544b25fa5e81003dd38c2af773be2d3d39b9ad070a6,1,0
ncb-case-4172455c089aaf48,external_transfer,ad_aging,sMRI,confirm,True,abstained,provisional,literature,f4395d06c9578d1034e9abe5d06d2827e70ee292be7e98cd9e834f1288ffbc67,ncb-sem-c5c5d5fae3364e73,NACC,ec4fe05bc8c819f77f52fc16c1b49bfb65baae47ab32e076bac1d954680a7599,1,0
ncb-case-4359ba9588e8d632,synthetic_safety,synthetic_stress,fMRI-FC,abstain,True,abstained,constructed,constructed_control,bc9561cf36451f71dc170eed589166cd8b983c6f180f4002d802967d428dd31f,ncb-constructed-ffb352ce0ed38b76,neg_site_confound_adhd200_s2,ec601d06e6ff6b54a50e5fd600d98948ea9f856288b3fc026de5dc0e8fe30ba6,1,0
ncb-case-4559fa0aed7011d2,scientific,adhd,fMRI-FC,abstain,True,abstained,provisional,literature,b147e37145b8404255308206cc5af8896c29428cd9abb5b38d7cb1275b6e32bc,ncb-sem-a7e5d3c11d8415e9,ABCD,0cdad63325891f3d72ae9d25459e2fb0c7ad22a7911a1534b14c6b1dfdc02f28,1,0
ncb-case-457ca5b478f25cec,scientific,adhd,fMRI-FC,abstain,True,abstained,strict,literature,8b63ca6230fea2f14399ec682f45c8c5b098b159b529849780b7bac031ce5ac8,ncb-sem-8735a48780a17800,ABCD,feb70aa94fa7c90fa2df8c05f733ba5d944a5de106a49eb36eb63cbfa0415e66,1,0
ncb-case-461563d7023f964a,synthetic_safety,synthetic_stress,sMRI,abstain,True,abstained,constructed,constructed_control,bc9561cf36451f71dc170eed589166cd8b983c6f180f4002d802967d428dd31f,ncb-constructed-75c1df457f4538b1,neg_p_fishing_adni_s2,1f7403bea6b8ee84339b904397d723ba6d575b1278b30c9023046e6b9e3a8d3e,1,0
ncb-case-464ae6d969312edc,synthetic_safety,synthetic_stress,fMRI-FC,abstain,True,abstained,constructed,constructed_control,bc9561cf36451f71dc170eed589166cd8b983c6f180f4002d802967d428dd31f,ncb-constructed-beba54fd50e421c9,neg_underpowered_abide2_s3,58bbab3b5e3ff5192130326f448a328d09d03cbd6bfe5f52af370b8e1662ddfa,1,0
ncb-case-46a70a8481fa30fd,synthetic_safety,synthetic_stress,fMRI-FC,abstain,True,abstained,constructed,constructed_control,bc9561cf36451f71dc170eed589166cd8b983c6f180f4002d802967d428dd31f,ncb-constructed-b3570f607176e572,neg_site_confound_adhd200_s3,0bb6a3a9dc5929ae8a8cdcec4aed8442f955601eae193549a7e372be736c44c3,1,0
ncb-case-4714a8b918533965,synthetic_safety,synthetic_stress,fMRI-FC,abstain,True,abstained,constructed,constructed_control,bc9561cf36451f71dc170eed589166cd8b983c6f180f4002d802967d428dd31f,ncb-constructed-a1bf2cd98a12e8c5,neg_site_confound_abide2_s1,f8423e8ba6d67c54af96dcc3701b744e672c09a09a66aaf53bd2cb3a2f2a61d1,1,0
ncb-case-47448419aad2f13a,scientific,psychosis,fMRI-FC,unresolved,False,abstained,evidence_gap,literature,e8f14d2146dd256528b401a0503ab26337c62569d3a5d1214721c22ad58877f2,ncb-sem-b158ae5ae8b91424,BSNIP2,548d362dc26822867e373f356852faa0ed9fa00f1757c8e4486a1d240506e03e,1,0
ncb-case-47f367aaeb28dfa4,scientific,normative_fmri,fMRI-FC,unresolved,False,abstained,evidence_gap,literature,01601d6c8e794ea44c5f1de28b174d9bfce919be7b20f2ca4280c4a8b454c7df,ncb-sem-b478bca2f871dfa1,HCP,e1c33335981addda2599fe24aa86c62ac3f0c9a159ee7345d23c83e540683619,1,0
ncb-case-480365459298fd92,scientific,adhd,fMRI-FC,unresolved,False,abstained,evidence_gap,literature,45a53ebaaa1e06d04fefc2ec7fbfe0f5f751658ba43cb23a4a4bd4fb9c994662,ncb-sem-bcc28b71066821a5,ADHD200,5bbd3e8e8a1ab72c7633d7b63be523d5be9acc9a12c37f90328b5027bff3b9f5,1,0
ncb-case-49d02235c00a9e00,synthetic_safety,synthetic_stress,fMRI-FC,abstain,True,abstained,constructed,constructed_control,bc9561cf36451f71dc170eed589166cd8b983c6f180f4002d802967d428dd31f,ncb-constructed-ef1e8b7149811ac5,neg_random_label_abide1_s1,880fcb45e6645caeaaf6e7d14de13bf9b2da725a1d114d3dded099e809e5baef,1,0
ncb-case-4a5cfe7867e9ec38,scientific,normative_fmri,fMRI-FC,unresolved,False,abstained,evidence_gap,literature,00fd057640d4e21c3977da61b48d58c502b5a2a71d27ad9a44b09795174e6371,ncb-sem-7da5c992c2ef34ed,UKB,42b2c11ed186c2c9d794dfd42e14b54cf31afc8d70f2f8c136913760977724fb,1,0
ncb-case-4a6caed07c3d5c5b,scientific,asd,fMRI-FC,unresolved,False,abstained,evidence_gap,literature,3216377109631cb3e8700e5ef4e7b61b453b37799de22d813c5e133b043e979f,ncb-sem-f1008f8ce10847e7,ABIDE2,3bb5fd92cff87e343d33e2cd0d6797eaf54d41cfe43a2123a8f42229247ead6c,1,0
ncb-case-4b03344836145733,scientific,ad_aging,fMRI-FC,unresolved,False,abstained,evidence_gap,literature,bbf6ce17f877d6799d5fd59d11b01b3529c05a2439aeb61b1c01872259a184b8,ncb-sem-e9cfe2277ad61e00,OASIS3_fMRI,f143dbf87a77594f45f0c498342b2f4b17215390bf78679a21770bcc782da655,1,0
ncb-case-4b52a48bc92d1907,scientific,ad_aging,sMRI,unresolved,False,confirmed,evidence_gap,literature,25c46966a02fefcc882cd492f918798f98d9d71b135b2cc888744d40d8bc6252,ncb-sem-35771173cccac1ce,ADNI,2290e2c4612f7606a50c7a7de849ae8a00aa0d67c1cb0d41adda7d27c1cec0f3,1,0
ncb-case-4be43e80b37748a5,synthetic_safety,synthetic_stress,sMRI,abstain,True,abstained,constructed,constructed_control,bc9561cf36451f71dc170eed589166cd8b983c6f180f4002d802967d428dd31f,ncb-constructed-9a4d9c8ed5bb5cd7,neg_random_label_adni_s2,c0127a06d407afa7fd647c645835bde7b47ee103caa02110dc884452721e54ad,1,0
ncb-case-4c6bb38fc4e83859,scientific,ad_aging,PET,unresolved,False,confirmed,evidence_gap,literature,971e0ba85bd308439b4473e5b129c205065eb077bfa7cab7d9489fdd1bf8314e,ncb-sem-d22048e0b525ef58,ADNI,da99887ee1c161f8ace824a8f4f353abd0b75b76e0f9cc87e3fdc1d6e2cca576,1,0
ncb-case-4c9e3d042942d150,external_transfer,psychosis,sMRI,abstain,True,abstained,strict,literature,60fe191239a61a263493aea1a1a7b286ecea8868d2e3268457dd7a2cfa4c4274,ncb-sem-2f96bb21f27facb1,ds000030,fc18a39ffb8c66fb681c83d5e2c382c09f10fb5024d6d1c7f4f8b8860e260f02,1,0
ncb-case-4cda00f5e04a384e,scientific,psychosis,fMRI-FC,confirm,True,abstained,strict,literature,10685a7400f926e4fa739e217543cee70f5a9bbac376fd29256dcca75c636c8b,ncb-sem-9086d74191ad7d9b,COBRE,ec6d0cdd670ee6f647b9d7beb7a19415bd2f41ceeb82613f17a2f3f0fdaefbd5,1,0
ncb-case-4cdd6473c343f6dc,scientific,asd,fMRI-FC,unresolved,False,abstained,evidence_gap,literature,84af72908c7b8f321c78d60aac374797544378b154f67c119a75696f810078ef,ncb-sem-d8da72dac171db8f,ABIDE2,09bce8d2747a588b48e78179d64eef021ef591c62d258c96db87fa1a187763be,1,0
ncb-case-4ce91bcd046f4f5c,scientific,adhd,fMRI-FC,unresolved,False,abstained,evidence_gap,literature,6b5bdc4dddbee3b792e9544c0d98105f01a2b90cb96925c69cbebf7cafd9626f,ncb-sem-a8f42f69ec837949,ABCD,5b0717b45335d600cb9bb3a3365f50480541f74ab04b95723d2b163524b995c2,1,0
ncb-case-4ceb49455f770585,synthetic_safety,synthetic_stress,sMRI,abstain,True,abstained,constructed,constructed_control,bc9561cf36451f71dc170eed589166cd8b983c6f180f4002d802967d428dd31f,ncb-constructed-c8cf5057432afb33,neg_p_fishing_oasis3_s1,a17be850c0a76e0a47d54b7c5ab9af8074c10539475800096965888ff45e2cf8,1,0
ncb-case-4cf7e03829da4740,scientific,psychosis,fMRI-FC,unresolved,False,abstained,evidence_gap,literature,849940a6d905eab0f21abc57eb9b71c66c1e25ab1c5041d6406fb28becad517a,ncb-sem-0de9c0c5b4d3defc,BSNIP2,a1da46d7f5fa792d06b40ef905be2163aa10371959c82a12774363e09e80a844,1,0
ncb-case-4edd5df7b61915f7,synthetic_safety,synthetic_stress,fMRI-FC,abstain,True,abstained,constructed,constructed_control,bc9561cf36451f71dc170eed589166cd8b983c6f180f4002d802967d428dd31f,ncb-constructed-6f03da012a94a657,neg_underpowered_abcd_s2,b3381266246ed6768c1876531551c6e6414b450416449c633bc84f40105ef819,1,0
ncb-case-4f1a10683a88a63b,scientific,adhd,fMRI-FC,unresolved,False,confirmed,evidence_gap,literature,196dd3e4394e83b00b491c411759ce51abf92f697318f03791d067b441430cca,ncb-sem-ff10f2963ca8353f,ADHD200,629feeb21e3e9864c374fe0a35b51260f4056a8fc7b7c45d4791bf412ac10a1f,1,0
ncb-case-4f73b9fb9795d736,synthetic_safety,synthetic_stress,fMRI-FC,abstain,True,abstained,constructed,constructed_control,bc9561cf36451f71dc170eed589166cd8b983c6f180f4002d802967d428dd31f,ncb-constructed-7156b4bb339f96bc,neg_p_fishing_abcd_s3,4d6f32ae88b34ae5198791150792e517d18b50a760361ac0f9cf8e55246e91e7,1,0
ncb-case-5151a76b417ad551,scientific,ad_aging,sMRI,unresolved,False,confirmed,evidence_gap,literature,6def621ca420a2e7ae20d887072457a2b620d0827a9972faf4eaa683c904baf9,ncb-sem-ed01d7c380e3f82b,ADNI,717fef42ce5138d1ee23f9ee14df5c45344ff5b74b01f2ad8ff362756ce635db,1,0
ncb-case-517cdffae2d3f74f,external_transfer,psychosis,sMRI,abstain,True,abstained,provisional,literature,7f994ebc658145f09bbcfb73c99b9710e8b3836d43af91fdcff20db068e71dfd,ncb-sem-110fb16d8d4b9204,ds000030,eaaa2769700eae0e80a70ab4b04f2ae8fe5e524c5f43d23ef5a8e192b0b69523,1,0
ncb-case-51a465ee26df6348,scientific,psychosis,fMRI-FC,confirm,True,abstained,provisional,literature,9daf31b295166f85b24a8dd69d534c7b295991f845021cb2a8b9bc20394544fa,ncb-sem-a189ecfd7f696ffb,FBIRN,1f9b7b9991250bd79fc9033f2a5b7c572c78ef720a49515d03a284e3899b70d3,1,0
ncb-case-523b397ff922e48f,synthetic_safety,synthetic_stress,fMRI-FC,abstain,True,abstained,constructed,constructed_control,bc9561cf36451f71dc170eed589166cd8b983c6f180f4002d802967d428dd31f,ncb-constructed-1c3ec3a7b022ee8f,neg_random_label_fbirn_s2,c20a3d5f8e9e123f2363ad80206fc2449b05c104b96938e8ce8f865f6b6b15f6,1,0
ncb-case-524a7695ac2648f3,synthetic_safety,synthetic_stress,fMRI-FC,abstain,True,abstained,constructed,constructed_control,bc9561cf36451f71dc170eed589166cd8b983c6f180f4002d802967d428dd31f,ncb-constructed-b00821de0050462c,neg_site_confound_abide1_s1,18f6d3452bd64ce5d66a7c0f589bc514062df39220647e427474c8f838f0c3f5,1,0
ncb-case-52ade9cc33e0962a,external_transfer,ad_aging,sMRI,unresolved,False,abstained,evidence_gap,literature,bd3ddaf56e9032d6155c6041b4ff21d5664b86d3a079c7447fdf3361cbda933d,ncb-sem-78a50c505bf809c7,NACC,092cd51bcb5448d733b56f9f575e9408342772b0c4744746991ea25c18cddf68,1,0
ncb-case-534b571b8a38e27f,synthetic_safety,synthetic_stress,fMRI-FC,abstain,True,abstained,constructed,constructed_control,bc9561cf36451f71dc170eed589166cd8b983c6f180f4002d802967d428dd31f,ncb-constructed-fb09e0583b130c3c,neg_p_fishing_fbirn_s2,b6e37ce62a4f72f8024f0abfc11340dcb5694437614cfb01ced29aba149aaab4,1,0
ncb-case-5389c58365529a0d,scientific,adhd,fMRI-FC,unresolved,False,confirmed,evidence_gap,literature,9364c7f8a618b162b808f7c05ac5c450034498633f3de5ddda06072cfba642ba,ncb-sem-e481c0acf618bcd8,ADHD200,0c84ae301c0de1abddf331f69604f3b8af8886ac64452c7b483f854ee385617a,1,0
ncb-case-53afa852706c0b07,synthetic_safety,synthetic_stress,sMRI,abstain,True,abstained,constructed,constructed_control,bc9561cf36451f71dc170eed589166cd8b983c6f180f4002d802967d428dd31f,ncb-constructed-942f205a8ec3bd50,neg_p_fishing_gsp_s3,f377cad3c090b549e6307e86b86848bbfca61e80004c1a7f7a1f05a905a24e88,1,0
ncb-case-53cccb1f9fc7e244,external_transfer,psychosis,sMRI,confirm,True,abstained,strict,literature,fd978b5ae0151f31957186f0712c9d8c4fde4906cf6ff34229da40b56586a592,ncb-sem-ea2ae86434a16888,ds000030,f4db51596e08aa4e0830c89f9882979171c69ea3570d1c48501c64f2d35b7a66,1,0
ncb-case-5497c2cc04ec78dc,external_transfer,psychosis,sMRI,abstain,True,abstained,constructed,constructed_control,29a3bfdaedf0db9e3e15204c4957260ce2cb4aba2461f907c5856820a9e828fb,ncb-constructed-6116b31859c3038d,ds000030,b7e590b3f843672aa68f8a9c8a3eb94f08d2fc57c5fa09deeac0be38d8512952,1,0
ncb-case-563734786967b257,synthetic_safety,synthetic_stress,fMRI-FC,abstain,True,abstained,constructed,constructed_control,bc9561cf36451f71dc170eed589166cd8b983c6f180f4002d802967d428dd31f,ncb-constructed-92e6908988c03241,neg_p_fishing_hcp_s3,7911d5fcc3aee4ba501e42669454d2fdcc137bf7f6d1feecb6bc5fd155fa4e81,1,0
ncb-case-5640b558ea5588cf,external_transfer,psychosis,sMRI,abstain,True,abstained,constructed,constructed_control,f0b6912c7bf1508bd7d141320b5ea0a5abad91d67669fd462bd5f9b896007f86,ncb-constructed-347d05f1ba7cb2e3,ds000030,07b5ce391445bb3372d9a20b6547a7aa28b023d95441930e2ded99807341354d,1,0
ncb-case-589d16fa1523ba19,synthetic_safety,synthetic_stress,fMRI-FC,abstain,True,abstained,constructed,constructed_control,bc9561cf36451f71dc170eed589166cd8b983c6f180f4002d802967d428dd31f,ncb-constructed-e7cee3f5d5246dab,neg_random_label_adhd200_s2,32a5293904ed5896a751849e20769a216fe1880beb927b626726a62974045358,1,0
ncb-case-58d09422c76d9229,external_transfer,ad_aging,sMRI,unresolved,False,abstained,evidence_gap,literature,b1d4718d0097480d5c32905038687b89f96368d04dc542d5dbd20a9bb293d0bf,ncb-sem-4fb681f9bc047ec5,NACC,d39f4693f159c73edbb7c2d0af3241a68013ffd7206a68dc948d8d6fadef7861,1,0
ncb-case-5954618486de89dd,scientific,normative_fmri,fMRI-FC,unresolved,False,confirmed,evidence_gap,literature,0f95eab306534d82d2c25aa789d7b0145508c7161412e1c1a7dc75893a845bfc,ncb-sem-44eddefc96bcba31,UKB,acb1371a4d55e5b67d2d06ead7f73f437ea8d35c88a4fe46cbd67148b6955944,1,0
ncb-case-59e12f2a1d37df0b,external_transfer,psychosis,sMRI,abstain,True,abstained,strict,literature,29d4a397de717b443ff164f79535880a17ca14137a5ea81c5b218276f867b10f,ncb-sem-41b2c73ae2363e71,ds000030,5794ca4d9a4f492b604df75e21a70452f997e1068093f33ff92a5cd7c5105b7f,1,0
ncb-case-5b69c6777dc873b4,external_transfer,psychosis,sMRI,abstain,True,abstained,constructed,constructed_control,2ea86ad7653b51850f171ad22fdf0fa4309290176b97d4d2ce94d089df7bb512,ncb-constructed-c1e49702affff555,ds000030,66984b6d6f418fec08df7648cc0d69fce52b12d7602e9ca795bd2a11c20fa3e8,1,0
ncb-case-5c237d0baa3f1c9c,scientific,ad_aging,sMRI,abstain,True,confirmed,provisional,literature,369145284d194fe1ac5a6007ba75dfe2b1a2f431fdb95d7e0b415b41597567a0,ncb-sem-25aa4911649f7d30,ADNI,0f508c95b4a3bf2f8378534e90302d62391a9fa42ce7d40f63b60d7d76091c99,1,0
ncb-case-5ca8c16bd5c5711f,synthetic_safety,synthetic_stress,fMRI-FC,abstain,True,abstained,constructed,constructed_control,bc9561cf36451f71dc170eed589166cd8b983c6f180f4002d802967d428dd31f,ncb-constructed-46ee2869b125b1bd,neg_p_fishing_cobre_s1,f91a2cdb84ef679828302a48102e853414e7f01df13f31bee2b1a2b55b471a71,1,0
ncb-case-5cc79c3c3ba68903,scientific,normative_fmri,fMRI-FC,unresolved,False,confirmed,evidence_gap,literature,e901b905a0a8a04497a5aa6b51dc1ec627ded00b08b0dc9b702170661ed9e948,ncb-sem-056dec378820f0e1,UKB,2da7ae8514465754088a9e1b59a38f021dec2a48c9ba27749492356ee704e952,1,0
ncb-case-5cecef89df0696ad,scientific,asd,fMRI-FC,unresolved,False,abstained,evidence_gap,literature,9b145e733c73d43246239a62c9bade15c159bba88cda626c465b0b37b812fd8c,ncb-sem-e48ab6e1b6ef387c,ABIDE2,531f4a09678d2222e7dfb2b3f2c5e270ea361cb4ff770d5a532b98fb51322082,1,0
ncb-case-5d0df33e63f38b2d,scientific,asd,fMRI-FC,unresolved,False,abstained,evidence_gap,literature,56db717c9ee711689f24e42842466bbde7048f7ace307c60d095601ab786f3b4,ncb-sem-ff10f2963ca8353f,ABIDE2,1f634e71dd689f9bf628ab2462201c44d5996f29424ad3bb244eae08906e402b,1,0
ncb-case-5d7bb99e17cc3700,scientific,asd,fMRI-FC,unresolved,False,abstained,evidence_gap,literature,a9a62d5037edfd7c12fc949bdd83959bd8a4663b5fdb80b542453e6f2a4985ba,ncb-sem-6ba39a227919b4ae,ABIDE2,55457edaa703fbe4b0e3548c6732e7f7dc35b0535beed7336e617f077b9a8172,1,0
ncb-case-5e1692364e183994,external_transfer,ad_aging,sMRI,abstain,True,abstained,constructed,constructed_control,a3cfaf6f116ca3b89ff9e9be919670aa8d21348b6b22a0f9e937ec2c5d21e713,ncb-constructed-3978da95bd4e4c96,NACC,0de4e0b71532da554422a891dd54ed5d6985a6f233586a6d545aa5ba3e0b57b6,1,0
ncb-case-5f469014af0452bf,scientific,psychosis,fMRI-FC,confirm,True,abstained,strict,literature,d40b471f39d3f359ec9a43c6dbba7db2c2ecbf620038ab06d3d5c2d59be6edcc,ncb-sem-2ccad72c3141229c,FBIRN,6130b7ec9d114c162d53c779a173cc930024074dfc2f729afa0cd4fc7c5e3827,1,0
ncb-case-5f84c6481c326bca,scientific,asd,fMRI-FC,unresolved,False,abstained,evidence_gap,literature,0bc71a22cf8f7ec2bcf4ebf922aae80b71cd6a4ff053429780628fbac2d1d82b,ncb-sem-3d9da92d0c9e16b2,ABIDE2,83e8c22eb0f4831ab466f92d33a57545f9a4ac8eb8d3c9af44021b75c7fef4c4,1,0
ncb-case-5f91152c41dbf77c,external_transfer,psychosis,sMRI,confirm,True,abstained,strict,literature,e6d448c103f6ded476b98d67475bbc33b4e3ce95f27131ccebbe6f597a7671ca,ncb-sem-8710a5bc636d93dc,ds000030,fc82caeab42cbb0ba375c7a3cb5f9955c6f293db20dd90fef6283883c8209361,1,0
ncb-case-5fb987203ec31b43,external_transfer,psychosis,sMRI,confirm,True,abstained,strict,literature,8e3711f519b4fd59b1ee0b9362eb0fed62785982f264e71c217d4926732d8ffb,ncb-sem-884efb947c9aa968,ds000030,6e919234505c3841b986a1832bc46d64f6b367352b038401c386249bf3bc8b83,1,0
ncb-case-6087f8c3d284c619,synthetic_safety,synthetic_stress,fMRI-FC,abstain,True,abstained,constructed,constructed_control,bc9561cf36451f71dc170eed589166cd8b983c6f180f4002d802967d428dd31f,ncb-constructed-65d6e26bd353f00a,neg_random_label_hcp_aging_s1,c2d028849e27a38a4163727fd41a1d0447400ecbd226af40cb963c1e4d4b2d1b,1,0
ncb-case-60beea1a930a7f70,scientific,ad_aging,sMRI,unresolved,False,confirmed,evidence_gap,literature,f5d8c73a9e5538cc47bcab0348b439234a57f53b31b88b1a360749270bd2dc25,ncb-sem-ed01d7c380e3f82b,OASIS3,c865d685dc0a2c5f04eeb7dc04fd4ed41e08db9bc66836e61819a499843a0b59,1,0
ncb-case-60e5e573834ca8c0,scientific,asd,fMRI-FC,confirm,True,abstained,provisional,literature,9ec192bbb8f21607d8ba21254c8afeec6cc3faedf3e55a441a97d3fcbcf5d56c,ncb-sem-2bf57780df2813c6,ABIDE2,cb86d4103ebb0e0cfb84aeae03b006b1b9f5e196a73b165f42e271c167d1f8d0,1,0
ncb-case-60f19a1546f42cf7,external_transfer,ad_aging,sMRI,abstain,True,abstained,constructed,constructed_control,506d430c1bbc4c4de013342e4a78c10bb7664e60c242cee4cf970c568fe960ef,ncb-constructed-1ea46aa0beae4a4a,NACC,236d9e863eca8dbbec9a7a6666c1537b22dcdd7218f3dabcdc6a0f59e0bf8511,1,0
ncb-case-61034bf5d316a13a,scientific,adhd,fMRI-FC,unresolved,False,abstained,evidence_gap,literature,e29b95fbe57d2d0bc975e13e732b5659c268a8998d0f486786a226e7fff9c820,ncb-sem-860a47454142ac22,ADHD200,89eeb82766aa49d0eae879688b4dcfa871807b5faa70ce3bb14f16084b4beb4c,1,0
ncb-case-613986362a2828c7,scientific,asd,fMRI-FC,unresolved,False,abstained,evidence_gap,literature,50edb8d2e4bed0d10116b990ac5fde158141430a5926aee2298b2c32dd86cb96,ncb-sem-0de9c0c5b4d3defc,ABIDE1,f6cf8c122d61317c21a1377772ef6ad477761ad1859be149fd5cb4bce5a08ef9,1,0
ncb-case-6183f51b32053a22,synthetic_safety,synthetic_stress,fMRI-FC,abstain,True,abstained,constructed,constructed_control,bc9561cf36451f71dc170eed589166cd8b983c6f180f4002d802967d428dd31f,ncb-constructed-875fbda4909f6948,neg_random_label_fbirn_s1,7e9f95804251f0a06e1f6d8cb164f6116b534a80e9cb46f8f54d9c3fe361212f,1,0
ncb-case-62686533ab9819ca,synthetic_safety,synthetic_stress,fMRI-FC,abstain,True,abstained,constructed,constructed_control,bc9561cf36451f71dc170eed589166cd8b983c6f180f4002d802967d428dd31f,ncb-constructed-daedae709f1ee51e,neg_p_fishing_abide1_s1,45b6d43ce4f879ea6a44edaca6f370c52e8a56c964096e1d0e3518533e00d0c5,1,0
ncb-case-62c90f7dfce794b7,scientific,adhd,fMRI-FC,unresolved,False,abstained,evidence_gap,literature,16da99455100e73d7cbf0d1821891a26f50e588e4113c7461a6afac868eb9e9f,ncb-sem-b4a8d5bfb3357c42,ABCD,03136ab7c6bb7990d987f647394f6865d014527a752393660750e24e0cd5b01d,1,0
ncb-case-6306bbc5eab11c13,synthetic_safety,synthetic_stress,fMRI-FC,abstain,True,abstained,constructed,constructed_control,bc9561cf36451f71dc170eed589166cd8b983c6f180f4002d802967d428dd31f,ncb-constructed-64de8a5a83f46434,neg_site_confound_ukb_s3,6ee77e7e1b81ebdc9c4d1d64f1ff8fc41f13827e444d89861719541b33f6be83,1,0
ncb-case-635ac952f3a629f6,synthetic_safety,synthetic_stress,fMRI-FC,abstain,True,abstained,constructed,constructed_control,bc9561cf36451f71dc170eed589166cd8b983c6f180f4002d802967d428dd31f,ncb-constructed-0495cee58f352ac3,neg_random_label_hcp_s3,26a7e82fe849729e94eaa3edccd79c6b8c40b0dded617a4a1a155d975e6cafe4,1,0
ncb-case-6409917126c6d41b,synthetic_safety,synthetic_stress,fMRI-FC,abstain,True,abstained,constructed,constructed_control,bc9561cf36451f71dc170eed589166cd8b983c6f180f4002d802967d428dd31f,ncb-constructed-25c0386298eaa515,neg_random_label_abcd_s1,0f0403a272133ad1e9738dc220a9a2dd1d5d73ef9331e00516f1d9fde01d31f9,1,0
ncb-case-64c3fdca757c0a26,synthetic_safety,synthetic_stress,sMRI,abstain,True,abstained,constructed,constructed_control,bc9561cf36451f71dc170eed589166cd8b983c6f180f4002d802967d428dd31f,ncb-constructed-c920eea2014882b6,neg_site_confound_adni_s1,1856779cf86705e92103386db48c5ddab8e563068c09f0ddec81e2554399db8d,1,0
ncb-case-65eee26713b640ac,synthetic_safety,synthetic_stress,fMRI-FC,abstain,True,abstained,constructed,constructed_control,bc9561cf36451f71dc170eed589166cd8b983c6f180f4002d802967d428dd31f,ncb-constructed-490733b99b3270ad,neg_p_fishing_hcp_aging_s3,c93f76e6f75aeaeb95c07c7edeae734e0769baa6b0a1b0ba0ad6f28c6730c1d9,1,0
ncb-case-664c1cc7549186bb,synthetic_safety,synthetic_stress,fMRI-FC,abstain,True,abstained,constructed,constructed_control,bc9561cf36451f71dc170eed589166cd8b983c6f180f4002d802967d428dd31f,ncb-constructed-efa52635a596cbf5,neg_p_fishing_hcp_aging_s2,f936b668e13706b3a994ce4d4f82af08dd33fdc77b446162789c55cb8d4060b1,1,0
ncb-case-66f27e9fb5dd2517,scientific,normative_fmri,fMRI-FC,unresolved,False,abstained,evidence_gap,literature,f690472eed97befcc9498b6fe58120bdca883a9b7f7d01b8fba12785a7380316,ncb-sem-489bd403d62f2366,UKB,a1bf69b8f56d46c996f93349f5201c8b628f7dd5753a9899ff61c78ed977e658,1,0
ncb-case-673a0bde88903de2,synthetic_safety,synthetic_stress,fMRI-FC,abstain,True,abstained,constructed,constructed_control,bc9561cf36451f71dc170eed589166cd8b983c6f180f4002d802967d428dd31f,ncb-constructed-16f713c67cb1377a,neg_p_fishing_adni_fmri_s2,5eb1caa641a4421113758eeee38a873b1e71b62ce4115c1d49542f5df041adbd,1,0
ncb-case-679fb694a4795559,scientific,asd,fMRI-FC,confirm,True,abstained,provisional,literature,6a4dc9064b09c7072d2ebd1f18d158dd9de28db5c64f9b5312460d490e6899b0,ncb-sem-a7e5d3c11d8415e9,ABIDE2,cfe09363aec199e4d87cfd179508934aa0a694e2ac85f122d79bab05a56bf5ba,1,0
ncb-case-67f34643eded8ca9,synthetic_safety,synthetic_stress,fMRI-FC,abstain,True,abstained,constructed,constructed_control,bc9561cf36451f71dc170eed589166cd8b983c6f180f4002d802967d428dd31f,ncb-constructed-c4d5cf90f48f8ec3,neg_p_fishing_ukb_s1,e9fb3c58c1aaf079326d24fa3af86aa90235c286ded143d559f2175fdb0412d2,1,0
ncb-case-683cf3eb3dd92c2d,synthetic_safety,synthetic_stress,fMRI-FC,abstain,True,abstained,constructed,constructed_control,bc9561cf36451f71dc170eed589166cd8b983c6f180f4002d802967d428dd31f,ncb-constructed-a7b171d6999749a2,neg_underpowered_adhd200_s1,c220a093f814e539c092d84cc1efe4a5a4acc8fba2aa831de51a420ec3878b57,1,0
ncb-case-68608df2ef37a972,scientific,ad_aging,sMRI,unresolved,False,confirmed,evidence_gap,literature,e9bfbb45155f52912fb21fcec0d272b69e1e9c2ff9663b0d273b03591ce6fa7c,ncb-sem-ed01d7c380e3f82b,ADNI,9346832a3ea94fed1779e67d24dd063322531f7532512b5576692279e9c5150b,1,0
ncb-case-695903774d653e7b,external_transfer,ad_aging,sMRI,unresolved,False,abstained,evidence_gap,literature,b1263d85f4a560761c142f4cbe87c3c7fe87a88df26e1f3ef14fecb1f22dcb85,ncb-sem-511c3e4b4a66958c,NACC,d502bc59cbfea3cf8cda2d29aef62fb06b7709f7e48d6ecb66faf313115e21ec,1,0
ncb-case-6964c9d6128fdbce,synthetic_safety,synthetic_stress,sMRI,abstain,True,abstained,constructed,constructed_control,bc9561cf36451f71dc170eed589166cd8b983c6f180f4002d802967d428dd31f,ncb-constructed-66323127babb288c,neg_random_label_gsp_s3,5d87d9cb45790f0b0143800cbf110c0d88f822b96a61318a6d45a0d8faa28a94,1,0
ncb-case-6968cfd4c201dbf0,scientific,ad_aging,sMRI,confirm,True,confirmed,provisional,literature,41619b7e7ed4b0c9f0e1bcd7b57b8fad4e5ae6eb88ea00d01e2c01be0070642f,ncb-sem-544499103b3cf872,ADNI,8317e3afc8d4d4c2055b23ae14d59e3a947e1930aa8a0be481f0391bdb109969,1,0
ncb-case-6a3555bac8205a71,scientific,psychosis,fMRI-FC,unresolved,False,abstained,evidence_gap,literature,727aacf9fe25bf3b193335f1517a20babb88aca9c9c33dd33dc6aa2a792769e7,ncb-sem-b158ae5ae8b91424,COBRE,f0173ff72ee52b5e1e878ad93b6ab55443639c37100b7a6ff8546daeb9de844a,1,0
ncb-case-6a884cc98a008297,scientific,psychosis,fMRI-FC,confirm,True,abstained,provisional,literature,23e96735ff84a2c582ee4808186ca51b89521482d6ce90dbeda6380ce319d331,ncb-sem-6c35024a79091cc0,FBIRN,58a996a383e72e5b79cc802cd41cc61d146ef74faab2650d92112acd832924d8,1,0
ncb-case-6aaef132eb95471b,synthetic_safety,synthetic_stress,fMRI-FC,abstain,True,abstained,constructed,constructed_control,bc9561cf36451f71dc170eed589166cd8b983c6f180f4002d802967d428dd31f,ncb-constructed-7dfd33cf90d15716,neg_site_confound_hcp_aging_s2,72743e2acf45d7e55949bf0ea09e32016ae5a4986d541d2c2defeb52252e3ec9,1,0
ncb-case-6abe4ae4410d4922,external_transfer,psychosis,sMRI,confirm,True,abstained,strict,literature,1f9ae5fe25dde3265f4410daf84cefbd872f59b5af2e51dec32eb2b2ca765171,ncb-sem-7ba8d0e8335325bf,ds000030,2bd6d96052019d32457a88cd70f20e161ad4e66f4e80dd0341a62eb8fda48df9,1,0
ncb-case-6b0e9b1fb479f7c6,scientific,normative_fmri,fMRI-FC,unresolved,False,abstained,evidence_gap,literature,1d30ca98b79841f53b77865c3dda5071edfd5285e121fc3805f2ee68ca7521b3,ncb-sem-b36b546a147ac8c8,HCP,8482b5c202e5e3235de8c6063dda4b78550e3f9e00df27d431e2d1f0d720b4aa,1,0
ncb-case-6bdd5ff6b2acccd5,scientific,adhd,fMRI-FC,unresolved,False,abstained,evidence_gap,literature,19f7933999dbf034aab1cba658fd2ba657b5373ecc87b7b0805823638f64981a,ncb-sem-a93e2fa433789220,ABCD,bdc24737aa23b68213ee1a77d82e33597f5039ce548624b69e5675e7b1b02b18,1,0
ncb-case-6c007919b3e6bcbd,synthetic_safety,synthetic_stress,fMRI-FC,abstain,True,abstained,constructed,constructed_control,bc9561cf36451f71dc170eed589166cd8b983c6f180f4002d802967d428dd31f,ncb-constructed-4356c46f4fd3fcdd,neg_site_confound_abide1_s3,5d46d95ce95c931d425092d939a6f50dcdc1c4b898ee8a25ab743a42cf29b8bd,1,0
ncb-case-6c2147094efe17cc,scientific,psychosis,fMRI-FC,unresolved,False,confirmed,evidence_gap,literature,867c969c3d97b711092991763d36949ea8dbefe84489dd86581ae4a78ea7f166,ncb-sem-f6629357fa60f0d6,ChineseSZ,1d82194a9c52b4fa5071ac4e2534c4dcf3c59a3ec7bc0186d85580ca6cd85358,1,0
ncb-case-6c5d00f71fd93eb5,scientific,asd,fMRI-FC,unresolved,False,abstained,evidence_gap,literature,654a3102c3e5567fe9888032fe503d19751fd9f4e96af2c0b8f3911ce7009c75,ncb-sem-19d3c8e27c6bbb4a,ABIDE2,67de4555230bc27a2720a39d25ba2b54acdc13b8df64eb624e3b7162eb249cbf,1,0
ncb-case-6cabc8c3cbc95cd7,scientific,ad_aging,PET,unresolved,False,abstained,evidence_gap,literature,17ef9671c214ecfe60e3d1d6f4a056a94c24992d89c2b4b35ee417f8bfc4cfc2,ncb-sem-4cf6bd4d0048276f,ADNI,cc1c11b70cdbc35f0fb7b7692822abca760f09315d96cba5c2e0c0d8c07fcfe3,1,0
ncb-case-6db08749711fcee8,scientific,psychosis,fMRI-FC,unresolved,False,abstained,evidence_gap,literature,450700c0e900d1020fc742e4378a48e70afe313c792916af66b6335f1ccb7452,ncb-sem-6c35024a79091cc0,BSNIP2,55b455d152ed1390382cc96bd36b995f3d6549c65d1710583265325ae547aabe,1,0
ncb-case-6dcc1e79a3b841ed,scientific,normative_fmri,fMRI-FC,unresolved,False,abstained,evidence_gap,literature,639e36b3410fa5658b9c71b9e79b3702103c77666434efc4e28044c4800a890c,ncb-sem-96e4627e73973fdd,HCP_Aging,2a5d5bc83ab8613499aab2ac0e974ec72a4dd0f1099d99320ee8a8e449b683b6,1,0
ncb-case-6e768da710aecb96,synthetic_safety,synthetic_stress,sMRI,abstain,True,abstained,constructed,constructed_control,bc9561cf36451f71dc170eed589166cd8b983c6f180f4002d802967d428dd31f,ncb-constructed-e1857a04b52f2523,neg_random_label_oasis3_s1,577eca459126d08d1d55afac38663593c07a4e986bb18fb18abae2e7b24b6287,1,0
ncb-case-6ec8432c84ee2353,scientific,adhd,fMRI-FC,abstain,True,abstained,provisional,literature,9327ba43db3c8bfc32447c21feb8dc1e9768bab3c87baf1277fd377f3c97333f,ncb-sem-8aa8d317c6056cb0,ADHD200,b0c4c5f349a00064aea1e57a9ed87aecb684446116668a035a31fe7e2c25d086,1,0
ncb-case-6f869175f077cbee,scientific,ad_aging,fMRI-FC,unresolved,False,abstained,evidence_gap,literature,61757c25b7c125d383d1baa9fdfa79fd6b92139fdbbf27541766ed623ccc8900,ncb-sem-eb5dda014080c769,ADNI_fMRI,79182620041b57998eb9b3eb81cfba653f320fbe529ff0db654dd813626d0e36,1,0
ncb-case-6ff54101b7e6c17a,scientific,normative_fmri,fMRI-FC,unresolved,False,abstained,evidence_gap,literature,633cfc5e33b7c5e69d55f47588bbc479674deee1e1de7216ce7490d6119c6bc2,ncb-sem-ec08872e19a717ae,UKB,a9e0ba33a876abc0fa6cbc657ebbfa5b3516bdf998288dcb9ea497f1dd12cfda,1,0
ncb-case-7021a18a1caf81f1,synthetic_safety,synthetic_stress,fMRI-FC,abstain,True,abstained,constructed,constructed_control,bc9561cf36451f71dc170eed589166cd8b983c6f180f4002d802967d428dd31f,ncb-constructed-acda263537be5977,neg_p_fishing_adhd200_s2,2cdcd1655db5029902be303519de9418f6552625c8f7613cc5fc064e3be686bd,1,0
ncb-case-70fd251bde9bb9a1,scientific,normative_fmri,fMRI-FC,unresolved,False,abstained,evidence_gap,literature,f6b397b4b28300ff4f43288ee09466e26e46a3a6b5a4c1b1c606378f878bfc21,ncb-sem-be8fecd97effd5a6,UKB,c82528795d17b7c659e88c258f82c4bdc65f014ab3c9395aebbff53f8ce8f938,1,0
ncb-case-71735b3c63a20cf8,synthetic_safety,synthetic_stress,fMRI-FC,abstain,True,abstained,constructed,constructed_control,bc9561cf36451f71dc170eed589166cd8b983c6f180f4002d802967d428dd31f,ncb-constructed-f0238d5c53aaf53b,neg_p_fishing_oasis3_fmri_s3,7320409f0609fb6cb4c4904f0ab2003f4a13ce947da5f756bc7292a0b7f6f487,1,0
ncb-case-71b54624f54c5845,synthetic_safety,synthetic_stress,fMRI-FC,abstain,True,abstained,constructed,constructed_control,bc9561cf36451f71dc170eed589166cd8b983c6f180f4002d802967d428dd31f,ncb-constructed-611eeb49a428e5c9,neg_p_fishing_adni_fmri_s3,43acbd197355fcc4eb77c497b11b94076c986f74e66def9afe20dee941916656,1,0
ncb-case-71f4eea14cf8be79,external_transfer,psychosis,sMRI,confirm,True,abstained,strict,literature,fc40873185b4f9f779a876ccc611d5fbd3a59b20501bc1d1096453c6ffbbf139,ncb-sem-d2c45232a71d3eae,ds000030,5f9f5d74554e0614286247e539df77c7447f9be85173123171ae3ae0c09a6c6d,1,0
ncb-case-72c923997d08ab02,external_transfer,ad_aging,sMRI,abstain,True,abstained,constructed,constructed_control,68648c24e14bfea390f99d3cd81afe3c17d560e19560ee93efbe636e11f4487f,ncb-constructed-8d502f062295e378,NACC,1cd72258063ae306c874c4f2a900ff8d720999ae59b6f4edf132663ef97afab0,1,0
ncb-case-72e438e5dfeb4c03,scientific,adhd,fMRI-FC,unresolved,False,confirmed,evidence_gap,literature,443dbcf9d09f16243dbaca1f851098003f4ae5640f251b4c1b5a0812be068eb3,ncb-sem-ef2251f9690dfabc,ADHD200,23d61a93cc5dbec1201748d85be106d526d3eb4bc7a44e09052d181d46ae110f,1,0
ncb-case-73b778cbf1fe39fa,scientific,adhd,fMRI-FC,abstain,True,abstained,provisional,literature,496881fa0a06016a7fe25e29742550dbf996ec2b05312029a2998e312a09c937,ncb-sem-1671056a239d54c1,ABCD,c8acae9508ef35fd71e17be422a96ff94cda16d53561647f67cc34bf3fb5e2dc,1,0
ncb-case-74084399c9b24ed5,synthetic_safety,synthetic_stress,fMRI-FC,abstain,True,abstained,constructed,constructed_control,bc9561cf36451f71dc170eed589166cd8b983c6f180f4002d802967d428dd31f,ncb-constructed-173d8eb5dc308ca5,neg_site_confound_oasis3_fmri_s3,effa2f259eb5a69f4c6f0f9a1ae404244d53a928e5eab8701c7438a1ad9f6225,1,0
ncb-case-743b40f799220059,external_transfer,ad_aging,sMRI,abstain,True,abstained,constructed,constructed_control,5144d27e87d735c369a9087cd657070017727b610b63676f3d2722bf228bcc6c,ncb-constructed-9004bbcd76ca8754,NACC,e564a621e4371feb2bf65ed392edd8a05f416d9d447ddce9d5b0f15a4012e8ea,1,0
ncb-case-75be796b0379a25a,synthetic_safety,synthetic_stress,fMRI-FC,abstain,True,abstained,constructed,constructed_control,bc9561cf36451f71dc170eed589166cd8b983c6f180f4002d802967d428dd31f,ncb-constructed-65c96aa2c0629eef,neg_p_fishing_hcp_aging_s1,21a609397542ba4a36d2248f19f45a459baa09f7571044e3b00c3b89fa45b3cd,1,0
ncb-case-7649990ad945fd14,synthetic_safety,synthetic_stress,sMRI,abstain,True,abstained,constructed,constructed_control,bc9561cf36451f71dc170eed589166cd8b983c6f180f4002d802967d428dd31f,ncb-constructed-15d961f8f246d56b,neg_random_label_gsp_s2,bbf85b6c044b210f0f71f74699fbe62cbe69163b9dab85deddd341b37c439bbd,1,0
ncb-case-772db6aafb39d1dc,external_transfer,ad_aging,sMRI,abstain,True,abstained,constructed,constructed_control,dfea690d6dd034fb03620c86b742540b961f7b6919db72dbf1cdbd02499477a7,ncb-constructed-4b7aa60cc9f36461,NACC,38047a99569b8c6d055c31fb9abf1854bfbd9362cd6d3226a4899c89e0fe2efc,1,0
ncb-case-775ae051b3a26db6,scientific,psychosis,fMRI-FC,abstain,True,abstained,provisional,literature,acd99d52fb45c9fbec061999b8946a1c463eed51edefb93a00c1300d54610bc2,ncb-sem-6c35024a79091cc0,ChineseSZ,41408a5127ecaa01bb16f33bb137977cb589300803b75207c17804f34de42e00,1,0
ncb-case-776b5dea991b1b19,synthetic_safety,synthetic_stress,fMRI-FC,abstain,True,abstained,constructed,constructed_control,bc9561cf36451f71dc170eed589166cd8b983c6f180f4002d802967d428dd31f,ncb-constructed-44492abe4ed0156f,neg_random_label_ukb_s3,48888b0a50e6c685490abed171088fc4a4973989ddd34fd27cd02c8079e7be19,1,0
ncb-case-77ec5019955cca1a,scientific,ad_aging,sMRI,confirm,True,confirmed,provisional,literature,cf818ca98b34d5da6bf8f0f849b706221eb0170af6427e2f5d2117d60937c6e9,ncb-sem-0a3ffc7265ab6ed4,ADNI,81d14342bc5a3c187ebbc5c08c3f60f065445493303b049bc443caa0bb16a644,1,0
ncb-case-78591f2ec54c17d6,scientific,adhd,fMRI-FC,unresolved,False,abstained,evidence_gap,literature,af8cd98c7b6f26a204bc6fac60ce7fdcd95301834414de7f8837e25b758e1b22,ncb-sem-1a9a8b1891c46711,ADHD200,22e9dad3dc77b808e6883b1259492c9cf8f1bb52d57623e5d3afd28fd4ecd81a,1,0
ncb-case-7949fccc8b66594d,scientific,asd,fMRI-FC,unresolved,False,abstained,evidence_gap,literature,036c278deb19fda270b0513ebefa1fd8ae0019ed63583b6d97c6a48d5b773c2a,ncb-sem-8aa8d317c6056cb0,ABIDE2,9586a5c1af2ea3f750efc9fab6e0024a5faa97fed0023cb8ccc5845173e180c0,1,0
ncb-case-79596e7b5c7fe4c8,synthetic_safety,synthetic_stress,fMRI-FC,abstain,True,abstained,constructed,constructed_control,bc9561cf36451f71dc170eed589166cd8b983c6f180f4002d802967d428dd31f,ncb-constructed-3c312c0655d39b63,neg_underpowered_hcp_s1,3c97cab8cb18d5609a822fa566a1d170cced831815bf39c9df83d14168793663,1,0
ncb-case-79aae4c9a11b22c4,scientific,asd,fMRI-FC,unresolved,False,abstained,evidence_gap,literature,e0532ef3d83af02c4b647c4e7dd24b14da5fa4f67b4c8228773cb5ba9bf556ff,ncb-sem-c3d285b10c7a0e2f,ABIDE2,5d4734ea98c9d333507a8f256c939d4c32820705161302d7f9b6dece95787e70,1,0
ncb-case-79eeeffbdf0a4d5c,scientific,normative_fmri,fMRI-FC,unresolved,False,abstained,evidence_gap,literature,3e12a2df79028cbe48db6c4236b5c390a09a342a63a4f34fa14467293b3b627e,ncb-sem-96e4627e73973fdd,HCP,e9887ba0003df8779438a68d1005ebb55b6bb49af3d222c23f2ed43541800f4c,1,0
ncb-case-7a07ed551915fd07,synthetic_safety,synthetic_stress,fMRI-FC,abstain,True,abstained,constructed,constructed_control,bc9561cf36451f71dc170eed589166cd8b983c6f180f4002d802967d428dd31f,ncb-constructed-89b88ccc9ad54e37,neg_underpowered_hcp_s2,c0dc3336ffe218d23dafb1b8040fcd7543b67bf6c9384b3c83f1e513d38b0c3f,1,0
ncb-case-7a571f81bfeab448,scientific,psychosis,fMRI-FC,unresolved,False,abstained,evidence_gap,literature,30fec9a8456c7a1a81f49d28b613b729ca6541e03089a86ccdeeae00b8686a65,ncb-sem-893ac2c9b485762f,BSNIP2,266504b3d4e53721e07a0d77932a5254a3379c3ddf34b0dc44aeea4c4b4cb67d,1,0
ncb-case-7a64caf7224d5f51,scientific,adhd,fMRI-FC,unresolved,False,abstained,evidence_gap,literature,8069bf44701accf46bd6077c1bf6e256531848908436c8c220dc354c8884d675,ncb-sem-5a84905f957c48be,ABCD,672ab5d3a6c11820c5309d195f4983f50a16b545c77a52895353cabd01a16c41,1,0
ncb-case-7bffb5a5060ed9c0,scientific,adhd,fMRI-FC,abstain,True,abstained,provisional,literature,9c735d4dc9edc40d7030cd4f4556ebf3845fcc2b93b86bd6cd8b91a15d0c66fa,ncb-sem-e1b475cbc75c2430,ABCD,060910c2dae3c7c0bc483bb7456953e7717bc55f016c82a246c15256e99ca483,1,0
ncb-case-7c0e34a5a642ea3b,synthetic_safety,synthetic_stress,fMRI-FC,abstain,True,abstained,constructed,constructed_control,bc9561cf36451f71dc170eed589166cd8b983c6f180f4002d802967d428dd31f,ncb-constructed-fc07e6347f9d1114,neg_p_fishing_fbirn_s3,5f2cf87b065cc1d8b300b9046dd4b816736780e0d0b440415876d4d4ccc1b661,1,0
ncb-case-7c0e3dd3e8f1a658,synthetic_safety,synthetic_stress,fMRI-FC,abstain,True,abstained,constructed,constructed_control,bc9561cf36451f71dc170eed589166cd8b983c6f180f4002d802967d428dd31f,ncb-constructed-96652f216285b5a3,neg_cross_nonrep_adhd200_abcd_s3,e23fddfb3f8297971dcdafa565a08c79aa3ba0e0939f2574436d2c5735ba2af2,1,0
ncb-case-7c3a138817e29648,scientific,ad_aging,sMRI,confirm,True,confirmed,provisional,literature,f53f8e95dae61c20b6955e509af8491a6986c33474734d95c5ddad01b32666c6,ncb-sem-6c7a1e7db4b6dcd5,ADNI,c3a081875a1cf586a007ce8ca93186b5680d0217ed8d6cb1ee78167cf39f91bb,1,0
ncb-case-7c9f17f7a1a2a85c,scientific,adhd,fMRI-FC,unresolved,False,abstained,evidence_gap,literature,5935718036d1c3803e4f95351b8124975483e3e694e69b22c278f4379dd71738,ncb-sem-d2bebe5a15f8a56a,ABCD,2b36f4bbee998e56371c67ff67d3eb58cb82ee7ec32ac324f688db7f55016f64,1,0
ncb-case-7cda64d6becf5e1c,scientific,normative_fmri,fMRI-FC,unresolved,False,abstained,evidence_gap,literature,6abc295941872d2b94bfd03c628b05449f0924fa3be230913bdcc5b77088a917,ncb-sem-9d92911ddda7d4ee,ABCD,319a1462bfdbc89d930616a30480c076432748e170281465818679f30546de86,1,0
ncb-case-7d133b297a20529b,scientific,psychosis,fMRI-FC,unresolved,False,abstained,evidence_gap,literature,f5de6e46a00901bc2f4d78a53550d7bcb314b4517ed4e66369efcf423d4e1580,ncb-sem-2ccad72c3141229c,BSNIP2,e313edffc6da7a074c42d69ed32da20e4642325dccd086815d410b2e3f7babb3,1,0
ncb-case-7d451eccd542bdd9,scientific,psychosis,fMRI-FC,unresolved,False,abstained,evidence_gap,literature,fb114309705db18cb116e2bf641d0c717c3d691cc81c69493b440c7e7a4aac13,ncb-sem-0de9c0c5b4d3defc,COBRE,8366c91b96faf9a6c9557e9120c312676b6be08466de64a2ea5ecb46f08595dc,1,0
ncb-case-7dce8857b6cb26e3,synthetic_safety,synthetic_stress,fMRI-FC,abstain,True,abstained,constructed,constructed_control,bc9561cf36451f71dc170eed589166cd8b983c6f180f4002d802967d428dd31f,ncb-constructed-fedbae6a0c581404,neg_p_fishing_fbirn_s1,7e3903cc96c0849e496f2cca2b200435ab036d805a1bc06c5e40f25f9167eddb,1,0
ncb-case-7df7782e960f7604,synthetic_safety,synthetic_stress,fMRI-FC,abstain,True,abstained,constructed,constructed_control,bc9561cf36451f71dc170eed589166cd8b983c6f180f4002d802967d428dd31f,ncb-constructed-f3b5f2e6e99dee13,neg_underpowered_adni_fmri_s3,dd4beff29754d17da0bae2369f43e6bcee397d5c62cf4461c8e911b9f761df6a,1,0
ncb-case-7ebf597ee498d8e3,scientific,adhd,fMRI-FC,unresolved,False,abstained,evidence_gap,literature,ee2a6df5254c62baacc392591ef05884c78e53b28a133f5c94d9b2cdba1ed90d,ncb-sem-9610f92c93cdb893,ADHD200,19edb47c02cb0036902de8292dde8fb20838f917fb06cdbf7e5e5eba5b6d0add,1,0
ncb-case-7eefbb7385cc2907,scientific,asd,fMRI-FC,unresolved,False,abstained,evidence_gap,literature,caeaf78486a60e9fc6c74a92eb0070452d426a81bc5f8582de22e325342ebded,ncb-sem-893ac2c9b485762f,ABIDE1,815d879b9076393c67c02ef257b22635e8409b74da079f46cc05a619c8020db7,1,0
ncb-case-7f3a47521eee4daa,scientific,psychosis,fMRI-FC,unresolved,False,abstained,evidence_gap,literature,32af0075f3b30c16797035845ea20ac9d213eae7c533b28921ea09373eab2c07,ncb-sem-0de9c0c5b4d3defc,COBRE,32c06a5e43e74faa24d16e67accf4262d0369671f06216c693238d120d8f16f9,1,0
ncb-case-808aa5644bc4a764,scientific,asd,fMRI-FC,unresolved,False,abstained,evidence_gap,literature,fefefcfb47a19cddc7e1c8d9a505edb76498995c8d7234c8be0d2612f7f85b96,ncb-sem-bbeb196a4b73f672,ABIDE2,2e389c780638950829799320349d8009aea6c3e9e69be08b1982e12b5b434c52,1,0
ncb-case-81204538324761d2,synthetic_safety,synthetic_stress,fMRI-FC,abstain,True,abstained,constructed,constructed_control,bc9561cf36451f71dc170eed589166cd8b983c6f180f4002d802967d428dd31f,ncb-constructed-4b9a7f27a377668c,neg_p_fishing_abcd_s1,5d0e6a346e90515f7a62d3b2b01ca44320fe580fb1997f3b00c6c1e91fa2e7dc,1,0
ncb-case-817751515b78ad97,scientific,psychosis,fMRI-FC,unresolved,False,confirmed,evidence_gap,literature,be6b3e914569ab0930ffb0039689950636d0eb0c51e649d0493511c4b72ad7cd,ncb-sem-2ccad72c3141229c,ChineseSZ,60bd3b9afd76e37677bdfbacb0a6c8d31b310fd8b253df9b469f8298452d68fa,1,0
ncb-case-819f1d2f413f20dd,scientific,ad_aging,PET,unresolved,False,abstained,evidence_gap,literature,44bbbe483758003ad88a2ae6908f5a2e6f1ce531ef77a2cf316f851d302a6ae7,ncb-sem-4bfef3e6f895651e,ADNI,2dcda273dbedc219ed9d5d8682aa85ac5f279a5b7efa0b335d1568599836b508,1,0
ncb-case-81c0a914684a479e,scientific,psychosis,fMRI-FC,unresolved,False,abstained,evidence_gap,literature,d13d2b62913f5c098393f517d74d2046a445696c24b0bcdfeca33e9db9372ee9,ncb-sem-f6629357fa60f0d6,FBIRN,4ffc0faff41b9d251ae15c86a5646175e1972970df38a88ccfac126ba34f43b9,1,0
ncb-case-8201ba32fbe40cc6,scientific,ad_aging,sMRI,unresolved,False,confirmed,evidence_gap,literature,a272797c98c16f6bad72d38eec4f74a57ed3e8a0d23d4f4f052e1e48be3f5b38,ncb-sem-d295d09b83e74459,ADNI,572d89238c32c460c995e41986a179e9a5d92a3f833d3499a0a4c30ea9b4591d,1,0
ncb-case-8241fcf5597e55cd,scientific,asd,fMRI-FC,unresolved,False,abstained,evidence_gap,literature,5bb6a111662d9a6480cf56bdb0538109851d07757d8050b3b0e86642b146273a,ncb-sem-bcd31e36404b748e,ABIDE1,ff4d46696cfed68a15180d4899c7d603dd7670c50318e776fa4991d2d5e8a6fe,1,0
ncb-case-82620039a069c0f1,synthetic_safety,synthetic_stress,fMRI-FC,abstain,True,abstained,constructed,constructed_control,bc9561cf36451f71dc170eed589166cd8b983c6f180f4002d802967d428dd31f,ncb-constructed-745713496a4c1c6f,neg_underpowered_hcp_aging_s2,545812ed0777dcb326c0c070e7e09f5552f180191f59a1883d0220c9b13ba806,1,0
ncb-case-8299137d3890448f,synthetic_safety,synthetic_stress,fMRI-FC,abstain,True,abstained,constructed,constructed_control,bc9561cf36451f71dc170eed589166cd8b983c6f180f4002d802967d428dd31f,ncb-constructed-68e5a0da39fa7eeb,neg_p_fishing_cobre_s3,611a2fe389785bcfa8f2f79858f987bfe37aa385532a19416af6f733572b5f6e,1,0
ncb-case-844dad81c1ccad7d,synthetic_safety,synthetic_stress,fMRI-FC,abstain,True,abstained,constructed,constructed_control,bc9561cf36451f71dc170eed589166cd8b983c6f180f4002d802967d428dd31f,ncb-constructed-30d02a70ea5b277e,neg_random_label_abide2_s1,564b9d40a50edcaa8142ab6493c71f4b80ab6e567ad2535fe8a98bdb93db45c3,1,0
ncb-case-84f6b29693a06f19,scientific,ad_aging,sMRI,unresolved,False,confirmed,evidence_gap,literature,98db6d838abbfef60a3014ae8e5e2dbc8e8fdad24891976bc77609469aafe0d5,ncb-sem-1aa85065ed1b8153,ADNI,709359ed74346ba923d40ae723b35bed48eb991fabd54079128ed09c43fa3f32,1,0
ncb-case-86798993c3cd6440,scientific,psychosis,fMRI-FC,unresolved,False,abstained,evidence_gap,literature,e6e102f113b269f763eab83986c910eb619c569bf94e26fb7d502e643c9f9c56,ncb-sem-f6629357fa60f0d6,BSNIP2,7cb3fe4a5738fae59ad565ce7ad320774954e407c9d8edcbc6f05c4bb1287017,1,0
ncb-case-868f8d22ff7801aa,synthetic_safety,synthetic_stress,fMRI-FC,abstain,True,abstained,constructed,constructed_control,bc9561cf36451f71dc170eed589166cd8b983c6f180f4002d802967d428dd31f,ncb-constructed-871fc1611572d4e6,neg_site_confound_fbirn_s2,a536bee9bcacd85c92096a9f4d80d208b582ee7c867404ae40eefc35e9ff72fd,1,0
ncb-case-87bc20def0aa2677,synthetic_safety,synthetic_stress,PET,abstain,True,abstained,constructed,constructed_control,bc9561cf36451f71dc170eed589166cd8b983c6f180f4002d802967d428dd31f,ncb-constructed-a26d6313dd186c47,neg_random_label_adni_s1,e2967e8bdd4698b597dfd8b30455256f41730ba16511350095aa8bc3c4dd8859,1,0
ncb-case-87c468c5f0db646c,synthetic_safety,synthetic_stress,fMRI-FC,abstain,True,abstained,constructed,constructed_control,bc9561cf36451f71dc170eed589166cd8b983c6f180f4002d802967d428dd31f,ncb-constructed-403e719512375e47,neg_site_confound_adhd200_s1,096741f8365b47ecb19243e6f39369963b57310b3868f7a6695b52afb135005c,1,0
ncb-case-88074ec237371256,synthetic_safety,synthetic_stress,fMRI-FC,abstain,True,abstained,constructed,constructed_control,bc9561cf36451f71dc170eed589166cd8b983c6f180f4002d802967d428dd31f,ncb-constructed-2b4bd057927b9e59,neg_underpowered_adhd200_s3,bd117704d246d32da39873e61d9d7e51a0f5b69b20e12c5c4d7da55ebc03a797,1,0
ncb-case-8867e568901147e0,scientific,normative_fmri,fMRI-FC,unresolved,False,abstained,evidence_gap,literature,8c60c67016bf8bad6fc157c929d3f5c36000c6fe72086ada05045874219ac4a6,ncb-sem-5675bb5235572038,HCP,43b88d75579673af885b371f0652ded9c324f9b8bf3da288fe57fd77b533156d,1,0
ncb-case-88ef4bafe235fc02,scientific,asd,fMRI-FC,unresolved,False,abstained,evidence_gap,literature,62f7a6ba1b84ac1d72b8594494058212b504be14456cdb0164754364ae6e8e38,ncb-sem-5197f47ccefe760c,ABIDE2,58fd062031fc801ec995be400539f15fb05609ddaa041a485e24b531f854d19c,1,0
ncb-case-8a06819fdc6c9961,scientific,adhd,fMRI-FC,unresolved,False,abstained,evidence_gap,literature,b9fb1e9b10e4839537b121eb2ac8ba4bd59f83dc0db8480cccc887c2aa6e3d95,ncb-sem-1b16849bd998d463,ABCD,6d7bbb66ca61d088b1b6677f1693112e85a9ec6c6c0e8c82beb93a4244532157,1,0
ncb-case-8a3a7eaf92ee59bc,synthetic_safety,synthetic_stress,sMRI,abstain,True,abstained,constructed,constructed_control,bc9561cf36451f71dc170eed589166cd8b983c6f180f4002d802967d428dd31f,ncb-constructed-0b4f57ebf292bda2,neg_p_fishing_gsp_s2,7446a0a12b859ed8e53c7b110afe77fb0d93ec9abe2002eaa3710768bc3cf1fc,1,0
ncb-case-8a6ab5e1c5718e36,scientific,ad_aging,PET,confirm,True,confirmed,strict,literature,5db8d4e002994920469c6c5dd0a369acbc70ebc9f769e6bda9991d7427d86cc3,ncb-sem-cf0eadfce7fc0fa3,ADNI,de319955c8826c8c592a65c22c0905af5cc82a9b10dc096639a3311f2ecb2566,1,0
ncb-case-8a9b597ce3bf8308,scientific,psychosis,fMRI-FC,confirm,True,abstained,provisional,literature,539b160493847b933e8d92aaf045515cc705c8b11a9796de97cf167c53cba37d,ncb-sem-a44d2718db4923a4,BSNIP2,5e9d9106292eb159971d41de9ac66f7064ff9c67b369099bff308886a86ec58b,1,0
ncb-case-8c751d323222983e,scientific,ad_aging,sMRI,confirm,True,confirmed,provisional,literature,97be5076603be9d917c886dc45ede9e795636baad44684b76a809bc66b0edc5c,ncb-sem-39943956b4ca7390,ADNI,9cb81ca19caf7d9d6b49e500a49ea556a78744f64b6fd83c145fea8fe986637c,1,0
ncb-case-8ca28155a1137b04,scientific,adhd,fMRI-FC,confirm,True,abstained,provisional,literature,a6ebc92d75b1dd68107aaeb8a568c0d613fd38e1bbdd8f91cc7a0013c56d912b,ncb-sem-dfdb03eae900b7ea,ADHD200,afe1f83e3d954a8cea0ae7eceea167af281c6ea8ddce2bc289e93500d6ac2e54,1,0
ncb-case-8d97ccd472238603,synthetic_safety,synthetic_stress,fMRI-FC,abstain,True,abstained,constructed,constructed_control,bc9561cf36451f71dc170eed589166cd8b983c6f180f4002d802967d428dd31f,ncb-constructed-95d24832da6a2c65,neg_random_label_oasis3_fmri_s2,bfbbfbb8d1be325495844ad19fa817e0933ec0378d827828ae6606abc50ab263,1,0
ncb-case-8e67b1aee50974fc,scientific,ad_aging,sMRI,unresolved,False,confirmed,evidence_gap,literature,da3fc0b5a32c241d884eb531ccabf0d99b59db475b22234bbb2901c8d57ee28c,ncb-sem-1aa85065ed1b8153,OASIS3,2b8c1957240b2b852adfb606d88c4a9eec86d9078c3aac22a990d5bdbcd1b36c,1,0
ncb-case-8ea778a37b3c644b,scientific,adhd,fMRI-FC,unresolved,False,abstained,evidence_gap,literature,a70e1f9d988aaa993e4c01e912ae225e84ea38b28a642a1cf266e866cc27c789,ncb-sem-b9ed4cced1a322ad,ADHD200,6560b15c380073caf1f8bfe84bf2978902d6605bfe8aacd3a4262b47295b8f9f,1,0
ncb-case-8ec6bb87ee8d6697,scientific,asd,fMRI-FC,confirm,True,abstained,strict,literature,63cd65b8854b8da56cfc9659d38234046563e6896892bfc4b961d76ed31802ac,ncb-sem-b6e178b76bfe939a,ABIDE2,88422a822641e7cdcba6f457a4fa41387a32f9f3a60e08260ef9b6a18e716ada,1,0
ncb-case-8f84418dda864a44,synthetic_safety,synthetic_stress,fMRI-FC,abstain,True,abstained,constructed,constructed_control,bc9561cf36451f71dc170eed589166cd8b983c6f180f4002d802967d428dd31f,ncb-constructed-65b5879fdd9d05a3,neg_site_confound_cobre_s1,d7791ed71415a4872e9ad42fb7fb1228ff6e219957881cb9ee724314add51ce7,1,0
ncb-case-911d8d3f4e5c8712,scientific,psychosis,fMRI-FC,unresolved,False,abstained,evidence_gap,literature,13054da604d3991a2fb72837b3c7c4bcc617d91a730fe2a6dd173d5bd4704510,ncb-sem-a44d2718db4923a4,ChineseSZ,9181e305d0e360a5d17ec43febd9d32a46fc572a1fa87ab8680c7b4cb79abe90,1,0
ncb-case-915021dda4c2e8a9,synthetic_safety,synthetic_stress,fMRI-FC,abstain,True,abstained,constructed,constructed_control,bc9561cf36451f71dc170eed589166cd8b983c6f180f4002d802967d428dd31f,ncb-constructed-52aa3b4504941b4d,neg_site_confound_oasis3_fmri_s1,e2684641edc8c6e6ba089ecaa380cb3d87e61905a644166fbece2813c8becdc3,1,0
ncb-case-91f11d4be9effdcb,synthetic_safety,synthetic_stress,fMRI-FC,abstain,True,abstained,constructed,constructed_control,bc9561cf36451f71dc170eed589166cd8b983c6f180f4002d802967d428dd31f,ncb-constructed-89af7d98f96f77d4,neg_site_confound_hcp_aging_s3,d916964e92a59eb074ac5632729bf8335429ed7626a4ce4a376bbb1ebb491302,1,0
ncb-case-91f8425cf1fa3718,external_transfer,psychosis,sMRI,abstain,True,abstained,constructed,constructed_control,8ff1ca3db31b406c023cfdc9de001993238a7742fecf3f4f7e6de799583a1d08,ncb-constructed-24d21040d5143d85,ds000030,afede2371ee08acf4ebe70e2cc5ef0a6530e8aa525e66d2c4f67e7387b8c8388,1,0
ncb-case-91fd4a5a09063781,external_transfer,ad_aging,sMRI,abstain,True,abstained,constructed,constructed_control,4a42ace186129a0c3ca3c63e61b87a31932df927a597f2435f1e9a257ac1e5fd,ncb-constructed-a0b078200d395de9,NACC,3d1e623299db773bfd79031bfe61c5a0f4e1e94db10cd2e98add7457694f24dd,1,0
ncb-case-92aa1d768c652c63,synthetic_safety,synthetic_stress,fMRI-FC,abstain,True,abstained,constructed,constructed_control,bc9561cf36451f71dc170eed589166cd8b983c6f180f4002d802967d428dd31f,ncb-constructed-0d3da12a5d85dd71,neg_underpowered_ukb_s2,ee7abc3b89d1d4cc719a3b0498d67a66e45a832af89ebc4a0f2bb6ef847882fe,1,0
ncb-case-92b3f17caaf19b8c,synthetic_safety,synthetic_stress,fMRI-FC,abstain,True,abstained,constructed,constructed_control,bc9561cf36451f71dc170eed589166cd8b983c6f180f4002d802967d428dd31f,ncb-constructed-d768841c3cf0aba0,neg_site_confound_ukb_s1,ce1212b806f25235e4b70df30f8c134e9cf8023b9837510e2e0fd15d0b4ae20d,1,0
ncb-case-92bb952a8f9ba1a7,synthetic_safety,synthetic_stress,fMRI-FC,abstain,True,abstained,constructed,constructed_control,bc9561cf36451f71dc170eed589166cd8b983c6f180f4002d802967d428dd31f,ncb-constructed-b0aa56a2ec40ad7d,neg_site_confound_abide1_s2,31e032722d8da7865e5b0ceb0d40da92b50875f23a49a2ce2de8822630994aca,1,0
ncb-case-931f058111cf8b54,scientific,normative_fmri,fMRI-FC,unresolved,False,abstained,evidence_gap,literature,eff33b6c00975fef43f84b9f18b7e38e6bd5b0b73bb12d8e31c36dd245908097,ncb-sem-c16d4a3bbbd3af4d,ABCD,0efe8c9435d8ffdf5e3a10cd931fb791519373a7a547403b10409137517788bb,1,0
ncb-case-9486cbf60c92c277,synthetic_safety,synthetic_stress,sMRI,abstain,True,abstained,constructed,constructed_control,bc9561cf36451f71dc170eed589166cd8b983c6f180f4002d802967d428dd31f,ncb-constructed-2dd6bf537b73d47b,neg_site_confound_oasis3_s1,9bdffe881e48de4f7797cbf14e5d83de1f71b56f8fe93236fb1854a2440febe9,1,0
ncb-case-94d4c3c658b15d43,scientific,adhd,fMRI-FC,unresolved,False,abstained,evidence_gap,literature,f30d58139c80f7e6f20df857bae4bb4dde60bee5b6c9b955acef51058ae22c34,ncb-sem-b4a8d5bfb3357c42,ADHD200,579c77d9f61e5f872fb1fae891fba19835a019868aa8a7ef7a47d76233ac7b33,1,0
ncb-case-95b5c99632a013f6,scientific,ad_aging,sMRI,unresolved,False,confirmed,evidence_gap,literature,dda4d17383460b6399844e0b82686aefbcdba515e616f329a1d60f404e97ff24,ncb-sem-799ee41494ce841f,OASIS3,e035748f4f603bb4a9823928fecfe37e85d40785b688ac68eaeab6eaeba5a41c,1,0
ncb-case-96bda5a4fd2938d9,scientific,ad_aging,PET,unresolved,False,confirmed,evidence_gap,literature,56be5325b4e73bd57c10e849d6dab1725eff973e263b44fe8b6aa56c29fe3547,ncb-sem-cf0eadfce7fc0fa3,ADNI,a36ed4355870c67495b9c1642246c88e628f924a40b61dcf3dc95742bd0f7c0b,1,0
ncb-case-973494e454ef077f,scientific,ad_aging,sMRI,confirm,True,confirmed,strict,literature,ede7da991590f91e4bbee4c1cb0c6aec50937e0298fdeefea66c0e15a76c71b7,ncb-sem-d295d09b83e74459,OASIS3,bd78b101a1f87be6fe2c3e88d31dc8e50bef5aafe3295b714c8df459f8c341e0,1,0
ncb-case-97d31a0d120eb64a,scientific,asd,fMRI-FC,unresolved,False,abstained,evidence_gap,literature,cbd2d211c6dc6de80c4b9f18ade9709f22962b3b4c1fb13e66f334359e7003ef,ncb-sem-0beda20d705c4856,ABIDE2,a02841671504d8cd91f7002bbbc87782b0cb75c4c91c3c75f40930bf0fc27467,1,0
ncb-case-98e0261bdd947fbc,scientific,normative_fmri,fMRI-FC,unresolved,False,confirmed,evidence_gap,literature,e5049a9b2e8be9fd15f4ecb8e1e7bd6ca6f4184d49b36ac1d7d02807dcbaf8ad,ncb-sem-3e39a00107258f29,HCP_Aging,138026bd7cce20e79ee446546ae110932c552bcf6e4739a76d5c5861dca44b69,1,0
ncb-case-99146eaaf47f8c8f,scientific,ad_aging,fMRI-FC,confirm,True,abstained,provisional,literature,02d7db3556f6fc5a985b97d4310855d18f6e35d6b60b8eb7f60e9a79547a3d76,ncb-sem-eb1ef11427c8f00d,OASIS3_fMRI,0cf9bf17a3cb10a706661b585964be67b5928087882dc93e7b80224dac8a3534,1,0
ncb-case-99867d00a9d4b197,synthetic_safety,synthetic_stress,fMRI-FC,abstain,True,abstained,constructed,constructed_control,bc9561cf36451f71dc170eed589166cd8b983c6f180f4002d802967d428dd31f,ncb-constructed-0ee7015c863d7a45,neg_cross_nonrep_ukb_hcp_aging_s1,cc6a8be21390c788a36b28af9e0889a99ec0413c24fe442b18de3b0e4bc83630,1,0
ncb-case-99d1a2b31a9994e4,scientific,normative_fmri,fMRI-FC,unresolved,False,abstained,evidence_gap,literature,c51c14ab89246e0c5dc85eeba616ebd7c7a82f1294cfd72370525a2e0834ede2,ncb-sem-da6fffbb9611f2ab,ABCD,06e24b71173488433aa6f5a40a6db8bea7b0468cbafdaa0253d8d8563a1b8453,1,0
ncb-case-9a7255624fd9d8af,scientific,psychosis,fMRI-FC,unresolved,False,abstained,evidence_gap,literature,e99e3b5e8064869b751e6cda75c26be803b602132104ce8ce51c4d5fd60cf459,ncb-sem-893ac2c9b485762f,FBIRN,e43def8c3b8cb4e9401abd45c8e585ca3fb7555ed77364cdacf981560d643998,1,0
ncb-case-9a9d6d513fbd08ff,scientific,ad_aging,fMRI-FC,unresolved,False,abstained,evidence_gap,literature,3705528892a64fa460f4e855d090bd868883354897a476251e99f56202639ce3,ncb-sem-fe54b24b204c7f65,OASIS3_fMRI,a5458129125027964cfadcefcff0f19c0d3ceed68aede1f9609ffc45247c35e4,1,0
ncb-case-9b50e56728a038dd,scientific,ad_aging,fMRI-FC,unresolved,False,abstained,evidence_gap,literature,19e071037357ceedd8222b71e868797a6a5d8c0b0fc9a3c80412e3c081ee348c,ncb-sem-ba2b48484a525868,ADNI_fMRI,a3f4263a0dce56cf738ebd2d271cf2f786acf25f6ab1432a96784f063e51d349,1,0
ncb-case-9b7d3389e3c82df9,external_transfer,ad_aging,sMRI,abstain,True,abstained,constructed,constructed_control,35e57089d90a1918400826c90111c94f69426662216c569411e8392494c6e4ec,ncb-constructed-cc6892738b6a7b1f,NACC,3302e51001b304ed08457ae41ef9228099d2f46a58040060f91bae9929948aa1,1,0
ncb-case-9bf00b4ade858536,synthetic_safety,synthetic_stress,fMRI-FC,abstain,True,abstained,constructed,constructed_control,bc9561cf36451f71dc170eed589166cd8b983c6f180f4002d802967d428dd31f,ncb-constructed-00d8fbca5e3a1e7b,neg_site_confound_hcp_s1,aa9ca68bedbbb03631cfe8cb9096a624312e3528e7b18dd216a34e3688919238,1,0
ncb-case-9c4cab68034e3f00,synthetic_safety,synthetic_stress,sMRI,abstain,True,abstained,constructed,constructed_control,bc9561cf36451f71dc170eed589166cd8b983c6f180f4002d802967d428dd31f,ncb-constructed-7fa9214450aa2dbb,neg_site_confound_oasis3_s3,064719283da9679ced5bd065909fa8877cd1b4852ca9b0a39db376c83c19765e,1,0
ncb-case-9c5ca9b7901ff85f,scientific,normative_fmri,fMRI-FC,unresolved,False,abstained,evidence_gap,literature,aa573b98bf3ba778c8e663f5d9dfb744915a24230bbc71733181124f99df9f0a,ncb-sem-eb4fe19c8d25bf93,ABCD,0fba59d9c8075ce0e6445699e130455b749c5802904fc65688809203764277dd,1,0
ncb-case-9cdd04f06e75065a,scientific,normative_fmri,fMRI-FC,unresolved,False,abstained,evidence_gap,literature,9548f0e29007f9d3fc6fa0976189c4b88bb93891fe4b81ef51583e9e10bd422a,ncb-sem-1ccf84c3360dce0e,UKB,e7c94f56c83e06518cfb23793f51ccaf963a39435caaaca93bcd7d7166f65091,1,0
ncb-case-9d883f7b9204a01b,external_transfer,ad_aging,sMRI,confirm,True,abstained,strict,literature,e1ac5f2ea2798663142a611fb254c5c874ba738a6c2ece02c455b8ef05707275,ncb-sem-30f602f477968d42,NACC,34b0d6368d06370a0ad2f1f57784c27ece0112459c0a437df60c2544aa031708,1,0
ncb-case-9e1b04007b386add,synthetic_safety,synthetic_stress,fMRI-FC,abstain,True,abstained,constructed,constructed_control,bc9561cf36451f71dc170eed589166cd8b983c6f180f4002d802967d428dd31f,ncb-constructed-993dcc04f2f9c555,neg_random_label_adni_fmri_s2,f5dbfb11e9ef72d0d8658a97046966cda507ac0780b28314e85083714400e8ab,1,0
ncb-case-9e3cba5575bc08af,external_transfer,ad_aging,sMRI,unresolved,False,abstained,evidence_gap,literature,09d14d1b9ac5fdbe48ab201317aab5b736988dc40d6ff0e862ca838bb466865f,ncb-sem-3f82f240b24743a5,NACC,7f37d5578b3cc678c580754daec1b63b7cd7488813df0e26efb5b34b92a2a8f6,1,0
ncb-case-9f0c4b1706941e0d,synthetic_safety,synthetic_stress,sMRI,abstain,True,abstained,constructed,constructed_control,bc9561cf36451f71dc170eed589166cd8b983c6f180f4002d802967d428dd31f,ncb-constructed-9a40595080736697,neg_site_confound_gsp_s2,6689cbe59e0041458cef81511b8664d38d0be75114fcdbc25c6f0caa1364241d,1,0
ncb-case-9f1a46763f5234b1,scientific,adhd,fMRI-FC,confirm,True,abstained,provisional,literature,0aa3a5fe4a0d6337eea2c5c42d79239d490bd5e5086a52fbcb02e8d2953dd2f1,ncb-sem-13e398ea7f02ab11,ABCD,73e0f34188f4c613bbaf75216cae99010b0947ca6e64f339d66544a75dcdd5d4,1,0
ncb-case-9f9cad507c434e3b,external_transfer,ad_aging,sMRI,abstain,True,abstained,constructed,constructed_control,7f4a270c5c61b59433e305d3ddea5f243b80d7a9e1f6d6909833be7f162fa3c4,ncb-constructed-58c9165c08a4fe89,NACC,4f3008493054070d99c337538fdc7b43c7924e3439236c135934493278247503,1,0
ncb-case-a0b57b939e4e24a7,scientific,psychosis,fMRI-FC,unresolved,False,abstained,evidence_gap,literature,314e17bed9a866bce881846048b0dc2e2b32f53a9fbb3a608a0e813c19888d20,ncb-sem-893ac2c9b485762f,BSNIP2,58864dfe748ed623b1e412e518eb6d075f1280ebe036bb1dc55e56e8a2aca169,1,0
ncb-case-a0fb1f0b36378b4d,external_transfer,ad_aging,sMRI,unresolved,False,abstained,evidence_gap,literature,ba27ae305e5d2673bb2d612fb3b9f4afb097ca5547af6df938e19c60589c4f69,ncb-sem-b2110374bf984982,NACC,f58df52cceca9d39f9fb0be057d9e9c10ebcb6863e2a062a8847bdca42e77de9,1,0
ncb-case-a14e0d9f48891e6f,external_transfer,psychosis,sMRI,abstain,True,abstained,strict,literature,b379d42006306c06e4177d96b6510ecdb62aca0d104732edf708e1778b13b0e3,ncb-sem-4637e3cd33438ecc,ds000030,717b76df43cc7ce783428377f6663c8a8242b0602301306d5513c88ac53c39d3,1,0
ncb-case-a26b1481745ce55c,scientific,normative_fmri,fMRI-FC,unresolved,False,abstained,evidence_gap,literature,b77f8cc25b1e5c13e544c9c05662489a74ffc973d93ce8c27d2997563240fe98,ncb-sem-990c320700551cb7,ABCD,493d1fd9443c1c35a711b47980ace70d89341606b2d943556f40528ed85ce744,1,0
ncb-case-a279f14844b262e2,synthetic_safety,synthetic_stress,fMRI-FC,abstain,True,abstained,constructed,constructed_control,bc9561cf36451f71dc170eed589166cd8b983c6f180f4002d802967d428dd31f,ncb-constructed-baaa497517932806,neg_p_fishing_abide2_s1,a08821ce404a9f538e1a1c0a9c294576a43e94934bf7069fad1363312adfeb64,1,0
ncb-case-a286e50d422c8f3b,synthetic_safety,synthetic_stress,fMRI-FC,abstain,True,abstained,constructed,constructed_control,bc9561cf36451f71dc170eed589166cd8b983c6f180f4002d802967d428dd31f,ncb-constructed-d9b18201e0794761,neg_site_confound_abide2_s3,ddef0966bc3b9b24d1a635d96253627648fe23781e08b8921a073005dcde3345,1,0
ncb-case-a45662e1d59b0735,scientific,adhd,fMRI-FC,unresolved,False,abstained,evidence_gap,literature,0f3cb7e08cf79f5f578777c344fa64211184f4044949e50c9edc1ad14aa1eb54,ncb-sem-d6fdc1c9578b0a3a,ABCD,9ec4c7f2ec1fad994bbafcb3d8260862dc2d3b5829226c0f0c4ea111889d1c08,1,0
ncb-case-a4ac4ae7b014d7b6,synthetic_safety,synthetic_stress,fMRI-FC,abstain,True,abstained,constructed,constructed_control,bc9561cf36451f71dc170eed589166cd8b983c6f180f4002d802967d428dd31f,ncb-constructed-b1fd2384f0bf5e8e,neg_random_label_oasis3_fmri_s3,f2d4eb788a04c63968df655a02a3c6f41ae0d425ff1c93fd89156f76804ff927,1,0
ncb-case-a4c3c06bb408028d,scientific,ad_aging,sMRI,unresolved,False,confirmed,evidence_gap,literature,90428df4575c3939485af537eb6e2acb18986adeb5e47bd44912091fa7fd1bf5,ncb-sem-4ea2939f05829de6,ADNI,b5c857772b8292dff93bcb95c7fb4c0be82f61504c26048b086fe5058608e8d9,1,0
ncb-case-a6298d057f42caee,synthetic_safety,synthetic_stress,fMRI-FC,abstain,True,abstained,constructed,constructed_control,bc9561cf36451f71dc170eed589166cd8b983c6f180f4002d802967d428dd31f,ncb-constructed-968a205bd3b6cd57,neg_site_confound_fbirn_s3,061d1b244a34b451a4973d4eb1f9f1ca0a9bf851d059f082b66092b2f08bb1a3,1,0
ncb-case-a69d4cf90c42528e,scientific,psychosis,fMRI-FC,unresolved,False,abstained,evidence_gap,literature,f26b3bdeb4deae8bacabd7e4ff1a21263ad771773635335f9175bde26420c892,ncb-sem-0de9c0c5b4d3defc,BSNIP2,4cedbc48040eac27d2eaf9fa5cbc4713fa67c79a232f498107862a2fe7d63e79,1,0
ncb-case-a6d20abaaf4cad56,scientific,normative_fmri,fMRI-FC,unresolved,False,abstained,evidence_gap,literature,c59ac3b2e7a124a06b2fa9fe10622c08911f9c0facc354f62cbeee13f85f9539,ncb-sem-e8daa2d64f6a02a9,ABCD,eafa675a2857a0cb78b9514e4388964a9404eeef0cb89fc7b7b10da646cce92b,1,0
ncb-case-a6fd1f6696f73dee,scientific,ad_aging,sMRI,confirm,True,confirmed,strict,literature,afdd0d516b0e02ac11ff3e32a5a41532121f371c8b0d407f13ce0e2c6f41a3af,ncb-sem-35760c43a2264071,ADNI,bdabe2252485052d7dc57af8fa2e2b0c2ff1a6f8ceb218cf47d53bc6ff965cdd,1,0
ncb-case-a78baf8d58b13f1c,synthetic_safety,synthetic_stress,fMRI-FC,abstain,True,abstained,constructed,constructed_control,bc9561cf36451f71dc170eed589166cd8b983c6f180f4002d802967d428dd31f,ncb-constructed-2aa369d7b4abf78b,neg_p_fishing_oasis3_fmri_s2,b0ad25a9bd80f5a9e2298aab7e437bba0f12606ef77cecb8bde1c530ad394121,1,0
ncb-case-a7e18317ac041892,scientific,normative_fmri,fMRI-FC,unresolved,False,abstained,evidence_gap,literature,9047b496d924c1c2397801662673cb5f7b1030b6b878998283c7e84f0611f8f0,ncb-sem-95e7b3c2dfa3871c,HCP,f8671ab0121baaa8a5791c0e10045747b694a1ce29f748624f86d9f6afaec0a9,1,0
ncb-case-a8826ac14fac39c3,scientific,asd,fMRI-FC,unresolved,False,abstained,evidence_gap,literature,f8e28f46161621085facc3c7bf340714e8f5bfc7229f2a8983b04278530a681d,ncb-sem-bcd31e36404b748e,ABIDE1_HOLDOUT,2aadc4e4de851c0e2f50ccae550c5f5b5318d46843b677d9fa6b9b8ee0ab5262,1,0
ncb-case-a9fe7bee2a93b42e,external_transfer,ad_aging,sMRI,confirm,True,abstained,strict,literature,70b6e69485b06fcde8ea25df35276c27d33dc0adb1abd6267df507d95cb457cd,ncb-sem-35ab38bf5127a8bc,NACC,89a3d773c1c9f79a4712c25306cd05d5d4e2c0a3aa7a55fe0058099c18922dbe,1,0
ncb-case-aa8534ade69b99af,synthetic_safety,synthetic_stress,fMRI-FC,abstain,True,abstained,constructed,constructed_control,bc9561cf36451f71dc170eed589166cd8b983c6f180f4002d802967d428dd31f,ncb-constructed-e31fa9c17a2cfe27,neg_site_confound_ukb_s2,23b408524e23a84b86811c7c9748190e4282446e394ca4306944781684547c58,1,0
ncb-case-aaacaefa3cd0aff9,scientific,normative_fmri,fMRI-FC,unresolved,False,abstained,evidence_gap,literature,bbb2f5d0337d98ca21d01363117c8802166d00564d52138fc36095d6b7896a14,ncb-sem-5963ec53b7af56d7,ABCD,c1b8f2bee08cd3885ae393bad4189abe4f6f306525a43073ef666674c49e6e5a,1,0
ncb-case-aac79f1a7de2792f,synthetic_safety,synthetic_stress,fMRI-FC,abstain,True,abstained,constructed,constructed_control,bc9561cf36451f71dc170eed589166cd8b983c6f180f4002d802967d428dd31f,ncb-constructed-6561e0c4d02844cd,neg_random_label_hcp_s2,242d47d3594f6864a140fedd4f24bfa945df1f12464e355a0274106540d95ad0,1,0
ncb-case-aae60f404025f35f,scientific,asd,fMRI-FC,unresolved,False,abstained,evidence_gap,literature,82b424dd24392485dfe0585b2ac8274ad9969c38a52bb25afb4c2cb29a0b96dc,ncb-sem-7b2670c1d81fe2d1,ABIDE2,c823298f5f12df8af07efc39e57413ee6b375c5f9f95bf060e712101c70c15cd,1,0
ncb-case-ab3f32f265858d55,scientific,ad_aging,sMRI,confirm,True,confirmed,strict,literature,a272797c98c16f6bad72d38eec4f74a57ed3e8a0d23d4f4f052e1e48be3f5b38,ncb-sem-9a1d0e71271e5380,ADNI,e59458cf873b37f444e003d8a14a9e20dcedbee238f1b165ec909b1e8b57abe8,1,0
ncb-case-ac0920843017098d,external_transfer,ad_aging,sMRI,unresolved,False,abstained,evidence_gap,literature,a0e37384366f94dc1f7efe006914db1bf78613afcbdec8780c40b58e840e8745,ncb-sem-77dee2d9b3c50af0,NACC,aab29b1d1c0b92a5c132c069f6bc9307fa1031eca7947b82074e5f12139cb771,1,0
ncb-case-ac354449072fc90f,synthetic_safety,synthetic_stress,fMRI-FC,abstain,True,abstained,constructed,constructed_control,bc9561cf36451f71dc170eed589166cd8b983c6f180f4002d802967d428dd31f,ncb-constructed-3340c9b5c9543b2b,neg_site_confound_adni_fmri_s3,06e49e0c9bfc3666a5358fda403723fd979220c507cf65958e3638421a37f45e,1,0
ncb-case-ad78cc291bfefd08,synthetic_safety,synthetic_stress,fMRI-FC,abstain,True,abstained,constructed,constructed_control,bc9561cf36451f71dc170eed589166cd8b983c6f180f4002d802967d428dd31f,ncb-constructed-941980b8dbb9871b,neg_underpowered_adhd200_s2,43c43273ba8985e4db7f5ea8f1df91d1c93ea5dd1f71e87a59baf6179b912d47,1,0
ncb-case-adf9f774e349ffad,synthetic_safety,synthetic_stress,sMRI,abstain,True,abstained,constructed,constructed_control,bc9561cf36451f71dc170eed589166cd8b983c6f180f4002d802967d428dd31f,ncb-constructed-9f75f8e2bb729c82,neg_site_confound_oasis3_s2,df080a369be8d182b5c17d17da6f0be9a4a3ca1b68ce46960a569049932c64eb,1,0
ncb-case-adffb0ffc32cc3fd,scientific,ad_aging,sMRI,confirm,True,confirmed,strict,literature,915fb0b02db7ed098d3e37be3496e609041a3d9bf49ea168def3180cd74387d7,ncb-sem-7d72a72282bd75df,OASIS3,349eb82545a4fed6773d127ca9efbf6796bd4a270d60e579a6f05be27fdcc720,1,0
ncb-case-afa6af7f828fbdae,scientific,psychosis,fMRI-FC,abstain,True,abstained,provisional,literature,b278ca421543844fa380ea4735c7f7b3cc5a775f453e6281dd449682d6ea98fa,ncb-sem-2166e66544e56e96,FBIRN,9eaf2a23ddb73ea3b9ad8419cc764b871d15a798fea17ac3a71821704466415e,1,0
ncb-case-b00c6ae54933cd8c,synthetic_safety,synthetic_stress,sMRI,abstain,True,abstained,constructed,constructed_control,bc9561cf36451f71dc170eed589166cd8b983c6f180f4002d802967d428dd31f,ncb-constructed-d3f35227c3bc7baf,neg_site_confound_adni_s2,23f923def996294ab3281e6dfa83e567f816aff87ba4f796f0174c4ede31b5d0,1,0
ncb-case-b104edaa37f414b0,scientific,asd,fMRI-FC,unresolved,False,abstained,evidence_gap,literature,d30c16ffd54eccd21f10d874bf43276fc38cad0e135b77da258451563b2f8723,ncb-sem-e939d6b8b53df97c,ABIDE1,5a12e0c7d2a28bde4afc334c4453061c3551f223b203d5072532ad300d4b829d,1,0
ncb-case-b1625be87853a8f5,scientific,normative_fmri,fMRI-FC,unresolved,False,confirmed,evidence_gap,literature,01c2593771478f06c89a5b94078f54495faa6fdeea493d19aa9a9601a0a7e6f0,ncb-sem-af821d5180b2cebb,ABCD,2aa338cf718c206f1f58b7a786bbc5a49d2a0f094fde38b832b7d6280ab18b62,1,0
ncb-case-b27e3f8fadbba924,scientific,adhd,fMRI-FC,confirm,True,confirmed,provisional,literature,622641744e830c2f446d55b2fbf3037374ca42fcb462f2a58b6f220fff9599b6,ncb-sem-f1008f8ce10847e7,ADHD200,673bb19e90e472ee10d6eec6ebed40c685d29a6fc14e9e6ccc9f73a520eaedcb,1,0
ncb-case-b2aaf5de745cd793,external_transfer,psychosis,sMRI,abstain,True,abstained,provisional,literature,98a2ea90a3062fc789dae0648a096080e92a931adc16e88a675f8f733844d471,ncb-sem-061659ac6029e857,ds000030,8a63ea377d95958e3b3536ba261c1af8ce07ca37dc78ed751501c82f03a8f0eb,1,0
ncb-case-b332319263998a2e,scientific,asd,fMRI-FC,unresolved,False,abstained,evidence_gap,literature,f68ebdf86b61f4ddf03be5e934baa70b054571d6a60ef6106fab704fdce6791c,ncb-sem-ecf88ea9b21fc37a,ABIDE2,19802d4080b79f2e8f176ede52b798824d854ec76cd44f5f03a2db90b40b33bc,1,0
ncb-case-b379ea143351b5d0,scientific,ad_aging,sMRI,confirm,True,confirmed,strict,literature,1077a6329450b1493818e951eefaf9a1918c00ec0d8763461e263fa9833b1f23,ncb-sem-9725e2d6c7a99178,ADNI,7c66a10417fcec235ed58bc5f85855df3d432c60693fa1bf4758147bfb882606,1,0
ncb-case-b44a0438179b3e5f,scientific,psychosis,fMRI-FC,unresolved,False,abstained,evidence_gap,literature,6dc660eb115b8567babb0efbb128481762eda0174302a2dc5c791c7e412315c5,ncb-sem-bcd31e36404b748e,COBRE,ba299f6826289883e4daa74fa09ab631467ffc5d4032e7a7f330ebbddd782bc0,1,0
ncb-case-b474387ff120a886,synthetic_safety,synthetic_stress,fMRI-FC,abstain,True,abstained,constructed,constructed_control,bc9561cf36451f71dc170eed589166cd8b983c6f180f4002d802967d428dd31f,ncb-constructed-d6339a1c2937c795,neg_random_label_adni_fmri_s3,c752b6285a527e8231952fa9dd8f1fa0c3698a01888f7d20abd15a0071d10017,1,0
ncb-case-b5999aa1ae2c3ff8,scientific,ad_aging,sMRI,confirm,True,abstained,strict,literature,2dc53034714df0fa1117c19b6bafccdebd2c66d63922f71e3c8a2cbbbc21493f,ncb-sem-d384989302daa852,ADNI,e2c8b315d58711232df3fb244f289b13f1a98c97f3043bbed5db37f77d0fac0a,1,0
ncb-case-b6da1bc630eb2d9e,scientific,adhd,fMRI-FC,abstain,True,abstained,provisional,literature,ca9d65dbe55f436643649c8b8bcfd65890cffe115c655917bc60e7333a44fd48,ncb-sem-b9ed4cced1a322ad,ABCD,e655e7f3059cc2a2fa0bfd47f5738215071ffd1c322d56face875667b06330b8,1,0
ncb-case-b7766efbf759775a,scientific,psychosis,fMRI-FC,unresolved,False,abstained,evidence_gap,literature,b07f572602f33554042fa619304fc36928b16e01f1e6621a082cef58280e951e,ncb-sem-2ccad72c3141229c,FBIRN,ed8eabb252714493617a23875b640f41f1af8d9b8826cdbb8845c317adcbc72f,1,0
ncb-case-b81743b2021cf84d,scientific,adhd,fMRI-FC,abstain,True,abstained,provisional,literature,ad29c03c753cb54fc63c9e2bb9e55406d97ceb5211366e8a3fab4dbdf61828c4,ncb-sem-01b92be6f309d0ae,ABCD,30329250c399e0e19f0099ec82e0f1abd36cca45c0178fcdc6800cf75650db9e,1,0
ncb-case-b981df9ea316aa0d,scientific,asd,fMRI-FC,unresolved,False,abstained,evidence_gap,literature,3e5de38ee0c91ab4b8c978611368431913f9e80f1d93980483df61e2376788ce,ncb-sem-c1015aaf0f628f94,ABIDE2,a7bd041be62e2db43aded1d76a6c0b581c7274b1f519b9d483c62e6dc39f3136,1,0
ncb-case-b9be54474c6bcd6d,synthetic_safety,synthetic_stress,fMRI-FC,abstain,True,abstained,constructed,constructed_control,bc9561cf36451f71dc170eed589166cd8b983c6f180f4002d802967d428dd31f,ncb-constructed-cc4e26b84d079779,neg_site_confound_abcd_s3,7fbc16c903db656baee07961664428e3f359c3b2a9b6dbfbd5663c7b0b4f2f18,1,0
ncb-case-bbaa0135d123bc46,scientific,ad_aging,sMRI,confirm,True,confirmed,provisional,literature,d325e8268a83c8fa1541ef6341c812f8d9c73d2eac79f89951e182a9591e7688,ncb-sem-5ec25f86a95995a3,OASIS3,cc2914e36309cad42e9bff4b0a6351fa56b156cb121cb9074b25063a25f3fff5,1,0
ncb-case-bc5aaec2f20751d8,synthetic_safety,synthetic_stress,fMRI-FC,abstain,True,abstained,constructed,constructed_control,bc9561cf36451f71dc170eed589166cd8b983c6f180f4002d802967d428dd31f,ncb-constructed-cd845eddecd9e191,neg_random_label_hcp_aging_s3,0558f914b0d8e6af1cc80c25d87ae31dbf6d3c1644b91c484700b940bdebecfa,1,0
ncb-case-bd4c3d1687861de2,scientific,asd,fMRI-FC,unresolved,False,abstained,evidence_gap,literature,b3fa42d2a630ebc3caa7c74fb7cbd7662c049cc3c860cb5ce03902ac58d726a8,ncb-sem-63f13b156feb0458,ABIDE2,be9238714808b66402159f2c45825993dd00eadd147b39f453e2e7e450668e79,1,0
ncb-case-be41703ab0620fed,external_transfer,ad_aging,sMRI,unresolved,False,abstained,evidence_gap,literature,00547a68cc283ea3dc30e823c0969d283de642e4423f6948b7aa99f409a3511b,ncb-sem-0628c77415bb6653,NACC,36b84e80d6c50012527c3eb85ca6807bc1e8356f011bbcb381a666666c6c4896,1,0
ncb-case-be63819308d73991,scientific,normative_fmri,fMRI-FC,unresolved,False,abstained,evidence_gap,literature,df99e81362b75dffbcbd07d8ee8f1a11c596fe3cb083ca887736f7d22a97e830,ncb-sem-4e67c2e3264a8958,ABCD,9c418256797d0a86064d970a3e88ff8457d32310776b1a8297e66c8a796c3e35,1,0
ncb-case-beebe6b4d8961e0f,synthetic_safety,synthetic_stress,sMRI,abstain,True,abstained,constructed,constructed_control,bc9561cf36451f71dc170eed589166cd8b983c6f180f4002d802967d428dd31f,ncb-constructed-54ba49efbfc2c317,neg_p_fishing_oasis3_s2,3b26f2bc313915707cce1961fe78a504241e90333eb65c18a0d833f991dc5f1d,1,0
ncb-case-bfa5dbc3c65bf21b,scientific,asd,fMRI-FC,unresolved,False,abstained,evidence_gap,literature,9395aaf6f2c356453d1ae8c8ad57665df220feba99a1498c05afaa14107b8041,ncb-sem-64e9882773a50a91,ABIDE2,548cb9ea8bd9f8debed81d65b27010ba68443f8389de280f24e0a60133bfd4ba,1,0
ncb-case-bff52be91d6404b7,scientific,normative_fmri,fMRI-FC,unresolved,False,confirmed,evidence_gap,literature,d797a96575579058b8b096f02c8b1246f793585d4f7f66d8eb9d8b430f4bcb7b,ncb-sem-cea69597c870b6b8,UKB,7fc6845e80fabb9db8918b62e791d797a9227a8aa7499272e4c4a47064ebeab2,1,0
ncb-case-c037ca90efa3371a,scientific,asd,fMRI-FC,abstain,True,abstained,strict,literature,8f745d620c26413a8472bc7517e775687522b7c7596773a1a7f081b30a404033,ncb-sem-01b92be6f309d0ae,ABIDE2,afbfd52ab898aa8b75058616b6193b34892bea7f7d452244ed64defafeede78a,1,0
ncb-case-c0c640ae2cee07b1,scientific,adhd,fMRI-FC,unresolved,False,confirmed,evidence_gap,literature,ab7b279cffe1cafac8c3ae4aabe1b8cc35215766552fc9a17aef05bcb0ddb4aa,ncb-sem-121f221d8a57572f,ADHD200,693e96c3edd41a9856cb1b6e96bb8253640f34d8470d19f03c7bab4b2b47a73d,1,0
ncb-case-c15270b77671b377,scientific,normative_fmri,fMRI-FC,unresolved,False,confirmed,evidence_gap,literature,d95acff18dec0eb0cc02e157b5c1d9312cc99ab507e81acc1c62c9c5446cbd61,ncb-sem-155bd22863afb6e2,UKB,2ddc5b5c1ef8b93a0a9b11866e80d51afc5a4f22daaf095759d71baeefc4e50b,1,0
ncb-case-c15ad9a11a2c651d,scientific,adhd,fMRI-FC,unresolved,False,abstained,evidence_gap,literature,d8c0e33c4c876b49b88db412f0cfe834ac58e89011dde47ee2d6ef793c5a9dc5,ncb-sem-dcd74e842d675115,ABCD,f3636d57e59fc80720979dd8e617af6796721000006447ea84631b5fed881c38,1,0
ncb-case-c185892f3b36bd4e,synthetic_safety,synthetic_stress,fMRI-FC,abstain,True,abstained,constructed,constructed_control,bc9561cf36451f71dc170eed589166cd8b983c6f180f4002d802967d428dd31f,ncb-constructed-3eae52f53e597fba,neg_random_label_adhd200_s1,d85043ecf72b62d3fad0618e339c0356285712d9fb752a115021cc6b0f40f84a,1,0
ncb-case-c28cec32d4e18002,scientific,asd,fMRI-FC,unresolved,False,abstained,evidence_gap,literature,778579800099c6d585924c98ec2c69a59dc9d6efc8ba7243193d1f06716cbf15,ncb-sem-33511e0d8cad530d,ABIDE2,adc64a42191e17f63007bc25281becbf3d5835b1b4907a7c66c7d4875362948d,1,0
ncb-case-c335eac2b2840ad3,synthetic_safety,synthetic_stress,fMRI-FC,abstain,True,abstained,constructed,constructed_control,bc9561cf36451f71dc170eed589166cd8b983c6f180f4002d802967d428dd31f,ncb-constructed-ce64cee36bbb3082,neg_p_fishing_ukb_s3,e781a1d10147abaa0fbadedc9ccbec3131903d0f7eac7d859974845d1eb42d2e,1,0
ncb-case-c552e6d4c8208e64,external_transfer,ad_aging,sMRI,abstain,True,abstained,constructed,constructed_control,ce8a968acf11e5061c37f491c6afa33d3e3bdac4100ba7b187d6d558d88e0705,ncb-constructed-b4f8fb2d26bddef0,NACC,27c9abc94de2e24b045b1c8d8bb04760140e390c2e83cf7a21674ebfeea4fff7,1,0
ncb-case-c571041bf92aec1b,scientific,normative_fmri,fMRI-FC,unresolved,False,confirmed,evidence_gap,literature,c4847cc9ba269eec2b09c8947c21b8ce2ed072cb78d3d482e5b2b258471e8692,ncb-sem-60a37008054031e7,ABCD,424e2babe414b942c9de6cea445152da63bc02ae3d4a57cba78750f02b7f0960,1,0
ncb-case-c5d3078fceeb5c49,synthetic_safety,synthetic_stress,fMRI-FC,abstain,True,abstained,constructed,constructed_control,bc9561cf36451f71dc170eed589166cd8b983c6f180f4002d802967d428dd31f,ncb-constructed-a4e0badbb6316631,neg_p_fishing_adhd200_s1,521bd6435c6d8390ee4bbf8fc684c32233a210296945ce4896f4a0b3042a1147,1,0
ncb-case-c630bf30077c1b80,external_transfer,psychosis,sMRI,abstain,True,abstained,strict,literature,9d0600146d2fb15941738d4f7a3c900294425ae8438d68fe435554faecd45ebd,ncb-sem-7eb89457d6e9ce6b,ds000030,e60c97d7572df957cdf5dfebc4c3e37ea79df71ebd98929bb7f3c510c02f2301,1,0
ncb-case-c65331c1822c6de9,scientific,asd,fMRI-FC,unresolved,False,abstained,evidence_gap,literature,4bd4361ba4cf7dc3a6986e8a19a45870dac7fb4eb6849d8f90b89e5b6ad790d7,ncb-sem-7ccbd6c1a37ab02b,ABIDE2,149b1f2aeda4fcb1612b5edd3c9ba5d3fdc4cc18d9c5aa1afa53e32c85ed567e,1,0
ncb-case-c662c321679640cc,scientific,asd,fMRI-FC,unresolved,False,abstained,evidence_gap,literature,cc88496de58670781aed65abe013d8c721c72856c10474b29626ea483fab47ad,ncb-sem-b539cc34023ad082,ABIDE2,9b768a7494df75b24fdc89ed6f68cee71fad50a0a2b02684368bd092524d7453,1,0
ncb-case-c7c79ca1a3217e5f,scientific,psychosis,fMRI-FC,unresolved,False,abstained,evidence_gap,literature,3bd2c904f22d8f13ea47294aeb24776aa3d0c4a4a11fdbc9204b0fe207c1fd9a,ncb-sem-b158ae5ae8b91424,ChineseSZ,70527a90423a8295ebeae835b0a95e8bc634a4d1611424dbdb775935515a8516,1,0
ncb-case-c83b7cf3992ec083,synthetic_safety,synthetic_stress,fMRI-FC,abstain,True,abstained,constructed,constructed_control,bc9561cf36451f71dc170eed589166cd8b983c6f180f4002d802967d428dd31f,ncb-constructed-a4c9cd17c1936c38,neg_site_confound_hcp_s2,82c3329f50510efebff002c985b91b30000176ffc85b4ea1e6438009e92a5775,1,0
ncb-case-c8566e7dd2ee4e4a,external_transfer,psychosis,sMRI,abstain,True,abstained,constructed,constructed_control,16b0d66ed68c3e2205bf6846efc5258a02ff5dbeaca00ff5fca931f8fb3cbc57,ncb-constructed-a79782a2087d7a83,ds000030,dfa0f5e86b3c68f93619ad4aa1274d453d21a2b1ad07ca6af78718c19cb19126,1,0
ncb-case-c894adf92b01816d,synthetic_safety,synthetic_stress,fMRI-FC,abstain,True,abstained,constructed,constructed_control,bc9561cf36451f71dc170eed589166cd8b983c6f180f4002d802967d428dd31f,ncb-constructed-3a59842258bc7a20,neg_underpowered_abide2_s2,56b080929487f10e6fe160a40f382c06df6218a41f2c8ae69bfde6dba642d984,1,0
ncb-case-c8b22138c8e5585b,scientific,psychosis,fMRI-FC,unresolved,False,abstained,evidence_gap,literature,171a3cc3dbdf8c1b7c23a009735fbf4287cfb98beaf7f8702212c8a20b5ee413,ncb-sem-b158ae5ae8b91424,FBIRN,23a83dcb8dd0287e82e81be378cb004bce79a5325cd73ba2c55edfee8113d52d,1,0
ncb-case-c8b889ca15052344,external_transfer,psychosis,sMRI,abstain,True,abstained,constructed,constructed_control,1138deee7c35c43d3586d6d64a3dabb1e462c2e7f28af2a990f530490c6561f5,ncb-constructed-26937a976e9f3fab,ds000030,65b1b4ecc86db12071e7bd911838358945c5c42d9f1573c3c3611f7edcc546fe,1,0
ncb-case-c9aa23ba27a81faa,scientific,adhd,fMRI-FC,unresolved,False,abstained,evidence_gap,literature,a7fab3000d3573d6d3f8433968329d071578091c5586b9190a0c00dba446da14,ncb-sem-1dbd5384a30c6230,ADHD200,0d57166941ee6987a8e94a201d566f6551e2f9cde82cc2d83fe95e4b02d7cf43,1,0
ncb-case-c9e8672ab930d287,scientific,ad_aging,sMRI,confirm,True,confirmed,strict,literature,1504487b6b62f6f843c36f09dac3d721baac3e9b0d8f05b3f0e4d736f4ff2dd7,ncb-sem-d295d09b83e74459,ADNI,1b8a8b0d4ec2f5286857565cc3b20b69b0e31e8b7a6ef26b710a5387f2b28f93,1,0
ncb-case-cb2bf776de6d9950,scientific,asd,fMRI-FC,unresolved,False,abstained,evidence_gap,literature,e908ac047680693321dcbc88a5558e4bce5ce73837d573f26ccd9441514e2c73,ncb-sem-2166e66544e56e96,ABIDE1_HOLDOUT,0c04451321f8aa463f1d1bfe0e785823e00d716a57d204c1b000827ea22d686c,1,0
ncb-case-cb5b033ee55fa89b,scientific,asd,fMRI-FC,unresolved,False,abstained,evidence_gap,literature,c1631bb846f6bf6561333f590d5d585cc0e8358de76834da91d4c259aab0ab3c,ncb-sem-a0c679d08f14f3e2,ABIDE2,3ad601039168835a0aa9153a5d2400c86e8ebb3edd86792e9be32f9545952cb0,1,0
ncb-case-cc01d5d3a753882c,scientific,asd,fMRI-FC,confirm,True,abstained,provisional,literature,8559379d23c5addc152235d042b44a9cb39d430784401f388980331bfa443435,ncb-sem-7ccfc692bc2f2980,ABIDE2,f849744a3e72c7b028ed76510b08cfa02e02e994548eb013b88324b322fee36a,1,0
ncb-case-ccb02ebdf0b9de13,scientific,psychosis,fMRI-FC,confirm,True,abstained,provisional,literature,6d7d02b1972c0278dbd2f8b53e899938f076fa6dd4ba949f65a98971918b1218,ncb-sem-2eecc281ef7ad433,JH,1d647c3ac871d92db5716b0119f805a94946d0e1cf26c683be44b13e0777834b,1,0
ncb-case-cd5e17a4689770d8,scientific,adhd,fMRI-FC,unresolved,False,abstained,evidence_gap,literature,292a25ddcfeea37f416e546f540c64b17449babb3a50f8339797531ea860787d,ncb-sem-b2165137d6f2cd98,ABCD,d37402dd791a12dc5975c0b5a9fc0994be3d63826bdbf317c431e337efa54f61,1,0
ncb-case-cebf60d51174652c,external_transfer,ad_aging,sMRI,unresolved,False,abstained,evidence_gap,literature,3daff46b1e6aee8357aa368c0c57906f78a4c1f9d6a011bb2b81342e0bc0fe40,ncb-sem-9c3c2242ac51f459,NACC,87da7810f0a4515fd25c6bb74f6a951494e20c38fdf8988d2b3836d369932721,1,0
ncb-case-cef97c25fef66c3a,scientific,asd,fMRI-FC,abstain,True,abstained,provisional,literature,dca138f48aa414436004e49ce89d984b557b2c9ddba97052b8a4ec9f2e1f8b8f,ncb-sem-2166e66544e56e96,ABIDE1,b2bc1b3dc8d742349867f9f8a7e42fb3186657691ec0e71f041febf9a92913f6,1,0
ncb-case-cf3de7630e790239,scientific,ad_aging,sMRI,unresolved,False,confirmed,evidence_gap,literature,07b74f1f8fe1ba3839307dfb0f9a7df526923c29df56301ba9fe1caed4f83b37,ncb-sem-799ee41494ce841f,ADNI,9448893bb6c6800c78376b8412245b2d4fc95fced01a8b0aca85e2d448fbc3f8,1,0
ncb-case-cf9c20754a90a5e3,external_transfer,ad_aging,sMRI,abstain,True,abstained,constructed,constructed_control,633b7a60ce7053b270c5f84c3f9d1de863f22ad507e42202836c71efb0a5b094,ncb-constructed-c4bde152e854b6d5,NACC,ac14eb752018c2b066fd270067a2c6e97d60ece296274f08e5f792c27a25fb20,1,0
ncb-case-cfc74c3b32933460,synthetic_safety,synthetic_stress,fMRI-FC,abstain,True,abstained,constructed,constructed_control,bc9561cf36451f71dc170eed589166cd8b983c6f180f4002d802967d428dd31f,ncb-constructed-f1685f3e51f9f58e,neg_random_label_ukb_s2,7fcbe86bd9b2c85025577f69009886d133c5049569e5bc5bd234ca2ffb31a7e8,1,0
ncb-case-cff158498ebbc35a,scientific,ad_aging,sMRI,confirm,True,abstained,strict,literature,6f0907673bf01f1942bf4d9937753d8606b393fafc2e1dc7d976cc6d1ab181ec,ncb-sem-e7f683ba9f4d54de,OASIS3,75bd3855eddc86c8164fd4b8c788b0d2ff249afef49acbd1c2597bcf3031ee46,1,0
ncb-case-d0103cdfbca77685,scientific,psychosis,fMRI-FC,unresolved,False,abstained,evidence_gap,literature,8ad7a82f158a2d7ce90d1f4b1e40fa635898ef732422facd8fee869099265a14,ncb-sem-f6629357fa60f0d6,BSNIP2,23b8d8c0265298fd242715da197614417003ea5efbb70bf6b292cb27ea990f0d,1,0
ncb-case-d044bbe3a43f1438,synthetic_safety,synthetic_stress,sMRI,abstain,True,abstained,constructed,constructed_control,bc9561cf36451f71dc170eed589166cd8b983c6f180f4002d802967d428dd31f,ncb-constructed-cb2a48ddbb070232,neg_site_confound_gsp_s1,ac9cd68260b345b7566db9f15a77c43d130e9157faf52f37d667bfb00681b899,1,0
ncb-case-d2b67bab6df76c6f,synthetic_safety,synthetic_stress,sMRI,abstain,True,abstained,constructed,constructed_control,bc9561cf36451f71dc170eed589166cd8b983c6f180f4002d802967d428dd31f,ncb-constructed-604d268a40a562fc,neg_p_fishing_adni_s1,e1ef0d8ef65b2b01a4d27a3acdea5f300b83e9f80cbd970fb65ad51bb0fb86d4,1,0
ncb-case-d3cebacfe4c41aef,external_transfer,psychosis,sMRI,abstain,True,abstained,constructed,constructed_control,62627f4c4958f2e6d755afe24678846d565b76e8bce130b79462859512819ff9,ncb-constructed-f86a8bc01849aad3,ds000030,606cbc9e2a0469071a69378c251e92a1f730bcfd089b44998ba2b1244e1335b2,1,0
ncb-case-d4792ef993b784e7,scientific,asd,fMRI-FC,unresolved,False,abstained,evidence_gap,literature,1eb898e41a58e9b4e47896dc4fa553b65463e9ab42a8ddb8e9d8fe4712d6c7cb,ncb-sem-1caf036f3cfc92db,ABIDE2,31990e646f54d4e694348212341524808d583a3747736b6aec3da643ffe1484e,1,0
ncb-case-d49c1f57c7ac3156,external_transfer,ad_aging,sMRI,abstain,True,abstained,constructed,constructed_control,9ff82d1726626a908a10176c3ad1d3587947a0a721a1490daa79825c2506dd29,ncb-constructed-6cbcd1541bb5c6bf,NACC,5c6725bb518a0b2f7e58e59b9e2de9354f511e20faa3eeb3745287d8e1e08a60,1,0
ncb-case-d5260e81c6775a09,scientific,ad_aging,fMRI-FC,unresolved,False,abstained,evidence_gap,literature,aa45e9ce98d6bf9a085b236d361b96eb961449b6585db351c1c053c0992f5275,ncb-sem-35aeb4ea0eac989b,ADNI_fMRI,693510493058a91ac8ead80536de2a54f1331e925b11ad3d69d871fe6c93a395,1,0
ncb-case-d5a1af41c2373704,synthetic_safety,synthetic_stress,fMRI-FC,abstain,True,abstained,constructed,constructed_control,bc9561cf36451f71dc170eed589166cd8b983c6f180f4002d802967d428dd31f,ncb-constructed-616ae26b11009306,neg_random_label_cobre_s2,f9b3b69c40a657389a8bea87a007f6b474a971f674d4bed26975fc3fe1cda273,1,0
ncb-case-d5babed6fd444c40,synthetic_safety,synthetic_stress,fMRI-FC,abstain,True,abstained,constructed,constructed_control,bc9561cf36451f71dc170eed589166cd8b983c6f180f4002d802967d428dd31f,ncb-constructed-6257042097fb521a,neg_site_confound_adni_fmri_s2,59ef3adedd2d2f5ddb1dc05e545dcd4028ddf04f675c32b44f3645bdb7d96646,1,0
ncb-case-d683b74b97a5a87e,synthetic_safety,synthetic_stress,fMRI-FC,abstain,True,abstained,constructed,constructed_control,bc9561cf36451f71dc170eed589166cd8b983c6f180f4002d802967d428dd31f,ncb-constructed-d000333e2bbdf812,neg_p_fishing_cobre_s2,5f540298959b95f909c37ceae40f9919dc825eff3f873a7f4929af239d5c86db,1,0
ncb-case-d7242b6d8f14065a,scientific,adhd,fMRI-FC,unresolved,False,confirmed,evidence_gap,literature,c11760e2e99fad3c8987f0d164fa3e1e8cf068f32903786dee358c5ac5fa3e3f,ncb-sem-e5afc4f4b28405cf,ADHD200,9f890b1a7a66889eb010dc6a885fa8ac58380191f9b86429c8ce90076d63edcc,1,0
ncb-case-d753f3be1731cbe2,synthetic_safety,synthetic_stress,fMRI-FC,abstain,True,abstained,constructed,constructed_control,bc9561cf36451f71dc170eed589166cd8b983c6f180f4002d802967d428dd31f,ncb-constructed-990e9f3f90939f84,neg_underpowered_adni_fmri_s1,e99377ceac8e5d2339ed9a2996d547256480e2f5205b91017ae9d7610471f1b8,1,0
ncb-case-d8249150529d2720,synthetic_safety,synthetic_stress,fMRI-FC,abstain,True,abstained,constructed,constructed_control,bc9561cf36451f71dc170eed589166cd8b983c6f180f4002d802967d428dd31f,ncb-constructed-5602d8e8e465ec53,neg_site_confound_hcp_aging_s1,45e4a4f6e1fc74d9c2c04a83e9acf85c097c7b90ff20accdd760f6bb26e1e4c0,1,0
ncb-case-d8a99cb47c33c313,scientific,psychosis,fMRI-FC,unresolved,False,abstained,evidence_gap,literature,7ce52abe559cbd413fff3fb055b9a369ddda4cd1a5c293ae33a6e19ae080c5de,ncb-sem-b158ae5ae8b91424,ChineseSZ,49fd02560669f081865a60b8024eb81ebb6dc5834a87820f119def66b35fa233,1,0
ncb-case-d9045a0ef13695ae,scientific,adhd,fMRI-FC,unresolved,False,abstained,evidence_gap,literature,554a74d9315bf8cfe6d04a629796d126dbf2a0d82f46b7799c423392a6f62b3b,ncb-sem-bcc28b71066821a5,ADHD200,113ed00f0e74744db73352da4d1cfd37e82cf767a06d5337e03d01bb71cc92a4,1,0
ncb-case-dab8e37863d8d14d,synthetic_safety,synthetic_stress,fMRI-FC,abstain,True,abstained,constructed,constructed_control,bc9561cf36451f71dc170eed589166cd8b983c6f180f4002d802967d428dd31f,ncb-constructed-be4a0aaf5faef0ee,neg_p_fishing_abide1_s3,f091755e09ca7583a68c850c45d40be12c983bb4d8b7fd45db2f486f3cd3585a,1,0
ncb-case-db7e4bc1e5eaa39e,synthetic_safety,synthetic_stress,sMRI,abstain,True,abstained,constructed,constructed_control,bc9561cf36451f71dc170eed589166cd8b983c6f180f4002d802967d428dd31f,ncb-constructed-c2fbe0b9a7017a5f,neg_p_fishing_gsp_s1,1a4801cd609a8bc9e6fba0d035f901e748b783c42db2879bc1b3763961b73fda,1,0
ncb-case-db9c788471165ea0,synthetic_safety,synthetic_stress,fMRI-FC,abstain,True,abstained,constructed,constructed_control,bc9561cf36451f71dc170eed589166cd8b983c6f180f4002d802967d428dd31f,ncb-constructed-2db8838e70ebac37,neg_underpowered_abide2_s1,4eba4adfcf45c4c39f1ba937d6c59b6ded3938605bd7314de9a9d55f9dcc585c,1,0
ncb-case-dce9149fdd02f427,scientific,asd,fMRI-FC,confirm,True,abstained,strict,literature,a3b0a5385d5c5cb57ffe2a1beeebcac6d75eea4a7cd36db68b07e4b2378e8048,ncb-sem-f735fffc87f90990,ABIDE2,4f6f45a81e8e337049763733e2b9871efc22c4d9fc5f5f6d4ccf920cb8a023d6,1,0
ncb-case-dd6641b4ea42b230,scientific,ad_aging,sMRI,unresolved,False,abstained,evidence_gap,literature,4cb9377ded9feb6d76bf5054a804e16afeeb4fa9f472aa35762588854bd2d7b8,ncb-sem-e7f683ba9f4d54de,ADNI,0945ff60b5d68ba89a298e0d5c7f9a2de1625b057bca524e15324d9708ecf806,1,0
ncb-case-ddf93ab1b5bfae8b,scientific,adhd,fMRI-FC,abstain,True,confirmed,provisional,literature,3e90e662beb1ef3d425a7ae84472ad06809ce7db9af7a4002ad6993cc9853257,ncb-sem-5197f47ccefe760c,ADHD200,fa88cbf43e33f82fcef46c1858dd805b62032cbff227c248bd865d0b9f056574,1,0
ncb-case-de8c7769259c56ca,scientific,asd,fMRI-FC,abstain,True,abstained,strict,literature,aec1a2645518fc3ad218f5fdef34b38048a9542a8b085781d7e91feeb982c8f6,ncb-sem-909af75e142f1ce1,ABIDE2,107375390c1725d9e23783f39ce428d1fd3b9ce4be9cf0e594d4be754f8ca7be,1,0
ncb-case-df348b820c9e0dc5,scientific,ad_aging,sMRI,unresolved,False,confirmed,evidence_gap,literature,288133858c3adbbc647a71463b288b7a5482b4d8987b04546936f7b45de44d12,ncb-sem-5ec25f86a95995a3,ADNI,792968836011440afaa2e9f79b4c506d6dbabdb10a3878b0c91aa60f7e6ca696,1,0
ncb-case-dfb854f4ac35f016,scientific,normative_fmri,fMRI-FC,unresolved,False,confirmed,evidence_gap,literature,ed9953899bc988a5e5009042c2578b4eece7c13e0340b2a414f84cb894ed3fb0,ncb-sem-2b84eedb776ad4bf,HCP_Aging,d0e3c2468afe45395a1d6887f96a757cb6cedbc19164247267f228b20c1f9067,1,0
ncb-case-dfdc0c58a7eeae26,scientific,asd,fMRI-FC,unresolved,False,abstained,evidence_gap,literature,f457824aa9838d8a64dbad1840052b2af6b449c8a3de005af65756ab4bb14f6a,ncb-sem-ffd2364f0be169e2,ABIDE2,3ba54e0248b29adb223a15306b37f76fc0e2b932fed74e86bd845de4c1fb2ee8,1,0
ncb-case-e0462373f511a084,scientific,asd,fMRI-FC,unresolved,False,abstained,evidence_gap,literature,1cc181ed04ce94ae3a8a35cef9226410210ba71a00ccbecba42601ce195129e9,ncb-sem-34c3c06b3308a06e,ABIDE2,2f6ce6fa5ea95eeb785ac239b4ff56b118d9d5b5b0e1c76df4fda92bdb52f08c,1,0
ncb-case-e16d6b1d10936de6,scientific,ad_aging,sMRI,confirm,True,confirmed,provisional,literature,2f6325a24e29ccb5dbac738603e08ff3b2edbca45205fd57e7b6cce8d1da9f03,ncb-sem-750f3d2e5a18f3fd,ADNI,3578a76ed8bf35781d498f17e97f52809043ab7d6566b7a2316e03be5b46504f,1,0
ncb-case-e223e76690b01df1,scientific,adhd,fMRI-FC,unresolved,False,abstained,evidence_gap,literature,a866e8fbfb0b9b2be4c550835cb012680627589fd242f70ba3ad9864d827bd3f,ncb-sem-22c65198c6a302be,ABCD,de1363fa0a54a31857453e1dd873734715696b750931e1ee29d64fb8103b2e58,1,0
ncb-case-e24d2db067e9ce15,synthetic_safety,synthetic_stress,fMRI-FC,abstain,True,abstained,constructed,constructed_control,bc9561cf36451f71dc170eed589166cd8b983c6f180f4002d802967d428dd31f,ncb-constructed-a73bb493ffe1eb7b,neg_underpowered_ukb_s1,a9f4010d6ed3964cedcb1b3d1a03a9cd9aeff891a467cb43968af9362f4ce406,1,0
ncb-case-e2576aa685de2ced,scientific,normative_fmri,fMRI-FC,unresolved,False,abstained,evidence_gap,literature,5aa37301cb74ff753caaa31679db6a52f02d81730fda044d462d42b8f9d71f2b,ncb-sem-c2bd99d6219b3e6e,ABCD,86a81a5f3a28d98c10f2fd88774a049275a6dd3a56fa4e236ed763a643cae1c7,1,0
ncb-case-e321d64e943cd300,scientific,adhd,fMRI-FC,unresolved,False,confirmed,evidence_gap,literature,72f823cd6727d3ca2473646d2fb99d420fad17685fc7a0dd7051f9255cb79731,ncb-sem-b32f9eea34f48563,ADHD200,e61ccc72bef4061ce3d466c68b9f2898acb4cf373aa0cdf600d200efef581b25,1,0
ncb-case-e32862a56fce0d83,synthetic_safety,synthetic_stress,fMRI-FC,abstain,True,abstained,constructed,constructed_control,bc9561cf36451f71dc170eed589166cd8b983c6f180f4002d802967d428dd31f,ncb-constructed-e746b1b5a16fb0df,neg_site_confound_cobre_s3,9976660e5ef9dac3d80cfe2d92d4194ba271df088beeb878d0055f180f0306ab,1,0
ncb-case-e39a1190a91a21bd,scientific,ad_aging,sMRI,confirm,True,confirmed,strict,literature,6b7f33fa135989223044e274d00845de44d612c47a671cf1f92e228a9ed89744,ncb-sem-aeb1c8786cf64f4a,ADNI,ea89da536ec1b9523290c286e989068afe29a58a5825ceed6c08a9a34eef20b7,1,0
ncb-case-e39b944fef417cd8,scientific,asd,fMRI-FC,abstain,True,abstained,provisional,literature,ba928d407d1ca0f6c5afdaca542afb27bbb701df9518fa5bf8c117ed20911a6c,ncb-sem-48f5ab47f50c688b,ABIDE2,9c2e4221cf5ca105c142aa03f1212934ddcc6f3a0b4ae66e5f9d130f892c1d68,1,0
ncb-case-e4996564bf4ae6d4,synthetic_safety,synthetic_stress,fMRI-FC,abstain,True,abstained,constructed,constructed_control,bc9561cf36451f71dc170eed589166cd8b983c6f180f4002d802967d428dd31f,ncb-constructed-f7cbab1563c9a788,neg_cross_nonrep_abide2_abcd_s2,8969417a2a5f8ec645320b5f20d3f5974896a502b58158fac9e1bfc9d7e01e40,1,0
ncb-case-e507a8817a27654c,external_transfer,psychosis,sMRI,confirm,True,abstained,strict,literature,18b4a7fabf4d335faf8a3f74ae4791c1c20d84274d426247357234d25068fed3,ncb-sem-fce01dfe2d348420,ds000030,530077d063ef312f6a683fe9a1bfff83b60f53404def8517eeb191797806f8f2,1,0
ncb-case-e54819db58d3e174,scientific,normative_fmri,sMRI,unresolved,False,confirmed,evidence_gap,literature,97be5076603be9d917c886dc45ede9e795636baad44684b76a809bc66b0edc5c,ncb-sem-08d0dc1bbf33d0ab,ADNI,5b85792fec387f3151f93502d6b27218fa819acbbcdeeda46e7331b03e8d9f24,1,0
ncb-case-e65e487c1d515d8f,scientific,normative_fmri,fMRI-FC,unresolved,False,abstained,evidence_gap,literature,3aaa1f1809b8c707ef7e67b7db358ba1992e07a60225fa069bc2236d5096e2fa,ncb-sem-36a69884da53bafd,ABCD,67bed34632da1fbb2023a71e2192bb667fab4f85ea9c595480a539a7e23aae50,1,0
ncb-case-e6f4fe714885cdea,scientific,asd,fMRI-FC,confirm,True,abstained,provisional,literature,b76b93e731d6ea39098fb80399504073687d4bc603f27a4bd932f59cfdcda49b,ncb-sem-580187b9bd3e8743,ABIDE2,08c6866776e432686055fe502dc79eaebce0f6916de3c9ca15c72b7849a8070b,1,0
ncb-case-e6f81ff7126fa7a9,synthetic_safety,synthetic_stress,sMRI,abstain,True,abstained,constructed,constructed_control,bc9561cf36451f71dc170eed589166cd8b983c6f180f4002d802967d428dd31f,ncb-constructed-16122ea80358481c,neg_site_confound_gsp_s3,c1154a14cd1e8ef3b126b9675ee914ce9f75b8386f859727c4d6a10e8f2a6d21,1,0
ncb-case-e71577c39b5dc800,synthetic_safety,synthetic_stress,PET,abstain,True,abstained,constructed,constructed_control,bc9561cf36451f71dc170eed589166cd8b983c6f180f4002d802967d428dd31f,ncb-constructed-eb027a2963ba4f83,neg_p_fishing_adni_s3,be65950958048714b102f2f415f25b4eb4e107ea0c1fa5b1e3207c98bdf2ba79,1,0
ncb-case-e72bb626cd82b669,scientific,psychosis,fMRI-FC,unresolved,False,abstained,evidence_gap,literature,f5236c2601228ac2c832ffccde7d04cf3fcd539b46b6cdb58110e4d691b59fe1,ncb-sem-f6629357fa60f0d6,COBRE,3b7b2226aa3bb7ce109fe00563be869699e1fef55876cce35355c6941ea873fd,1,0
ncb-case-e81507811a8d25ce,synthetic_safety,synthetic_stress,fMRI-FC,abstain,True,abstained,constructed,constructed_control,bc9561cf36451f71dc170eed589166cd8b983c6f180f4002d802967d428dd31f,ncb-constructed-18e3336b550618e0,neg_random_label_oasis3_fmri_s1,0b1c1daa0a5f38a68c831f20ed05aba1527d8400cfea541e5f2fbbbf6d89a0d9,1,0
ncb-case-e815f88901b8741c,scientific,ad_aging,sMRI,unresolved,False,confirmed,evidence_gap,literature,3da394c3a30e23294013cccfc65037f96a4f2d8eed9a06c86cb73d751dff11e4,ncb-sem-f3e4911f433998d2,ADNI,ce5c0063d478e61da293889593af2afd1b8b29c77b2df5c7d7de1191d162c10c,1,0
ncb-case-e9d29af357a338d6,synthetic_safety,synthetic_stress,sMRI,abstain,True,abstained,constructed,constructed_control,bc9561cf36451f71dc170eed589166cd8b983c6f180f4002d802967d428dd31f,ncb-constructed-3c84e282e2d70fb6,neg_random_label_gsp_s1,feb2bcefb03564db53cc97d9b7dd7655ee239ebaff78db6be07fe5b4bd8f0db2,1,0
ncb-case-ea1d92633e635c8a,scientific,normative_fmri,fMRI-FC,unresolved,False,abstained,evidence_gap,literature,8c7268efc7fdbae0da49e6d66facb791887c6cceb3e2dc9d1340e6323742f628,ncb-sem-8552739e6f8398cb,UKB,dc6371e72c01cdcd2e2e176efc8496ba66d5715ea1c8da75ab66be1c67032e07,1,0
ncb-case-ea3d6efa3b525082,scientific,adhd,other,confirm,True,abstained,provisional,literature,f19f3c6e8e272e3ddeceed3b9fb2295a0c311583fb57009972a182a05ba2e34c,ncb-sem-4921f413ed66b158,ADHD200,1c1c6743a2aa1468c93471f6988cf5936bf1fb3c13e4c18b848baf0a07b06338,1,0
ncb-case-ea9ef50e03bd1867,scientific,normative_fmri,fMRI-FC,unresolved,False,confirmed,evidence_gap,literature,dee65f72a47aff4d0e1ccbb29ba0c69bb7893bc2d8fbf51e2549b1c4bcdcbaa5,ncb-sem-ea2068ac2f31ae27,HCP,bc6d05b49560e9df556c27a32ce7b1ba5f9f2ef45e09a11867a8804906ed9dcf,1,0
ncb-case-eb434213d4219238,scientific,normative_fmri,fMRI-FC,unresolved,False,abstained,evidence_gap,literature,c91a1d8d790ef4f8e2f064c3a063a9b44d1ef63fe96e18322fae821da3307c10,ncb-sem-6305924d5026f905,HCP_Aging,edbf888496455e861ca8f5b54407ebb0720d395cc740207187e5a05b344ee94d,1,0
ncb-case-ec52828b69f9d8f0,scientific,psychosis,fMRI-FC,unresolved,False,abstained,evidence_gap,literature,0a245ad296efb92fea22803694ef8dbf1032ab3add438e00ed100399d1c39f51,ncb-sem-f6629357fa60f0d6,FBIRN,81e24d3b130902a46cd52114a0894c5d3052a400c072cda182917e5eb6728851,1,0
ncb-case-ec6354520459cdaa,synthetic_safety,synthetic_stress,fMRI-FC,abstain,True,abstained,constructed,constructed_control,bc9561cf36451f71dc170eed589166cd8b983c6f180f4002d802967d428dd31f,ncb-constructed-8873d2ee57b1b8aa,neg_random_label_abcd_s2,cc868c07af008306e1bb3ccc991c61f157543efc2119925759b207ef90ae6d46,1,0
ncb-case-ed1f0f9e3e7ca067,scientific,ad_aging,sMRI,unresolved,False,abstained,evidence_gap,literature,7673d352e1390cc7192eb6c2ff946377a66e9b24a0fc99e47439342ab500e2f9,ncb-sem-1bd1a60a1440fb79,OASIS3,1775e0699f7d950fdfe70ffa2494b3427fbca176a2fb9bd01c5bf5329b7dd39e,1,0
ncb-case-ee1fb05e537c8c51,synthetic_safety,synthetic_stress,fMRI-FC,abstain,True,abstained,constructed,constructed_control,bc9561cf36451f71dc170eed589166cd8b983c6f180f4002d802967d428dd31f,ncb-constructed-73333f162128d17c,neg_underpowered_hcp_aging_s3,820e065fb07facd4789af32a4802abc881f21f40328afe0d43c2bf134be15b9b,1,0
ncb-case-f081fdc9aea95329,scientific,asd,fMRI-FC,abstain,True,abstained,provisional,literature,b29948934ba0a84db7bb402482c14d92902908ec3ef781d63f7e22cb7ec73fac,ncb-sem-a44d2718db4923a4,ABIDE1_HOLDOUT,8d7c71367a2043b90fd51104e7c42a5e0fbd4068a2810fc8c3cbff83c8af75e6,1,0
ncb-case-f0ec7babf360528b,synthetic_safety,synthetic_stress,fMRI-FC,abstain,True,abstained,constructed,constructed_control,bc9561cf36451f71dc170eed589166cd8b983c6f180f4002d802967d428dd31f,ncb-constructed-d8266b6d49d4e3a4,neg_random_label_adhd200_s3,123acaf77fc95cf19b9cfd2770c61e3c53566312d75dbd82acd46722f892a656,1,0
ncb-case-f1fd3853e5f7936c,scientific,asd,fMRI-FC,unresolved,False,abstained,evidence_gap,literature,41065d358cb9078ccbb06422c2694f7cfad4dfbcfda49f6ca8be7b03e1235ffc,ncb-sem-ad2e72eb3441438a,ABIDE2,d3b9d78a966173c6a58a5b8ed01a0316ad73601092701d1310f08cee0928e62e,1,0
ncb-case-f2b8eb141d5f5e8d,synthetic_safety,synthetic_stress,fMRI-FC,abstain,True,abstained,constructed,constructed_control,bc9561cf36451f71dc170eed589166cd8b983c6f180f4002d802967d428dd31f,ncb-constructed-7b1833e9c7c39b9f,neg_p_fishing_hcp_s1,792cb959ece29063d5cd098aad2fc1840f768fff87a7725930a01e6dbd155c04,1,0
ncb-case-f2e04f66cf546b8b,scientific,asd,fMRI-FC,unresolved,False,abstained,evidence_gap,literature,9f52f9300780dfa9ca8f23c5fee863243fe3d314812c4e46c8ca6a3db4d3b107,ncb-sem-c302e042c0fc115a,ABIDE2,caeb5a6d248ba33c770c82b3dc6515580c3efad63440adbbb4688d39731a3c41,1,0
ncb-case-f31afb15e64e3e36,synthetic_safety,synthetic_stress,fMRI-FC,abstain,True,abstained,constructed,constructed_control,bc9561cf36451f71dc170eed589166cd8b983c6f180f4002d802967d428dd31f,ncb-constructed-7ea73a5f3363058d,neg_underpowered_abcd_s3,1cb9ec13d30f0e3bd8995e37bc0c969112fdfe2227f63692d0a1fae6fb256d58,1,0
ncb-case-f41dce2cbf136c22,scientific,ad_aging,fMRI-FC,unresolved,False,abstained,evidence_gap,literature,ae0a6b3718b50be78aae2dfd1414ea0c8575b50352ce883304c031787c5bd369,ncb-sem-bbd81a01bf8a7545,OASIS3_fMRI,24de654ccd87dce2402ee3e06841e2aa84bb5b939fe17e0a081e3e3fe8dd97e2,1,0
ncb-case-f47961119663c100,scientific,adhd,other,unresolved,False,abstained,evidence_gap,literature,dec4f932dce09d7f95e9a3046349bbb5c55fa66e864f0c7511751744056b91ee,ncb-sem-496f6200eab60252,ADHD200,dc2d5ad4964bca964b15ebb2637b5eba244814c6906a20b19cd600878ccb4570,1,0
ncb-case-f513f2f985b341e7,synthetic_safety,synthetic_stress,fMRI-FC,abstain,True,abstained,constructed,constructed_control,bc9561cf36451f71dc170eed589166cd8b983c6f180f4002d802967d428dd31f,ncb-constructed-fbc351e2e152c482,neg_random_label_cobre_s3,d240bf163611d30876554628f0a4d553ae45b913dc938dcfc373e8459ce2ece7,1,0
ncb-case-f5ab0232fa07a79a,scientific,psychosis,fMRI-FC,unresolved,False,abstained,evidence_gap,literature,37aff8a86a2c83db09116686490bf107792c3b5d5db511ad402b3faf268d01d8,ncb-sem-2ccad72c3141229c,COBRE,80318de11aee33cafcafc23b40e6d185a412151c5603277794147b1d572df23d,1,0
ncb-case-f65ea43a145bb78e,external_transfer,ad_aging,sMRI,unresolved,False,abstained,evidence_gap,literature,b81ec785bd815a834d8aa82d51f348c634933b400748f10de01989883c477ec3,ncb-sem-30d40f03781554d7,NACC,a8646216db807141e5fa3c071adb36cd3d38b0fb6f84bd96d6b97235462c4ac9,1,0
ncb-case-f6fbaa834c3ee79f,external_transfer,psychosis,sMRI,abstain,True,abstained,provisional,literature,d532a485bd849c0cb45037641ea80736f0f6016a0d923265466b91e9eb0dc5c0,ncb-sem-54179c9ce5847947,ds000030,54ee5bbdf18fb340fbf27b0818d752105993d52e8ffda15d7bfb15293e12da3d,1,0
ncb-case-f7025326bd4f77a5,synthetic_safety,synthetic_stress,fMRI-FC,abstain,True,abstained,constructed,constructed_control,bc9561cf36451f71dc170eed589166cd8b983c6f180f4002d802967d428dd31f,ncb-constructed-6fc10d0308ef003a,neg_random_label_hcp_aging_s2,6ec87b076698475c144cafd17750d065057eb587428d73b7dce7304300c17af4,1,0
ncb-case-f80870e6c63c9a01,scientific,adhd,fMRI-FC,unresolved,False,abstained,evidence_gap,literature,052d4271cd94696fdf3be177c92ef98b16de9bc3d135bdacfb767bed7ea640a3,ncb-sem-7ccfc692bc2f2980,ADHD200,2387b1cf701bf90b90bf70f3c5c04dbfec0b9625401e8f33be140f88ea2a6f70,1,0
ncb-case-f8299c28b62587a8,synthetic_safety,synthetic_stress,fMRI-FC,abstain,True,abstained,constructed,constructed_control,bc9561cf36451f71dc170eed589166cd8b983c6f180f4002d802967d428dd31f,ncb-constructed-78dc5f6fbdb53f1a,neg_random_label_cobre_s1,b0c5075602b380edf2f56a66ff05b5325a5c7bd25a689e2625a431622f512655,1,0
ncb-case-f83e2bf5b18e5f14,external_transfer,ad_aging,sMRI,unresolved,False,abstained,evidence_gap,literature,d64de9d68f1672c913da6ca1dfe2ae02c5d2c5c243535c78b112ae72f0809a01,ncb-sem-800720dffff3c429,NACC,6e7550292e8dbaffab7a229a2ba0bc03e8ef2a064499fe89097f4d6d9624eab8,1,0
ncb-case-f8805e8aa7a25adc,scientific,asd,fMRI-FC,unresolved,False,abstained,evidence_gap,literature,c830e5fb353698e8a17b0a32cab1bb7509963796b8a5ffc88905bb97f7be9a15,ncb-sem-0de9c0c5b4d3defc,ABIDE1_HOLDOUT,31ff42faa1d102115303e78160cfa36a14361f7d5ebb5f9c28e43a81eac4e858,1,0
ncb-case-f8e154cef1919bd8,scientific,asd,fMRI-FC,unresolved,False,abstained,evidence_gap,literature,a7582fe59f3c1108a53f9b0392fd54e28cdc347df002104cb19fb7806e102792,ncb-sem-aad0f0b098d0ebad,ABIDE2,1f13a7aee9fc1c7dc1187efe86c3068be853653eb4050183fac5bcb492b8bbe3,1,0
ncb-case-fa6890e0ff01551e,scientific,psychosis,fMRI-FC,unresolved,False,abstained,evidence_gap,literature,8fd27de88aa35b3a6a2ec48c67ab06e612a8dde12ba9d0b206768d8187d88b76,ncb-sem-0de9c0c5b4d3defc,ChineseSZ,675abad09b88a3632ae7d7ac4e199a4a0e5c99415e8c1ac16c601d7e16a98f35,1,0
ncb-case-faf6b4388e5b9831,synthetic_safety,synthetic_stress,sMRI,abstain,True,abstained,constructed,constructed_control,bc9561cf36451f71dc170eed589166cd8b983c6f180f4002d802967d428dd31f,ncb-constructed-0cb67b10bd340f62,neg_site_confound_adni_s3,5ca3b178253860d3de7bb4c56d54046c72aded3862e8090e3d6922fd311ea25a,1,0
ncb-case-fb0f27b0b5f96c97,scientific,asd,fMRI-FC,unresolved,False,abstained,evidence_gap,literature,f380a8774ede070e916ad9e129d1def8dde79bce998c83260af51133bfb96872,ncb-sem-d57cc58cb2389ca9,ABIDE2,46c685780a6efe6d8000426a098ef58223dceb61be99792eabb6a33e80beadb1,1,0
ncb-case-fbe7a15487e9aff1,external_transfer,psychosis,sMRI,confirm,True,abstained,strict,literature,45fb4804360fed716a78a25ddb5ee62880f9666d8aa289cc463f7f86a2a1eb10,ncb-sem-bd5b33b256ee3251,ds000030,add0ae4efa4206f49f2421138d0bb744804c31fec995dfaef3c8e06aac745949,1,0
ncb-case-fc1b23b1f4e82604,scientific,psychosis,fMRI-FC,confirm,True,abstained,provisional,literature,2865cc357ad9e78529f2933b956eeee50c62f939ff14b00077259b8823f0a7a9,ncb-sem-6c35024a79091cc0,COBRE,d0535a6cab6d913b7aae20a3c6e47c1d8b5c21a56abd87a6f45877adf81829e0,1,0
ncb-case-fc66b31723dd2dc9,scientific,normative_fmri,fMRI-FC,unresolved,False,abstained,evidence_gap,literature,0aa2228a096b0e664538eeb85ad592e24e1e86c968e157af074ef47570ee4519,ncb-sem-54412458ba1b1520,HCP_Aging,cb339bf30281cedea3769b3c8ba3c0199ad8889c6569c72e5720af2c4c1b226d,1,0
ncb-case-fc81222d80755c7b,synthetic_safety,synthetic_stress,fMRI-FC,abstain,True,abstained,constructed,constructed_control,bc9561cf36451f71dc170eed589166cd8b983c6f180f4002d802967d428dd31f,ncb-constructed-a1065dfd48015ebb,neg_random_label_abcd_s3,91ca48ca8f7976aa306bb98f57b10c3e0b2a174135ce4a378861baaa1bc64979,1,0
ncb-case-fdd692ec043876e0,scientific,adhd,fMRI-FC,unresolved,False,abstained,evidence_gap,literature,ccf4099ad8b6609ff96a20fdbbcbff59e776a091fb1a0aa0cfb687df1d3bfa79,ncb-sem-0a4ed7bf61f20cb0,ABCD,5af5c999c214ab9372f9f2d8ade3dd6da56394efb2231c76129e7a21833959ea,1,0
ncb-case-fe25471a6d6c3dce,synthetic_safety,synthetic_stress,fMRI-FC,abstain,True,abstained,constructed,constructed_control,bc9561cf36451f71dc170eed589166cd8b983c6f180f4002d802967d428dd31f,ncb-constructed-7f40df7fe0549930,neg_site_confound_hcp_s3,58807756a4b61455fbcbdc556a22ba4aba8dd58127da5f2ba91b33e7e523c187,1,0
ncb-case-ff53a9ee21c81fbe,external_transfer,psychosis,sMRI,confirm,True,abstained,strict,literature,623e6810bddc6d55e0f5bb9b1d7a50d030da88be51ec27b0c8eeee4f015bf722,ncb-sem-275c2b2bf1a68ee1,ds000030,d9c2200f2c768244d92d189817b7ffc77290ced3c9e8d3314da7aeaaa4e90944,1,0
ncb-case-ffb123d0b5dc637f,external_transfer,ad_aging,sMRI,confirm,True,abstained,strict,literature,e64fc8b4b7bf8b0a874f9c91cd623804eae7642306f52cb04fc0f0542acba5dc,ncb-sem-9857878903c334a7,NACC,75d84aea42f71e47f0246ca3b151b088e8ef3fce123bb1930a1f0227b349dbbf,1,0
ncb-case-ffc74cde2a9e2ad1,scientific,psychosis,fMRI-FC,confirm,True,confirmed,provisional,literature,1c93b1b79453920d69cb5870800a394a6a6714aa4623666b1013c63ce7347635,ncb-sem-a44d2718db4923a4,ChineseSZ,8014ff72ff0a06a0aa8de224052dec1b0bd5ed72ab1609e53885372944ee3b2a,1,0
