rounds,candidates,claim_id,benchmark_item_id,pre_v2_contract_sha256,v2.1_contract_sha256,match_status,alignment_disposition,target_family,source_mode,reference_basis,reference_strength,reference_disposition,parent_with_internal_support,supported_candidate_count
10,10,pubmed_23333262_pmid23333262_rsfc_aging_1,ncb-scientific-9c418256797d0a86,9c418256797d0a86064d970a3e88ff8457d32310776b1a8297e66c8a796c3e35,9c418256797d0a86064d970a3e88ff8457d32310776b1a8297e66c8a796c3e35,exact_v2.1_reference,aligned,normative_fmri,literature_grounded,literature,evidence_gap,unresolved,false,0
10,10,pubmed_39856610_pmid39856610_1,ncb-scientific-f7c3e84a1cb3480d,f7c3e84a1cb3480df741174bb0e279d66de6682c8fed7217cb12a501ce7abb09,f7c3e84a1cb3480df741174bb0e279d66de6682c8fed7217cb12a501ce7abb09,pre_v2_contract_only,ambiguous_unresolved,adhd,literature_grounded,,,,false,0
10,10,pubmed_35583796_pmid35583796_rsfc_dmn_within,ncb-scientific-9306eed5ac12c7af,9306eed5ac12c7afb5d6c7513192e5e650af6d2ccd09172f90bd0be83b95b662,9306eed5ac12c7afb5d6c7513192e5e650af6d2ccd09172f90bd0be83b95b662,exact_v2.1_reference,aligned,adhd,literature_grounded,literature,provisional,abstain,false,0
10,10,pubmed_35583796_pmid35583796_rsfc_dmn_control_salience,ncb-scientific-060910c2dae3c7c0,060910c2dae3c7c0bc483bb7456953e7717bc55f016c82a246c15256e99ca483,060910c2dae3c7c0bc483bb7456953e7717bc55f016c82a246c15256e99ca483,exact_v2.1_reference,aligned,adhd,literature_grounded,literature,provisional,abstain,false,0
10,10,pubmed_36403658_pmid36403658_adhd_dmn_fc,ncb-scientific-bace4c130b60ece5,bace4c130b60ece50157fd3d6ec0b0e4244cf860559cbcb48aa4a9e499ab497d,bace4c130b60ece50157fd3d6ec0b0e4244cf860559cbcb48aa4a9e499ab497d,pre_v2_contract_only,ambiguous_unresolved,adhd,literature_grounded,,,,false,0
10,10,pubmed_36403658_pmid36403658_adhd_fc_classifier,ncb-scientific-ce9b34e85b1510c7,ce9b34e85b1510c7cdb61caab47224a564c4d18a9d89c72c6952a58e8ed87491,ce9b34e85b1510c7cdb61caab47224a564c4d18a9d89c72c6952a58e8ed87491,pre_v2_contract_only,ambiguous_unresolved,adhd,literature_grounded,,,,false,0
10,10,pubmed_35359026_35359026_1,ncb-scientific-f3636d57e59fc807,f3636d57e59fc80720979dd8e617af6796721000006447ea84631b5fed881c38,f3636d57e59fc80720979dd8e617af6796721000006447ea84631b5fed881c38,exact_v2.1_reference,aligned,adhd,literature_grounded,literature,evidence_gap,unresolved,false,0
10,10,pubmed_34280835_pmid34280835_adhd_smn-fc_01,ncb-scientific-4bec8588ceb4224d,4bec8588ceb4224ddd1ba5d8630aca64bbe57f5c572153bf88b8b92a099e90a4,4bec8588ceb4224ddd1ba5d8630aca64bbe57f5c572153bf88b8b92a099e90a4,exact_v2.1_reference,aligned,adhd,literature_grounded,literature,evidence_gap,unresolved,false,0
10,10,pubmed_31265198_pmid31265198_fc_adhd_vs_tdc,ncb-scientific-c8acae9508ef35fd,c8acae9508ef35fd71e17be422a96ff94cda16d53561647f67cc34bf3fb5e2dc,c8acae9508ef35fd71e17be422a96ff94cda16d53561647f67cc34bf3fb5e2dc,exact_v2.1_reference,aligned,adhd,literature_grounded,literature,provisional,abstain,false,0
10,10,pubmed_35338900_pmid35338900_age_fcsc,ncb-scientific-5640b53a2dfaa1b8,5640b53a2dfaa1b884c99a06c8c8897d97d1155e8f60cc54e4822588eef8e5bc,5640b53a2dfaa1b884c99a06c8c8897d97d1155e8f60cc54e4822588eef8e5bc,pre_v2_contract_only,ambiguous_unresolved,adhd,literature_grounded,,,,false,0
10,10,pubmed_35338900_pmid35338900_boysadhd_limbicdmn,ncb-scientific-de1363fa0a54a318,de1363fa0a54a31857453e1dd873734715696b750931e1ee29d64fb8103b2e58,de1363fa0a54a31857453e1dd873734715696b750931e1ee29d64fb8103b2e58,exact_v2.1_reference,aligned,adhd,literature_grounded,literature,evidence_gap,unresolved,false,0
10,10,pubmed_37121277_pmid37121277_reho_cluster1_vs_td,ncb-scientific-e59b8563fe5abace,e59b8563fe5abace75c175eff2d6c6bc371d7aa0b5053b5fc34317818314bff5,e59b8563fe5abace75c175eff2d6c6bc371d7aa0b5053b5fc34317818314bff5,pre_v2_contract_only,ambiguous_unresolved,asd,literature_grounded,,,,false,0
10,10,pubmed_37121277_pmid37121277_vmhc_cluster1_vs_td,ncb-scientific-f41a8c5978b01125,f41a8c5978b01125b76c9d2800b0f2317936ed7c14759937a1ed14428bc25897,f41a8c5978b01125b76c9d2800b0f2317936ed7c14759937a1ed14428bc25897,pre_v2_contract_only,ambiguous_unresolved,asd,literature_grounded,,,,false,0
10,10,pubmed_37121277_pmid37121277_mccfc_cluster2_vs_td,ncb-scientific-c98428886dd0f1d9,c98428886dd0f1d91c3a75d885826b5fb7726225297f515afa05718599e2996d,c98428886dd0f1d91c3a75d885826b5fb7726225297f515afa05718599e2996d,pre_v2_contract_only,ambiguous_unresolved,asd,literature_grounded,,,,false,0
10,10,pubmed_42141307_pmid42141307_asd_fmri_fc_casecontrol_mixed,ncb-scientific-4f6f45a81e8e3370,4f6f45a81e8e337049763733e2b9871efc22c4d9fc5f5f6d4ccf920cb8a023d6,4f6f45a81e8e337049763733e2b9871efc22c4d9fc5f5f6d4ccf920cb8a023d6,exact_v2.1_reference,aligned,asd,literature_grounded,literature,strict,confirm,false,0
10,10,pubmed_34264028_34264028-1,ncb-scientific-7ab10eca62cc6fc7,7ab10eca62cc6fc7aac3fc6c5d935bbe58e90be3a4850b9956b9d4bb8758e45f,7ab10eca62cc6fc7aac3fc6c5d935bbe58e90be3a4850b9956b9d4bb8758e45f,pre_v2_contract_only,ambiguous_unresolved,asd,literature_grounded,,,,false,0
10,10,pubmed_37741308_pmid37741308_asd_fc_groupdiff,ncb-scientific-55457edaa703fbe4,55457edaa703fbe4b0e3548c6732e7f7dc35b0535beed7336e617f077b9a8172,55457edaa703fbe4b0e3548c6732e7f7dc35b0535beed7336e617f077b9a8172,exact_v2.1_reference,aligned,asd,literature_grounded,literature,evidence_gap,unresolved,false,0
10,10,pubmed_28040544_pmid28040544_asd_fc_kea_corticalnetworks,ncb-scientific-cb86d4103ebb0e0c,cb86d4103ebb0e0cfb84aeae03b006b1b9f5e196a73b165f42e271c167d1f8d0,cb86d4103ebb0e0cfb84aeae03b006b1b9f5e196a73b165f42e271c167d1f8d0,exact_v2.1_reference,aligned,asd,literature_grounded,literature,provisional,confirm,false,0
10,10,pubmed_28040544_pmid28040544_asd_fc_selffacetom,ncb-scientific-08c6866776e43268,08c6866776e432686055fe502dc79eaebce0f6916de3c9ca15c72b7849a8070b,08c6866776e432686055fe502dc79eaebce0f6916de3c9ca15c72b7849a8070b,exact_v2.1_reference,aligned,asd,literature_grounded,literature,provisional,confirm,false,0
10,10,pubmed_30833582_pmid30833582_asd_stepwise_connectivity,ncb-scientific-88422a822641e7cd,88422a822641e7cdcba6f457a4fa41387a32f9f3a60e08260ef9b6a18e716ada,88422a822641e7cdcba6f457a4fa41387a32f9f3a60e08260ef9b6a18e716ada,exact_v2.1_reference,aligned,asd,literature_grounded,literature,strict,confirm,false,0
10,10,pubmed_1431963_pmid1431963_mta_ad_vs_controls,ncb-scientific-e2c8b315d5871123,e2c8b315d58711232df3fb244f289b13f1a98c97f3043bbed5db37f77d0fac0a,e2c8b315d58711232df3fb244f289b13f1a98c97f3043bbed5db37f77d0fac0a,exact_v2.1_reference,aligned,ad_aging,literature_grounded,literature,strict,confirm,true,9
10,10,pubmed_21729419_pmid21729419_2,ncb-scientific-e2c8b315d5871123,e2c8b315d58711232df3fb244f289b13f1a98c97f3043bbed5db37f77d0fac0a,e2c8b315d58711232df3fb244f289b13f1a98c97f3043bbed5db37f77d0fac0a,exact_v2.1_reference,aligned,ad_aging,literature_grounded,literature,strict,confirm,true,12
10,10,pubmed_31313441_31313441-psychosis-rsfc-casecontrol,ncb-scientific-1c4bb13eab05e379,1c4bb13eab05e37903f684a6f8836eb4046bdfd60c0337e4be303461922306ff,1c4bb13eab05e37903f684a6f8836eb4046bdfd60c0337e4be303461922306ff,exact_v2.1_reference,aligned,psychosis,literature_grounded,literature,strict,confirm,false,0
10,10,pubmed_29653095_29653095-psychosis-fc-01,ncb-scientific-c671d3de1b2734cb,c671d3de1b2734cb8e64ccc55fdd15ea4118e551d604845c6f756f7b71f7ba43,c671d3de1b2734cb8e64ccc55fdd15ea4118e551d604845c6f756f7b71f7ba43,exact_v2.1_reference,aligned,psychosis,literature_grounded,literature,provisional,confirm,false,0
10,10,pubmed_29653095_29653095-psychosis-fc-02,ncb-scientific-b336c91ebd2e082c,b336c91ebd2e082c670facfa74d1a9ee136e61e29d1305f2d91cecac8b77f04c,b336c91ebd2e082c670facfa74d1a9ee136e61e29d1305f2d91cecac8b77f04c,pre_v2_contract_only,ambiguous_unresolved,psychosis,literature_grounded,,,,false,0
10,10,pubmed_35753120_pmid35753120_1,ncb-scientific-5d5fd40a49dbf782,5d5fd40a49dbf782645572714c9237709a98147ddd0551217a75c6523f448980,5d5fd40a49dbf782645572714c9237709a98147ddd0551217a75c6523f448980,pre_v2_contract_only,ambiguous_unresolved,psychosis,literature_grounded,,,,false,0
10,10,pubmed_34183210_pmid34183210_1,ncb-scientific-c1112f228bb27f06,c1112f228bb27f06f18f32376d89a4b816fcc7df2f53487617d65faedc726ef5,c1112f228bb27f06f18f32376d89a4b816fcc7df2f53487617d65faedc726ef5,pre_v2_contract_only,ambiguous_unresolved,psychosis,literature_grounded,,,,false,0
10,10,pubmed_34183210_pmid34183210_3,ncb-scientific-67542fa55426a130,67542fa55426a13052157d88d588a5334147c1872c82514b9edcf4651c8ca7b7,67542fa55426a13052157d88d588a5334147c1872c82514b9edcf4651c8ca7b7,pre_v2_contract_only,ambiguous_unresolved,psychosis,literature_grounded,,,,false,0
10,10,pubmed_38422833_pmid38422833_cortical_fnc,ncb-scientific-09903e42ed156c26,09903e42ed156c2690cdbe27471b1d9877a5a23f33b016ead3e1b12870fef1fc,09903e42ed156c2690cdbe27471b1d9877a5a23f33b016ead3e1b12870fef1fc,exact_v2.1_reference,aligned,psychosis,literature_grounded,literature,strict,confirm,false,0
10,10,normative_fmri_001,ncb-scientific-6f07b924f78e762d,6f07b924f78e762dbb04192421df62ac5dd24835b8e50993a3f5c2cdf333e66c,6f07b924f78e762dbb04192421df62ac5dd24835b8e50993a3f5c2cdf333e66c,exact_v2.1_reference,aligned_with_safety_augmentation,normative_fmri,llm_proposed,literature,provisional,confirm,true,27
10,10,normative_fmri_002,ncb-scientific-a1bf69b8f56d46c9,a1bf69b8f56d46c996f93349f5201c8b628f7dd5753a9899ff61c78ed977e658,a1bf69b8f56d46c996f93349f5201c8b628f7dd5753a9899ff61c78ed977e658,exact_v2.1_reference,aligned_with_safety_augmentation,normative_fmri,llm_proposed,literature,evidence_gap,unresolved,true,29
10,10,normative_fmri_003,ncb-scientific-dc6371e72c01cdcd,dc6371e72c01cdcd2e2e176efc8496ba66d5715ea1c8da75ab66be1c67032e07,dc6371e72c01cdcd2e2e176efc8496ba66d5715ea1c8da75ab66be1c67032e07,exact_v2.1_reference,aligned_with_safety_augmentation,normative_fmri,llm_proposed,literature,evidence_gap,unresolved,true,29
10,10,normative_fmri_006,ncb-scientific-42b2c11ed186c2c9,42b2c11ed186c2c9d794dfd42e14b54cf31afc8d70f2f8c136913760977724fb,42b2c11ed186c2c9d794dfd42e14b54cf31afc8d70f2f8c136913760977724fb,exact_v2.1_reference,aligned_with_safety_augmentation,normative_fmri,llm_proposed,literature,evidence_gap,unresolved,true,24
10,10,normative_fmri_007,ncb-scientific-a9e0ba33a876abc0,a9e0ba33a876abc0fa6cbc657ebbfa5b3516bdf998288dcb9ea497f1dd12cfda,a9e0ba33a876abc0fa6cbc657ebbfa5b3516bdf998288dcb9ea497f1dd12cfda,exact_v2.1_reference,aligned_with_safety_augmentation,normative_fmri,llm_proposed,literature,evidence_gap,unresolved,true,41
10,10,normative_fmri_009,ncb-scientific-e7c94f56c83e0651,e7c94f56c83e06518cfb23793f51ccaf963a39435caaaca93bcd7d7166f65091,e7c94f56c83e06518cfb23793f51ccaf963a39435caaaca93bcd7d7166f65091,exact_v2.1_reference,aligned_with_safety_augmentation,normative_fmri,llm_proposed,literature,evidence_gap,unresolved,true,25
10,10,normative_fmri_013,ncb-scientific-8482b5c202e5e323,8482b5c202e5e3235de8c6063dda4b78550e3f9e00df27d431e2d1f0d720b4aa,8482b5c202e5e3235de8c6063dda4b78550e3f9e00df27d431e2d1f0d720b4aa,exact_v2.1_reference,aligned_with_safety_augmentation,normative_fmri,llm_proposed,literature,evidence_gap,unresolved,false,0
10,10,normative_fmri_014,ncb-scientific-43b88d75579673af,43b88d75579673af885b371f0652ded9c324f9b8bf3da288fe57fd77b533156d,43b88d75579673af885b371f0652ded9c324f9b8bf3da288fe57fd77b533156d,exact_v2.1_reference,aligned_with_safety_augmentation,normative_fmri,llm_proposed,literature,evidence_gap,unresolved,false,0
10,10,normative_fmri_015,ncb-scientific-e1c33335981addda,e1c33335981addda2599fe24aa86c62ac3f0c9a159ee7345d23c83e540683619,e1c33335981addda2599fe24aa86c62ac3f0c9a159ee7345d23c83e540683619,exact_v2.1_reference,aligned_with_safety_augmentation,normative_fmri,llm_proposed,literature,evidence_gap,unresolved,false,0
10,10,normative_fmri_016,ncb-scientific-7c173adc5485d7ce,7c173adc5485d7ce2f944c400dd42b6053d003a6972c57de7cbc05bac07157ce,7c173adc5485d7ce2f944c400dd42b6053d003a6972c57de7cbc05bac07157ce,exact_v2.1_reference,aligned_with_safety_augmentation,normative_fmri,llm_proposed,literature,evidence_gap,unresolved,false,0
10,10,normative_fmri_017,ncb-scientific-e9887ba0003df877,e9887ba0003df8779438a68d1005ebb55b6bb49af3d222c23f2ed43541800f4c,e9887ba0003df8779438a68d1005ebb55b6bb49af3d222c23f2ed43541800f4c,exact_v2.1_reference,aligned_with_safety_augmentation,normative_fmri,llm_proposed,literature,evidence_gap,unresolved,false,0
10,10,normative_fmri_021,ncb-scientific-f84fe6980294c120,f84fe6980294c120bccc3de4d0ceb634edd5c41e1166cc53760b2275e4bae482,f84fe6980294c120bccc3de4d0ceb634edd5c41e1166cc53760b2275e4bae482,exact_v2.1_reference,aligned_with_safety_augmentation,normative_fmri,llm_proposed,literature,evidence_gap,unresolved,false,0
10,10,normative_fmri_022,ncb-scientific-704522685c487d81,704522685c487d817c358b1648972cf4b93110fe504eef340f7662e1605fe2af,704522685c487d817c358b1648972cf4b93110fe504eef340f7662e1605fe2af,exact_v2.1_reference,aligned_with_safety_augmentation,normative_fmri,llm_proposed,literature,evidence_gap,unresolved,false,0
10,10,normative_fmri_023,ncb-scientific-05c17620b6ff0817,05c17620b6ff0817912306ae784d68f40f43538421d7a77238304c5941523117,05c17620b6ff0817912306ae784d68f40f43538421d7a77238304c5941523117,exact_v2.1_reference,aligned_with_safety_augmentation,normative_fmri,llm_proposed,literature,evidence_gap,unresolved,true,5
10,10,normative_fmri_025,ncb-scientific-ee627d7a5d823df0,ee627d7a5d823df05e627bdf39c5c62a61d74c6453f8c490dc39a233a4ecf6a1,ee627d7a5d823df05e627bdf39c5c62a61d74c6453f8c490dc39a233a4ecf6a1,exact_v2.1_reference,aligned_with_safety_augmentation,normative_fmri,llm_proposed,literature,evidence_gap,unresolved,true,13
10,10,normative_fmri_026,ncb-scientific-cb339bf30281cede,cb339bf30281cedea3769b3c8ba3c0199ad8889c6569c72e5720af2c4c1b226d,cb339bf30281cedea3769b3c8ba3c0199ad8889c6569c72e5720af2c4c1b226d,exact_v2.1_reference,aligned_with_safety_augmentation,normative_fmri,llm_proposed,literature,evidence_gap,unresolved,true,5
10,10,normative_fmri_027,ncb-scientific-a427d5471566b2cf,a427d5471566b2cf475103489cde2f05ea57bbab09ea9cdd585ccf3a09b6dc00,a427d5471566b2cf475103489cde2f05ea57bbab09ea9cdd585ccf3a09b6dc00,exact_v2.1_reference,aligned_with_safety_augmentation,normative_fmri,llm_proposed,literature,evidence_gap,unresolved,false,0
10,10,normative_fmri_028,ncb-scientific-2a5d5bc83ab86134,2a5d5bc83ab8613499aab2ac0e974ec72a4dd0f1099d99320ee8a8e449b683b6,2a5d5bc83ab8613499aab2ac0e974ec72a4dd0f1099d99320ee8a8e449b683b6,exact_v2.1_reference,aligned_with_safety_augmentation,normative_fmri,llm_proposed,literature,evidence_gap,unresolved,false,0
10,10,normative_fmri_031,ncb-scientific-c9246d08669f6265,c9246d08669f6265e26d6a274208eaff54a2c585d734065f5cd7d4289f86a6ed,c9246d08669f6265e26d6a274208eaff54a2c585d734065f5cd7d4289f86a6ed,exact_v2.1_reference,aligned_with_safety_augmentation,normative_fmri,llm_proposed,literature,evidence_gap,unresolved,true,1
10,10,normative_fmri_032,ncb-scientific-0fba59d9c8075ce0,0fba59d9c8075ce0e6445699e130455b749c5802904fc65688809203764277dd,0fba59d9c8075ce0e6445699e130455b749c5802904fc65688809203764277dd,exact_v2.1_reference,aligned_with_safety_augmentation,normative_fmri,llm_proposed,literature,evidence_gap,unresolved,true,1
10,10,normative_fmri_033,ncb-scientific-c1b8f2bee08cd388,c1b8f2bee08cd3885ae393bad4189abe4f6f306525a43073ef666674c49e6e5a,c1b8f2bee08cd3885ae393bad4189abe4f6f306525a43073ef666674c49e6e5a,exact_v2.1_reference,aligned_with_safety_augmentation,normative_fmri,llm_proposed,literature,evidence_gap,unresolved,true,9
10,10,normative_fmri_034,ncb-scientific-eafa675a2857a0cb,eafa675a2857a0cb78b9514e4388964a9404eeef0cb89fc7b7b10da646cce92b,eafa675a2857a0cb78b9514e4388964a9404eeef0cb89fc7b7b10da646cce92b,exact_v2.1_reference,aligned_with_safety_augmentation,normative_fmri,llm_proposed,literature,evidence_gap,unresolved,false,0
10,10,normative_fmri_035,ncb-scientific-65466f9b282b22be,65466f9b282b22be1e717ceaf51a11a1383878fa6f0987faf8a0e2a126ffa737,65466f9b282b22be1e717ceaf51a11a1383878fa6f0987faf8a0e2a126ffa737,exact_v2.1_reference,aligned_with_safety_augmentation,normative_fmri,llm_proposed,literature,evidence_gap,unresolved,false,0
10,10,normative_fmri_036,ncb-scientific-d6cbeb536d2b0163,d6cbeb536d2b01632b3c753bd865bcb7f96749ca7f83705faf307f82a8ceda07,d6cbeb536d2b01632b3c753bd865bcb7f96749ca7f83705faf307f82a8ceda07,exact_v2.1_reference,aligned_with_safety_augmentation,normative_fmri,llm_proposed,literature,evidence_gap,unresolved,true,20
10,10,normative_fmri_038,ncb-scientific-06e24b7117348843,06e24b71173488433aa6f5a40a6db8bea7b0468cbafdaa0253d8d8563a1b8453,06e24b71173488433aa6f5a40a6db8bea7b0468cbafdaa0253d8d8563a1b8453,exact_v2.1_reference,aligned_with_safety_augmentation,normative_fmri,llm_proposed,literature,evidence_gap,unresolved,true,16
10,10,normative_fmri_039,ncb-scientific-493d1fd9443c1c35,493d1fd9443c1c35a711b47980ace70d89341606b2d943556f40528ed85ce744,493d1fd9443c1c35a711b47980ace70d89341606b2d943556f40528ed85ce744,exact_v2.1_reference,aligned_with_safety_augmentation,normative_fmri,llm_proposed,literature,evidence_gap,unresolved,true,3
10,10,normative_fmri_040,ncb-scientific-86a81a5f3a28d98c,86a81a5f3a28d98c10f2fd88774a049275a6dd3a56fa4e236ed763a643cae1c7,86a81a5f3a28d98c10f2fd88774a049275a6dd3a56fa4e236ed763a643cae1c7,exact_v2.1_reference,aligned_with_safety_augmentation,normative_fmri,llm_proposed,literature,evidence_gap,unresolved,true,7
10,10,normative_fmri_041,ncb-scientific-ea3fb846fbd7533c,ea3fb846fbd7533c676dd161a54428494426f0c6824d09709a81fa30f338b633,ea3fb846fbd7533c676dd161a54428494426f0c6824d09709a81fa30f338b633,pre_v2_contract_only,ambiguous_unresolved,normative_fmri,llm_proposed,,,,true,14
10,10,normative_fmri_042,ncb-scientific-89c7369d95a29475,89c7369d95a294751cf5c375140d9d130dba267d6c01ae06bb839c019ab703a8,89c7369d95a294751cf5c375140d9d130dba267d6c01ae06bb839c019ab703a8,pre_v2_contract_only,ambiguous_unresolved,normative_fmri,llm_proposed,,,,true,3
10,10,normative_fmri_043,ncb-scientific-9b0372d2c93e148a,9b0372d2c93e148a55d818beea55e176baab43b6cdcbb1cadd346c4698342848,9b0372d2c93e148a55d818beea55e176baab43b6cdcbb1cadd346c4698342848,pre_v2_contract_only,ambiguous_unresolved,normative_fmri,llm_proposed,,,,true,14
10,10,normative_fmri_044,ncb-scientific-adc7daee506cca47,adc7daee506cca470db321582aa77b9cc0e7f2abd527b99d4738e32de92f9075,adc7daee506cca470db321582aa77b9cc0e7f2abd527b99d4738e32de92f9075,pre_v2_contract_only,ambiguous_unresolved,normative_fmri,llm_proposed,,,,true,22
10,10,normative_fmri_047,ncb-scientific-319a1462bfdbc89d,319a1462bfdbc89d930616a30480c076432748e170281465818679f30546de86,319a1462bfdbc89d930616a30480c076432748e170281465818679f30546de86,exact_v2.1_reference,aligned_with_safety_augmentation,normative_fmri,llm_proposed,literature,evidence_gap,unresolved,false,0
10,10,normative_fmri_048,ncb-scientific-0efe8c9435d8ffdf,0efe8c9435d8ffdf5e3a10cd931fb791519373a7a547403b10409137517788bb,0efe8c9435d8ffdf5e3a10cd931fb791519373a7a547403b10409137517788bb,exact_v2.1_reference,aligned_with_safety_augmentation,normative_fmri,llm_proposed,literature,evidence_gap,unresolved,false,0
10,10,normative_fmri_049,ncb-scientific-2a373f053e882288,2a373f053e8822881dab40e7c242d78c2c729156c584d8a69c506f7d761a324d,2a373f053e8822881dab40e7c242d78c2c729156c584d8a69c506f7d761a324d,pre_v2_contract_only,ambiguous_unresolved,normative_fmri,llm_proposed,,,,false,0
10,10,normative_fmri_050,ncb-scientific-faaaeb165e293001,faaaeb165e29300168533c3f46df10bc022f709f42e5ae34a3f8f39f6583b00b,faaaeb165e29300168533c3f46df10bc022f709f42e5ae34a3f8f39f6583b00b,pre_v2_contract_only,ambiguous_unresolved,normative_fmri,llm_proposed,,,,false,0
10,10,adhd_q001,ncb-scientific-9ec4c7f2ec1fad99,9ec4c7f2ec1fad994bbafcb3d8260862dc2d3b5829226c0f0c4ea111889d1c08,9ec4c7f2ec1fad994bbafcb3d8260862dc2d3b5829226c0f0c4ea111889d1c08,exact_v2.1_reference,aligned_with_safety_augmentation,adhd,llm_proposed,literature,evidence_gap,unresolved,false,0
10,10,adhd_q002,ncb-scientific-e655e7f3059cc2a2,e655e7f3059cc2a2fa0bfd47f5738215071ffd1c322d56face875667b06330b8,e655e7f3059cc2a2fa0bfd47f5738215071ffd1c322d56face875667b06330b8,exact_v2.1_reference,aligned_with_safety_augmentation,adhd,llm_proposed,literature,provisional,abstain,false,0
10,10,adhd_q003,ncb-scientific-c8faa8d62af041ef,c8faa8d62af041ef89350be38a83cbeb57d551b518e3e17905b78d1b51c85218,c8faa8d62af041ef89350be38a83cbeb57d551b518e3e17905b78d1b51c85218,exact_v2.1_reference,aligned,adhd,llm_proposed,literature,evidence_gap,unresolved,false,0
10,10,adhd_q004,ncb-scientific-6bedac272110f713,6bedac272110f71307ba214166242c783aaabb9d2c90371d6e25cf14b2258297,6bedac272110f71307ba214166242c783aaabb9d2c90371d6e25cf14b2258297,exact_v2.1_reference,aligned_with_safety_augmentation,adhd,llm_proposed,literature,evidence_gap,unresolved,false,0
10,10,adhd_q005,ncb-scientific-73e0f34188f4c613,73e0f34188f4c613bbaf75216cae99010b0947ca6e64f339d66544a75dcdd5d4,73e0f34188f4c613bbaf75216cae99010b0947ca6e64f339d66544a75dcdd5d4,exact_v2.1_reference,aligned_with_safety_augmentation,adhd,llm_proposed,literature,provisional,confirm,false,0
10,10,adhd_q006,ncb-scientific-2b36f4bbee998e56,2b36f4bbee998e56371c67ff67d3eb58cb82ee7ec32ac324f688db7f55016f64,2b36f4bbee998e56371c67ff67d3eb58cb82ee7ec32ac324f688db7f55016f64,exact_v2.1_reference,aligned,adhd,llm_proposed,literature,evidence_gap,unresolved,false,0
10,10,adhd_q007,ncb-scientific-ccf76ee04722df94,ccf76ee04722df945c7c574a27b2da49fc63bef96e9b9b9f3ee1612f4beb0257,ccf76ee04722df945c7c574a27b2da49fc63bef96e9b9b9f3ee1612f4beb0257,exact_v2.1_reference,aligned_with_safety_augmentation,adhd,llm_proposed,literature,evidence_gap,unresolved,false,0
10,10,adhd_q008,ncb-scientific-8875a7bf33df9519,8875a7bf33df951977e26ecd4ecf5885a3a6e08b889d220be4400f20649c8706,8875a7bf33df951977e26ecd4ecf5885a3a6e08b889d220be4400f20649c8706,exact_v2.1_reference,aligned_with_safety_augmentation,adhd,llm_proposed,literature,evidence_gap,unresolved,false,0
10,10,adhd_q009,ncb-scientific-bdc24737aa23b682,bdc24737aa23b68213ee1a77d82e33597f5039ce548624b69e5675e7b1b02b18,bdc24737aa23b68213ee1a77d82e33597f5039ce548624b69e5675e7b1b02b18,exact_v2.1_reference,aligned_with_safety_augmentation,adhd,llm_proposed,literature,evidence_gap,unresolved,false,0
10,10,adhd_q010,ncb-scientific-5b0717b45335d600,5b0717b45335d600cb9bb3a3365f50480541f74ab04b95723d2b163524b995c2,5b0717b45335d600cb9bb3a3365f50480541f74ab04b95723d2b163524b995c2,exact_v2.1_reference,aligned_with_safety_augmentation,adhd,llm_proposed,literature,evidence_gap,unresolved,false,0
10,10,adhd_q012,ncb-scientific-6560b15c380073ca,6560b15c380073caf1f8bfe84bf2978902d6605bfe8aacd3a4262b47295b8f9f,6560b15c380073caf1f8bfe84bf2978902d6605bfe8aacd3a4262b47295b8f9f,exact_v2.1_reference,aligned_with_safety_augmentation,adhd,llm_proposed,literature,evidence_gap,unresolved,true,4
10,10,adhd_q016,ncb-scientific-bdd01753f9ebb90c,bdd01753f9ebb90c217a505dcc5198d851aee4b3c3450e682d1615f35e5dd44c,bdd01753f9ebb90c217a505dcc5198d851aee4b3c3450e682d1615f35e5dd44c,exact_v2.1_reference,aligned,adhd,llm_proposed,literature,evidence_gap,unresolved,true,1
10,10,adhd_q020,ncb-scientific-afe1f83e3d954a8c,afe1f83e3d954a8cea0ae7eceea167af281c6ea8ddce2bc289e93500d6ac2e54,afe1f83e3d954a8cea0ae7eceea167af281c6ea8ddce2bc289e93500d6ac2e54,exact_v2.1_reference,aligned_with_safety_augmentation,adhd,llm_proposed,literature,provisional,confirm,true,3
10,10,adhd_q022,ncb-scientific-2b20954defb2352a,2b20954defb2352adc7058f253db893e9e15a670abc51dcc80c24098106801e4,2b20954defb2352adc7058f253db893e9e15a670abc51dcc80c24098106801e4,pre_v2_contract_only,non_executable,adhd,llm_proposed,,,,false,0
10,10,adhd_q023,ncb-scientific-7c005de1c12b32a7,7c005de1c12b32a7b7a45e61565deb980582119a1b92e7e4f0083c9e8537a1d0,22e9dad3dc77b808e6883b1259492c9cf8f1bb52d57623e5d3afd28fd4ecd81a,pre_v2_contract_only,repairable_contract,adhd,llm_proposed,,,,false,0
10,10,adhd_q025,ncb-scientific-6c7b0f8ae69a2d50,6c7b0f8ae69a2d5037f71bb7af54369267c1d4746b35ba4b0575665297cfaab0,6c7b0f8ae69a2d5037f71bb7af54369267c1d4746b35ba4b0575665297cfaab0,pre_v2_contract_only,non_executable,adhd,llm_proposed,,,,true,1
10,10,adhd_q029,ncb-scientific-672ab5d3a6c11820,672ab5d3a6c11820c5309d195f4983f50a16b545c77a52895353cabd01a16c41,672ab5d3a6c11820c5309d195f4983f50a16b545c77a52895353cabd01a16c41,exact_v2.1_reference,aligned,adhd,llm_proposed,literature,evidence_gap,unresolved,false,0
10,10,adhd_q030,ncb-scientific-d37402dd791a12dc,d37402dd791a12dc5975c0b5a9fc0994be3d63826bdbf317c431e337efa54f61,d37402dd791a12dc5975c0b5a9fc0994be3d63826bdbf317c431e337efa54f61,exact_v2.1_reference,aligned_with_safety_augmentation,adhd,llm_proposed,literature,evidence_gap,unresolved,false,0
10,10,adhd_q031,ncb-scientific-c64dac21d8591104,c64dac21d8591104aa2912c0fc623cb3df7ae2fad45f89683dcc7f18692dc403,c64dac21d8591104aa2912c0fc623cb3df7ae2fad45f89683dcc7f18692dc403,exact_v2.1_reference,aligned_with_safety_augmentation,adhd,llm_proposed,literature,evidence_gap,unresolved,false,0
10,10,adhd_q032,ncb-scientific-6d7bbb66ca61d088,6d7bbb66ca61d088b1b6677f1693112e85a9ec6c6c0e8c82beb93a4244532157,6d7bbb66ca61d088b1b6677f1693112e85a9ec6c6c0e8c82beb93a4244532157,exact_v2.1_reference,aligned_with_safety_augmentation,adhd,llm_proposed,literature,evidence_gap,unresolved,false,0
10,10,adhd_q033,ncb-scientific-b6bcaf52ce24d411,b6bcaf52ce24d41101405c05556ff4df7a5cf370d247fb9fbe590d817921a011,b6bcaf52ce24d41101405c05556ff4df7a5cf370d247fb9fbe590d817921a011,exact_v2.1_reference,aligned,adhd,llm_proposed,literature,evidence_gap,unresolved,false,0
10,10,adhd_q034,ncb-scientific-03136ab7c6bb7990,03136ab7c6bb7990d987f647394f6865d014527a752393660750e24e0cd5b01d,03136ab7c6bb7990d987f647394f6865d014527a752393660750e24e0cd5b01d,exact_v2.1_reference,aligned_with_safety_augmentation,adhd,llm_proposed,literature,evidence_gap,unresolved,false,0
10,10,adhd_q035,ncb-scientific-721c4fa75e038ea4,721c4fa75e038ea4bdb26ce48b91b63d0615507f3c7e11e3dd07f46967efa967,721c4fa75e038ea4bdb26ce48b91b63d0615507f3c7e11e3dd07f46967efa967,exact_v2.1_reference,aligned_with_safety_augmentation,adhd,llm_proposed,literature,evidence_gap,unresolved,false,0
10,10,adhd_q036,ncb-scientific-5af5c999c214ab93,5af5c999c214ab9372f9f2d8ade3dd6da56394efb2231c76129e7a21833959ea,5af5c999c214ab9372f9f2d8ade3dd6da56394efb2231c76129e7a21833959ea,exact_v2.1_reference,aligned_with_safety_augmentation,adhd,llm_proposed,literature,evidence_gap,unresolved,false,0
10,10,adhd_q042,ncb-scientific-579c77d9f61e5f87,579c77d9f61e5f872fb1fae891fba19835a019868aa8a7ef7a47d76233ac7b33,579c77d9f61e5f872fb1fae891fba19835a019868aa8a7ef7a47d76233ac7b33,exact_v2.1_reference,aligned_with_safety_augmentation,adhd,llm_proposed,literature,evidence_gap,unresolved,true,1
10,10,adhd_q043,ncb-scientific-f38d6fdbc4e79d95,f38d6fdbc4e79d95965379c89ad839dad19e0303155a580a4d7bcd26ddf9a32d,f38d6fdbc4e79d95965379c89ad839dad19e0303155a580a4d7bcd26ddf9a32d,exact_v2.1_reference,aligned_with_safety_augmentation,adhd,llm_proposed,literature,evidence_gap,unresolved,true,2
10,10,adhd_q044,ncb-scientific-0d57166941ee6987,0d57166941ee6987a8e94a201d566f6551e2f9cde82cc2d83fe95e4b02d7cf43,0d57166941ee6987a8e94a201d566f6551e2f9cde82cc2d83fe95e4b02d7cf43,exact_v2.1_reference,aligned_with_safety_augmentation,adhd,llm_proposed,literature,evidence_gap,unresolved,true,1
10,10,adhd_q045,ncb-scientific-ad793f2b627c14db,ad793f2b627c14db9571a23bc5ff054129a8af48d092cae596e02c3fbd8ca3e6,ad793f2b627c14db9571a23bc5ff054129a8af48d092cae596e02c3fbd8ca3e6,pre_v2_contract_only,ambiguous_unresolved,adhd,llm_proposed,,,,false,0
10,10,adhd_q046,ncb-scientific-91575e683551f750,91575e683551f75081c4f506c9039447b9776b05e7c95ff1bf81a2323f0c51b9,91575e683551f75081c4f506c9039447b9776b05e7c95ff1bf81a2323f0c51b9,exact_v2.1_reference,aligned,adhd,llm_proposed,literature,evidence_gap,unresolved,true,2
10,10,adhd_q047,ncb-scientific-feb70aa94fa7c90f,feb70aa94fa7c90fa2df8c05f733ba5d944a5de106a49eb36eb63cbfa0415e66,feb70aa94fa7c90fa2df8c05f733ba5d944a5de106a49eb36eb63cbfa0415e66,exact_v2.1_reference,aligned,adhd,llm_proposed,literature,strict,abstain,false,0
10,10,adhd_q048,ncb-scientific-0cdad63325891f3d,0cdad63325891f3d72ae9d25459e2fb0c7ad22a7911a1534b14c6b1dfdc02f28,0cdad63325891f3d72ae9d25459e2fb0c7ad22a7911a1534b14c6b1dfdc02f28,exact_v2.1_reference,aligned,adhd,llm_proposed,literature,provisional,abstain,false,0
10,10,adhd_q049,ncb-scientific-41e14c6dd1c2213b,41e14c6dd1c2213b09c65b85fb99ab48160786245ae19fcdf1dbe6c8a7704fe3,41e14c6dd1c2213b09c65b85fb99ab48160786245ae19fcdf1dbe6c8a7704fe3,exact_v2.1_reference,aligned,adhd,llm_proposed,literature,evidence_gap,unresolved,false,0
10,10,adhd_q050,ncb-scientific-30329250c399e0e1,30329250c399e0e19f0099ec82e0f1abd36cca45c0178fcdc6800cf75650db9e,30329250c399e0e19f0099ec82e0f1abd36cca45c0178fcdc6800cf75650db9e,exact_v2.1_reference,aligned,adhd,llm_proposed,literature,provisional,abstain,false,0
10,10,asd_q001,ncb-scientific-3e1160c83f5950a6,3e1160c83f5950a67cb5f0bbc0478fdf9f1049f9a00563f8ba1bc631c90a9dbf,3e1160c83f5950a67cb5f0bbc0478fdf9f1049f9a00563f8ba1bc631c90a9dbf,exact_v2.1_reference,aligned_with_safety_augmentation,asd,llm_proposed,literature,provisional,confirm,false,0
10,10,asd_q002,ncb-scientific-f6cf8c122d61317c,f6cf8c122d61317c21a1377772ef6ad477761ad1859be149fd5cb4bce5a08ef9,f6cf8c122d61317c21a1377772ef6ad477761ad1859be149fd5cb4bce5a08ef9,exact_v2.1_reference,aligned_with_safety_augmentation,asd,llm_proposed,literature,evidence_gap,unresolved,false,0
10,10,asd_q003,ncb-scientific-b2bc1b3dc8d74234,b2bc1b3dc8d742349867f9f8a7e42fb3186657691ec0e71f041febf9a92913f6,b2bc1b3dc8d742349867f9f8a7e42fb3186657691ec0e71f041febf9a92913f6,exact_v2.1_reference,aligned_with_safety_augmentation,asd,llm_proposed,literature,provisional,abstain,false,0
10,10,asd_q004,ncb-scientific-83e09f86b797842d,83e09f86b797842db14cf907d844db23b34efc9e14034f96c3ccdb763c272e12,83e09f86b797842db14cf907d844db23b34efc9e14034f96c3ccdb763c272e12,exact_v2.1_reference,aligned_with_safety_augmentation,asd,llm_proposed,literature,provisional,abstain,false,0
10,10,asd_q005,ncb-scientific-2aadc4e4de851c0e,2aadc4e4de851c0e2f50ccae550c5f5b5318d46843b677d9fa6b9b8ee0ab5262,2aadc4e4de851c0e2f50ccae550c5f5b5318d46843b677d9fa6b9b8ee0ab5262,exact_v2.1_reference,aligned_with_safety_augmentation,asd,llm_proposed,literature,evidence_gap,unresolved,false,0
10,10,asd_q006,ncb-scientific-31ff42faa1d10211,31ff42faa1d102115303e78160cfa36a14361f7d5ebb5f9c28e43a81eac4e858,31ff42faa1d102115303e78160cfa36a14361f7d5ebb5f9c28e43a81eac4e858,exact_v2.1_reference,aligned_with_safety_augmentation,asd,llm_proposed,literature,evidence_gap,unresolved,false,0
10,10,asd_q007,ncb-scientific-0c04451321f8aa46,0c04451321f8aa463f1d1bfe0e785823e00d716a57d204c1b000827ea22d686c,0c04451321f8aa463f1d1bfe0e785823e00d716a57d204c1b000827ea22d686c,exact_v2.1_reference,aligned_with_safety_augmentation,asd,llm_proposed,literature,evidence_gap,unresolved,false,0
10,10,asd_q008,ncb-scientific-8d7c71367a2043b9,8d7c71367a2043b90fd51104e7c42a5e0fbd4068a2810fc8c3cbff83c8af75e6,8d7c71367a2043b90fd51104e7c42a5e0fbd4068a2810fc8c3cbff83c8af75e6,exact_v2.1_reference,aligned_with_safety_augmentation,asd,llm_proposed,literature,provisional,abstain,false,0
10,10,asd_q009,ncb-scientific-e59e508b9cc05116,e59e508b9cc05116c4cf470f0f1a2f388a2f1589d7452ef3d8199026639608ba,e59e508b9cc05116c4cf470f0f1a2f388a2f1589d7452ef3d8199026639608ba,pre_v2_contract_only,ambiguous_unresolved,asd,llm_proposed,,,,false,0
10,10,asd_q010,ncb-scientific-ff4d46696cfed68a,ff4d46696cfed68a15180d4899c7d603dd7670c50318e776fa4991d2d5e8a6fe,ff4d46696cfed68a15180d4899c7d603dd7670c50318e776fa4991d2d5e8a6fe,exact_v2.1_reference,aligned_with_safety_augmentation,asd,llm_proposed,literature,evidence_gap,unresolved,false,0
10,10,asd_q011,ncb-scientific-548cb9ea8bd9f8de,548cb9ea8bd9f8debed81d65b27010ba68443f8389de280f24e0a60133bfd4ba,548cb9ea8bd9f8debed81d65b27010ba68443f8389de280f24e0a60133bfd4ba,exact_v2.1_reference,aligned_with_safety_augmentation,asd,llm_proposed,literature,evidence_gap,unresolved,false,0
10,10,asd_q012,ncb-scientific-08efd1786e5b448a,08efd1786e5b448a84158f5fd3ce228ce6c198e48d98d9822b46850721e8ef2c,08efd1786e5b448a84158f5fd3ce228ce6c198e48d98d9822b46850721e8ef2c,exact_v2.1_reference,aligned_with_safety_augmentation,asd,llm_proposed,literature,evidence_gap,unresolved,false,0
10,10,asd_q013,ncb-scientific-adc64a42191e17f6,adc64a42191e17f63007bc25281becbf3d5835b1b4907a7c66c7d4875362948d,adc64a42191e17f63007bc25281becbf3d5835b1b4907a7c66c7d4875362948d,exact_v2.1_reference,aligned_with_safety_augmentation,asd,llm_proposed,literature,evidence_gap,unresolved,false,0
10,10,asd_q014,ncb-scientific-3ad601039168835a,3ad601039168835a0aa9153a5d2400c86e8ebb3edd86792e9be32f9545952cb0,3ad601039168835a0aa9153a5d2400c86e8ebb3edd86792e9be32f9545952cb0,exact_v2.1_reference,aligned_with_safety_augmentation,asd,llm_proposed,literature,evidence_gap,unresolved,false,0
10,10,asd_q015,ncb-scientific-7a87a86398becf44,7a87a86398becf44806656c7b8437f675f371fd6f2644ac257e562ca90b86a6a,7a87a86398becf44806656c7b8437f675f371fd6f2644ac257e562ca90b86a6a,exact_v2.1_reference,aligned_with_safety_augmentation,asd,llm_proposed,literature,evidence_gap,unresolved,false,0
10,10,asd_q016,ncb-scientific-67de4555230bc27a,67de4555230bc27a2720a39d25ba2b54acdc13b8df64eb624e3b7162eb249cbf,67de4555230bc27a2720a39d25ba2b54acdc13b8df64eb624e3b7162eb249cbf,exact_v2.1_reference,aligned_with_safety_augmentation,asd,llm_proposed,literature,evidence_gap,unresolved,false,0
10,10,asd_q017,ncb-scientific-30f73b540a076be8,30f73b540a076be8877cbf58acf8e237d4ffaf8c5fa00b91f350eced56d4fe50,30f73b540a076be8877cbf58acf8e237d4ffaf8c5fa00b91f350eced56d4fe50,exact_v2.1_reference,aligned_with_safety_augmentation,asd,llm_proposed,literature,evidence_gap,unresolved,false,0
10,10,asd_q018,ncb-scientific-9c2e4221cf5ca105,9c2e4221cf5ca105c142aa03f1212934ddcc6f3a0b4ae66e5f9d130f892c1d68,9c2e4221cf5ca105c142aa03f1212934ddcc6f3a0b4ae66e5f9d130f892c1d68,exact_v2.1_reference,aligned_with_safety_augmentation,asd,llm_proposed,literature,provisional,abstain,false,0
10,10,asd_q019,ncb-scientific-d3b9d78a966173c6,d3b9d78a966173c6a58a5b8ed01a0316ad73601092701d1310f08cee0928e62e,d3b9d78a966173c6a58a5b8ed01a0316ad73601092701d1310f08cee0928e62e,exact_v2.1_reference,aligned_with_safety_augmentation,asd,llm_proposed,literature,evidence_gap,unresolved,false,0
10,10,asd_q020,ncb-scientific-09bce8d2747a588b,09bce8d2747a588b48e78179d64eef021ef591c62d258c96db87fa1a187763be,09bce8d2747a588b48e78179d64eef021ef591c62d258c96db87fa1a187763be,exact_v2.1_reference,aligned_with_safety_augmentation,asd,llm_proposed,literature,evidence_gap,unresolved,false,0
10,10,asd_q021,ncb-scientific-5e6aa7181e35b605,5e6aa7181e35b6057dcfa0b2ef30e1accaf27ffa30c7110a71e05a7d42cd2bf4,5e6aa7181e35b6057dcfa0b2ef30e1accaf27ffa30c7110a71e05a7d42cd2bf4,exact_v2.1_reference,aligned_with_safety_augmentation,asd,llm_proposed,literature,evidence_gap,unresolved,false,0
10,10,asd_q022,ncb-scientific-7fe9235c8d5841b2,7fe9235c8d5841b21b4e02f5f1ea3da19d265b3dae41e4689eb549064708d519,7fe9235c8d5841b21b4e02f5f1ea3da19d265b3dae41e4689eb549064708d519,exact_v2.1_reference,aligned_with_safety_augmentation,asd,llm_proposed,literature,evidence_gap,unresolved,false,0
10,10,asd_q023,ncb-scientific-2e389c7806389508,2e389c780638950829799320349d8009aea6c3e9e69be08b1982e12b5b434c52,2e389c780638950829799320349d8009aea6c3e9e69be08b1982e12b5b434c52,exact_v2.1_reference,aligned_with_safety_augmentation,asd,llm_proposed,literature,evidence_gap,unresolved,false,0
10,10,asd_q024,ncb-scientific-46c685780a6efe6d,46c685780a6efe6d8000426a098ef58223dceb61be99792eabb6a33e80beadb1,46c685780a6efe6d8000426a098ef58223dceb61be99792eabb6a33e80beadb1,exact_v2.1_reference,aligned_with_safety_augmentation,asd,llm_proposed,literature,evidence_gap,unresolved,false,0
10,10,asd_q025,ncb-scientific-31990e646f54d4e6,31990e646f54d4e694348212341524808d583a3747736b6aec3da643ffe1484e,31990e646f54d4e694348212341524808d583a3747736b6aec3da643ffe1484e,exact_v2.1_reference,aligned_with_safety_augmentation,asd,llm_proposed,literature,evidence_gap,unresolved,false,0
10,10,asd_q026,ncb-scientific-2f6ce6fa5ea95eeb,2f6ce6fa5ea95eeb785ac239b4ff56b118d9d5b5b0e1c76df4fda92bdb52f08c,2f6ce6fa5ea95eeb785ac239b4ff56b118d9d5b5b0e1c76df4fda92bdb52f08c,exact_v2.1_reference,aligned_with_safety_augmentation,asd,llm_proposed,literature,evidence_gap,unresolved,false,0
10,10,asd_q027,ncb-scientific-68bd56b0483a236c,68bd56b0483a236c99db6544b25fa5e81003dd38c2af773be2d3d39b9ad070a6,68bd56b0483a236c99db6544b25fa5e81003dd38c2af773be2d3d39b9ad070a6,exact_v2.1_reference,aligned_with_safety_augmentation,asd,llm_proposed,literature,evidence_gap,unresolved,false,0
10,10,asd_q028,ncb-scientific-83e8c22eb0f4831a,83e8c22eb0f4831ab466f92d33a57545f9a4ac8eb8d3c9af44021b75c7fef4c4,83e8c22eb0f4831ab466f92d33a57545f9a4ac8eb8d3c9af44021b75c7fef4c4,exact_v2.1_reference,aligned_with_safety_augmentation,asd,llm_proposed,literature,evidence_gap,unresolved,false,0
10,10,asd_q029,ncb-scientific-a02841671504d8cd,a02841671504d8cd91f7002bbbc87782b0cb75c4c91c3c75f40930bf0fc27467,a02841671504d8cd91f7002bbbc87782b0cb75c4c91c3c75f40930bf0fc27467,exact_v2.1_reference,aligned_with_safety_augmentation,asd,llm_proposed,literature,evidence_gap,unresolved,false,0
10,10,asd_q030,ncb-scientific-3ba54e0248b29adb,3ba54e0248b29adb223a15306b37f76fc0e2b932fed74e86bd845de4c1fb2ee8,3ba54e0248b29adb223a15306b37f76fc0e2b932fed74e86bd845de4c1fb2ee8,exact_v2.1_reference,aligned_with_safety_augmentation,asd,llm_proposed,literature,evidence_gap,unresolved,false,0
10,10,asd_q031,ncb-scientific-a7bd041be62e2db4,a7bd041be62e2db43aded1d76a6c0b581c7274b1f519b9d483c62e6dc39f3136,a7bd041be62e2db43aded1d76a6c0b581c7274b1f519b9d483c62e6dc39f3136,exact_v2.1_reference,aligned_with_safety_augmentation,asd,llm_proposed,literature,evidence_gap,unresolved,false,0
10,10,asd_q032,ncb-scientific-19802d4080b79f2e,19802d4080b79f2e8f176ede52b798824d854ec76cd44f5f03a2db90b40b33bc,19802d4080b79f2e8f176ede52b798824d854ec76cd44f5f03a2db90b40b33bc,exact_v2.1_reference,aligned_with_safety_augmentation,asd,llm_proposed,literature,evidence_gap,unresolved,false,0
10,10,asd_q033,ncb-scientific-caeb5a6d248ba33c,caeb5a6d248ba33c770c82b3dc6515580c3efad63440adbbb4688d39731a3c41,caeb5a6d248ba33c770c82b3dc6515580c3efad63440adbbb4688d39731a3c41,exact_v2.1_reference,aligned_with_safety_augmentation,asd,llm_proposed,literature,evidence_gap,unresolved,false,0
10,10,asd_q034,ncb-scientific-1f13a7aee9fc1c7d,1f13a7aee9fc1c7dc1187efe86c3068be853653eb4050183fac5bcb492b8bbe3,1f13a7aee9fc1c7dc1187efe86c3068be853653eb4050183fac5bcb492b8bbe3,exact_v2.1_reference,aligned_with_safety_augmentation,asd,llm_proposed,literature,evidence_gap,unresolved,false,0
10,10,asd_q035,ncb-scientific-9b768a7494df75b2,9b768a7494df75b24fdc89ed6f68cee71fad50a0a2b02684368bd092524d7453,9b768a7494df75b24fdc89ed6f68cee71fad50a0a2b02684368bd092524d7453,exact_v2.1_reference,aligned_with_safety_augmentation,asd,llm_proposed,literature,evidence_gap,unresolved,false,0
10,10,asd_q036,ncb-scientific-61274f38e0112edd,61274f38e0112edde8180b2b74bd970e73a3a503b87528dec8547ff8d39e08d3,61274f38e0112edde8180b2b74bd970e73a3a503b87528dec8547ff8d39e08d3,exact_v2.1_reference,aligned_with_safety_augmentation,asd,llm_proposed,literature,evidence_gap,unresolved,false,0
10,10,asd_q037,ncb-scientific-149b1f2aeda4fcb1,149b1f2aeda4fcb1612b5edd3c9ba5d3fdc4cc18d9c5aa1afa53e32c85ed567e,149b1f2aeda4fcb1612b5edd3c9ba5d3fdc4cc18d9c5aa1afa53e32c85ed567e,exact_v2.1_reference,aligned_with_safety_augmentation,asd,llm_proposed,literature,evidence_gap,unresolved,false,0
10,10,asd_q038,ncb-scientific-c631e745a39a4c34,c631e745a39a4c34b7a2b47ee20ac723363fb4d3f247ba63938ada9c0511f640,c631e745a39a4c34b7a2b47ee20ac723363fb4d3f247ba63938ada9c0511f640,exact_v2.1_reference,aligned_with_safety_augmentation,asd,llm_proposed,literature,evidence_gap,unresolved,false,0
10,10,asd_q039,ncb-scientific-3bb5fd92cff87e34,3bb5fd92cff87e343d33e2cd0d6797eaf54d41cfe43a2123a8f42229247ead6c,3bb5fd92cff87e343d33e2cd0d6797eaf54d41cfe43a2123a8f42229247ead6c,exact_v2.1_reference,aligned_with_safety_augmentation,asd,llm_proposed,literature,evidence_gap,unresolved,false,0
10,10,asd_q040,ncb-scientific-cfe09363aec199e4,cfe09363aec199e4d87cfd179508934aa0a694e2ac85f122d79bab05a56bf5ba,cfe09363aec199e4d87cfd179508934aa0a694e2ac85f122d79bab05a56bf5ba,exact_v2.1_reference,aligned,asd,llm_proposed,literature,provisional,confirm,false,0
10,10,asd_q041,ncb-scientific-c823298f5f12df8a,c823298f5f12df8af07efc39e57413ee6b375c5f9f95bf060e712101c70c15cd,c823298f5f12df8af07efc39e57413ee6b375c5f9f95bf060e712101c70c15cd,exact_v2.1_reference,aligned_with_safety_augmentation,asd,llm_proposed,literature,evidence_gap,unresolved,false,0
10,10,asd_q042,ncb-scientific-1f634e71dd689f9b,1f634e71dd689f9bf628ab2462201c44d5996f29424ad3bb244eae08906e402b,1f634e71dd689f9bf628ab2462201c44d5996f29424ad3bb244eae08906e402b,exact_v2.1_reference,aligned_with_safety_augmentation,asd,llm_proposed,literature,evidence_gap,unresolved,false,0
10,10,asd_q043,ncb-scientific-1329501baee4943a,1329501baee4943a8d1925394f1bd0c531b39a4df9d4412f31a9e326f49d547b,1329501baee4943a8d1925394f1bd0c531b39a4df9d4412f31a9e326f49d547b,exact_v2.1_reference,aligned_with_safety_augmentation,asd,llm_proposed,literature,evidence_gap,unresolved,false,0
10,10,asd_q044,ncb-scientific-531f4a09678d2222,531f4a09678d2222e7dfb2b3f2c5e270ea361cb4ff770d5a532b98fb51322082,531f4a09678d2222e7dfb2b3f2c5e270ea361cb4ff770d5a532b98fb51322082,exact_v2.1_reference,aligned_with_safety_augmentation,asd,llm_proposed,literature,evidence_gap,unresolved,false,0
10,10,asd_q045,ncb-scientific-1518a0abab435142,1518a0abab43514213f4d83221121b85df589c0db1f51783ab24f10b187a989c,1518a0abab43514213f4d83221121b85df589c0db1f51783ab24f10b187a989c,exact_v2.1_reference,aligned_with_safety_augmentation,asd,llm_proposed,literature,evidence_gap,unresolved,false,0
10,10,asd_q046,ncb-scientific-afbfd52ab898aa8b,afbfd52ab898aa8b75058616b6193b34892bea7f7d452244ed64defafeede78a,afbfd52ab898aa8b75058616b6193b34892bea7f7d452244ed64defafeede78a,exact_v2.1_reference,aligned,asd,llm_proposed,literature,strict,abstain,false,0
10,10,asd_q047,ncb-scientific-5d4734ea98c9d333,5d4734ea98c9d333507a8f256c939d4c32820705161302d7f9b6dece95787e70,5d4734ea98c9d333507a8f256c939d4c32820705161302d7f9b6dece95787e70,exact_v2.1_reference,aligned_with_safety_augmentation,asd,llm_proposed,literature,evidence_gap,unresolved,false,0
10,10,asd_q048,ncb-scientific-58fd062031fc801e,58fd062031fc801ec995be400539f15fb05609ddaa041a485e24b531f854d19c,58fd062031fc801ec995be400539f15fb05609ddaa041a485e24b531f854d19c,exact_v2.1_reference,aligned_with_safety_augmentation,asd,llm_proposed,literature,evidence_gap,unresolved,false,0
10,10,asd_q049,ncb-scientific-be9238714808b664,be9238714808b66402159f2c45825993dd00eadd147b39f453e2e7e450668e79,be9238714808b66402159f2c45825993dd00eadd147b39f453e2e7e450668e79,exact_v2.1_reference,aligned_with_safety_augmentation,asd,llm_proposed,literature,evidence_gap,unresolved,false,0
10,10,asd_q050,ncb-scientific-206dd8d45a4d9d89,206dd8d45a4d9d891eb2644f5acdf1aeb9a4d894209c6c0c3142e2a74481d2e3,206dd8d45a4d9d891eb2644f5acdf1aeb9a4d894209c6c0c3142e2a74481d2e3,exact_v2.1_reference,aligned_with_safety_augmentation,asd,llm_proposed,literature,evidence_gap,unresolved,false,0
10,10,ad_aging_q027,ncb-scientific-7f4258667f94f44d,7f4258667f94f44d5e73e949aab05c8374dbe1ac010e146956307f30d3201ba2,7f4258667f94f44d5e73e949aab05c8374dbe1ac010e146956307f30d3201ba2,exact_v2.1_reference,aligned_with_safety_augmentation,ad_aging,llm_proposed,literature,evidence_gap,unresolved,false,0
10,10,ad_aging_q028,ncb-scientific-1775e0699f7d950f,1775e0699f7d950fdfe70ffa2494b3427fbca176a2fb9bd01c5bf5329b7dd39e,1775e0699f7d950fdfe70ffa2494b3427fbca176a2fb9bd01c5bf5329b7dd39e,exact_v2.1_reference,aligned_with_safety_augmentation,ad_aging,llm_proposed,literature,evidence_gap,unresolved,true,1
10,10,ad_aging_q029,ncb-scientific-bf6a4a4dabf8357f,bf6a4a4dabf8357f31e6a07ae1504771c332c4ed81929fb895a09609631d5866,bf6a4a4dabf8357f31e6a07ae1504771c332c4ed81929fb895a09609631d5866,exact_v2.1_reference,aligned_with_safety_augmentation,ad_aging,llm_proposed,literature,evidence_gap,unresolved,true,2
10,10,ad_aging_q030,ncb-scientific-75bd3855eddc86c8,75bd3855eddc86c8164fd4b8c788b0d2ff249afef49acbd1c2597bcf3031ee46,75bd3855eddc86c8164fd4b8c788b0d2ff249afef49acbd1c2597bcf3031ee46,exact_v2.1_reference,aligned_with_safety_augmentation,ad_aging,llm_proposed,literature,strict,confirm,true,7
10,10,ad_aging_q032,ncb-scientific-c922885057dbc163,c922885057dbc163bc0da7c09a1f929618f4043b01e964bfbd4ba2d3947e992e,c922885057dbc163bc0da7c09a1f929618f4043b01e964bfbd4ba2d3947e992e,exact_v2.1_reference,aligned_with_safety_augmentation,ad_aging,llm_proposed,literature,evidence_gap,unresolved,true,1
10,10,ad_aging_q034,ncb-scientific-0945ff60b5d68ba8,0945ff60b5d68ba89a298e0d5c7f9a2de1625b057bca524e15324d9708ecf806,0945ff60b5d68ba89a298e0d5c7f9a2de1625b057bca524e15324d9708ecf806,exact_v2.1_reference,aligned_with_safety_augmentation,ad_aging,llm_proposed,literature,evidence_gap,unresolved,true,7
10,10,ad_aging_q035,ncb-scientific-2dcda273dbedc219,2dcda273dbedc219ed9d5d8682aa85ac5f279a5b7efa0b335d1568599836b508,2dcda273dbedc219ed9d5d8682aa85ac5f279a5b7efa0b335d1568599836b508,exact_v2.1_reference,aligned_with_safety_augmentation,ad_aging,llm_proposed,literature,evidence_gap,unresolved,false,0
10,10,ad_aging_q036,ncb-scientific-cc1c11b70cdbc35f,cc1c11b70cdbc35f0fb7b7692822abca760f09315d96cba5c2e0c0d8c07fcfe3,cc1c11b70cdbc35f0fb7b7692822abca760f09315d96cba5c2e0c0d8c07fcfe3,exact_v2.1_reference,aligned_with_safety_augmentation,ad_aging,llm_proposed,literature,evidence_gap,unresolved,false,0
10,10,ad_aging_q037,ncb-scientific-0b054fd85acaa063,0b054fd85acaa06382e368b06e24cb23876d673dda29faac3b690645e449b6d5,0b054fd85acaa06382e368b06e24cb23876d673dda29faac3b690645e449b6d5,exact_v2.1_reference,aligned_with_safety_augmentation,ad_aging,llm_proposed,literature,evidence_gap,unresolved,false,0
10,10,ad_aging_q038,ncb-scientific-1d2a9e0f4f0b8bc3,1d2a9e0f4f0b8bc35fe53e1c18e110f8965f0dbb01897b1aba0cbe4d193e5821,1d2a9e0f4f0b8bc35fe53e1c18e110f8965f0dbb01897b1aba0cbe4d193e5821,exact_v2.1_reference,aligned_with_safety_augmentation,ad_aging,llm_proposed,literature,evidence_gap,unresolved,false,0
10,10,ad_aging_q039,ncb-scientific-a545812912502796,a5458129125027964cfadcefcff0f19c0d3ceed68aede1f9609ffc45247c35e4,a5458129125027964cfadcefcff0f19c0d3ceed68aede1f9609ffc45247c35e4,exact_v2.1_reference,aligned_with_safety_augmentation,ad_aging,llm_proposed,literature,evidence_gap,unresolved,false,0
10,10,ad_aging_q040,ncb-scientific-0b054fd85acaa063,0b054fd85acaa06382e368b06e24cb23876d673dda29faac3b690645e449b6d5,0b054fd85acaa06382e368b06e24cb23876d673dda29faac3b690645e449b6d5,exact_v2.1_reference,aligned_with_safety_augmentation,ad_aging,llm_proposed,literature,evidence_gap,unresolved,false,0
10,10,ad_aging_q041,ncb-scientific-f7956622f7e3eaf8,f7956622f7e3eaf82268d3c6d03184df48ef112532d72822e58c2e3b4eb9abd0,f7956622f7e3eaf82268d3c6d03184df48ef112532d72822e58c2e3b4eb9abd0,exact_v2.1_reference,aligned_with_safety_augmentation,ad_aging,llm_proposed,literature,evidence_gap,unresolved,false,0
10,10,ad_aging_q042,ncb-scientific-24de654ccd87dce2,24de654ccd87dce2402ee3e06841e2aa84bb5b939fe17e0a081e3e3fe8dd97e2,24de654ccd87dce2402ee3e06841e2aa84bb5b939fe17e0a081e3e3fe8dd97e2,exact_v2.1_reference,aligned_with_safety_augmentation,ad_aging,llm_proposed,literature,evidence_gap,unresolved,false,0
10,10,ad_aging_q043,ncb-scientific-f143dbf87a77594f,f143dbf87a77594f45f0c498342b2f4b17215390bf78679a21770bcc782da655,f143dbf87a77594f45f0c498342b2f4b17215390bf78679a21770bcc782da655,exact_v2.1_reference,aligned_with_safety_augmentation,ad_aging,llm_proposed,literature,evidence_gap,unresolved,true,1
10,10,ad_aging_q044,ncb-scientific-0cf9bf17a3cb10a7,0cf9bf17a3cb10a706661b585964be67b5928087882dc93e7b80224dac8a3534,0cf9bf17a3cb10a706661b585964be67b5928087882dc93e7b80224dac8a3534,exact_v2.1_reference,aligned_with_safety_augmentation,ad_aging,llm_proposed,literature,provisional,confirm,true,1
10,10,ad_aging_q045,ncb-scientific-4d6ed37bb9324c72,4d6ed37bb9324c72153b3fa839362f89320d16c7cbd9dd2659db729eb80061bf,4d6ed37bb9324c72153b3fa839362f89320d16c7cbd9dd2659db729eb80061bf,exact_v2.1_reference,aligned_with_safety_augmentation,ad_aging,llm_proposed,literature,evidence_gap,unresolved,false,0
10,10,ad_aging_q046,ncb-scientific-79182620041b5799,79182620041b57998eb9b3eb81cfba653f320fbe529ff0db654dd813626d0e36,79182620041b57998eb9b3eb81cfba653f320fbe529ff0db654dd813626d0e36,exact_v2.1_reference,aligned_with_safety_augmentation,ad_aging,llm_proposed,literature,evidence_gap,unresolved,false,0
10,10,ad_aging_q048,ncb-scientific-a3f4263a0dce56cf,a3f4263a0dce56cf738ebd2d271cf2f786acf25f6ab1432a96784f063e51d349,a3f4263a0dce56cf738ebd2d271cf2f786acf25f6ab1432a96784f063e51d349,exact_v2.1_reference,aligned_with_safety_augmentation,ad_aging,llm_proposed,literature,evidence_gap,unresolved,false,0
10,10,ad_aging_q049,ncb-scientific-24de654ccd87dce2,24de654ccd87dce2402ee3e06841e2aa84bb5b939fe17e0a081e3e3fe8dd97e2,24de654ccd87dce2402ee3e06841e2aa84bb5b939fe17e0a081e3e3fe8dd97e2,exact_v2.1_reference,aligned_with_safety_augmentation,ad_aging,llm_proposed,literature,evidence_gap,unresolved,false,0
10,10,ad_aging_q050,ncb-scientific-693510493058a91a,693510493058a91ac8ead80536de2a54f1331e925b11ad3d69d871fe6c93a395,693510493058a91ac8ead80536de2a54f1331e925b11ad3d69d871fe6c93a395,exact_v2.1_reference,aligned_with_safety_augmentation,ad_aging,llm_proposed,literature,evidence_gap,unresolved,false,0
10,10,psychosis_q001,ncb-scientific-7cb3fe4a5738fae5,7cb3fe4a5738fae59ad565ce7ad320774954e407c9d8edcbc6f05c4bb1287017,7cb3fe4a5738fae59ad565ce7ad320774954e407c9d8edcbc6f05c4bb1287017,exact_v2.1_reference,aligned,psychosis,llm_proposed,literature,evidence_gap,unresolved,false,0
10,10,psychosis_q002,ncb-scientific-266504b3d4e53721,266504b3d4e53721e07a0d77932a5254a3379c3ddf34b0dc44aeea4c4b4cb67d,266504b3d4e53721e07a0d77932a5254a3379c3ddf34b0dc44aeea4c4b4cb67d,exact_v2.1_reference,aligned_with_safety_augmentation,psychosis,llm_proposed,literature,evidence_gap,unresolved,false,0
10,10,psychosis_q003,ncb-scientific-872c426870a43fc0,872c426870a43fc09bee7deefd9487ffedf554184b618cfa1548e9f8d3be8d34,872c426870a43fc09bee7deefd9487ffedf554184b618cfa1548e9f8d3be8d34,exact_v2.1_reference,aligned_with_safety_augmentation,psychosis,llm_proposed,literature,evidence_gap,unresolved,false,0
10,10,psychosis_q004,ncb-scientific-3cd280f660dfbcd4,3cd280f660dfbcd415a0ac5f54af96f2ce8fe1cc897a4a14f869e1ea54467213,3cd280f660dfbcd415a0ac5f54af96f2ce8fe1cc897a4a14f869e1ea54467213,exact_v2.1_reference,aligned_with_safety_augmentation,psychosis,llm_proposed,literature,provisional,confirm,false,0
10,10,psychosis_q005,ncb-scientific-4cedbc48040eac27,4cedbc48040eac27d2eaf9fa5cbc4713fa67c79a232f498107862a2fe7d63e79,4cedbc48040eac27d2eaf9fa5cbc4713fa67c79a232f498107862a2fe7d63e79,exact_v2.1_reference,aligned_with_safety_augmentation,psychosis,llm_proposed,literature,evidence_gap,unresolved,false,0
10,10,psychosis_q006,ncb-scientific-58864dfe748ed623,58864dfe748ed623b1e412e518eb6d075f1280ebe036bb1dc55e56e8a2aca169,58864dfe748ed623b1e412e518eb6d075f1280ebe036bb1dc55e56e8a2aca169,exact_v2.1_reference,aligned_with_safety_augmentation,psychosis,llm_proposed,literature,evidence_gap,unresolved,false,0
10,10,psychosis_q007,ncb-scientific-e5b2412738b16335,e5b2412738b16335f55b1518f3aac394c8cfff48e1b39a9dc0d2b64c2cbb5877,e5b2412738b16335f55b1518f3aac394c8cfff48e1b39a9dc0d2b64c2cbb5877,exact_v2.1_reference,aligned,psychosis,llm_proposed,literature,evidence_gap,unresolved,false,0
10,10,psychosis_q008,ncb-scientific-5e9d9106292eb159,5e9d9106292eb159971d41de9ac66f7064ff9c67b369099bff308886a86ec58b,5e9d9106292eb159971d41de9ac66f7064ff9c67b369099bff308886a86ec58b,exact_v2.1_reference,aligned_with_safety_augmentation,psychosis,llm_proposed,literature,provisional,confirm,false,0
10,10,psychosis_q009,ncb-scientific-8366c91b96faf9a6,8366c91b96faf9a6c9557e9120c312676b6be08466de64a2ea5ecb46f08595dc,8366c91b96faf9a6c9557e9120c312676b6be08466de64a2ea5ecb46f08595dc,exact_v2.1_reference,aligned_with_safety_augmentation,psychosis,llm_proposed,literature,evidence_gap,unresolved,false,0
10,10,psychosis_q010,ncb-scientific-822a9e3fd7a9cc40,822a9e3fd7a9cc40dd56cec27d9df1f4b981c6e08141b1a8a2264fd39544ccfa,822a9e3fd7a9cc40dd56cec27d9df1f4b981c6e08141b1a8a2264fd39544ccfa,exact_v2.1_reference,aligned,psychosis,llm_proposed,literature,evidence_gap,unresolved,false,0
10,10,psychosis_q011,ncb-scientific-d4c0b42a60357a5d,d4c0b42a60357a5d939e12105a02798899968bed182f8471def699471bf39842,d4c0b42a60357a5d939e12105a02798899968bed182f8471def699471bf39842,exact_v2.1_reference,aligned_with_safety_augmentation,psychosis,llm_proposed,literature,evidence_gap,unresolved,false,0
10,10,psychosis_q012,ncb-scientific-6c9d8d248e03fd07,6c9d8d248e03fd072175b3155b829fce548d5dc88bffc0dd63db73a27cc1b1f9,6c9d8d248e03fd072175b3155b829fce548d5dc88bffc0dd63db73a27cc1b1f9,exact_v2.1_reference,aligned,psychosis,llm_proposed,literature,strict,confirm,false,0
10,10,psychosis_q013,ncb-scientific-32c06a5e43e74faa,32c06a5e43e74faa24d16e67accf4262d0369671f06216c693238d120d8f16f9,32c06a5e43e74faa24d16e67accf4262d0369671f06216c693238d120d8f16f9,exact_v2.1_reference,aligned_with_safety_augmentation,psychosis,llm_proposed,literature,evidence_gap,unresolved,false,0
10,10,psychosis_q014,ncb-scientific-f0173ff72ee52b5e,f0173ff72ee52b5e1e878ad93b6ab55443639c37100b7a6ff8546daeb9de844a,f0173ff72ee52b5e1e878ad93b6ab55443639c37100b7a6ff8546daeb9de844a,exact_v2.1_reference,aligned,psychosis,llm_proposed,literature,evidence_gap,unresolved,false,0
10,10,psychosis_q015,ncb-scientific-622e97baf8eece3c,622e97baf8eece3cc6a62615addca82592c24a5eb42cd164d81459a0d041eaab,622e97baf8eece3cc6a62615addca82592c24a5eb42cd164d81459a0d041eaab,exact_v2.1_reference,aligned,psychosis,llm_proposed,literature,evidence_gap,unresolved,false,0
10,10,psychosis_q016,ncb-scientific-9066c4a0d3bc2f9f,9066c4a0d3bc2f9f335adcc9e6fce3653c8c38198faedd03436f1aa34da54b25,9066c4a0d3bc2f9f335adcc9e6fce3653c8c38198faedd03436f1aa34da54b25,exact_v2.1_reference,aligned_with_safety_augmentation,psychosis,llm_proposed,literature,strict,confirm,false,0
10,10,psychosis_q017,ncb-scientific-4bafecc6ed3b9d87,4bafecc6ed3b9d87a26b408fcd1dd48f8e80cc184c6f98eb941ab54c48ad2031,4bafecc6ed3b9d87a26b408fcd1dd48f8e80cc184c6f98eb941ab54c48ad2031,exact_v2.1_reference,aligned,psychosis,llm_proposed,literature,evidence_gap,unresolved,false,0
10,10,psychosis_q018,ncb-scientific-6aa47e3b129ad9fb,6aa47e3b129ad9fb3b897f8e59d71e00f8f3abe34d5515c19a65bf8a5c880e1a,6aa47e3b129ad9fb3b897f8e59d71e00f8f3abe34d5515c19a65bf8a5c880e1a,exact_v2.1_reference,aligned_with_safety_augmentation,psychosis,llm_proposed,literature,evidence_gap,unresolved,true,4
10,10,psychosis_q019,ncb-scientific-047feb6835500e20,047feb6835500e20fce6c8866aa5f4319884079d3ece961fffa1950d3f67649b,047feb6835500e20fce6c8866aa5f4319884079d3ece961fffa1950d3f67649b,exact_v2.1_reference,aligned_with_safety_augmentation,psychosis,llm_proposed,literature,evidence_gap,unresolved,true,4
10,10,psychosis_q021,ncb-scientific-675abad09b88a363,675abad09b88a3632ae7d7ac4e199a4a0e5c99415e8c1ac16c601d7e16a98f35,675abad09b88a3632ae7d7ac4e199a4a0e5c99415e8c1ac16c601d7e16a98f35,exact_v2.1_reference,aligned_with_safety_augmentation,psychosis,llm_proposed,literature,evidence_gap,unresolved,false,0
10,10,psychosis_q022,ncb-scientific-49fd02560669f081,49fd02560669f081865a60b8024eb81ebb6dc5834a87820f119def66b35fa233,49fd02560669f081865a60b8024eb81ebb6dc5834a87820f119def66b35fa233,exact_v2.1_reference,aligned,psychosis,llm_proposed,literature,evidence_gap,unresolved,false,0
10,10,psychosis_q023,ncb-scientific-3942bdaedf8efb2a,3942bdaedf8efb2afecb3c2c12045c0014df9f189b66d0de08e09298d10c22ae,3942bdaedf8efb2afecb3c2c12045c0014df9f189b66d0de08e09298d10c22ae,exact_v2.1_reference,aligned_with_safety_augmentation,psychosis,llm_proposed,literature,evidence_gap,unresolved,true,1
10,10,psychosis_q024,ncb-scientific-9181e305d0e360a5,9181e305d0e360a5d17ec43febd9d32a46fc572a1fa87ab8680c7b4cb79abe90,9181e305d0e360a5d17ec43febd9d32a46fc572a1fa87ab8680c7b4cb79abe90,exact_v2.1_reference,aligned_with_safety_augmentation,psychosis,llm_proposed,literature,evidence_gap,unresolved,false,0
10,10,psychosis_q025,ncb-scientific-4ffc0faff41b9d25,4ffc0faff41b9d251ae15c86a5646175e1972970df38a88ccfac126ba34f43b9,4ffc0faff41b9d251ae15c86a5646175e1972970df38a88ccfac126ba34f43b9,exact_v2.1_reference,aligned,psychosis,llm_proposed,literature,evidence_gap,unresolved,true,11
10,10,psychosis_q026,ncb-scientific-e43def8c3b8cb4e9,e43def8c3b8cb4e9401abd45c8e585ca3fb7555ed77364cdacf981560d643998,e43def8c3b8cb4e9401abd45c8e585ca3fb7555ed77364cdacf981560d643998,exact_v2.1_reference,aligned_with_safety_augmentation,psychosis,llm_proposed,literature,evidence_gap,unresolved,false,0
10,10,psychosis_q027,ncb-scientific-9eaf2a23ddb73ea3,9eaf2a23ddb73ea3b9ad8419cc764b871d15a798fea17ac3a71821704466415e,9eaf2a23ddb73ea3b9ad8419cc764b871d15a798fea17ac3a71821704466415e,exact_v2.1_reference,aligned_with_safety_augmentation,psychosis,llm_proposed,literature,provisional,abstain,false,0
10,10,psychosis_q028,ncb-scientific-6130b7ec9d114c16,6130b7ec9d114c162d53c779a173cc930024074dfc2f729afa0cd4fc7c5e3827,6130b7ec9d114c162d53c779a173cc930024074dfc2f729afa0cd4fc7c5e3827,exact_v2.1_reference,aligned,psychosis,llm_proposed,literature,strict,confirm,false,0
10,10,psychosis_q029,ncb-scientific-561d93190dd22ced,561d93190dd22ced60f31e0fd38e0faf5c987fc53b8acf69c6396133d316d230,561d93190dd22ced60f31e0fd38e0faf5c987fc53b8acf69c6396133d316d230,exact_v2.1_reference,aligned_with_safety_augmentation,psychosis,llm_proposed,literature,evidence_gap,unresolved,false,0
10,10,psychosis_q030,ncb-scientific-23a83dcb8dd0287e,23a83dcb8dd0287e82e81be378cb004bce79a5325cd73ba2c55edfee8113d52d,23a83dcb8dd0287e82e81be378cb004bce79a5325cd73ba2c55edfee8113d52d,exact_v2.1_reference,aligned,psychosis,llm_proposed,literature,evidence_gap,unresolved,false,0
10,10,psychosis_q031,ncb-scientific-611e67de29172a34,611e67de29172a34127865843ed7fbb0a3c674cbea476eacda530d3d8c5a9abf,611e67de29172a34127865843ed7fbb0a3c674cbea476eacda530d3d8c5a9abf,exact_v2.1_reference,aligned_with_safety_augmentation,psychosis,llm_proposed,literature,evidence_gap,unresolved,false,0
10,10,psychosis_q032,ncb-scientific-740708798029c58d,740708798029c58d4d6385bc24deca50249908931c23e35c50e771c1555ef475,740708798029c58d4d6385bc24deca50249908931c23e35c50e771c1555ef475,exact_v2.1_reference,aligned_with_safety_augmentation,psychosis,llm_proposed,literature,strict,confirm,false,0
10,10,psychosis_q033,ncb-scientific-23b8d8c0265298fd,23b8d8c0265298fd242715da197614417003ea5efbb70bf6b292cb27ea990f0d,23b8d8c0265298fd242715da197614417003ea5efbb70bf6b292cb27ea990f0d,exact_v2.1_reference,aligned,psychosis,llm_proposed,literature,evidence_gap,unresolved,false,0
10,10,psychosis_q034,ncb-scientific-548d362dc2682286,548d362dc26822867e373f356852faa0ed9fa00f1757c8e4486a1d240506e03e,548d362dc26822867e373f356852faa0ed9fa00f1757c8e4486a1d240506e03e,exact_v2.1_reference,aligned,psychosis,llm_proposed,literature,evidence_gap,unresolved,false,0
10,10,psychosis_q035,ncb-scientific-66560a7fd0e34141,66560a7fd0e34141ba219136468ed4d54ee064cfff748f6d27aa451fbfd80069,66560a7fd0e34141ba219136468ed4d54ee064cfff748f6d27aa451fbfd80069,exact_v2.1_reference,aligned,psychosis,llm_proposed,literature,provisional,abstain,false,0
10,10,psychosis_q036,ncb-scientific-e313edffc6da7a07,e313edffc6da7a074c42d69ed32da20e4642325dccd086815d410b2e3f7babb3,e313edffc6da7a074c42d69ed32da20e4642325dccd086815d410b2e3f7babb3,exact_v2.1_reference,aligned,psychosis,llm_proposed,literature,evidence_gap,unresolved,false,0
10,10,psychosis_q037,ncb-scientific-3b7b2226aa3bb7ce,3b7b2226aa3bb7ce109fe00563be869699e1fef55876cce35355c6941ea873fd,3b7b2226aa3bb7ce109fe00563be869699e1fef55876cce35355c6941ea873fd,exact_v2.1_reference,aligned,psychosis,llm_proposed,literature,evidence_gap,unresolved,false,0
10,10,psychosis_q038,ncb-scientific-51f69ecdfc1f24b2,51f69ecdfc1f24b277984e6877bcaf2b948d82427c5f75a82b8d082ad218f263,51f69ecdfc1f24b277984e6877bcaf2b948d82427c5f75a82b8d082ad218f263,pre_v2_contract_only,ambiguous_unresolved,psychosis,llm_proposed,,,,false,0
10,10,psychosis_q039,ncb-scientific-d0535a6cab6d913b,d0535a6cab6d913b7aae20a3c6e47c1d8b5c21a56abd87a6f45877adf81829e0,d0535a6cab6d913b7aae20a3c6e47c1d8b5c21a56abd87a6f45877adf81829e0,exact_v2.1_reference,aligned,psychosis,llm_proposed,literature,provisional,confirm,false,0
10,10,psychosis_q040,ncb-scientific-80318de11aee33ca,80318de11aee33cafcafc23b40e6d185a412151c5603277794147b1d572df23d,80318de11aee33cafcafc23b40e6d185a412151c5603277794147b1d572df23d,exact_v2.1_reference,aligned,psychosis,llm_proposed,literature,evidence_gap,unresolved,false,0
10,10,psychosis_q042,ncb-scientific-70527a90423a8295,70527a90423a8295ebeae835b0a95e8bc634a4d1611424dbdb775935515a8516,70527a90423a8295ebeae835b0a95e8bc634a4d1611424dbdb775935515a8516,exact_v2.1_reference,aligned,psychosis,llm_proposed,literature,evidence_gap,unresolved,true,5
10,10,psychosis_q043,ncb-scientific-41408a5127ecaa01,41408a5127ecaa01bb16f33bb137977cb589300803b75207c17804f34de42e00,41408a5127ecaa01bb16f33bb137977cb589300803b75207c17804f34de42e00,exact_v2.1_reference,aligned,psychosis,llm_proposed,literature,provisional,abstain,true,12
10,10,psychosis_q045,ncb-scientific-81e24d3b130902a4,81e24d3b130902a46cd52114a0894c5d3052a400c072cda182917e5eb6728851,81e24d3b130902a46cd52114a0894c5d3052a400c072cda182917e5eb6728851,exact_v2.1_reference,aligned,psychosis,llm_proposed,literature,evidence_gap,unresolved,true,10
10,10,psychosis_q046,ncb-scientific-172d75bcc17dcce9,172d75bcc17dcce9c2a8cde3b446b4521935e40d9bee3691b4d574e1b426012d,172d75bcc17dcce9c2a8cde3b446b4521935e40d9bee3691b4d574e1b426012d,exact_v2.1_reference,aligned,psychosis,llm_proposed,literature,evidence_gap,unresolved,false,0
10,10,psychosis_q047,ncb-scientific-58a996a383e72e5b,58a996a383e72e5b79cc802cd41cc61d146ef74faab2650d92112acd832924d8,58a996a383e72e5b79cc802cd41cc61d146ef74faab2650d92112acd832924d8,exact_v2.1_reference,aligned,psychosis,llm_proposed,literature,provisional,confirm,true,8
10,10,psychosis_q048,ncb-scientific-ed8eabb252714493,ed8eabb252714493617a23875b640f41f1af8d9b8826cdbb8845c317adcbc72f,ed8eabb252714493617a23875b640f41f1af8d9b8826cdbb8845c317adcbc72f,exact_v2.1_reference,aligned,psychosis,llm_proposed,literature,evidence_gap,unresolved,false,0
10,10,psychosis_q049,ncb-scientific-a1da46d7f5fa792d,a1da46d7f5fa792d06b40ef905be2163aa10371959c82a12774363e09e80a844,a1da46d7f5fa792d06b40ef905be2163aa10371959c82a12774363e09e80a844,exact_v2.1_reference,aligned_with_safety_augmentation,psychosis,llm_proposed,literature,evidence_gap,unresolved,false,0
10,10,psychosis_q050,ncb-scientific-55b455d152ed1390,55b455d152ed1390382cc96bd36b995f3d6549c65d1710583265325ae547aabe,55b455d152ed1390382cc96bd36b995f3d6549c65d1710583265325ae547aabe,exact_v2.1_reference,aligned,psychosis,llm_proposed,literature,evidence_gap,unresolved,false,0
10,2,pubmed_23333262_pmid23333262_rsfc_aging_1,ncb-scientific-9c418256797d0a86,9c418256797d0a86064d970a3e88ff8457d32310776b1a8297e66c8a796c3e35,9c418256797d0a86064d970a3e88ff8457d32310776b1a8297e66c8a796c3e35,exact_v2.1_reference,aligned,normative_fmri,literature_grounded,literature,evidence_gap,unresolved,false,0
10,2,pubmed_39856610_pmid39856610_1,ncb-scientific-f7c3e84a1cb3480d,f7c3e84a1cb3480df741174bb0e279d66de6682c8fed7217cb12a501ce7abb09,f7c3e84a1cb3480df741174bb0e279d66de6682c8fed7217cb12a501ce7abb09,pre_v2_contract_only,ambiguous_unresolved,adhd,literature_grounded,,,,false,0
10,2,pubmed_35583796_pmid35583796_rsfc_dmn_within,ncb-scientific-9306eed5ac12c7af,9306eed5ac12c7afb5d6c7513192e5e650af6d2ccd09172f90bd0be83b95b662,9306eed5ac12c7afb5d6c7513192e5e650af6d2ccd09172f90bd0be83b95b662,exact_v2.1_reference,aligned,adhd,literature_grounded,literature,provisional,abstain,false,0
10,2,pubmed_35583796_pmid35583796_rsfc_dmn_control_salience,ncb-scientific-060910c2dae3c7c0,060910c2dae3c7c0bc483bb7456953e7717bc55f016c82a246c15256e99ca483,060910c2dae3c7c0bc483bb7456953e7717bc55f016c82a246c15256e99ca483,exact_v2.1_reference,aligned,adhd,literature_grounded,literature,provisional,abstain,false,0
10,2,pubmed_36403658_pmid36403658_adhd_dmn_fc,ncb-scientific-bace4c130b60ece5,bace4c130b60ece50157fd3d6ec0b0e4244cf860559cbcb48aa4a9e499ab497d,bace4c130b60ece50157fd3d6ec0b0e4244cf860559cbcb48aa4a9e499ab497d,pre_v2_contract_only,ambiguous_unresolved,adhd,literature_grounded,,,,false,0
10,2,pubmed_36403658_pmid36403658_adhd_fc_classifier,ncb-scientific-ce9b34e85b1510c7,ce9b34e85b1510c7cdb61caab47224a564c4d18a9d89c72c6952a58e8ed87491,ce9b34e85b1510c7cdb61caab47224a564c4d18a9d89c72c6952a58e8ed87491,pre_v2_contract_only,ambiguous_unresolved,adhd,literature_grounded,,,,false,0
10,2,pubmed_35359026_35359026_1,ncb-scientific-f3636d57e59fc807,f3636d57e59fc80720979dd8e617af6796721000006447ea84631b5fed881c38,f3636d57e59fc80720979dd8e617af6796721000006447ea84631b5fed881c38,exact_v2.1_reference,aligned,adhd,literature_grounded,literature,evidence_gap,unresolved,false,0
10,2,pubmed_34280835_pmid34280835_adhd_smn-fc_01,ncb-scientific-4bec8588ceb4224d,4bec8588ceb4224ddd1ba5d8630aca64bbe57f5c572153bf88b8b92a099e90a4,4bec8588ceb4224ddd1ba5d8630aca64bbe57f5c572153bf88b8b92a099e90a4,exact_v2.1_reference,aligned,adhd,literature_grounded,literature,evidence_gap,unresolved,false,0
10,2,pubmed_31265198_pmid31265198_fc_adhd_vs_tdc,ncb-scientific-c8acae9508ef35fd,c8acae9508ef35fd71e17be422a96ff94cda16d53561647f67cc34bf3fb5e2dc,c8acae9508ef35fd71e17be422a96ff94cda16d53561647f67cc34bf3fb5e2dc,exact_v2.1_reference,aligned,adhd,literature_grounded,literature,provisional,abstain,false,0
10,2,pubmed_35338900_pmid35338900_age_fcsc,ncb-scientific-5640b53a2dfaa1b8,5640b53a2dfaa1b884c99a06c8c8897d97d1155e8f60cc54e4822588eef8e5bc,5640b53a2dfaa1b884c99a06c8c8897d97d1155e8f60cc54e4822588eef8e5bc,pre_v2_contract_only,ambiguous_unresolved,adhd,literature_grounded,,,,false,0
10,2,pubmed_35338900_pmid35338900_boysadhd_limbicdmn,ncb-scientific-de1363fa0a54a318,de1363fa0a54a31857453e1dd873734715696b750931e1ee29d64fb8103b2e58,de1363fa0a54a31857453e1dd873734715696b750931e1ee29d64fb8103b2e58,exact_v2.1_reference,aligned,adhd,literature_grounded,literature,evidence_gap,unresolved,false,0
10,2,pubmed_37121277_pmid37121277_reho_cluster1_vs_td,ncb-scientific-e59b8563fe5abace,e59b8563fe5abace75c175eff2d6c6bc371d7aa0b5053b5fc34317818314bff5,e59b8563fe5abace75c175eff2d6c6bc371d7aa0b5053b5fc34317818314bff5,pre_v2_contract_only,ambiguous_unresolved,asd,literature_grounded,,,,false,0
10,2,pubmed_37121277_pmid37121277_vmhc_cluster1_vs_td,ncb-scientific-f41a8c5978b01125,f41a8c5978b01125b76c9d2800b0f2317936ed7c14759937a1ed14428bc25897,f41a8c5978b01125b76c9d2800b0f2317936ed7c14759937a1ed14428bc25897,pre_v2_contract_only,ambiguous_unresolved,asd,literature_grounded,,,,false,0
10,2,pubmed_37121277_pmid37121277_mccfc_cluster2_vs_td,ncb-scientific-c98428886dd0f1d9,c98428886dd0f1d91c3a75d885826b5fb7726225297f515afa05718599e2996d,c98428886dd0f1d91c3a75d885826b5fb7726225297f515afa05718599e2996d,pre_v2_contract_only,ambiguous_unresolved,asd,literature_grounded,,,,false,0
10,2,pubmed_42141307_pmid42141307_asd_fmri_fc_casecontrol_mixed,ncb-scientific-4f6f45a81e8e3370,4f6f45a81e8e337049763733e2b9871efc22c4d9fc5f5f6d4ccf920cb8a023d6,4f6f45a81e8e337049763733e2b9871efc22c4d9fc5f5f6d4ccf920cb8a023d6,exact_v2.1_reference,aligned,asd,literature_grounded,literature,strict,confirm,false,0
10,2,pubmed_34264028_34264028-1,ncb-scientific-7ab10eca62cc6fc7,7ab10eca62cc6fc7aac3fc6c5d935bbe58e90be3a4850b9956b9d4bb8758e45f,7ab10eca62cc6fc7aac3fc6c5d935bbe58e90be3a4850b9956b9d4bb8758e45f,pre_v2_contract_only,ambiguous_unresolved,asd,literature_grounded,,,,false,0
10,2,pubmed_37741308_pmid37741308_asd_fc_groupdiff,ncb-scientific-55457edaa703fbe4,55457edaa703fbe4b0e3548c6732e7f7dc35b0535beed7336e617f077b9a8172,55457edaa703fbe4b0e3548c6732e7f7dc35b0535beed7336e617f077b9a8172,exact_v2.1_reference,aligned,asd,literature_grounded,literature,evidence_gap,unresolved,false,0
10,2,pubmed_28040544_pmid28040544_asd_fc_kea_corticalnetworks,ncb-scientific-cb86d4103ebb0e0c,cb86d4103ebb0e0cfb84aeae03b006b1b9f5e196a73b165f42e271c167d1f8d0,cb86d4103ebb0e0cfb84aeae03b006b1b9f5e196a73b165f42e271c167d1f8d0,exact_v2.1_reference,aligned,asd,literature_grounded,literature,provisional,confirm,false,0
10,2,pubmed_28040544_pmid28040544_asd_fc_selffacetom,ncb-scientific-08c6866776e43268,08c6866776e432686055fe502dc79eaebce0f6916de3c9ca15c72b7849a8070b,08c6866776e432686055fe502dc79eaebce0f6916de3c9ca15c72b7849a8070b,exact_v2.1_reference,aligned,asd,literature_grounded,literature,provisional,confirm,false,0
10,2,pubmed_30833582_pmid30833582_asd_stepwise_connectivity,ncb-scientific-88422a822641e7cd,88422a822641e7cdcba6f457a4fa41387a32f9f3a60e08260ef9b6a18e716ada,88422a822641e7cdcba6f457a4fa41387a32f9f3a60e08260ef9b6a18e716ada,exact_v2.1_reference,aligned,asd,literature_grounded,literature,strict,confirm,false,0
10,2,pubmed_1431963_pmid1431963_mta_ad_vs_controls,ncb-scientific-e2c8b315d5871123,e2c8b315d58711232df3fb244f289b13f1a98c97f3043bbed5db37f77d0fac0a,e2c8b315d58711232df3fb244f289b13f1a98c97f3043bbed5db37f77d0fac0a,exact_v2.1_reference,aligned,ad_aging,literature_grounded,literature,strict,confirm,true,7
10,2,pubmed_21729419_pmid21729419_2,ncb-scientific-e2c8b315d5871123,e2c8b315d58711232df3fb244f289b13f1a98c97f3043bbed5db37f77d0fac0a,e2c8b315d58711232df3fb244f289b13f1a98c97f3043bbed5db37f77d0fac0a,exact_v2.1_reference,aligned,ad_aging,literature_grounded,literature,strict,confirm,true,4
10,2,pubmed_31313441_31313441-psychosis-rsfc-casecontrol,ncb-scientific-1c4bb13eab05e379,1c4bb13eab05e37903f684a6f8836eb4046bdfd60c0337e4be303461922306ff,1c4bb13eab05e37903f684a6f8836eb4046bdfd60c0337e4be303461922306ff,exact_v2.1_reference,aligned,psychosis,literature_grounded,literature,strict,confirm,false,0
10,2,pubmed_29653095_29653095-psychosis-fc-01,ncb-scientific-c671d3de1b2734cb,c671d3de1b2734cb8e64ccc55fdd15ea4118e551d604845c6f756f7b71f7ba43,c671d3de1b2734cb8e64ccc55fdd15ea4118e551d604845c6f756f7b71f7ba43,exact_v2.1_reference,aligned,psychosis,literature_grounded,literature,provisional,confirm,false,0
10,2,pubmed_29653095_29653095-psychosis-fc-02,ncb-scientific-b336c91ebd2e082c,b336c91ebd2e082c670facfa74d1a9ee136e61e29d1305f2d91cecac8b77f04c,b336c91ebd2e082c670facfa74d1a9ee136e61e29d1305f2d91cecac8b77f04c,pre_v2_contract_only,ambiguous_unresolved,psychosis,literature_grounded,,,,false,0
10,2,pubmed_35753120_pmid35753120_1,ncb-scientific-5d5fd40a49dbf782,5d5fd40a49dbf782645572714c9237709a98147ddd0551217a75c6523f448980,5d5fd40a49dbf782645572714c9237709a98147ddd0551217a75c6523f448980,pre_v2_contract_only,ambiguous_unresolved,psychosis,literature_grounded,,,,false,0
10,2,pubmed_34183210_pmid34183210_1,ncb-scientific-c1112f228bb27f06,c1112f228bb27f06f18f32376d89a4b816fcc7df2f53487617d65faedc726ef5,c1112f228bb27f06f18f32376d89a4b816fcc7df2f53487617d65faedc726ef5,pre_v2_contract_only,ambiguous_unresolved,psychosis,literature_grounded,,,,false,0
10,2,pubmed_34183210_pmid34183210_3,ncb-scientific-67542fa55426a130,67542fa55426a13052157d88d588a5334147c1872c82514b9edcf4651c8ca7b7,67542fa55426a13052157d88d588a5334147c1872c82514b9edcf4651c8ca7b7,pre_v2_contract_only,ambiguous_unresolved,psychosis,literature_grounded,,,,false,0
10,2,pubmed_38422833_pmid38422833_cortical_fnc,ncb-scientific-09903e42ed156c26,09903e42ed156c2690cdbe27471b1d9877a5a23f33b016ead3e1b12870fef1fc,09903e42ed156c2690cdbe27471b1d9877a5a23f33b016ead3e1b12870fef1fc,exact_v2.1_reference,aligned,psychosis,literature_grounded,literature,strict,confirm,false,0
10,2,normative_fmri_001,ncb-scientific-6f07b924f78e762d,6f07b924f78e762dbb04192421df62ac5dd24835b8e50993a3f5c2cdf333e66c,6f07b924f78e762dbb04192421df62ac5dd24835b8e50993a3f5c2cdf333e66c,exact_v2.1_reference,aligned_with_safety_augmentation,normative_fmri,llm_proposed,literature,provisional,confirm,false,0
10,2,normative_fmri_002,ncb-scientific-a1bf69b8f56d46c9,a1bf69b8f56d46c996f93349f5201c8b628f7dd5753a9899ff61c78ed977e658,a1bf69b8f56d46c996f93349f5201c8b628f7dd5753a9899ff61c78ed977e658,exact_v2.1_reference,aligned_with_safety_augmentation,normative_fmri,llm_proposed,literature,evidence_gap,unresolved,false,0
10,2,normative_fmri_003,ncb-scientific-dc6371e72c01cdcd,dc6371e72c01cdcd2e2e176efc8496ba66d5715ea1c8da75ab66be1c67032e07,dc6371e72c01cdcd2e2e176efc8496ba66d5715ea1c8da75ab66be1c67032e07,exact_v2.1_reference,aligned_with_safety_augmentation,normative_fmri,llm_proposed,literature,evidence_gap,unresolved,false,0
10,2,normative_fmri_006,ncb-scientific-42b2c11ed186c2c9,42b2c11ed186c2c9d794dfd42e14b54cf31afc8d70f2f8c136913760977724fb,42b2c11ed186c2c9d794dfd42e14b54cf31afc8d70f2f8c136913760977724fb,exact_v2.1_reference,aligned_with_safety_augmentation,normative_fmri,llm_proposed,literature,evidence_gap,unresolved,true,3
10,2,normative_fmri_007,ncb-scientific-a9e0ba33a876abc0,a9e0ba33a876abc0fa6cbc657ebbfa5b3516bdf998288dcb9ea497f1dd12cfda,a9e0ba33a876abc0fa6cbc657ebbfa5b3516bdf998288dcb9ea497f1dd12cfda,exact_v2.1_reference,aligned_with_safety_augmentation,normative_fmri,llm_proposed,literature,evidence_gap,unresolved,true,2
10,2,normative_fmri_009,ncb-scientific-e7c94f56c83e0651,e7c94f56c83e06518cfb23793f51ccaf963a39435caaaca93bcd7d7166f65091,e7c94f56c83e06518cfb23793f51ccaf963a39435caaaca93bcd7d7166f65091,exact_v2.1_reference,aligned_with_safety_augmentation,normative_fmri,llm_proposed,literature,evidence_gap,unresolved,false,0
10,2,normative_fmri_013,ncb-scientific-8482b5c202e5e323,8482b5c202e5e3235de8c6063dda4b78550e3f9e00df27d431e2d1f0d720b4aa,8482b5c202e5e3235de8c6063dda4b78550e3f9e00df27d431e2d1f0d720b4aa,exact_v2.1_reference,aligned_with_safety_augmentation,normative_fmri,llm_proposed,literature,evidence_gap,unresolved,false,0
10,2,normative_fmri_014,ncb-scientific-43b88d75579673af,43b88d75579673af885b371f0652ded9c324f9b8bf3da288fe57fd77b533156d,43b88d75579673af885b371f0652ded9c324f9b8bf3da288fe57fd77b533156d,exact_v2.1_reference,aligned_with_safety_augmentation,normative_fmri,llm_proposed,literature,evidence_gap,unresolved,false,0
10,2,normative_fmri_015,ncb-scientific-e1c33335981addda,e1c33335981addda2599fe24aa86c62ac3f0c9a159ee7345d23c83e540683619,e1c33335981addda2599fe24aa86c62ac3f0c9a159ee7345d23c83e540683619,exact_v2.1_reference,aligned_with_safety_augmentation,normative_fmri,llm_proposed,literature,evidence_gap,unresolved,false,0
10,2,normative_fmri_016,ncb-scientific-7c173adc5485d7ce,7c173adc5485d7ce2f944c400dd42b6053d003a6972c57de7cbc05bac07157ce,7c173adc5485d7ce2f944c400dd42b6053d003a6972c57de7cbc05bac07157ce,exact_v2.1_reference,aligned_with_safety_augmentation,normative_fmri,llm_proposed,literature,evidence_gap,unresolved,false,0
10,2,normative_fmri_017,ncb-scientific-e9887ba0003df877,e9887ba0003df8779438a68d1005ebb55b6bb49af3d222c23f2ed43541800f4c,e9887ba0003df8779438a68d1005ebb55b6bb49af3d222c23f2ed43541800f4c,exact_v2.1_reference,aligned_with_safety_augmentation,normative_fmri,llm_proposed,literature,evidence_gap,unresolved,false,0
10,2,normative_fmri_021,ncb-scientific-f84fe6980294c120,f84fe6980294c120bccc3de4d0ceb634edd5c41e1166cc53760b2275e4bae482,f84fe6980294c120bccc3de4d0ceb634edd5c41e1166cc53760b2275e4bae482,exact_v2.1_reference,aligned_with_safety_augmentation,normative_fmri,llm_proposed,literature,evidence_gap,unresolved,false,0
10,2,normative_fmri_022,ncb-scientific-704522685c487d81,704522685c487d817c358b1648972cf4b93110fe504eef340f7662e1605fe2af,704522685c487d817c358b1648972cf4b93110fe504eef340f7662e1605fe2af,exact_v2.1_reference,aligned_with_safety_augmentation,normative_fmri,llm_proposed,literature,evidence_gap,unresolved,false,0
10,2,normative_fmri_023,ncb-scientific-05c17620b6ff0817,05c17620b6ff0817912306ae784d68f40f43538421d7a77238304c5941523117,05c17620b6ff0817912306ae784d68f40f43538421d7a77238304c5941523117,exact_v2.1_reference,aligned_with_safety_augmentation,normative_fmri,llm_proposed,literature,evidence_gap,unresolved,false,0
10,2,normative_fmri_025,ncb-scientific-ee627d7a5d823df0,ee627d7a5d823df05e627bdf39c5c62a61d74c6453f8c490dc39a233a4ecf6a1,ee627d7a5d823df05e627bdf39c5c62a61d74c6453f8c490dc39a233a4ecf6a1,exact_v2.1_reference,aligned_with_safety_augmentation,normative_fmri,llm_proposed,literature,evidence_gap,unresolved,false,0
10,2,normative_fmri_026,ncb-scientific-cb339bf30281cede,cb339bf30281cedea3769b3c8ba3c0199ad8889c6569c72e5720af2c4c1b226d,cb339bf30281cedea3769b3c8ba3c0199ad8889c6569c72e5720af2c4c1b226d,exact_v2.1_reference,aligned_with_safety_augmentation,normative_fmri,llm_proposed,literature,evidence_gap,unresolved,false,0
10,2,normative_fmri_027,ncb-scientific-a427d5471566b2cf,a427d5471566b2cf475103489cde2f05ea57bbab09ea9cdd585ccf3a09b6dc00,a427d5471566b2cf475103489cde2f05ea57bbab09ea9cdd585ccf3a09b6dc00,exact_v2.1_reference,aligned_with_safety_augmentation,normative_fmri,llm_proposed,literature,evidence_gap,unresolved,false,0
10,2,normative_fmri_028,ncb-scientific-2a5d5bc83ab86134,2a5d5bc83ab8613499aab2ac0e974ec72a4dd0f1099d99320ee8a8e449b683b6,2a5d5bc83ab8613499aab2ac0e974ec72a4dd0f1099d99320ee8a8e449b683b6,exact_v2.1_reference,aligned_with_safety_augmentation,normative_fmri,llm_proposed,literature,evidence_gap,unresolved,false,0
10,2,normative_fmri_031,ncb-scientific-c9246d08669f6265,c9246d08669f6265e26d6a274208eaff54a2c585d734065f5cd7d4289f86a6ed,c9246d08669f6265e26d6a274208eaff54a2c585d734065f5cd7d4289f86a6ed,exact_v2.1_reference,aligned_with_safety_augmentation,normative_fmri,llm_proposed,literature,evidence_gap,unresolved,true,1
10,2,normative_fmri_032,ncb-scientific-0fba59d9c8075ce0,0fba59d9c8075ce0e6445699e130455b749c5802904fc65688809203764277dd,0fba59d9c8075ce0e6445699e130455b749c5802904fc65688809203764277dd,exact_v2.1_reference,aligned_with_safety_augmentation,normative_fmri,llm_proposed,literature,evidence_gap,unresolved,false,0
10,2,normative_fmri_033,ncb-scientific-c1b8f2bee08cd388,c1b8f2bee08cd3885ae393bad4189abe4f6f306525a43073ef666674c49e6e5a,c1b8f2bee08cd3885ae393bad4189abe4f6f306525a43073ef666674c49e6e5a,exact_v2.1_reference,aligned_with_safety_augmentation,normative_fmri,llm_proposed,literature,evidence_gap,unresolved,true,2
10,2,normative_fmri_034,ncb-scientific-eafa675a2857a0cb,eafa675a2857a0cb78b9514e4388964a9404eeef0cb89fc7b7b10da646cce92b,eafa675a2857a0cb78b9514e4388964a9404eeef0cb89fc7b7b10da646cce92b,exact_v2.1_reference,aligned_with_safety_augmentation,normative_fmri,llm_proposed,literature,evidence_gap,unresolved,false,0
10,2,normative_fmri_035,ncb-scientific-65466f9b282b22be,65466f9b282b22be1e717ceaf51a11a1383878fa6f0987faf8a0e2a126ffa737,65466f9b282b22be1e717ceaf51a11a1383878fa6f0987faf8a0e2a126ffa737,exact_v2.1_reference,aligned_with_safety_augmentation,normative_fmri,llm_proposed,literature,evidence_gap,unresolved,false,0
10,2,normative_fmri_036,ncb-scientific-d6cbeb536d2b0163,d6cbeb536d2b01632b3c753bd865bcb7f96749ca7f83705faf307f82a8ceda07,d6cbeb536d2b01632b3c753bd865bcb7f96749ca7f83705faf307f82a8ceda07,exact_v2.1_reference,aligned_with_safety_augmentation,normative_fmri,llm_proposed,literature,evidence_gap,unresolved,true,1
10,2,normative_fmri_038,ncb-scientific-06e24b7117348843,06e24b71173488433aa6f5a40a6db8bea7b0468cbafdaa0253d8d8563a1b8453,06e24b71173488433aa6f5a40a6db8bea7b0468cbafdaa0253d8d8563a1b8453,exact_v2.1_reference,aligned_with_safety_augmentation,normative_fmri,llm_proposed,literature,evidence_gap,unresolved,true,3
10,2,normative_fmri_039,ncb-scientific-493d1fd9443c1c35,493d1fd9443c1c35a711b47980ace70d89341606b2d943556f40528ed85ce744,493d1fd9443c1c35a711b47980ace70d89341606b2d943556f40528ed85ce744,exact_v2.1_reference,aligned_with_safety_augmentation,normative_fmri,llm_proposed,literature,evidence_gap,unresolved,false,0
10,2,normative_fmri_040,ncb-scientific-86a81a5f3a28d98c,86a81a5f3a28d98c10f2fd88774a049275a6dd3a56fa4e236ed763a643cae1c7,86a81a5f3a28d98c10f2fd88774a049275a6dd3a56fa4e236ed763a643cae1c7,exact_v2.1_reference,aligned_with_safety_augmentation,normative_fmri,llm_proposed,literature,evidence_gap,unresolved,false,0
10,2,normative_fmri_041,ncb-scientific-ea3fb846fbd7533c,ea3fb846fbd7533c676dd161a54428494426f0c6824d09709a81fa30f338b633,ea3fb846fbd7533c676dd161a54428494426f0c6824d09709a81fa30f338b633,pre_v2_contract_only,ambiguous_unresolved,normative_fmri,llm_proposed,,,,false,0
10,2,normative_fmri_042,ncb-scientific-89c7369d95a29475,89c7369d95a294751cf5c375140d9d130dba267d6c01ae06bb839c019ab703a8,89c7369d95a294751cf5c375140d9d130dba267d6c01ae06bb839c019ab703a8,pre_v2_contract_only,ambiguous_unresolved,normative_fmri,llm_proposed,,,,true,1
10,2,normative_fmri_043,ncb-scientific-9b0372d2c93e148a,9b0372d2c93e148a55d818beea55e176baab43b6cdcbb1cadd346c4698342848,9b0372d2c93e148a55d818beea55e176baab43b6cdcbb1cadd346c4698342848,pre_v2_contract_only,ambiguous_unresolved,normative_fmri,llm_proposed,,,,false,0
10,2,normative_fmri_044,ncb-scientific-adc7daee506cca47,adc7daee506cca470db321582aa77b9cc0e7f2abd527b99d4738e32de92f9075,adc7daee506cca470db321582aa77b9cc0e7f2abd527b99d4738e32de92f9075,pre_v2_contract_only,ambiguous_unresolved,normative_fmri,llm_proposed,,,,false,0
10,2,normative_fmri_047,ncb-scientific-319a1462bfdbc89d,319a1462bfdbc89d930616a30480c076432748e170281465818679f30546de86,319a1462bfdbc89d930616a30480c076432748e170281465818679f30546de86,exact_v2.1_reference,aligned_with_safety_augmentation,normative_fmri,llm_proposed,literature,evidence_gap,unresolved,false,0
10,2,normative_fmri_048,ncb-scientific-0efe8c9435d8ffdf,0efe8c9435d8ffdf5e3a10cd931fb791519373a7a547403b10409137517788bb,0efe8c9435d8ffdf5e3a10cd931fb791519373a7a547403b10409137517788bb,exact_v2.1_reference,aligned_with_safety_augmentation,normative_fmri,llm_proposed,literature,evidence_gap,unresolved,false,0
10,2,normative_fmri_049,ncb-scientific-2a373f053e882288,2a373f053e8822881dab40e7c242d78c2c729156c584d8a69c506f7d761a324d,2a373f053e8822881dab40e7c242d78c2c729156c584d8a69c506f7d761a324d,pre_v2_contract_only,ambiguous_unresolved,normative_fmri,llm_proposed,,,,false,0
10,2,normative_fmri_050,ncb-scientific-faaaeb165e293001,faaaeb165e29300168533c3f46df10bc022f709f42e5ae34a3f8f39f6583b00b,faaaeb165e29300168533c3f46df10bc022f709f42e5ae34a3f8f39f6583b00b,pre_v2_contract_only,ambiguous_unresolved,normative_fmri,llm_proposed,,,,false,0
10,2,adhd_q001,ncb-scientific-9ec4c7f2ec1fad99,9ec4c7f2ec1fad994bbafcb3d8260862dc2d3b5829226c0f0c4ea111889d1c08,9ec4c7f2ec1fad994bbafcb3d8260862dc2d3b5829226c0f0c4ea111889d1c08,exact_v2.1_reference,aligned_with_safety_augmentation,adhd,llm_proposed,literature,evidence_gap,unresolved,false,0
10,2,adhd_q002,ncb-scientific-e655e7f3059cc2a2,e655e7f3059cc2a2fa0bfd47f5738215071ffd1c322d56face875667b06330b8,e655e7f3059cc2a2fa0bfd47f5738215071ffd1c322d56face875667b06330b8,exact_v2.1_reference,aligned_with_safety_augmentation,adhd,llm_proposed,literature,provisional,abstain,false,0
10,2,adhd_q003,ncb-scientific-c8faa8d62af041ef,c8faa8d62af041ef89350be38a83cbeb57d551b518e3e17905b78d1b51c85218,c8faa8d62af041ef89350be38a83cbeb57d551b518e3e17905b78d1b51c85218,exact_v2.1_reference,aligned,adhd,llm_proposed,literature,evidence_gap,unresolved,false,0
10,2,adhd_q004,ncb-scientific-6bedac272110f713,6bedac272110f71307ba214166242c783aaabb9d2c90371d6e25cf14b2258297,6bedac272110f71307ba214166242c783aaabb9d2c90371d6e25cf14b2258297,exact_v2.1_reference,aligned_with_safety_augmentation,adhd,llm_proposed,literature,evidence_gap,unresolved,false,0
10,2,adhd_q005,ncb-scientific-73e0f34188f4c613,73e0f34188f4c613bbaf75216cae99010b0947ca6e64f339d66544a75dcdd5d4,73e0f34188f4c613bbaf75216cae99010b0947ca6e64f339d66544a75dcdd5d4,exact_v2.1_reference,aligned_with_safety_augmentation,adhd,llm_proposed,literature,provisional,confirm,false,0
10,2,adhd_q006,ncb-scientific-2b36f4bbee998e56,2b36f4bbee998e56371c67ff67d3eb58cb82ee7ec32ac324f688db7f55016f64,2b36f4bbee998e56371c67ff67d3eb58cb82ee7ec32ac324f688db7f55016f64,exact_v2.1_reference,aligned,adhd,llm_proposed,literature,evidence_gap,unresolved,false,0
10,2,adhd_q007,ncb-scientific-ccf76ee04722df94,ccf76ee04722df945c7c574a27b2da49fc63bef96e9b9b9f3ee1612f4beb0257,ccf76ee04722df945c7c574a27b2da49fc63bef96e9b9b9f3ee1612f4beb0257,exact_v2.1_reference,aligned_with_safety_augmentation,adhd,llm_proposed,literature,evidence_gap,unresolved,false,0
10,2,adhd_q008,ncb-scientific-8875a7bf33df9519,8875a7bf33df951977e26ecd4ecf5885a3a6e08b889d220be4400f20649c8706,8875a7bf33df951977e26ecd4ecf5885a3a6e08b889d220be4400f20649c8706,exact_v2.1_reference,aligned_with_safety_augmentation,adhd,llm_proposed,literature,evidence_gap,unresolved,false,0
10,2,adhd_q009,ncb-scientific-bdc24737aa23b682,bdc24737aa23b68213ee1a77d82e33597f5039ce548624b69e5675e7b1b02b18,bdc24737aa23b68213ee1a77d82e33597f5039ce548624b69e5675e7b1b02b18,exact_v2.1_reference,aligned_with_safety_augmentation,adhd,llm_proposed,literature,evidence_gap,unresolved,false,0
10,2,adhd_q010,ncb-scientific-5b0717b45335d600,5b0717b45335d600cb9bb3a3365f50480541f74ab04b95723d2b163524b995c2,5b0717b45335d600cb9bb3a3365f50480541f74ab04b95723d2b163524b995c2,exact_v2.1_reference,aligned_with_safety_augmentation,adhd,llm_proposed,literature,evidence_gap,unresolved,false,0
10,2,adhd_q012,ncb-scientific-6560b15c380073ca,6560b15c380073caf1f8bfe84bf2978902d6605bfe8aacd3a4262b47295b8f9f,6560b15c380073caf1f8bfe84bf2978902d6605bfe8aacd3a4262b47295b8f9f,exact_v2.1_reference,aligned_with_safety_augmentation,adhd,llm_proposed,literature,evidence_gap,unresolved,true,1
10,2,adhd_q016,ncb-scientific-bdd01753f9ebb90c,bdd01753f9ebb90c217a505dcc5198d851aee4b3c3450e682d1615f35e5dd44c,bdd01753f9ebb90c217a505dcc5198d851aee4b3c3450e682d1615f35e5dd44c,exact_v2.1_reference,aligned,adhd,llm_proposed,literature,evidence_gap,unresolved,true,2
10,2,adhd_q020,ncb-scientific-afe1f83e3d954a8c,afe1f83e3d954a8cea0ae7eceea167af281c6ea8ddce2bc289e93500d6ac2e54,afe1f83e3d954a8cea0ae7eceea167af281c6ea8ddce2bc289e93500d6ac2e54,exact_v2.1_reference,aligned_with_safety_augmentation,adhd,llm_proposed,literature,provisional,confirm,true,1
10,2,adhd_q022,ncb-scientific-2b20954defb2352a,2b20954defb2352adc7058f253db893e9e15a670abc51dcc80c24098106801e4,2b20954defb2352adc7058f253db893e9e15a670abc51dcc80c24098106801e4,pre_v2_contract_only,non_executable,adhd,llm_proposed,,,,false,0
10,2,adhd_q023,ncb-scientific-7c005de1c12b32a7,7c005de1c12b32a7b7a45e61565deb980582119a1b92e7e4f0083c9e8537a1d0,22e9dad3dc77b808e6883b1259492c9cf8f1bb52d57623e5d3afd28fd4ecd81a,pre_v2_contract_only,repairable_contract,adhd,llm_proposed,,,,false,0
10,2,adhd_q025,ncb-scientific-6c7b0f8ae69a2d50,6c7b0f8ae69a2d5037f71bb7af54369267c1d4746b35ba4b0575665297cfaab0,6c7b0f8ae69a2d5037f71bb7af54369267c1d4746b35ba4b0575665297cfaab0,pre_v2_contract_only,non_executable,adhd,llm_proposed,,,,false,0
10,2,adhd_q029,ncb-scientific-672ab5d3a6c11820,672ab5d3a6c11820c5309d195f4983f50a16b545c77a52895353cabd01a16c41,672ab5d3a6c11820c5309d195f4983f50a16b545c77a52895353cabd01a16c41,exact_v2.1_reference,aligned,adhd,llm_proposed,literature,evidence_gap,unresolved,false,0
10,2,adhd_q030,ncb-scientific-d37402dd791a12dc,d37402dd791a12dc5975c0b5a9fc0994be3d63826bdbf317c431e337efa54f61,d37402dd791a12dc5975c0b5a9fc0994be3d63826bdbf317c431e337efa54f61,exact_v2.1_reference,aligned_with_safety_augmentation,adhd,llm_proposed,literature,evidence_gap,unresolved,false,0
10,2,adhd_q031,ncb-scientific-c64dac21d8591104,c64dac21d8591104aa2912c0fc623cb3df7ae2fad45f89683dcc7f18692dc403,c64dac21d8591104aa2912c0fc623cb3df7ae2fad45f89683dcc7f18692dc403,exact_v2.1_reference,aligned_with_safety_augmentation,adhd,llm_proposed,literature,evidence_gap,unresolved,false,0
10,2,adhd_q032,ncb-scientific-6d7bbb66ca61d088,6d7bbb66ca61d088b1b6677f1693112e85a9ec6c6c0e8c82beb93a4244532157,6d7bbb66ca61d088b1b6677f1693112e85a9ec6c6c0e8c82beb93a4244532157,exact_v2.1_reference,aligned_with_safety_augmentation,adhd,llm_proposed,literature,evidence_gap,unresolved,false,0
10,2,adhd_q033,ncb-scientific-b6bcaf52ce24d411,b6bcaf52ce24d41101405c05556ff4df7a5cf370d247fb9fbe590d817921a011,b6bcaf52ce24d41101405c05556ff4df7a5cf370d247fb9fbe590d817921a011,exact_v2.1_reference,aligned,adhd,llm_proposed,literature,evidence_gap,unresolved,false,0
10,2,adhd_q034,ncb-scientific-03136ab7c6bb7990,03136ab7c6bb7990d987f647394f6865d014527a752393660750e24e0cd5b01d,03136ab7c6bb7990d987f647394f6865d014527a752393660750e24e0cd5b01d,exact_v2.1_reference,aligned_with_safety_augmentation,adhd,llm_proposed,literature,evidence_gap,unresolved,false,0
10,2,adhd_q035,ncb-scientific-721c4fa75e038ea4,721c4fa75e038ea4bdb26ce48b91b63d0615507f3c7e11e3dd07f46967efa967,721c4fa75e038ea4bdb26ce48b91b63d0615507f3c7e11e3dd07f46967efa967,exact_v2.1_reference,aligned_with_safety_augmentation,adhd,llm_proposed,literature,evidence_gap,unresolved,false,0
10,2,adhd_q036,ncb-scientific-5af5c999c214ab93,5af5c999c214ab9372f9f2d8ade3dd6da56394efb2231c76129e7a21833959ea,5af5c999c214ab9372f9f2d8ade3dd6da56394efb2231c76129e7a21833959ea,exact_v2.1_reference,aligned_with_safety_augmentation,adhd,llm_proposed,literature,evidence_gap,unresolved,false,0
10,2,adhd_q042,ncb-scientific-579c77d9f61e5f87,579c77d9f61e5f872fb1fae891fba19835a019868aa8a7ef7a47d76233ac7b33,579c77d9f61e5f872fb1fae891fba19835a019868aa8a7ef7a47d76233ac7b33,exact_v2.1_reference,aligned_with_safety_augmentation,adhd,llm_proposed,literature,evidence_gap,unresolved,false,0
10,2,adhd_q043,ncb-scientific-f38d6fdbc4e79d95,f38d6fdbc4e79d95965379c89ad839dad19e0303155a580a4d7bcd26ddf9a32d,f38d6fdbc4e79d95965379c89ad839dad19e0303155a580a4d7bcd26ddf9a32d,exact_v2.1_reference,aligned_with_safety_augmentation,adhd,llm_proposed,literature,evidence_gap,unresolved,false,0
10,2,adhd_q044,ncb-scientific-0d57166941ee6987,0d57166941ee6987a8e94a201d566f6551e2f9cde82cc2d83fe95e4b02d7cf43,0d57166941ee6987a8e94a201d566f6551e2f9cde82cc2d83fe95e4b02d7cf43,exact_v2.1_reference,aligned_with_safety_augmentation,adhd,llm_proposed,literature,evidence_gap,unresolved,false,0
10,2,adhd_q045,ncb-scientific-ad793f2b627c14db,ad793f2b627c14db9571a23bc5ff054129a8af48d092cae596e02c3fbd8ca3e6,ad793f2b627c14db9571a23bc5ff054129a8af48d092cae596e02c3fbd8ca3e6,pre_v2_contract_only,ambiguous_unresolved,adhd,llm_proposed,,,,false,0
10,2,adhd_q046,ncb-scientific-91575e683551f750,91575e683551f75081c4f506c9039447b9776b05e7c95ff1bf81a2323f0c51b9,91575e683551f75081c4f506c9039447b9776b05e7c95ff1bf81a2323f0c51b9,exact_v2.1_reference,aligned,adhd,llm_proposed,literature,evidence_gap,unresolved,false,0
10,2,adhd_q047,ncb-scientific-feb70aa94fa7c90f,feb70aa94fa7c90fa2df8c05f733ba5d944a5de106a49eb36eb63cbfa0415e66,feb70aa94fa7c90fa2df8c05f733ba5d944a5de106a49eb36eb63cbfa0415e66,exact_v2.1_reference,aligned,adhd,llm_proposed,literature,strict,abstain,false,0
10,2,adhd_q048,ncb-scientific-0cdad63325891f3d,0cdad63325891f3d72ae9d25459e2fb0c7ad22a7911a1534b14c6b1dfdc02f28,0cdad63325891f3d72ae9d25459e2fb0c7ad22a7911a1534b14c6b1dfdc02f28,exact_v2.1_reference,aligned,adhd,llm_proposed,literature,provisional,abstain,false,0
10,2,adhd_q049,ncb-scientific-41e14c6dd1c2213b,41e14c6dd1c2213b09c65b85fb99ab48160786245ae19fcdf1dbe6c8a7704fe3,41e14c6dd1c2213b09c65b85fb99ab48160786245ae19fcdf1dbe6c8a7704fe3,exact_v2.1_reference,aligned,adhd,llm_proposed,literature,evidence_gap,unresolved,false,0
10,2,adhd_q050,ncb-scientific-30329250c399e0e1,30329250c399e0e19f0099ec82e0f1abd36cca45c0178fcdc6800cf75650db9e,30329250c399e0e19f0099ec82e0f1abd36cca45c0178fcdc6800cf75650db9e,exact_v2.1_reference,aligned,adhd,llm_proposed,literature,provisional,abstain,false,0
10,2,asd_q001,ncb-scientific-3e1160c83f5950a6,3e1160c83f5950a67cb5f0bbc0478fdf9f1049f9a00563f8ba1bc631c90a9dbf,3e1160c83f5950a67cb5f0bbc0478fdf9f1049f9a00563f8ba1bc631c90a9dbf,exact_v2.1_reference,aligned_with_safety_augmentation,asd,llm_proposed,literature,provisional,confirm,false,0
10,2,asd_q002,ncb-scientific-f6cf8c122d61317c,f6cf8c122d61317c21a1377772ef6ad477761ad1859be149fd5cb4bce5a08ef9,f6cf8c122d61317c21a1377772ef6ad477761ad1859be149fd5cb4bce5a08ef9,exact_v2.1_reference,aligned_with_safety_augmentation,asd,llm_proposed,literature,evidence_gap,unresolved,false,0
10,2,asd_q003,ncb-scientific-b2bc1b3dc8d74234,b2bc1b3dc8d742349867f9f8a7e42fb3186657691ec0e71f041febf9a92913f6,b2bc1b3dc8d742349867f9f8a7e42fb3186657691ec0e71f041febf9a92913f6,exact_v2.1_reference,aligned_with_safety_augmentation,asd,llm_proposed,literature,provisional,abstain,false,0
10,2,asd_q004,ncb-scientific-83e09f86b797842d,83e09f86b797842db14cf907d844db23b34efc9e14034f96c3ccdb763c272e12,83e09f86b797842db14cf907d844db23b34efc9e14034f96c3ccdb763c272e12,exact_v2.1_reference,aligned_with_safety_augmentation,asd,llm_proposed,literature,provisional,abstain,false,0
10,2,asd_q005,ncb-scientific-2aadc4e4de851c0e,2aadc4e4de851c0e2f50ccae550c5f5b5318d46843b677d9fa6b9b8ee0ab5262,2aadc4e4de851c0e2f50ccae550c5f5b5318d46843b677d9fa6b9b8ee0ab5262,exact_v2.1_reference,aligned_with_safety_augmentation,asd,llm_proposed,literature,evidence_gap,unresolved,false,0
10,2,asd_q006,ncb-scientific-31ff42faa1d10211,31ff42faa1d102115303e78160cfa36a14361f7d5ebb5f9c28e43a81eac4e858,31ff42faa1d102115303e78160cfa36a14361f7d5ebb5f9c28e43a81eac4e858,exact_v2.1_reference,aligned_with_safety_augmentation,asd,llm_proposed,literature,evidence_gap,unresolved,false,0
10,2,asd_q007,ncb-scientific-0c04451321f8aa46,0c04451321f8aa463f1d1bfe0e785823e00d716a57d204c1b000827ea22d686c,0c04451321f8aa463f1d1bfe0e785823e00d716a57d204c1b000827ea22d686c,exact_v2.1_reference,aligned_with_safety_augmentation,asd,llm_proposed,literature,evidence_gap,unresolved,false,0
10,2,asd_q008,ncb-scientific-8d7c71367a2043b9,8d7c71367a2043b90fd51104e7c42a5e0fbd4068a2810fc8c3cbff83c8af75e6,8d7c71367a2043b90fd51104e7c42a5e0fbd4068a2810fc8c3cbff83c8af75e6,exact_v2.1_reference,aligned_with_safety_augmentation,asd,llm_proposed,literature,provisional,abstain,false,0
10,2,asd_q009,ncb-scientific-e59e508b9cc05116,e59e508b9cc05116c4cf470f0f1a2f388a2f1589d7452ef3d8199026639608ba,e59e508b9cc05116c4cf470f0f1a2f388a2f1589d7452ef3d8199026639608ba,pre_v2_contract_only,ambiguous_unresolved,asd,llm_proposed,,,,false,0
10,2,asd_q010,ncb-scientific-ff4d46696cfed68a,ff4d46696cfed68a15180d4899c7d603dd7670c50318e776fa4991d2d5e8a6fe,ff4d46696cfed68a15180d4899c7d603dd7670c50318e776fa4991d2d5e8a6fe,exact_v2.1_reference,aligned_with_safety_augmentation,asd,llm_proposed,literature,evidence_gap,unresolved,false,0
10,2,asd_q011,ncb-scientific-548cb9ea8bd9f8de,548cb9ea8bd9f8debed81d65b27010ba68443f8389de280f24e0a60133bfd4ba,548cb9ea8bd9f8debed81d65b27010ba68443f8389de280f24e0a60133bfd4ba,exact_v2.1_reference,aligned_with_safety_augmentation,asd,llm_proposed,literature,evidence_gap,unresolved,false,0
10,2,asd_q012,ncb-scientific-08efd1786e5b448a,08efd1786e5b448a84158f5fd3ce228ce6c198e48d98d9822b46850721e8ef2c,08efd1786e5b448a84158f5fd3ce228ce6c198e48d98d9822b46850721e8ef2c,exact_v2.1_reference,aligned_with_safety_augmentation,asd,llm_proposed,literature,evidence_gap,unresolved,false,0
10,2,asd_q013,ncb-scientific-adc64a42191e17f6,adc64a42191e17f63007bc25281becbf3d5835b1b4907a7c66c7d4875362948d,adc64a42191e17f63007bc25281becbf3d5835b1b4907a7c66c7d4875362948d,exact_v2.1_reference,aligned_with_safety_augmentation,asd,llm_proposed,literature,evidence_gap,unresolved,false,0
10,2,asd_q014,ncb-scientific-3ad601039168835a,3ad601039168835a0aa9153a5d2400c86e8ebb3edd86792e9be32f9545952cb0,3ad601039168835a0aa9153a5d2400c86e8ebb3edd86792e9be32f9545952cb0,exact_v2.1_reference,aligned_with_safety_augmentation,asd,llm_proposed,literature,evidence_gap,unresolved,false,0
10,2,asd_q015,ncb-scientific-7a87a86398becf44,7a87a86398becf44806656c7b8437f675f371fd6f2644ac257e562ca90b86a6a,7a87a86398becf44806656c7b8437f675f371fd6f2644ac257e562ca90b86a6a,exact_v2.1_reference,aligned_with_safety_augmentation,asd,llm_proposed,literature,evidence_gap,unresolved,false,0
10,2,asd_q016,ncb-scientific-67de4555230bc27a,67de4555230bc27a2720a39d25ba2b54acdc13b8df64eb624e3b7162eb249cbf,67de4555230bc27a2720a39d25ba2b54acdc13b8df64eb624e3b7162eb249cbf,exact_v2.1_reference,aligned_with_safety_augmentation,asd,llm_proposed,literature,evidence_gap,unresolved,false,0
10,2,asd_q017,ncb-scientific-30f73b540a076be8,30f73b540a076be8877cbf58acf8e237d4ffaf8c5fa00b91f350eced56d4fe50,30f73b540a076be8877cbf58acf8e237d4ffaf8c5fa00b91f350eced56d4fe50,exact_v2.1_reference,aligned_with_safety_augmentation,asd,llm_proposed,literature,evidence_gap,unresolved,false,0
10,2,asd_q018,ncb-scientific-9c2e4221cf5ca105,9c2e4221cf5ca105c142aa03f1212934ddcc6f3a0b4ae66e5f9d130f892c1d68,9c2e4221cf5ca105c142aa03f1212934ddcc6f3a0b4ae66e5f9d130f892c1d68,exact_v2.1_reference,aligned_with_safety_augmentation,asd,llm_proposed,literature,provisional,abstain,false,0
10,2,asd_q019,ncb-scientific-d3b9d78a966173c6,d3b9d78a966173c6a58a5b8ed01a0316ad73601092701d1310f08cee0928e62e,d3b9d78a966173c6a58a5b8ed01a0316ad73601092701d1310f08cee0928e62e,exact_v2.1_reference,aligned_with_safety_augmentation,asd,llm_proposed,literature,evidence_gap,unresolved,false,0
10,2,asd_q020,ncb-scientific-09bce8d2747a588b,09bce8d2747a588b48e78179d64eef021ef591c62d258c96db87fa1a187763be,09bce8d2747a588b48e78179d64eef021ef591c62d258c96db87fa1a187763be,exact_v2.1_reference,aligned_with_safety_augmentation,asd,llm_proposed,literature,evidence_gap,unresolved,false,0
10,2,asd_q021,ncb-scientific-5e6aa7181e35b605,5e6aa7181e35b6057dcfa0b2ef30e1accaf27ffa30c7110a71e05a7d42cd2bf4,5e6aa7181e35b6057dcfa0b2ef30e1accaf27ffa30c7110a71e05a7d42cd2bf4,exact_v2.1_reference,aligned_with_safety_augmentation,asd,llm_proposed,literature,evidence_gap,unresolved,false,0
10,2,asd_q022,ncb-scientific-7fe9235c8d5841b2,7fe9235c8d5841b21b4e02f5f1ea3da19d265b3dae41e4689eb549064708d519,7fe9235c8d5841b21b4e02f5f1ea3da19d265b3dae41e4689eb549064708d519,exact_v2.1_reference,aligned_with_safety_augmentation,asd,llm_proposed,literature,evidence_gap,unresolved,false,0
10,2,asd_q023,ncb-scientific-2e389c7806389508,2e389c780638950829799320349d8009aea6c3e9e69be08b1982e12b5b434c52,2e389c780638950829799320349d8009aea6c3e9e69be08b1982e12b5b434c52,exact_v2.1_reference,aligned_with_safety_augmentation,asd,llm_proposed,literature,evidence_gap,unresolved,false,0
10,2,asd_q024,ncb-scientific-46c685780a6efe6d,46c685780a6efe6d8000426a098ef58223dceb61be99792eabb6a33e80beadb1,46c685780a6efe6d8000426a098ef58223dceb61be99792eabb6a33e80beadb1,exact_v2.1_reference,aligned_with_safety_augmentation,asd,llm_proposed,literature,evidence_gap,unresolved,false,0
10,2,asd_q025,ncb-scientific-31990e646f54d4e6,31990e646f54d4e694348212341524808d583a3747736b6aec3da643ffe1484e,31990e646f54d4e694348212341524808d583a3747736b6aec3da643ffe1484e,exact_v2.1_reference,aligned_with_safety_augmentation,asd,llm_proposed,literature,evidence_gap,unresolved,false,0
10,2,asd_q026,ncb-scientific-2f6ce6fa5ea95eeb,2f6ce6fa5ea95eeb785ac239b4ff56b118d9d5b5b0e1c76df4fda92bdb52f08c,2f6ce6fa5ea95eeb785ac239b4ff56b118d9d5b5b0e1c76df4fda92bdb52f08c,exact_v2.1_reference,aligned_with_safety_augmentation,asd,llm_proposed,literature,evidence_gap,unresolved,false,0
10,2,asd_q027,ncb-scientific-68bd56b0483a236c,68bd56b0483a236c99db6544b25fa5e81003dd38c2af773be2d3d39b9ad070a6,68bd56b0483a236c99db6544b25fa5e81003dd38c2af773be2d3d39b9ad070a6,exact_v2.1_reference,aligned_with_safety_augmentation,asd,llm_proposed,literature,evidence_gap,unresolved,false,0
10,2,asd_q028,ncb-scientific-83e8c22eb0f4831a,83e8c22eb0f4831ab466f92d33a57545f9a4ac8eb8d3c9af44021b75c7fef4c4,83e8c22eb0f4831ab466f92d33a57545f9a4ac8eb8d3c9af44021b75c7fef4c4,exact_v2.1_reference,aligned_with_safety_augmentation,asd,llm_proposed,literature,evidence_gap,unresolved,false,0
10,2,asd_q029,ncb-scientific-a02841671504d8cd,a02841671504d8cd91f7002bbbc87782b0cb75c4c91c3c75f40930bf0fc27467,a02841671504d8cd91f7002bbbc87782b0cb75c4c91c3c75f40930bf0fc27467,exact_v2.1_reference,aligned_with_safety_augmentation,asd,llm_proposed,literature,evidence_gap,unresolved,false,0
10,2,asd_q030,ncb-scientific-3ba54e0248b29adb,3ba54e0248b29adb223a15306b37f76fc0e2b932fed74e86bd845de4c1fb2ee8,3ba54e0248b29adb223a15306b37f76fc0e2b932fed74e86bd845de4c1fb2ee8,exact_v2.1_reference,aligned_with_safety_augmentation,asd,llm_proposed,literature,evidence_gap,unresolved,false,0
10,2,asd_q031,ncb-scientific-a7bd041be62e2db4,a7bd041be62e2db43aded1d76a6c0b581c7274b1f519b9d483c62e6dc39f3136,a7bd041be62e2db43aded1d76a6c0b581c7274b1f519b9d483c62e6dc39f3136,exact_v2.1_reference,aligned_with_safety_augmentation,asd,llm_proposed,literature,evidence_gap,unresolved,false,0
10,2,asd_q032,ncb-scientific-19802d4080b79f2e,19802d4080b79f2e8f176ede52b798824d854ec76cd44f5f03a2db90b40b33bc,19802d4080b79f2e8f176ede52b798824d854ec76cd44f5f03a2db90b40b33bc,exact_v2.1_reference,aligned_with_safety_augmentation,asd,llm_proposed,literature,evidence_gap,unresolved,false,0
10,2,asd_q033,ncb-scientific-caeb5a6d248ba33c,caeb5a6d248ba33c770c82b3dc6515580c3efad63440adbbb4688d39731a3c41,caeb5a6d248ba33c770c82b3dc6515580c3efad63440adbbb4688d39731a3c41,exact_v2.1_reference,aligned_with_safety_augmentation,asd,llm_proposed,literature,evidence_gap,unresolved,false,0
10,2,asd_q034,ncb-scientific-1f13a7aee9fc1c7d,1f13a7aee9fc1c7dc1187efe86c3068be853653eb4050183fac5bcb492b8bbe3,1f13a7aee9fc1c7dc1187efe86c3068be853653eb4050183fac5bcb492b8bbe3,exact_v2.1_reference,aligned_with_safety_augmentation,asd,llm_proposed,literature,evidence_gap,unresolved,false,0
10,2,asd_q035,ncb-scientific-9b768a7494df75b2,9b768a7494df75b24fdc89ed6f68cee71fad50a0a2b02684368bd092524d7453,9b768a7494df75b24fdc89ed6f68cee71fad50a0a2b02684368bd092524d7453,exact_v2.1_reference,aligned_with_safety_augmentation,asd,llm_proposed,literature,evidence_gap,unresolved,false,0
10,2,asd_q036,ncb-scientific-61274f38e0112edd,61274f38e0112edde8180b2b74bd970e73a3a503b87528dec8547ff8d39e08d3,61274f38e0112edde8180b2b74bd970e73a3a503b87528dec8547ff8d39e08d3,exact_v2.1_reference,aligned_with_safety_augmentation,asd,llm_proposed,literature,evidence_gap,unresolved,false,0
10,2,asd_q037,ncb-scientific-149b1f2aeda4fcb1,149b1f2aeda4fcb1612b5edd3c9ba5d3fdc4cc18d9c5aa1afa53e32c85ed567e,149b1f2aeda4fcb1612b5edd3c9ba5d3fdc4cc18d9c5aa1afa53e32c85ed567e,exact_v2.1_reference,aligned_with_safety_augmentation,asd,llm_proposed,literature,evidence_gap,unresolved,false,0
10,2,asd_q038,ncb-scientific-c631e745a39a4c34,c631e745a39a4c34b7a2b47ee20ac723363fb4d3f247ba63938ada9c0511f640,c631e745a39a4c34b7a2b47ee20ac723363fb4d3f247ba63938ada9c0511f640,exact_v2.1_reference,aligned_with_safety_augmentation,asd,llm_proposed,literature,evidence_gap,unresolved,false,0
10,2,asd_q039,ncb-scientific-3bb5fd92cff87e34,3bb5fd92cff87e343d33e2cd0d6797eaf54d41cfe43a2123a8f42229247ead6c,3bb5fd92cff87e343d33e2cd0d6797eaf54d41cfe43a2123a8f42229247ead6c,exact_v2.1_reference,aligned_with_safety_augmentation,asd,llm_proposed,literature,evidence_gap,unresolved,false,0
10,2,asd_q040,ncb-scientific-cfe09363aec199e4,cfe09363aec199e4d87cfd179508934aa0a694e2ac85f122d79bab05a56bf5ba,cfe09363aec199e4d87cfd179508934aa0a694e2ac85f122d79bab05a56bf5ba,exact_v2.1_reference,aligned,asd,llm_proposed,literature,provisional,confirm,false,0
10,2,asd_q041,ncb-scientific-c823298f5f12df8a,c823298f5f12df8af07efc39e57413ee6b375c5f9f95bf060e712101c70c15cd,c823298f5f12df8af07efc39e57413ee6b375c5f9f95bf060e712101c70c15cd,exact_v2.1_reference,aligned_with_safety_augmentation,asd,llm_proposed,literature,evidence_gap,unresolved,false,0
10,2,asd_q042,ncb-scientific-1f634e71dd689f9b,1f634e71dd689f9bf628ab2462201c44d5996f29424ad3bb244eae08906e402b,1f634e71dd689f9bf628ab2462201c44d5996f29424ad3bb244eae08906e402b,exact_v2.1_reference,aligned_with_safety_augmentation,asd,llm_proposed,literature,evidence_gap,unresolved,false,0
10,2,asd_q043,ncb-scientific-1329501baee4943a,1329501baee4943a8d1925394f1bd0c531b39a4df9d4412f31a9e326f49d547b,1329501baee4943a8d1925394f1bd0c531b39a4df9d4412f31a9e326f49d547b,exact_v2.1_reference,aligned_with_safety_augmentation,asd,llm_proposed,literature,evidence_gap,unresolved,false,0
10,2,asd_q044,ncb-scientific-531f4a09678d2222,531f4a09678d2222e7dfb2b3f2c5e270ea361cb4ff770d5a532b98fb51322082,531f4a09678d2222e7dfb2b3f2c5e270ea361cb4ff770d5a532b98fb51322082,exact_v2.1_reference,aligned_with_safety_augmentation,asd,llm_proposed,literature,evidence_gap,unresolved,false,0
10,2,asd_q045,ncb-scientific-1518a0abab435142,1518a0abab43514213f4d83221121b85df589c0db1f51783ab24f10b187a989c,1518a0abab43514213f4d83221121b85df589c0db1f51783ab24f10b187a989c,exact_v2.1_reference,aligned_with_safety_augmentation,asd,llm_proposed,literature,evidence_gap,unresolved,false,0
10,2,asd_q046,ncb-scientific-afbfd52ab898aa8b,afbfd52ab898aa8b75058616b6193b34892bea7f7d452244ed64defafeede78a,afbfd52ab898aa8b75058616b6193b34892bea7f7d452244ed64defafeede78a,exact_v2.1_reference,aligned,asd,llm_proposed,literature,strict,abstain,false,0
10,2,asd_q047,ncb-scientific-5d4734ea98c9d333,5d4734ea98c9d333507a8f256c939d4c32820705161302d7f9b6dece95787e70,5d4734ea98c9d333507a8f256c939d4c32820705161302d7f9b6dece95787e70,exact_v2.1_reference,aligned_with_safety_augmentation,asd,llm_proposed,literature,evidence_gap,unresolved,false,0
10,2,asd_q048,ncb-scientific-58fd062031fc801e,58fd062031fc801ec995be400539f15fb05609ddaa041a485e24b531f854d19c,58fd062031fc801ec995be400539f15fb05609ddaa041a485e24b531f854d19c,exact_v2.1_reference,aligned_with_safety_augmentation,asd,llm_proposed,literature,evidence_gap,unresolved,false,0
10,2,asd_q049,ncb-scientific-be9238714808b664,be9238714808b66402159f2c45825993dd00eadd147b39f453e2e7e450668e79,be9238714808b66402159f2c45825993dd00eadd147b39f453e2e7e450668e79,exact_v2.1_reference,aligned_with_safety_augmentation,asd,llm_proposed,literature,evidence_gap,unresolved,false,0
10,2,asd_q050,ncb-scientific-206dd8d45a4d9d89,206dd8d45a4d9d891eb2644f5acdf1aeb9a4d894209c6c0c3142e2a74481d2e3,206dd8d45a4d9d891eb2644f5acdf1aeb9a4d894209c6c0c3142e2a74481d2e3,exact_v2.1_reference,aligned_with_safety_augmentation,asd,llm_proposed,literature,evidence_gap,unresolved,false,0
10,2,ad_aging_q027,ncb-scientific-7f4258667f94f44d,7f4258667f94f44d5e73e949aab05c8374dbe1ac010e146956307f30d3201ba2,7f4258667f94f44d5e73e949aab05c8374dbe1ac010e146956307f30d3201ba2,exact_v2.1_reference,aligned_with_safety_augmentation,ad_aging,llm_proposed,literature,evidence_gap,unresolved,false,0
10,2,ad_aging_q028,ncb-scientific-1775e0699f7d950f,1775e0699f7d950fdfe70ffa2494b3427fbca176a2fb9bd01c5bf5329b7dd39e,1775e0699f7d950fdfe70ffa2494b3427fbca176a2fb9bd01c5bf5329b7dd39e,exact_v2.1_reference,aligned_with_safety_augmentation,ad_aging,llm_proposed,literature,evidence_gap,unresolved,false,0
10,2,ad_aging_q029,ncb-scientific-bf6a4a4dabf8357f,bf6a4a4dabf8357f31e6a07ae1504771c332c4ed81929fb895a09609631d5866,bf6a4a4dabf8357f31e6a07ae1504771c332c4ed81929fb895a09609631d5866,exact_v2.1_reference,aligned_with_safety_augmentation,ad_aging,llm_proposed,literature,evidence_gap,unresolved,false,0
10,2,ad_aging_q030,ncb-scientific-75bd3855eddc86c8,75bd3855eddc86c8164fd4b8c788b0d2ff249afef49acbd1c2597bcf3031ee46,75bd3855eddc86c8164fd4b8c788b0d2ff249afef49acbd1c2597bcf3031ee46,exact_v2.1_reference,aligned_with_safety_augmentation,ad_aging,llm_proposed,literature,strict,confirm,true,1
10,2,ad_aging_q032,ncb-scientific-c922885057dbc163,c922885057dbc163bc0da7c09a1f929618f4043b01e964bfbd4ba2d3947e992e,c922885057dbc163bc0da7c09a1f929618f4043b01e964bfbd4ba2d3947e992e,exact_v2.1_reference,aligned_with_safety_augmentation,ad_aging,llm_proposed,literature,evidence_gap,unresolved,true,1
10,2,ad_aging_q034,ncb-scientific-0945ff60b5d68ba8,0945ff60b5d68ba89a298e0d5c7f9a2de1625b057bca524e15324d9708ecf806,0945ff60b5d68ba89a298e0d5c7f9a2de1625b057bca524e15324d9708ecf806,exact_v2.1_reference,aligned_with_safety_augmentation,ad_aging,llm_proposed,literature,evidence_gap,unresolved,true,4
10,2,ad_aging_q035,ncb-scientific-2dcda273dbedc219,2dcda273dbedc219ed9d5d8682aa85ac5f279a5b7efa0b335d1568599836b508,2dcda273dbedc219ed9d5d8682aa85ac5f279a5b7efa0b335d1568599836b508,exact_v2.1_reference,aligned_with_safety_augmentation,ad_aging,llm_proposed,literature,evidence_gap,unresolved,false,0
10,2,ad_aging_q036,ncb-scientific-cc1c11b70cdbc35f,cc1c11b70cdbc35f0fb7b7692822abca760f09315d96cba5c2e0c0d8c07fcfe3,cc1c11b70cdbc35f0fb7b7692822abca760f09315d96cba5c2e0c0d8c07fcfe3,exact_v2.1_reference,aligned_with_safety_augmentation,ad_aging,llm_proposed,literature,evidence_gap,unresolved,false,0
10,2,ad_aging_q037,ncb-scientific-0b054fd85acaa063,0b054fd85acaa06382e368b06e24cb23876d673dda29faac3b690645e449b6d5,0b054fd85acaa06382e368b06e24cb23876d673dda29faac3b690645e449b6d5,exact_v2.1_reference,aligned_with_safety_augmentation,ad_aging,llm_proposed,literature,evidence_gap,unresolved,false,0
10,2,ad_aging_q038,ncb-scientific-1d2a9e0f4f0b8bc3,1d2a9e0f4f0b8bc35fe53e1c18e110f8965f0dbb01897b1aba0cbe4d193e5821,1d2a9e0f4f0b8bc35fe53e1c18e110f8965f0dbb01897b1aba0cbe4d193e5821,exact_v2.1_reference,aligned_with_safety_augmentation,ad_aging,llm_proposed,literature,evidence_gap,unresolved,false,0
10,2,ad_aging_q039,ncb-scientific-a545812912502796,a5458129125027964cfadcefcff0f19c0d3ceed68aede1f9609ffc45247c35e4,a5458129125027964cfadcefcff0f19c0d3ceed68aede1f9609ffc45247c35e4,exact_v2.1_reference,aligned_with_safety_augmentation,ad_aging,llm_proposed,literature,evidence_gap,unresolved,false,0
10,2,ad_aging_q040,ncb-scientific-0b054fd85acaa063,0b054fd85acaa06382e368b06e24cb23876d673dda29faac3b690645e449b6d5,0b054fd85acaa06382e368b06e24cb23876d673dda29faac3b690645e449b6d5,exact_v2.1_reference,aligned_with_safety_augmentation,ad_aging,llm_proposed,literature,evidence_gap,unresolved,false,0
10,2,ad_aging_q041,ncb-scientific-f7956622f7e3eaf8,f7956622f7e3eaf82268d3c6d03184df48ef112532d72822e58c2e3b4eb9abd0,f7956622f7e3eaf82268d3c6d03184df48ef112532d72822e58c2e3b4eb9abd0,exact_v2.1_reference,aligned_with_safety_augmentation,ad_aging,llm_proposed,literature,evidence_gap,unresolved,false,0
10,2,ad_aging_q042,ncb-scientific-24de654ccd87dce2,24de654ccd87dce2402ee3e06841e2aa84bb5b939fe17e0a081e3e3fe8dd97e2,24de654ccd87dce2402ee3e06841e2aa84bb5b939fe17e0a081e3e3fe8dd97e2,exact_v2.1_reference,aligned_with_safety_augmentation,ad_aging,llm_proposed,literature,evidence_gap,unresolved,false,0
10,2,ad_aging_q043,ncb-scientific-f143dbf87a77594f,f143dbf87a77594f45f0c498342b2f4b17215390bf78679a21770bcc782da655,f143dbf87a77594f45f0c498342b2f4b17215390bf78679a21770bcc782da655,exact_v2.1_reference,aligned_with_safety_augmentation,ad_aging,llm_proposed,literature,evidence_gap,unresolved,false,0
10,2,ad_aging_q044,ncb-scientific-0cf9bf17a3cb10a7,0cf9bf17a3cb10a706661b585964be67b5928087882dc93e7b80224dac8a3534,0cf9bf17a3cb10a706661b585964be67b5928087882dc93e7b80224dac8a3534,exact_v2.1_reference,aligned_with_safety_augmentation,ad_aging,llm_proposed,literature,provisional,confirm,false,0
10,2,ad_aging_q045,ncb-scientific-4d6ed37bb9324c72,4d6ed37bb9324c72153b3fa839362f89320d16c7cbd9dd2659db729eb80061bf,4d6ed37bb9324c72153b3fa839362f89320d16c7cbd9dd2659db729eb80061bf,exact_v2.1_reference,aligned_with_safety_augmentation,ad_aging,llm_proposed,literature,evidence_gap,unresolved,false,0
10,2,ad_aging_q046,ncb-scientific-79182620041b5799,79182620041b57998eb9b3eb81cfba653f320fbe529ff0db654dd813626d0e36,79182620041b57998eb9b3eb81cfba653f320fbe529ff0db654dd813626d0e36,exact_v2.1_reference,aligned_with_safety_augmentation,ad_aging,llm_proposed,literature,evidence_gap,unresolved,false,0
10,2,ad_aging_q048,ncb-scientific-a3f4263a0dce56cf,a3f4263a0dce56cf738ebd2d271cf2f786acf25f6ab1432a96784f063e51d349,a3f4263a0dce56cf738ebd2d271cf2f786acf25f6ab1432a96784f063e51d349,exact_v2.1_reference,aligned_with_safety_augmentation,ad_aging,llm_proposed,literature,evidence_gap,unresolved,false,0
10,2,ad_aging_q049,ncb-scientific-24de654ccd87dce2,24de654ccd87dce2402ee3e06841e2aa84bb5b939fe17e0a081e3e3fe8dd97e2,24de654ccd87dce2402ee3e06841e2aa84bb5b939fe17e0a081e3e3fe8dd97e2,exact_v2.1_reference,aligned_with_safety_augmentation,ad_aging,llm_proposed,literature,evidence_gap,unresolved,false,0
10,2,ad_aging_q050,ncb-scientific-693510493058a91a,693510493058a91ac8ead80536de2a54f1331e925b11ad3d69d871fe6c93a395,693510493058a91ac8ead80536de2a54f1331e925b11ad3d69d871fe6c93a395,exact_v2.1_reference,aligned_with_safety_augmentation,ad_aging,llm_proposed,literature,evidence_gap,unresolved,false,0
10,2,psychosis_q001,ncb-scientific-7cb3fe4a5738fae5,7cb3fe4a5738fae59ad565ce7ad320774954e407c9d8edcbc6f05c4bb1287017,7cb3fe4a5738fae59ad565ce7ad320774954e407c9d8edcbc6f05c4bb1287017,exact_v2.1_reference,aligned,psychosis,llm_proposed,literature,evidence_gap,unresolved,false,0
10,2,psychosis_q002,ncb-scientific-266504b3d4e53721,266504b3d4e53721e07a0d77932a5254a3379c3ddf34b0dc44aeea4c4b4cb67d,266504b3d4e53721e07a0d77932a5254a3379c3ddf34b0dc44aeea4c4b4cb67d,exact_v2.1_reference,aligned_with_safety_augmentation,psychosis,llm_proposed,literature,evidence_gap,unresolved,false,0
10,2,psychosis_q003,ncb-scientific-872c426870a43fc0,872c426870a43fc09bee7deefd9487ffedf554184b618cfa1548e9f8d3be8d34,872c426870a43fc09bee7deefd9487ffedf554184b618cfa1548e9f8d3be8d34,exact_v2.1_reference,aligned_with_safety_augmentation,psychosis,llm_proposed,literature,evidence_gap,unresolved,false,0
10,2,psychosis_q004,ncb-scientific-3cd280f660dfbcd4,3cd280f660dfbcd415a0ac5f54af96f2ce8fe1cc897a4a14f869e1ea54467213,3cd280f660dfbcd415a0ac5f54af96f2ce8fe1cc897a4a14f869e1ea54467213,exact_v2.1_reference,aligned_with_safety_augmentation,psychosis,llm_proposed,literature,provisional,confirm,false,0
10,2,psychosis_q005,ncb-scientific-4cedbc48040eac27,4cedbc48040eac27d2eaf9fa5cbc4713fa67c79a232f498107862a2fe7d63e79,4cedbc48040eac27d2eaf9fa5cbc4713fa67c79a232f498107862a2fe7d63e79,exact_v2.1_reference,aligned_with_safety_augmentation,psychosis,llm_proposed,literature,evidence_gap,unresolved,false,0
10,2,psychosis_q006,ncb-scientific-58864dfe748ed623,58864dfe748ed623b1e412e518eb6d075f1280ebe036bb1dc55e56e8a2aca169,58864dfe748ed623b1e412e518eb6d075f1280ebe036bb1dc55e56e8a2aca169,exact_v2.1_reference,aligned_with_safety_augmentation,psychosis,llm_proposed,literature,evidence_gap,unresolved,false,0
10,2,psychosis_q007,ncb-scientific-e5b2412738b16335,e5b2412738b16335f55b1518f3aac394c8cfff48e1b39a9dc0d2b64c2cbb5877,e5b2412738b16335f55b1518f3aac394c8cfff48e1b39a9dc0d2b64c2cbb5877,exact_v2.1_reference,aligned,psychosis,llm_proposed,literature,evidence_gap,unresolved,false,0
10,2,psychosis_q008,ncb-scientific-5e9d9106292eb159,5e9d9106292eb159971d41de9ac66f7064ff9c67b369099bff308886a86ec58b,5e9d9106292eb159971d41de9ac66f7064ff9c67b369099bff308886a86ec58b,exact_v2.1_reference,aligned_with_safety_augmentation,psychosis,llm_proposed,literature,provisional,confirm,false,0
10,2,psychosis_q009,ncb-scientific-8366c91b96faf9a6,8366c91b96faf9a6c9557e9120c312676b6be08466de64a2ea5ecb46f08595dc,8366c91b96faf9a6c9557e9120c312676b6be08466de64a2ea5ecb46f08595dc,exact_v2.1_reference,aligned_with_safety_augmentation,psychosis,llm_proposed,literature,evidence_gap,unresolved,false,0
10,2,psychosis_q010,ncb-scientific-822a9e3fd7a9cc40,822a9e3fd7a9cc40dd56cec27d9df1f4b981c6e08141b1a8a2264fd39544ccfa,822a9e3fd7a9cc40dd56cec27d9df1f4b981c6e08141b1a8a2264fd39544ccfa,exact_v2.1_reference,aligned,psychosis,llm_proposed,literature,evidence_gap,unresolved,false,0
10,2,psychosis_q011,ncb-scientific-d4c0b42a60357a5d,d4c0b42a60357a5d939e12105a02798899968bed182f8471def699471bf39842,d4c0b42a60357a5d939e12105a02798899968bed182f8471def699471bf39842,exact_v2.1_reference,aligned_with_safety_augmentation,psychosis,llm_proposed,literature,evidence_gap,unresolved,false,0
10,2,psychosis_q012,ncb-scientific-6c9d8d248e03fd07,6c9d8d248e03fd072175b3155b829fce548d5dc88bffc0dd63db73a27cc1b1f9,6c9d8d248e03fd072175b3155b829fce548d5dc88bffc0dd63db73a27cc1b1f9,exact_v2.1_reference,aligned,psychosis,llm_proposed,literature,strict,confirm,false,0
10,2,psychosis_q013,ncb-scientific-32c06a5e43e74faa,32c06a5e43e74faa24d16e67accf4262d0369671f06216c693238d120d8f16f9,32c06a5e43e74faa24d16e67accf4262d0369671f06216c693238d120d8f16f9,exact_v2.1_reference,aligned_with_safety_augmentation,psychosis,llm_proposed,literature,evidence_gap,unresolved,false,0
10,2,psychosis_q014,ncb-scientific-f0173ff72ee52b5e,f0173ff72ee52b5e1e878ad93b6ab55443639c37100b7a6ff8546daeb9de844a,f0173ff72ee52b5e1e878ad93b6ab55443639c37100b7a6ff8546daeb9de844a,exact_v2.1_reference,aligned,psychosis,llm_proposed,literature,evidence_gap,unresolved,false,0
10,2,psychosis_q015,ncb-scientific-622e97baf8eece3c,622e97baf8eece3cc6a62615addca82592c24a5eb42cd164d81459a0d041eaab,622e97baf8eece3cc6a62615addca82592c24a5eb42cd164d81459a0d041eaab,exact_v2.1_reference,aligned,psychosis,llm_proposed,literature,evidence_gap,unresolved,false,0
10,2,psychosis_q016,ncb-scientific-9066c4a0d3bc2f9f,9066c4a0d3bc2f9f335adcc9e6fce3653c8c38198faedd03436f1aa34da54b25,9066c4a0d3bc2f9f335adcc9e6fce3653c8c38198faedd03436f1aa34da54b25,exact_v2.1_reference,aligned_with_safety_augmentation,psychosis,llm_proposed,literature,strict,confirm,false,0
10,2,psychosis_q017,ncb-scientific-4bafecc6ed3b9d87,4bafecc6ed3b9d87a26b408fcd1dd48f8e80cc184c6f98eb941ab54c48ad2031,4bafecc6ed3b9d87a26b408fcd1dd48f8e80cc184c6f98eb941ab54c48ad2031,exact_v2.1_reference,aligned,psychosis,llm_proposed,literature,evidence_gap,unresolved,false,0
10,2,psychosis_q018,ncb-scientific-6aa47e3b129ad9fb,6aa47e3b129ad9fb3b897f8e59d71e00f8f3abe34d5515c19a65bf8a5c880e1a,6aa47e3b129ad9fb3b897f8e59d71e00f8f3abe34d5515c19a65bf8a5c880e1a,exact_v2.1_reference,aligned_with_safety_augmentation,psychosis,llm_proposed,literature,evidence_gap,unresolved,true,4
10,2,psychosis_q019,ncb-scientific-047feb6835500e20,047feb6835500e20fce6c8866aa5f4319884079d3ece961fffa1950d3f67649b,047feb6835500e20fce6c8866aa5f4319884079d3ece961fffa1950d3f67649b,exact_v2.1_reference,aligned_with_safety_augmentation,psychosis,llm_proposed,literature,evidence_gap,unresolved,true,4
10,2,psychosis_q021,ncb-scientific-675abad09b88a363,675abad09b88a3632ae7d7ac4e199a4a0e5c99415e8c1ac16c601d7e16a98f35,675abad09b88a3632ae7d7ac4e199a4a0e5c99415e8c1ac16c601d7e16a98f35,exact_v2.1_reference,aligned_with_safety_augmentation,psychosis,llm_proposed,literature,evidence_gap,unresolved,false,0
10,2,psychosis_q022,ncb-scientific-49fd02560669f081,49fd02560669f081865a60b8024eb81ebb6dc5834a87820f119def66b35fa233,49fd02560669f081865a60b8024eb81ebb6dc5834a87820f119def66b35fa233,exact_v2.1_reference,aligned,psychosis,llm_proposed,literature,evidence_gap,unresolved,true,2
10,2,psychosis_q023,ncb-scientific-3942bdaedf8efb2a,3942bdaedf8efb2afecb3c2c12045c0014df9f189b66d0de08e09298d10c22ae,3942bdaedf8efb2afecb3c2c12045c0014df9f189b66d0de08e09298d10c22ae,exact_v2.1_reference,aligned_with_safety_augmentation,psychosis,llm_proposed,literature,evidence_gap,unresolved,true,2
10,2,psychosis_q024,ncb-scientific-9181e305d0e360a5,9181e305d0e360a5d17ec43febd9d32a46fc572a1fa87ab8680c7b4cb79abe90,9181e305d0e360a5d17ec43febd9d32a46fc572a1fa87ab8680c7b4cb79abe90,exact_v2.1_reference,aligned_with_safety_augmentation,psychosis,llm_proposed,literature,evidence_gap,unresolved,false,0
10,2,psychosis_q025,ncb-scientific-4ffc0faff41b9d25,4ffc0faff41b9d251ae15c86a5646175e1972970df38a88ccfac126ba34f43b9,4ffc0faff41b9d251ae15c86a5646175e1972970df38a88ccfac126ba34f43b9,exact_v2.1_reference,aligned,psychosis,llm_proposed,literature,evidence_gap,unresolved,true,1
10,2,psychosis_q026,ncb-scientific-e43def8c3b8cb4e9,e43def8c3b8cb4e9401abd45c8e585ca3fb7555ed77364cdacf981560d643998,e43def8c3b8cb4e9401abd45c8e585ca3fb7555ed77364cdacf981560d643998,exact_v2.1_reference,aligned_with_safety_augmentation,psychosis,llm_proposed,literature,evidence_gap,unresolved,false,0
10,2,psychosis_q027,ncb-scientific-9eaf2a23ddb73ea3,9eaf2a23ddb73ea3b9ad8419cc764b871d15a798fea17ac3a71821704466415e,9eaf2a23ddb73ea3b9ad8419cc764b871d15a798fea17ac3a71821704466415e,exact_v2.1_reference,aligned_with_safety_augmentation,psychosis,llm_proposed,literature,provisional,abstain,false,0
10,2,psychosis_q028,ncb-scientific-6130b7ec9d114c16,6130b7ec9d114c162d53c779a173cc930024074dfc2f729afa0cd4fc7c5e3827,6130b7ec9d114c162d53c779a173cc930024074dfc2f729afa0cd4fc7c5e3827,exact_v2.1_reference,aligned,psychosis,llm_proposed,literature,strict,confirm,false,0
10,2,psychosis_q029,ncb-scientific-561d93190dd22ced,561d93190dd22ced60f31e0fd38e0faf5c987fc53b8acf69c6396133d316d230,561d93190dd22ced60f31e0fd38e0faf5c987fc53b8acf69c6396133d316d230,exact_v2.1_reference,aligned_with_safety_augmentation,psychosis,llm_proposed,literature,evidence_gap,unresolved,false,0
10,2,psychosis_q030,ncb-scientific-23a83dcb8dd0287e,23a83dcb8dd0287e82e81be378cb004bce79a5325cd73ba2c55edfee8113d52d,23a83dcb8dd0287e82e81be378cb004bce79a5325cd73ba2c55edfee8113d52d,exact_v2.1_reference,aligned,psychosis,llm_proposed,literature,evidence_gap,unresolved,false,0
10,2,psychosis_q031,ncb-scientific-611e67de29172a34,611e67de29172a34127865843ed7fbb0a3c674cbea476eacda530d3d8c5a9abf,611e67de29172a34127865843ed7fbb0a3c674cbea476eacda530d3d8c5a9abf,exact_v2.1_reference,aligned_with_safety_augmentation,psychosis,llm_proposed,literature,evidence_gap,unresolved,false,0
10,2,psychosis_q032,ncb-scientific-740708798029c58d,740708798029c58d4d6385bc24deca50249908931c23e35c50e771c1555ef475,740708798029c58d4d6385bc24deca50249908931c23e35c50e771c1555ef475,exact_v2.1_reference,aligned_with_safety_augmentation,psychosis,llm_proposed,literature,strict,confirm,false,0
10,2,psychosis_q033,ncb-scientific-23b8d8c0265298fd,23b8d8c0265298fd242715da197614417003ea5efbb70bf6b292cb27ea990f0d,23b8d8c0265298fd242715da197614417003ea5efbb70bf6b292cb27ea990f0d,exact_v2.1_reference,aligned,psychosis,llm_proposed,literature,evidence_gap,unresolved,false,0
10,2,psychosis_q034,ncb-scientific-548d362dc2682286,548d362dc26822867e373f356852faa0ed9fa00f1757c8e4486a1d240506e03e,548d362dc26822867e373f356852faa0ed9fa00f1757c8e4486a1d240506e03e,exact_v2.1_reference,aligned,psychosis,llm_proposed,literature,evidence_gap,unresolved,false,0
10,2,psychosis_q035,ncb-scientific-66560a7fd0e34141,66560a7fd0e34141ba219136468ed4d54ee064cfff748f6d27aa451fbfd80069,66560a7fd0e34141ba219136468ed4d54ee064cfff748f6d27aa451fbfd80069,exact_v2.1_reference,aligned,psychosis,llm_proposed,literature,provisional,abstain,false,0
10,2,psychosis_q036,ncb-scientific-e313edffc6da7a07,e313edffc6da7a074c42d69ed32da20e4642325dccd086815d410b2e3f7babb3,e313edffc6da7a074c42d69ed32da20e4642325dccd086815d410b2e3f7babb3,exact_v2.1_reference,aligned,psychosis,llm_proposed,literature,evidence_gap,unresolved,false,0
10,2,psychosis_q037,ncb-scientific-3b7b2226aa3bb7ce,3b7b2226aa3bb7ce109fe00563be869699e1fef55876cce35355c6941ea873fd,3b7b2226aa3bb7ce109fe00563be869699e1fef55876cce35355c6941ea873fd,exact_v2.1_reference,aligned,psychosis,llm_proposed,literature,evidence_gap,unresolved,false,0
10,2,psychosis_q038,ncb-scientific-51f69ecdfc1f24b2,51f69ecdfc1f24b277984e6877bcaf2b948d82427c5f75a82b8d082ad218f263,51f69ecdfc1f24b277984e6877bcaf2b948d82427c5f75a82b8d082ad218f263,pre_v2_contract_only,ambiguous_unresolved,psychosis,llm_proposed,,,,false,0
10,2,psychosis_q039,ncb-scientific-d0535a6cab6d913b,d0535a6cab6d913b7aae20a3c6e47c1d8b5c21a56abd87a6f45877adf81829e0,d0535a6cab6d913b7aae20a3c6e47c1d8b5c21a56abd87a6f45877adf81829e0,exact_v2.1_reference,aligned,psychosis,llm_proposed,literature,provisional,confirm,false,0
10,2,psychosis_q040,ncb-scientific-80318de11aee33ca,80318de11aee33cafcafc23b40e6d185a412151c5603277794147b1d572df23d,80318de11aee33cafcafc23b40e6d185a412151c5603277794147b1d572df23d,exact_v2.1_reference,aligned,psychosis,llm_proposed,literature,evidence_gap,unresolved,false,0
10,2,psychosis_q042,ncb-scientific-70527a90423a8295,70527a90423a8295ebeae835b0a95e8bc634a4d1611424dbdb775935515a8516,70527a90423a8295ebeae835b0a95e8bc634a4d1611424dbdb775935515a8516,exact_v2.1_reference,aligned,psychosis,llm_proposed,literature,evidence_gap,unresolved,true,2
10,2,psychosis_q043,ncb-scientific-41408a5127ecaa01,41408a5127ecaa01bb16f33bb137977cb589300803b75207c17804f34de42e00,41408a5127ecaa01bb16f33bb137977cb589300803b75207c17804f34de42e00,exact_v2.1_reference,aligned,psychosis,llm_proposed,literature,provisional,abstain,true,2
10,2,psychosis_q045,ncb-scientific-81e24d3b130902a4,81e24d3b130902a46cd52114a0894c5d3052a400c072cda182917e5eb6728851,81e24d3b130902a46cd52114a0894c5d3052a400c072cda182917e5eb6728851,exact_v2.1_reference,aligned,psychosis,llm_proposed,literature,evidence_gap,unresolved,true,2
10,2,psychosis_q046,ncb-scientific-172d75bcc17dcce9,172d75bcc17dcce9c2a8cde3b446b4521935e40d9bee3691b4d574e1b426012d,172d75bcc17dcce9c2a8cde3b446b4521935e40d9bee3691b4d574e1b426012d,exact_v2.1_reference,aligned,psychosis,llm_proposed,literature,evidence_gap,unresolved,false,0
10,2,psychosis_q047,ncb-scientific-58a996a383e72e5b,58a996a383e72e5b79cc802cd41cc61d146ef74faab2650d92112acd832924d8,58a996a383e72e5b79cc802cd41cc61d146ef74faab2650d92112acd832924d8,exact_v2.1_reference,aligned,psychosis,llm_proposed,literature,provisional,confirm,false,0
10,2,psychosis_q048,ncb-scientific-ed8eabb252714493,ed8eabb252714493617a23875b640f41f1af8d9b8826cdbb8845c317adcbc72f,ed8eabb252714493617a23875b640f41f1af8d9b8826cdbb8845c317adcbc72f,exact_v2.1_reference,aligned,psychosis,llm_proposed,literature,evidence_gap,unresolved,false,0
10,2,psychosis_q049,ncb-scientific-a1da46d7f5fa792d,a1da46d7f5fa792d06b40ef905be2163aa10371959c82a12774363e09e80a844,a1da46d7f5fa792d06b40ef905be2163aa10371959c82a12774363e09e80a844,exact_v2.1_reference,aligned_with_safety_augmentation,psychosis,llm_proposed,literature,evidence_gap,unresolved,false,0
10,2,psychosis_q050,ncb-scientific-55b455d152ed1390,55b455d152ed1390382cc96bd36b995f3d6549c65d1710583265325ae547aabe,55b455d152ed1390382cc96bd36b995f3d6549c65d1710583265325ae547aabe,exact_v2.1_reference,aligned,psychosis,llm_proposed,literature,evidence_gap,unresolved,false,0
10,5,pubmed_23333262_pmid23333262_rsfc_aging_1,ncb-scientific-9c418256797d0a86,9c418256797d0a86064d970a3e88ff8457d32310776b1a8297e66c8a796c3e35,9c418256797d0a86064d970a3e88ff8457d32310776b1a8297e66c8a796c3e35,exact_v2.1_reference,aligned,normative_fmri,literature_grounded,literature,evidence_gap,unresolved,false,0
10,5,pubmed_39856610_pmid39856610_1,ncb-scientific-f7c3e84a1cb3480d,f7c3e84a1cb3480df741174bb0e279d66de6682c8fed7217cb12a501ce7abb09,f7c3e84a1cb3480df741174bb0e279d66de6682c8fed7217cb12a501ce7abb09,pre_v2_contract_only,ambiguous_unresolved,adhd,literature_grounded,,,,false,0
10,5,pubmed_35583796_pmid35583796_rsfc_dmn_within,ncb-scientific-9306eed5ac12c7af,9306eed5ac12c7afb5d6c7513192e5e650af6d2ccd09172f90bd0be83b95b662,9306eed5ac12c7afb5d6c7513192e5e650af6d2ccd09172f90bd0be83b95b662,exact_v2.1_reference,aligned,adhd,literature_grounded,literature,provisional,abstain,false,0
10,5,pubmed_35583796_pmid35583796_rsfc_dmn_control_salience,ncb-scientific-060910c2dae3c7c0,060910c2dae3c7c0bc483bb7456953e7717bc55f016c82a246c15256e99ca483,060910c2dae3c7c0bc483bb7456953e7717bc55f016c82a246c15256e99ca483,exact_v2.1_reference,aligned,adhd,literature_grounded,literature,provisional,abstain,false,0
10,5,pubmed_36403658_pmid36403658_adhd_dmn_fc,ncb-scientific-bace4c130b60ece5,bace4c130b60ece50157fd3d6ec0b0e4244cf860559cbcb48aa4a9e499ab497d,bace4c130b60ece50157fd3d6ec0b0e4244cf860559cbcb48aa4a9e499ab497d,pre_v2_contract_only,ambiguous_unresolved,adhd,literature_grounded,,,,false,0
10,5,pubmed_36403658_pmid36403658_adhd_fc_classifier,ncb-scientific-ce9b34e85b1510c7,ce9b34e85b1510c7cdb61caab47224a564c4d18a9d89c72c6952a58e8ed87491,ce9b34e85b1510c7cdb61caab47224a564c4d18a9d89c72c6952a58e8ed87491,pre_v2_contract_only,ambiguous_unresolved,adhd,literature_grounded,,,,false,0
10,5,pubmed_35359026_35359026_1,ncb-scientific-f3636d57e59fc807,f3636d57e59fc80720979dd8e617af6796721000006447ea84631b5fed881c38,f3636d57e59fc80720979dd8e617af6796721000006447ea84631b5fed881c38,exact_v2.1_reference,aligned,adhd,literature_grounded,literature,evidence_gap,unresolved,false,0
10,5,pubmed_34280835_pmid34280835_adhd_smn-fc_01,ncb-scientific-4bec8588ceb4224d,4bec8588ceb4224ddd1ba5d8630aca64bbe57f5c572153bf88b8b92a099e90a4,4bec8588ceb4224ddd1ba5d8630aca64bbe57f5c572153bf88b8b92a099e90a4,exact_v2.1_reference,aligned,adhd,literature_grounded,literature,evidence_gap,unresolved,false,0
10,5,pubmed_31265198_pmid31265198_fc_adhd_vs_tdc,ncb-scientific-c8acae9508ef35fd,c8acae9508ef35fd71e17be422a96ff94cda16d53561647f67cc34bf3fb5e2dc,c8acae9508ef35fd71e17be422a96ff94cda16d53561647f67cc34bf3fb5e2dc,exact_v2.1_reference,aligned,adhd,literature_grounded,literature,provisional,abstain,false,0
10,5,pubmed_35338900_pmid35338900_age_fcsc,ncb-scientific-5640b53a2dfaa1b8,5640b53a2dfaa1b884c99a06c8c8897d97d1155e8f60cc54e4822588eef8e5bc,5640b53a2dfaa1b884c99a06c8c8897d97d1155e8f60cc54e4822588eef8e5bc,pre_v2_contract_only,ambiguous_unresolved,adhd,literature_grounded,,,,false,0
10,5,pubmed_35338900_pmid35338900_boysadhd_limbicdmn,ncb-scientific-de1363fa0a54a318,de1363fa0a54a31857453e1dd873734715696b750931e1ee29d64fb8103b2e58,de1363fa0a54a31857453e1dd873734715696b750931e1ee29d64fb8103b2e58,exact_v2.1_reference,aligned,adhd,literature_grounded,literature,evidence_gap,unresolved,false,0
10,5,pubmed_37121277_pmid37121277_reho_cluster1_vs_td,ncb-scientific-e59b8563fe5abace,e59b8563fe5abace75c175eff2d6c6bc371d7aa0b5053b5fc34317818314bff5,e59b8563fe5abace75c175eff2d6c6bc371d7aa0b5053b5fc34317818314bff5,pre_v2_contract_only,ambiguous_unresolved,asd,literature_grounded,,,,false,0
10,5,pubmed_37121277_pmid37121277_vmhc_cluster1_vs_td,ncb-scientific-f41a8c5978b01125,f41a8c5978b01125b76c9d2800b0f2317936ed7c14759937a1ed14428bc25897,f41a8c5978b01125b76c9d2800b0f2317936ed7c14759937a1ed14428bc25897,pre_v2_contract_only,ambiguous_unresolved,asd,literature_grounded,,,,false,0
10,5,pubmed_37121277_pmid37121277_mccfc_cluster2_vs_td,ncb-scientific-c98428886dd0f1d9,c98428886dd0f1d91c3a75d885826b5fb7726225297f515afa05718599e2996d,c98428886dd0f1d91c3a75d885826b5fb7726225297f515afa05718599e2996d,pre_v2_contract_only,ambiguous_unresolved,asd,literature_grounded,,,,false,0
10,5,pubmed_42141307_pmid42141307_asd_fmri_fc_casecontrol_mixed,ncb-scientific-4f6f45a81e8e3370,4f6f45a81e8e337049763733e2b9871efc22c4d9fc5f5f6d4ccf920cb8a023d6,4f6f45a81e8e337049763733e2b9871efc22c4d9fc5f5f6d4ccf920cb8a023d6,exact_v2.1_reference,aligned,asd,literature_grounded,literature,strict,confirm,false,0
10,5,pubmed_34264028_34264028-1,ncb-scientific-7ab10eca62cc6fc7,7ab10eca62cc6fc7aac3fc6c5d935bbe58e90be3a4850b9956b9d4bb8758e45f,7ab10eca62cc6fc7aac3fc6c5d935bbe58e90be3a4850b9956b9d4bb8758e45f,pre_v2_contract_only,ambiguous_unresolved,asd,literature_grounded,,,,false,0
10,5,pubmed_37741308_pmid37741308_asd_fc_groupdiff,ncb-scientific-55457edaa703fbe4,55457edaa703fbe4b0e3548c6732e7f7dc35b0535beed7336e617f077b9a8172,55457edaa703fbe4b0e3548c6732e7f7dc35b0535beed7336e617f077b9a8172,exact_v2.1_reference,aligned,asd,literature_grounded,literature,evidence_gap,unresolved,false,0
10,5,pubmed_28040544_pmid28040544_asd_fc_kea_corticalnetworks,ncb-scientific-cb86d4103ebb0e0c,cb86d4103ebb0e0cfb84aeae03b006b1b9f5e196a73b165f42e271c167d1f8d0,cb86d4103ebb0e0cfb84aeae03b006b1b9f5e196a73b165f42e271c167d1f8d0,exact_v2.1_reference,aligned,asd,literature_grounded,literature,provisional,confirm,false,0
10,5,pubmed_28040544_pmid28040544_asd_fc_selffacetom,ncb-scientific-08c6866776e43268,08c6866776e432686055fe502dc79eaebce0f6916de3c9ca15c72b7849a8070b,08c6866776e432686055fe502dc79eaebce0f6916de3c9ca15c72b7849a8070b,exact_v2.1_reference,aligned,asd,literature_grounded,literature,provisional,confirm,false,0
10,5,pubmed_30833582_pmid30833582_asd_stepwise_connectivity,ncb-scientific-88422a822641e7cd,88422a822641e7cdcba6f457a4fa41387a32f9f3a60e08260ef9b6a18e716ada,88422a822641e7cdcba6f457a4fa41387a32f9f3a60e08260ef9b6a18e716ada,exact_v2.1_reference,aligned,asd,literature_grounded,literature,strict,confirm,false,0
10,5,pubmed_1431963_pmid1431963_mta_ad_vs_controls,ncb-scientific-e2c8b315d5871123,e2c8b315d58711232df3fb244f289b13f1a98c97f3043bbed5db37f77d0fac0a,e2c8b315d58711232df3fb244f289b13f1a98c97f3043bbed5db37f77d0fac0a,exact_v2.1_reference,aligned,ad_aging,literature_grounded,literature,strict,confirm,true,6
10,5,pubmed_21729419_pmid21729419_2,ncb-scientific-e2c8b315d5871123,e2c8b315d58711232df3fb244f289b13f1a98c97f3043bbed5db37f77d0fac0a,e2c8b315d58711232df3fb244f289b13f1a98c97f3043bbed5db37f77d0fac0a,exact_v2.1_reference,aligned,ad_aging,literature_grounded,literature,strict,confirm,true,11
10,5,pubmed_31313441_31313441-psychosis-rsfc-casecontrol,ncb-scientific-1c4bb13eab05e379,1c4bb13eab05e37903f684a6f8836eb4046bdfd60c0337e4be303461922306ff,1c4bb13eab05e37903f684a6f8836eb4046bdfd60c0337e4be303461922306ff,exact_v2.1_reference,aligned,psychosis,literature_grounded,literature,strict,confirm,false,0
10,5,pubmed_29653095_29653095-psychosis-fc-01,ncb-scientific-c671d3de1b2734cb,c671d3de1b2734cb8e64ccc55fdd15ea4118e551d604845c6f756f7b71f7ba43,c671d3de1b2734cb8e64ccc55fdd15ea4118e551d604845c6f756f7b71f7ba43,exact_v2.1_reference,aligned,psychosis,literature_grounded,literature,provisional,confirm,false,0
10,5,pubmed_29653095_29653095-psychosis-fc-02,ncb-scientific-b336c91ebd2e082c,b336c91ebd2e082c670facfa74d1a9ee136e61e29d1305f2d91cecac8b77f04c,b336c91ebd2e082c670facfa74d1a9ee136e61e29d1305f2d91cecac8b77f04c,pre_v2_contract_only,ambiguous_unresolved,psychosis,literature_grounded,,,,false,0
10,5,pubmed_35753120_pmid35753120_1,ncb-scientific-5d5fd40a49dbf782,5d5fd40a49dbf782645572714c9237709a98147ddd0551217a75c6523f448980,5d5fd40a49dbf782645572714c9237709a98147ddd0551217a75c6523f448980,pre_v2_contract_only,ambiguous_unresolved,psychosis,literature_grounded,,,,false,0
10,5,pubmed_34183210_pmid34183210_1,ncb-scientific-c1112f228bb27f06,c1112f228bb27f06f18f32376d89a4b816fcc7df2f53487617d65faedc726ef5,c1112f228bb27f06f18f32376d89a4b816fcc7df2f53487617d65faedc726ef5,pre_v2_contract_only,ambiguous_unresolved,psychosis,literature_grounded,,,,false,0
10,5,pubmed_34183210_pmid34183210_3,ncb-scientific-67542fa55426a130,67542fa55426a13052157d88d588a5334147c1872c82514b9edcf4651c8ca7b7,67542fa55426a13052157d88d588a5334147c1872c82514b9edcf4651c8ca7b7,pre_v2_contract_only,ambiguous_unresolved,psychosis,literature_grounded,,,,false,0
10,5,pubmed_38422833_pmid38422833_cortical_fnc,ncb-scientific-09903e42ed156c26,09903e42ed156c2690cdbe27471b1d9877a5a23f33b016ead3e1b12870fef1fc,09903e42ed156c2690cdbe27471b1d9877a5a23f33b016ead3e1b12870fef1fc,exact_v2.1_reference,aligned,psychosis,literature_grounded,literature,strict,confirm,false,0
10,5,normative_fmri_001,ncb-scientific-6f07b924f78e762d,6f07b924f78e762dbb04192421df62ac5dd24835b8e50993a3f5c2cdf333e66c,6f07b924f78e762dbb04192421df62ac5dd24835b8e50993a3f5c2cdf333e66c,exact_v2.1_reference,aligned_with_safety_augmentation,normative_fmri,llm_proposed,literature,provisional,confirm,false,0
10,5,normative_fmri_002,ncb-scientific-a1bf69b8f56d46c9,a1bf69b8f56d46c996f93349f5201c8b628f7dd5753a9899ff61c78ed977e658,a1bf69b8f56d46c996f93349f5201c8b628f7dd5753a9899ff61c78ed977e658,exact_v2.1_reference,aligned_with_safety_augmentation,normative_fmri,llm_proposed,literature,evidence_gap,unresolved,false,0
10,5,normative_fmri_003,ncb-scientific-dc6371e72c01cdcd,dc6371e72c01cdcd2e2e176efc8496ba66d5715ea1c8da75ab66be1c67032e07,dc6371e72c01cdcd2e2e176efc8496ba66d5715ea1c8da75ab66be1c67032e07,exact_v2.1_reference,aligned_with_safety_augmentation,normative_fmri,llm_proposed,literature,evidence_gap,unresolved,true,1
10,5,normative_fmri_006,ncb-scientific-42b2c11ed186c2c9,42b2c11ed186c2c9d794dfd42e14b54cf31afc8d70f2f8c136913760977724fb,42b2c11ed186c2c9d794dfd42e14b54cf31afc8d70f2f8c136913760977724fb,exact_v2.1_reference,aligned_with_safety_augmentation,normative_fmri,llm_proposed,literature,evidence_gap,unresolved,true,14
10,5,normative_fmri_007,ncb-scientific-a9e0ba33a876abc0,a9e0ba33a876abc0fa6cbc657ebbfa5b3516bdf998288dcb9ea497f1dd12cfda,a9e0ba33a876abc0fa6cbc657ebbfa5b3516bdf998288dcb9ea497f1dd12cfda,exact_v2.1_reference,aligned_with_safety_augmentation,normative_fmri,llm_proposed,literature,evidence_gap,unresolved,true,10
10,5,normative_fmri_009,ncb-scientific-e7c94f56c83e0651,e7c94f56c83e06518cfb23793f51ccaf963a39435caaaca93bcd7d7166f65091,e7c94f56c83e06518cfb23793f51ccaf963a39435caaaca93bcd7d7166f65091,exact_v2.1_reference,aligned_with_safety_augmentation,normative_fmri,llm_proposed,literature,evidence_gap,unresolved,true,3
10,5,normative_fmri_013,ncb-scientific-8482b5c202e5e323,8482b5c202e5e3235de8c6063dda4b78550e3f9e00df27d431e2d1f0d720b4aa,8482b5c202e5e3235de8c6063dda4b78550e3f9e00df27d431e2d1f0d720b4aa,exact_v2.1_reference,aligned_with_safety_augmentation,normative_fmri,llm_proposed,literature,evidence_gap,unresolved,false,0
10,5,normative_fmri_014,ncb-scientific-43b88d75579673af,43b88d75579673af885b371f0652ded9c324f9b8bf3da288fe57fd77b533156d,43b88d75579673af885b371f0652ded9c324f9b8bf3da288fe57fd77b533156d,exact_v2.1_reference,aligned_with_safety_augmentation,normative_fmri,llm_proposed,literature,evidence_gap,unresolved,false,0
10,5,normative_fmri_015,ncb-scientific-e1c33335981addda,e1c33335981addda2599fe24aa86c62ac3f0c9a159ee7345d23c83e540683619,e1c33335981addda2599fe24aa86c62ac3f0c9a159ee7345d23c83e540683619,exact_v2.1_reference,aligned_with_safety_augmentation,normative_fmri,llm_proposed,literature,evidence_gap,unresolved,false,0
10,5,normative_fmri_016,ncb-scientific-7c173adc5485d7ce,7c173adc5485d7ce2f944c400dd42b6053d003a6972c57de7cbc05bac07157ce,7c173adc5485d7ce2f944c400dd42b6053d003a6972c57de7cbc05bac07157ce,exact_v2.1_reference,aligned_with_safety_augmentation,normative_fmri,llm_proposed,literature,evidence_gap,unresolved,false,0
10,5,normative_fmri_017,ncb-scientific-e9887ba0003df877,e9887ba0003df8779438a68d1005ebb55b6bb49af3d222c23f2ed43541800f4c,e9887ba0003df8779438a68d1005ebb55b6bb49af3d222c23f2ed43541800f4c,exact_v2.1_reference,aligned_with_safety_augmentation,normative_fmri,llm_proposed,literature,evidence_gap,unresolved,false,0
10,5,normative_fmri_021,ncb-scientific-f84fe6980294c120,f84fe6980294c120bccc3de4d0ceb634edd5c41e1166cc53760b2275e4bae482,f84fe6980294c120bccc3de4d0ceb634edd5c41e1166cc53760b2275e4bae482,exact_v2.1_reference,aligned_with_safety_augmentation,normative_fmri,llm_proposed,literature,evidence_gap,unresolved,false,0
10,5,normative_fmri_022,ncb-scientific-704522685c487d81,704522685c487d817c358b1648972cf4b93110fe504eef340f7662e1605fe2af,704522685c487d817c358b1648972cf4b93110fe504eef340f7662e1605fe2af,exact_v2.1_reference,aligned_with_safety_augmentation,normative_fmri,llm_proposed,literature,evidence_gap,unresolved,false,0
10,5,normative_fmri_023,ncb-scientific-05c17620b6ff0817,05c17620b6ff0817912306ae784d68f40f43538421d7a77238304c5941523117,05c17620b6ff0817912306ae784d68f40f43538421d7a77238304c5941523117,exact_v2.1_reference,aligned_with_safety_augmentation,normative_fmri,llm_proposed,literature,evidence_gap,unresolved,true,1
10,5,normative_fmri_025,ncb-scientific-ee627d7a5d823df0,ee627d7a5d823df05e627bdf39c5c62a61d74c6453f8c490dc39a233a4ecf6a1,ee627d7a5d823df05e627bdf39c5c62a61d74c6453f8c490dc39a233a4ecf6a1,exact_v2.1_reference,aligned_with_safety_augmentation,normative_fmri,llm_proposed,literature,evidence_gap,unresolved,true,5
10,5,normative_fmri_026,ncb-scientific-cb339bf30281cede,cb339bf30281cedea3769b3c8ba3c0199ad8889c6569c72e5720af2c4c1b226d,cb339bf30281cedea3769b3c8ba3c0199ad8889c6569c72e5720af2c4c1b226d,exact_v2.1_reference,aligned_with_safety_augmentation,normative_fmri,llm_proposed,literature,evidence_gap,unresolved,false,0
10,5,normative_fmri_027,ncb-scientific-a427d5471566b2cf,a427d5471566b2cf475103489cde2f05ea57bbab09ea9cdd585ccf3a09b6dc00,a427d5471566b2cf475103489cde2f05ea57bbab09ea9cdd585ccf3a09b6dc00,exact_v2.1_reference,aligned_with_safety_augmentation,normative_fmri,llm_proposed,literature,evidence_gap,unresolved,false,0
10,5,normative_fmri_028,ncb-scientific-2a5d5bc83ab86134,2a5d5bc83ab8613499aab2ac0e974ec72a4dd0f1099d99320ee8a8e449b683b6,2a5d5bc83ab8613499aab2ac0e974ec72a4dd0f1099d99320ee8a8e449b683b6,exact_v2.1_reference,aligned_with_safety_augmentation,normative_fmri,llm_proposed,literature,evidence_gap,unresolved,false,0
10,5,normative_fmri_031,ncb-scientific-c9246d08669f6265,c9246d08669f6265e26d6a274208eaff54a2c585d734065f5cd7d4289f86a6ed,c9246d08669f6265e26d6a274208eaff54a2c585d734065f5cd7d4289f86a6ed,exact_v2.1_reference,aligned_with_safety_augmentation,normative_fmri,llm_proposed,literature,evidence_gap,unresolved,true,2
10,5,normative_fmri_032,ncb-scientific-0fba59d9c8075ce0,0fba59d9c8075ce0e6445699e130455b749c5802904fc65688809203764277dd,0fba59d9c8075ce0e6445699e130455b749c5802904fc65688809203764277dd,exact_v2.1_reference,aligned_with_safety_augmentation,normative_fmri,llm_proposed,literature,evidence_gap,unresolved,false,0
10,5,normative_fmri_033,ncb-scientific-c1b8f2bee08cd388,c1b8f2bee08cd3885ae393bad4189abe4f6f306525a43073ef666674c49e6e5a,c1b8f2bee08cd3885ae393bad4189abe4f6f306525a43073ef666674c49e6e5a,exact_v2.1_reference,aligned_with_safety_augmentation,normative_fmri,llm_proposed,literature,evidence_gap,unresolved,true,4
10,5,normative_fmri_034,ncb-scientific-eafa675a2857a0cb,eafa675a2857a0cb78b9514e4388964a9404eeef0cb89fc7b7b10da646cce92b,eafa675a2857a0cb78b9514e4388964a9404eeef0cb89fc7b7b10da646cce92b,exact_v2.1_reference,aligned_with_safety_augmentation,normative_fmri,llm_proposed,literature,evidence_gap,unresolved,true,1
10,5,normative_fmri_035,ncb-scientific-65466f9b282b22be,65466f9b282b22be1e717ceaf51a11a1383878fa6f0987faf8a0e2a126ffa737,65466f9b282b22be1e717ceaf51a11a1383878fa6f0987faf8a0e2a126ffa737,exact_v2.1_reference,aligned_with_safety_augmentation,normative_fmri,llm_proposed,literature,evidence_gap,unresolved,false,0
10,5,normative_fmri_036,ncb-scientific-d6cbeb536d2b0163,d6cbeb536d2b01632b3c753bd865bcb7f96749ca7f83705faf307f82a8ceda07,d6cbeb536d2b01632b3c753bd865bcb7f96749ca7f83705faf307f82a8ceda07,exact_v2.1_reference,aligned_with_safety_augmentation,normative_fmri,llm_proposed,literature,evidence_gap,unresolved,false,0
10,5,normative_fmri_038,ncb-scientific-06e24b7117348843,06e24b71173488433aa6f5a40a6db8bea7b0468cbafdaa0253d8d8563a1b8453,06e24b71173488433aa6f5a40a6db8bea7b0468cbafdaa0253d8d8563a1b8453,exact_v2.1_reference,aligned_with_safety_augmentation,normative_fmri,llm_proposed,literature,evidence_gap,unresolved,true,15
10,5,normative_fmri_039,ncb-scientific-493d1fd9443c1c35,493d1fd9443c1c35a711b47980ace70d89341606b2d943556f40528ed85ce744,493d1fd9443c1c35a711b47980ace70d89341606b2d943556f40528ed85ce744,exact_v2.1_reference,aligned_with_safety_augmentation,normative_fmri,llm_proposed,literature,evidence_gap,unresolved,true,13
10,5,normative_fmri_040,ncb-scientific-86a81a5f3a28d98c,86a81a5f3a28d98c10f2fd88774a049275a6dd3a56fa4e236ed763a643cae1c7,86a81a5f3a28d98c10f2fd88774a049275a6dd3a56fa4e236ed763a643cae1c7,exact_v2.1_reference,aligned_with_safety_augmentation,normative_fmri,llm_proposed,literature,evidence_gap,unresolved,true,6
10,5,normative_fmri_041,ncb-scientific-ea3fb846fbd7533c,ea3fb846fbd7533c676dd161a54428494426f0c6824d09709a81fa30f338b633,ea3fb846fbd7533c676dd161a54428494426f0c6824d09709a81fa30f338b633,pre_v2_contract_only,ambiguous_unresolved,normative_fmri,llm_proposed,,,,true,4
10,5,normative_fmri_042,ncb-scientific-89c7369d95a29475,89c7369d95a294751cf5c375140d9d130dba267d6c01ae06bb839c019ab703a8,89c7369d95a294751cf5c375140d9d130dba267d6c01ae06bb839c019ab703a8,pre_v2_contract_only,ambiguous_unresolved,normative_fmri,llm_proposed,,,,true,3
10,5,normative_fmri_043,ncb-scientific-9b0372d2c93e148a,9b0372d2c93e148a55d818beea55e176baab43b6cdcbb1cadd346c4698342848,9b0372d2c93e148a55d818beea55e176baab43b6cdcbb1cadd346c4698342848,pre_v2_contract_only,ambiguous_unresolved,normative_fmri,llm_proposed,,,,true,2
10,5,normative_fmri_044,ncb-scientific-adc7daee506cca47,adc7daee506cca470db321582aa77b9cc0e7f2abd527b99d4738e32de92f9075,adc7daee506cca470db321582aa77b9cc0e7f2abd527b99d4738e32de92f9075,pre_v2_contract_only,ambiguous_unresolved,normative_fmri,llm_proposed,,,,false,0
10,5,normative_fmri_047,ncb-scientific-319a1462bfdbc89d,319a1462bfdbc89d930616a30480c076432748e170281465818679f30546de86,319a1462bfdbc89d930616a30480c076432748e170281465818679f30546de86,exact_v2.1_reference,aligned_with_safety_augmentation,normative_fmri,llm_proposed,literature,evidence_gap,unresolved,false,0
10,5,normative_fmri_048,ncb-scientific-0efe8c9435d8ffdf,0efe8c9435d8ffdf5e3a10cd931fb791519373a7a547403b10409137517788bb,0efe8c9435d8ffdf5e3a10cd931fb791519373a7a547403b10409137517788bb,exact_v2.1_reference,aligned_with_safety_augmentation,normative_fmri,llm_proposed,literature,evidence_gap,unresolved,false,0
10,5,normative_fmri_049,ncb-scientific-2a373f053e882288,2a373f053e8822881dab40e7c242d78c2c729156c584d8a69c506f7d761a324d,2a373f053e8822881dab40e7c242d78c2c729156c584d8a69c506f7d761a324d,pre_v2_contract_only,ambiguous_unresolved,normative_fmri,llm_proposed,,,,false,0
10,5,normative_fmri_050,ncb-scientific-faaaeb165e293001,faaaeb165e29300168533c3f46df10bc022f709f42e5ae34a3f8f39f6583b00b,faaaeb165e29300168533c3f46df10bc022f709f42e5ae34a3f8f39f6583b00b,pre_v2_contract_only,ambiguous_unresolved,normative_fmri,llm_proposed,,,,false,0
10,5,adhd_q001,ncb-scientific-9ec4c7f2ec1fad99,9ec4c7f2ec1fad994bbafcb3d8260862dc2d3b5829226c0f0c4ea111889d1c08,9ec4c7f2ec1fad994bbafcb3d8260862dc2d3b5829226c0f0c4ea111889d1c08,exact_v2.1_reference,aligned_with_safety_augmentation,adhd,llm_proposed,literature,evidence_gap,unresolved,false,0
10,5,adhd_q002,ncb-scientific-e655e7f3059cc2a2,e655e7f3059cc2a2fa0bfd47f5738215071ffd1c322d56face875667b06330b8,e655e7f3059cc2a2fa0bfd47f5738215071ffd1c322d56face875667b06330b8,exact_v2.1_reference,aligned_with_safety_augmentation,adhd,llm_proposed,literature,provisional,abstain,false,0
10,5,adhd_q003,ncb-scientific-c8faa8d62af041ef,c8faa8d62af041ef89350be38a83cbeb57d551b518e3e17905b78d1b51c85218,c8faa8d62af041ef89350be38a83cbeb57d551b518e3e17905b78d1b51c85218,exact_v2.1_reference,aligned,adhd,llm_proposed,literature,evidence_gap,unresolved,false,0
10,5,adhd_q004,ncb-scientific-6bedac272110f713,6bedac272110f71307ba214166242c783aaabb9d2c90371d6e25cf14b2258297,6bedac272110f71307ba214166242c783aaabb9d2c90371d6e25cf14b2258297,exact_v2.1_reference,aligned_with_safety_augmentation,adhd,llm_proposed,literature,evidence_gap,unresolved,false,0
10,5,adhd_q005,ncb-scientific-73e0f34188f4c613,73e0f34188f4c613bbaf75216cae99010b0947ca6e64f339d66544a75dcdd5d4,73e0f34188f4c613bbaf75216cae99010b0947ca6e64f339d66544a75dcdd5d4,exact_v2.1_reference,aligned_with_safety_augmentation,adhd,llm_proposed,literature,provisional,confirm,false,0
10,5,adhd_q006,ncb-scientific-2b36f4bbee998e56,2b36f4bbee998e56371c67ff67d3eb58cb82ee7ec32ac324f688db7f55016f64,2b36f4bbee998e56371c67ff67d3eb58cb82ee7ec32ac324f688db7f55016f64,exact_v2.1_reference,aligned,adhd,llm_proposed,literature,evidence_gap,unresolved,false,0
10,5,adhd_q007,ncb-scientific-ccf76ee04722df94,ccf76ee04722df945c7c574a27b2da49fc63bef96e9b9b9f3ee1612f4beb0257,ccf76ee04722df945c7c574a27b2da49fc63bef96e9b9b9f3ee1612f4beb0257,exact_v2.1_reference,aligned_with_safety_augmentation,adhd,llm_proposed,literature,evidence_gap,unresolved,false,0
10,5,adhd_q008,ncb-scientific-8875a7bf33df9519,8875a7bf33df951977e26ecd4ecf5885a3a6e08b889d220be4400f20649c8706,8875a7bf33df951977e26ecd4ecf5885a3a6e08b889d220be4400f20649c8706,exact_v2.1_reference,aligned_with_safety_augmentation,adhd,llm_proposed,literature,evidence_gap,unresolved,false,0
10,5,adhd_q009,ncb-scientific-bdc24737aa23b682,bdc24737aa23b68213ee1a77d82e33597f5039ce548624b69e5675e7b1b02b18,bdc24737aa23b68213ee1a77d82e33597f5039ce548624b69e5675e7b1b02b18,exact_v2.1_reference,aligned_with_safety_augmentation,adhd,llm_proposed,literature,evidence_gap,unresolved,false,0
10,5,adhd_q010,ncb-scientific-5b0717b45335d600,5b0717b45335d600cb9bb3a3365f50480541f74ab04b95723d2b163524b995c2,5b0717b45335d600cb9bb3a3365f50480541f74ab04b95723d2b163524b995c2,exact_v2.1_reference,aligned_with_safety_augmentation,adhd,llm_proposed,literature,evidence_gap,unresolved,false,0
10,5,adhd_q012,ncb-scientific-6560b15c380073ca,6560b15c380073caf1f8bfe84bf2978902d6605bfe8aacd3a4262b47295b8f9f,6560b15c380073caf1f8bfe84bf2978902d6605bfe8aacd3a4262b47295b8f9f,exact_v2.1_reference,aligned_with_safety_augmentation,adhd,llm_proposed,literature,evidence_gap,unresolved,false,0
10,5,adhd_q016,ncb-scientific-bdd01753f9ebb90c,bdd01753f9ebb90c217a505dcc5198d851aee4b3c3450e682d1615f35e5dd44c,bdd01753f9ebb90c217a505dcc5198d851aee4b3c3450e682d1615f35e5dd44c,exact_v2.1_reference,aligned,adhd,llm_proposed,literature,evidence_gap,unresolved,true,1
10,5,adhd_q020,ncb-scientific-afe1f83e3d954a8c,afe1f83e3d954a8cea0ae7eceea167af281c6ea8ddce2bc289e93500d6ac2e54,afe1f83e3d954a8cea0ae7eceea167af281c6ea8ddce2bc289e93500d6ac2e54,exact_v2.1_reference,aligned_with_safety_augmentation,adhd,llm_proposed,literature,provisional,confirm,true,3
10,5,adhd_q022,ncb-scientific-2b20954defb2352a,2b20954defb2352adc7058f253db893e9e15a670abc51dcc80c24098106801e4,2b20954defb2352adc7058f253db893e9e15a670abc51dcc80c24098106801e4,pre_v2_contract_only,non_executable,adhd,llm_proposed,,,,false,0
10,5,adhd_q023,ncb-scientific-7c005de1c12b32a7,7c005de1c12b32a7b7a45e61565deb980582119a1b92e7e4f0083c9e8537a1d0,22e9dad3dc77b808e6883b1259492c9cf8f1bb52d57623e5d3afd28fd4ecd81a,pre_v2_contract_only,repairable_contract,adhd,llm_proposed,,,,false,0
10,5,adhd_q025,ncb-scientific-6c7b0f8ae69a2d50,6c7b0f8ae69a2d5037f71bb7af54369267c1d4746b35ba4b0575665297cfaab0,6c7b0f8ae69a2d5037f71bb7af54369267c1d4746b35ba4b0575665297cfaab0,pre_v2_contract_only,non_executable,adhd,llm_proposed,,,,true,1
10,5,adhd_q029,ncb-scientific-672ab5d3a6c11820,672ab5d3a6c11820c5309d195f4983f50a16b545c77a52895353cabd01a16c41,672ab5d3a6c11820c5309d195f4983f50a16b545c77a52895353cabd01a16c41,exact_v2.1_reference,aligned,adhd,llm_proposed,literature,evidence_gap,unresolved,false,0
10,5,adhd_q030,ncb-scientific-d37402dd791a12dc,d37402dd791a12dc5975c0b5a9fc0994be3d63826bdbf317c431e337efa54f61,d37402dd791a12dc5975c0b5a9fc0994be3d63826bdbf317c431e337efa54f61,exact_v2.1_reference,aligned_with_safety_augmentation,adhd,llm_proposed,literature,evidence_gap,unresolved,false,0
10,5,adhd_q031,ncb-scientific-c64dac21d8591104,c64dac21d8591104aa2912c0fc623cb3df7ae2fad45f89683dcc7f18692dc403,c64dac21d8591104aa2912c0fc623cb3df7ae2fad45f89683dcc7f18692dc403,exact_v2.1_reference,aligned_with_safety_augmentation,adhd,llm_proposed,literature,evidence_gap,unresolved,false,0
10,5,adhd_q032,ncb-scientific-6d7bbb66ca61d088,6d7bbb66ca61d088b1b6677f1693112e85a9ec6c6c0e8c82beb93a4244532157,6d7bbb66ca61d088b1b6677f1693112e85a9ec6c6c0e8c82beb93a4244532157,exact_v2.1_reference,aligned_with_safety_augmentation,adhd,llm_proposed,literature,evidence_gap,unresolved,false,0
10,5,adhd_q033,ncb-scientific-b6bcaf52ce24d411,b6bcaf52ce24d41101405c05556ff4df7a5cf370d247fb9fbe590d817921a011,b6bcaf52ce24d41101405c05556ff4df7a5cf370d247fb9fbe590d817921a011,exact_v2.1_reference,aligned,adhd,llm_proposed,literature,evidence_gap,unresolved,false,0
10,5,adhd_q034,ncb-scientific-03136ab7c6bb7990,03136ab7c6bb7990d987f647394f6865d014527a752393660750e24e0cd5b01d,03136ab7c6bb7990d987f647394f6865d014527a752393660750e24e0cd5b01d,exact_v2.1_reference,aligned_with_safety_augmentation,adhd,llm_proposed,literature,evidence_gap,unresolved,false,0
10,5,adhd_q035,ncb-scientific-721c4fa75e038ea4,721c4fa75e038ea4bdb26ce48b91b63d0615507f3c7e11e3dd07f46967efa967,721c4fa75e038ea4bdb26ce48b91b63d0615507f3c7e11e3dd07f46967efa967,exact_v2.1_reference,aligned_with_safety_augmentation,adhd,llm_proposed,literature,evidence_gap,unresolved,false,0
10,5,adhd_q036,ncb-scientific-5af5c999c214ab93,5af5c999c214ab9372f9f2d8ade3dd6da56394efb2231c76129e7a21833959ea,5af5c999c214ab9372f9f2d8ade3dd6da56394efb2231c76129e7a21833959ea,exact_v2.1_reference,aligned_with_safety_augmentation,adhd,llm_proposed,literature,evidence_gap,unresolved,false,0
10,5,adhd_q042,ncb-scientific-579c77d9f61e5f87,579c77d9f61e5f872fb1fae891fba19835a019868aa8a7ef7a47d76233ac7b33,579c77d9f61e5f872fb1fae891fba19835a019868aa8a7ef7a47d76233ac7b33,exact_v2.1_reference,aligned_with_safety_augmentation,adhd,llm_proposed,literature,evidence_gap,unresolved,false,0
10,5,adhd_q043,ncb-scientific-f38d6fdbc4e79d95,f38d6fdbc4e79d95965379c89ad839dad19e0303155a580a4d7bcd26ddf9a32d,f38d6fdbc4e79d95965379c89ad839dad19e0303155a580a4d7bcd26ddf9a32d,exact_v2.1_reference,aligned_with_safety_augmentation,adhd,llm_proposed,literature,evidence_gap,unresolved,true,1
10,5,adhd_q044,ncb-scientific-0d57166941ee6987,0d57166941ee6987a8e94a201d566f6551e2f9cde82cc2d83fe95e4b02d7cf43,0d57166941ee6987a8e94a201d566f6551e2f9cde82cc2d83fe95e4b02d7cf43,exact_v2.1_reference,aligned_with_safety_augmentation,adhd,llm_proposed,literature,evidence_gap,unresolved,false,0
10,5,adhd_q045,ncb-scientific-ad793f2b627c14db,ad793f2b627c14db9571a23bc5ff054129a8af48d092cae596e02c3fbd8ca3e6,ad793f2b627c14db9571a23bc5ff054129a8af48d092cae596e02c3fbd8ca3e6,pre_v2_contract_only,ambiguous_unresolved,adhd,llm_proposed,,,,false,0
10,5,adhd_q046,ncb-scientific-91575e683551f750,91575e683551f75081c4f506c9039447b9776b05e7c95ff1bf81a2323f0c51b9,91575e683551f75081c4f506c9039447b9776b05e7c95ff1bf81a2323f0c51b9,exact_v2.1_reference,aligned,adhd,llm_proposed,literature,evidence_gap,unresolved,true,5
10,5,adhd_q047,ncb-scientific-feb70aa94fa7c90f,feb70aa94fa7c90fa2df8c05f733ba5d944a5de106a49eb36eb63cbfa0415e66,feb70aa94fa7c90fa2df8c05f733ba5d944a5de106a49eb36eb63cbfa0415e66,exact_v2.1_reference,aligned,adhd,llm_proposed,literature,strict,abstain,false,0
10,5,adhd_q048,ncb-scientific-0cdad63325891f3d,0cdad63325891f3d72ae9d25459e2fb0c7ad22a7911a1534b14c6b1dfdc02f28,0cdad63325891f3d72ae9d25459e2fb0c7ad22a7911a1534b14c6b1dfdc02f28,exact_v2.1_reference,aligned,adhd,llm_proposed,literature,provisional,abstain,false,0
10,5,adhd_q049,ncb-scientific-41e14c6dd1c2213b,41e14c6dd1c2213b09c65b85fb99ab48160786245ae19fcdf1dbe6c8a7704fe3,41e14c6dd1c2213b09c65b85fb99ab48160786245ae19fcdf1dbe6c8a7704fe3,exact_v2.1_reference,aligned,adhd,llm_proposed,literature,evidence_gap,unresolved,false,0
10,5,adhd_q050,ncb-scientific-30329250c399e0e1,30329250c399e0e19f0099ec82e0f1abd36cca45c0178fcdc6800cf75650db9e,30329250c399e0e19f0099ec82e0f1abd36cca45c0178fcdc6800cf75650db9e,exact_v2.1_reference,aligned,adhd,llm_proposed,literature,provisional,abstain,false,0
10,5,asd_q001,ncb-scientific-3e1160c83f5950a6,3e1160c83f5950a67cb5f0bbc0478fdf9f1049f9a00563f8ba1bc631c90a9dbf,3e1160c83f5950a67cb5f0bbc0478fdf9f1049f9a00563f8ba1bc631c90a9dbf,exact_v2.1_reference,aligned_with_safety_augmentation,asd,llm_proposed,literature,provisional,confirm,false,0
10,5,asd_q002,ncb-scientific-f6cf8c122d61317c,f6cf8c122d61317c21a1377772ef6ad477761ad1859be149fd5cb4bce5a08ef9,f6cf8c122d61317c21a1377772ef6ad477761ad1859be149fd5cb4bce5a08ef9,exact_v2.1_reference,aligned_with_safety_augmentation,asd,llm_proposed,literature,evidence_gap,unresolved,false,0
10,5,asd_q003,ncb-scientific-b2bc1b3dc8d74234,b2bc1b3dc8d742349867f9f8a7e42fb3186657691ec0e71f041febf9a92913f6,b2bc1b3dc8d742349867f9f8a7e42fb3186657691ec0e71f041febf9a92913f6,exact_v2.1_reference,aligned_with_safety_augmentation,asd,llm_proposed,literature,provisional,abstain,false,0
10,5,asd_q004,ncb-scientific-83e09f86b797842d,83e09f86b797842db14cf907d844db23b34efc9e14034f96c3ccdb763c272e12,83e09f86b797842db14cf907d844db23b34efc9e14034f96c3ccdb763c272e12,exact_v2.1_reference,aligned_with_safety_augmentation,asd,llm_proposed,literature,provisional,abstain,false,0
10,5,asd_q005,ncb-scientific-2aadc4e4de851c0e,2aadc4e4de851c0e2f50ccae550c5f5b5318d46843b677d9fa6b9b8ee0ab5262,2aadc4e4de851c0e2f50ccae550c5f5b5318d46843b677d9fa6b9b8ee0ab5262,exact_v2.1_reference,aligned_with_safety_augmentation,asd,llm_proposed,literature,evidence_gap,unresolved,false,0
10,5,asd_q006,ncb-scientific-31ff42faa1d10211,31ff42faa1d102115303e78160cfa36a14361f7d5ebb5f9c28e43a81eac4e858,31ff42faa1d102115303e78160cfa36a14361f7d5ebb5f9c28e43a81eac4e858,exact_v2.1_reference,aligned_with_safety_augmentation,asd,llm_proposed,literature,evidence_gap,unresolved,false,0
10,5,asd_q007,ncb-scientific-0c04451321f8aa46,0c04451321f8aa463f1d1bfe0e785823e00d716a57d204c1b000827ea22d686c,0c04451321f8aa463f1d1bfe0e785823e00d716a57d204c1b000827ea22d686c,exact_v2.1_reference,aligned_with_safety_augmentation,asd,llm_proposed,literature,evidence_gap,unresolved,false,0
10,5,asd_q008,ncb-scientific-8d7c71367a2043b9,8d7c71367a2043b90fd51104e7c42a5e0fbd4068a2810fc8c3cbff83c8af75e6,8d7c71367a2043b90fd51104e7c42a5e0fbd4068a2810fc8c3cbff83c8af75e6,exact_v2.1_reference,aligned_with_safety_augmentation,asd,llm_proposed,literature,provisional,abstain,false,0
10,5,asd_q009,ncb-scientific-e59e508b9cc05116,e59e508b9cc05116c4cf470f0f1a2f388a2f1589d7452ef3d8199026639608ba,e59e508b9cc05116c4cf470f0f1a2f388a2f1589d7452ef3d8199026639608ba,pre_v2_contract_only,ambiguous_unresolved,asd,llm_proposed,,,,false,0
10,5,asd_q010,ncb-scientific-ff4d46696cfed68a,ff4d46696cfed68a15180d4899c7d603dd7670c50318e776fa4991d2d5e8a6fe,ff4d46696cfed68a15180d4899c7d603dd7670c50318e776fa4991d2d5e8a6fe,exact_v2.1_reference,aligned_with_safety_augmentation,asd,llm_proposed,literature,evidence_gap,unresolved,false,0
10,5,asd_q011,ncb-scientific-548cb9ea8bd9f8de,548cb9ea8bd9f8debed81d65b27010ba68443f8389de280f24e0a60133bfd4ba,548cb9ea8bd9f8debed81d65b27010ba68443f8389de280f24e0a60133bfd4ba,exact_v2.1_reference,aligned_with_safety_augmentation,asd,llm_proposed,literature,evidence_gap,unresolved,false,0
10,5,asd_q012,ncb-scientific-08efd1786e5b448a,08efd1786e5b448a84158f5fd3ce228ce6c198e48d98d9822b46850721e8ef2c,08efd1786e5b448a84158f5fd3ce228ce6c198e48d98d9822b46850721e8ef2c,exact_v2.1_reference,aligned_with_safety_augmentation,asd,llm_proposed,literature,evidence_gap,unresolved,false,0
10,5,asd_q013,ncb-scientific-adc64a42191e17f6,adc64a42191e17f63007bc25281becbf3d5835b1b4907a7c66c7d4875362948d,adc64a42191e17f63007bc25281becbf3d5835b1b4907a7c66c7d4875362948d,exact_v2.1_reference,aligned_with_safety_augmentation,asd,llm_proposed,literature,evidence_gap,unresolved,false,0
10,5,asd_q014,ncb-scientific-3ad601039168835a,3ad601039168835a0aa9153a5d2400c86e8ebb3edd86792e9be32f9545952cb0,3ad601039168835a0aa9153a5d2400c86e8ebb3edd86792e9be32f9545952cb0,exact_v2.1_reference,aligned_with_safety_augmentation,asd,llm_proposed,literature,evidence_gap,unresolved,false,0
10,5,asd_q015,ncb-scientific-7a87a86398becf44,7a87a86398becf44806656c7b8437f675f371fd6f2644ac257e562ca90b86a6a,7a87a86398becf44806656c7b8437f675f371fd6f2644ac257e562ca90b86a6a,exact_v2.1_reference,aligned_with_safety_augmentation,asd,llm_proposed,literature,evidence_gap,unresolved,false,0
10,5,asd_q016,ncb-scientific-67de4555230bc27a,67de4555230bc27a2720a39d25ba2b54acdc13b8df64eb624e3b7162eb249cbf,67de4555230bc27a2720a39d25ba2b54acdc13b8df64eb624e3b7162eb249cbf,exact_v2.1_reference,aligned_with_safety_augmentation,asd,llm_proposed,literature,evidence_gap,unresolved,false,0
10,5,asd_q017,ncb-scientific-30f73b540a076be8,30f73b540a076be8877cbf58acf8e237d4ffaf8c5fa00b91f350eced56d4fe50,30f73b540a076be8877cbf58acf8e237d4ffaf8c5fa00b91f350eced56d4fe50,exact_v2.1_reference,aligned_with_safety_augmentation,asd,llm_proposed,literature,evidence_gap,unresolved,false,0
10,5,asd_q018,ncb-scientific-9c2e4221cf5ca105,9c2e4221cf5ca105c142aa03f1212934ddcc6f3a0b4ae66e5f9d130f892c1d68,9c2e4221cf5ca105c142aa03f1212934ddcc6f3a0b4ae66e5f9d130f892c1d68,exact_v2.1_reference,aligned_with_safety_augmentation,asd,llm_proposed,literature,provisional,abstain,false,0
10,5,asd_q019,ncb-scientific-d3b9d78a966173c6,d3b9d78a966173c6a58a5b8ed01a0316ad73601092701d1310f08cee0928e62e,d3b9d78a966173c6a58a5b8ed01a0316ad73601092701d1310f08cee0928e62e,exact_v2.1_reference,aligned_with_safety_augmentation,asd,llm_proposed,literature,evidence_gap,unresolved,false,0
10,5,asd_q020,ncb-scientific-09bce8d2747a588b,09bce8d2747a588b48e78179d64eef021ef591c62d258c96db87fa1a187763be,09bce8d2747a588b48e78179d64eef021ef591c62d258c96db87fa1a187763be,exact_v2.1_reference,aligned_with_safety_augmentation,asd,llm_proposed,literature,evidence_gap,unresolved,false,0
10,5,asd_q021,ncb-scientific-5e6aa7181e35b605,5e6aa7181e35b6057dcfa0b2ef30e1accaf27ffa30c7110a71e05a7d42cd2bf4,5e6aa7181e35b6057dcfa0b2ef30e1accaf27ffa30c7110a71e05a7d42cd2bf4,exact_v2.1_reference,aligned_with_safety_augmentation,asd,llm_proposed,literature,evidence_gap,unresolved,false,0
10,5,asd_q022,ncb-scientific-7fe9235c8d5841b2,7fe9235c8d5841b21b4e02f5f1ea3da19d265b3dae41e4689eb549064708d519,7fe9235c8d5841b21b4e02f5f1ea3da19d265b3dae41e4689eb549064708d519,exact_v2.1_reference,aligned_with_safety_augmentation,asd,llm_proposed,literature,evidence_gap,unresolved,false,0
10,5,asd_q023,ncb-scientific-2e389c7806389508,2e389c780638950829799320349d8009aea6c3e9e69be08b1982e12b5b434c52,2e389c780638950829799320349d8009aea6c3e9e69be08b1982e12b5b434c52,exact_v2.1_reference,aligned_with_safety_augmentation,asd,llm_proposed,literature,evidence_gap,unresolved,false,0
10,5,asd_q024,ncb-scientific-46c685780a6efe6d,46c685780a6efe6d8000426a098ef58223dceb61be99792eabb6a33e80beadb1,46c685780a6efe6d8000426a098ef58223dceb61be99792eabb6a33e80beadb1,exact_v2.1_reference,aligned_with_safety_augmentation,asd,llm_proposed,literature,evidence_gap,unresolved,false,0
10,5,asd_q025,ncb-scientific-31990e646f54d4e6,31990e646f54d4e694348212341524808d583a3747736b6aec3da643ffe1484e,31990e646f54d4e694348212341524808d583a3747736b6aec3da643ffe1484e,exact_v2.1_reference,aligned_with_safety_augmentation,asd,llm_proposed,literature,evidence_gap,unresolved,false,0
10,5,asd_q026,ncb-scientific-2f6ce6fa5ea95eeb,2f6ce6fa5ea95eeb785ac239b4ff56b118d9d5b5b0e1c76df4fda92bdb52f08c,2f6ce6fa5ea95eeb785ac239b4ff56b118d9d5b5b0e1c76df4fda92bdb52f08c,exact_v2.1_reference,aligned_with_safety_augmentation,asd,llm_proposed,literature,evidence_gap,unresolved,false,0
10,5,asd_q027,ncb-scientific-68bd56b0483a236c,68bd56b0483a236c99db6544b25fa5e81003dd38c2af773be2d3d39b9ad070a6,68bd56b0483a236c99db6544b25fa5e81003dd38c2af773be2d3d39b9ad070a6,exact_v2.1_reference,aligned_with_safety_augmentation,asd,llm_proposed,literature,evidence_gap,unresolved,false,0
10,5,asd_q028,ncb-scientific-83e8c22eb0f4831a,83e8c22eb0f4831ab466f92d33a57545f9a4ac8eb8d3c9af44021b75c7fef4c4,83e8c22eb0f4831ab466f92d33a57545f9a4ac8eb8d3c9af44021b75c7fef4c4,exact_v2.1_reference,aligned_with_safety_augmentation,asd,llm_proposed,literature,evidence_gap,unresolved,false,0
10,5,asd_q029,ncb-scientific-a02841671504d8cd,a02841671504d8cd91f7002bbbc87782b0cb75c4c91c3c75f40930bf0fc27467,a02841671504d8cd91f7002bbbc87782b0cb75c4c91c3c75f40930bf0fc27467,exact_v2.1_reference,aligned_with_safety_augmentation,asd,llm_proposed,literature,evidence_gap,unresolved,false,0
10,5,asd_q030,ncb-scientific-3ba54e0248b29adb,3ba54e0248b29adb223a15306b37f76fc0e2b932fed74e86bd845de4c1fb2ee8,3ba54e0248b29adb223a15306b37f76fc0e2b932fed74e86bd845de4c1fb2ee8,exact_v2.1_reference,aligned_with_safety_augmentation,asd,llm_proposed,literature,evidence_gap,unresolved,false,0
10,5,asd_q031,ncb-scientific-a7bd041be62e2db4,a7bd041be62e2db43aded1d76a6c0b581c7274b1f519b9d483c62e6dc39f3136,a7bd041be62e2db43aded1d76a6c0b581c7274b1f519b9d483c62e6dc39f3136,exact_v2.1_reference,aligned_with_safety_augmentation,asd,llm_proposed,literature,evidence_gap,unresolved,false,0
10,5,asd_q032,ncb-scientific-19802d4080b79f2e,19802d4080b79f2e8f176ede52b798824d854ec76cd44f5f03a2db90b40b33bc,19802d4080b79f2e8f176ede52b798824d854ec76cd44f5f03a2db90b40b33bc,exact_v2.1_reference,aligned_with_safety_augmentation,asd,llm_proposed,literature,evidence_gap,unresolved,false,0
10,5,asd_q033,ncb-scientific-caeb5a6d248ba33c,caeb5a6d248ba33c770c82b3dc6515580c3efad63440adbbb4688d39731a3c41,caeb5a6d248ba33c770c82b3dc6515580c3efad63440adbbb4688d39731a3c41,exact_v2.1_reference,aligned_with_safety_augmentation,asd,llm_proposed,literature,evidence_gap,unresolved,false,0
10,5,asd_q034,ncb-scientific-1f13a7aee9fc1c7d,1f13a7aee9fc1c7dc1187efe86c3068be853653eb4050183fac5bcb492b8bbe3,1f13a7aee9fc1c7dc1187efe86c3068be853653eb4050183fac5bcb492b8bbe3,exact_v2.1_reference,aligned_with_safety_augmentation,asd,llm_proposed,literature,evidence_gap,unresolved,false,0
10,5,asd_q035,ncb-scientific-9b768a7494df75b2,9b768a7494df75b24fdc89ed6f68cee71fad50a0a2b02684368bd092524d7453,9b768a7494df75b24fdc89ed6f68cee71fad50a0a2b02684368bd092524d7453,exact_v2.1_reference,aligned_with_safety_augmentation,asd,llm_proposed,literature,evidence_gap,unresolved,false,0
10,5,asd_q036,ncb-scientific-61274f38e0112edd,61274f38e0112edde8180b2b74bd970e73a3a503b87528dec8547ff8d39e08d3,61274f38e0112edde8180b2b74bd970e73a3a503b87528dec8547ff8d39e08d3,exact_v2.1_reference,aligned_with_safety_augmentation,asd,llm_proposed,literature,evidence_gap,unresolved,false,0
10,5,asd_q037,ncb-scientific-149b1f2aeda4fcb1,149b1f2aeda4fcb1612b5edd3c9ba5d3fdc4cc18d9c5aa1afa53e32c85ed567e,149b1f2aeda4fcb1612b5edd3c9ba5d3fdc4cc18d9c5aa1afa53e32c85ed567e,exact_v2.1_reference,aligned_with_safety_augmentation,asd,llm_proposed,literature,evidence_gap,unresolved,false,0
10,5,asd_q038,ncb-scientific-c631e745a39a4c34,c631e745a39a4c34b7a2b47ee20ac723363fb4d3f247ba63938ada9c0511f640,c631e745a39a4c34b7a2b47ee20ac723363fb4d3f247ba63938ada9c0511f640,exact_v2.1_reference,aligned_with_safety_augmentation,asd,llm_proposed,literature,evidence_gap,unresolved,false,0
10,5,asd_q039,ncb-scientific-3bb5fd92cff87e34,3bb5fd92cff87e343d33e2cd0d6797eaf54d41cfe43a2123a8f42229247ead6c,3bb5fd92cff87e343d33e2cd0d6797eaf54d41cfe43a2123a8f42229247ead6c,exact_v2.1_reference,aligned_with_safety_augmentation,asd,llm_proposed,literature,evidence_gap,unresolved,false,0
10,5,asd_q040,ncb-scientific-cfe09363aec199e4,cfe09363aec199e4d87cfd179508934aa0a694e2ac85f122d79bab05a56bf5ba,cfe09363aec199e4d87cfd179508934aa0a694e2ac85f122d79bab05a56bf5ba,exact_v2.1_reference,aligned,asd,llm_proposed,literature,provisional,confirm,false,0
10,5,asd_q041,ncb-scientific-c823298f5f12df8a,c823298f5f12df8af07efc39e57413ee6b375c5f9f95bf060e712101c70c15cd,c823298f5f12df8af07efc39e57413ee6b375c5f9f95bf060e712101c70c15cd,exact_v2.1_reference,aligned_with_safety_augmentation,asd,llm_proposed,literature,evidence_gap,unresolved,false,0
10,5,asd_q042,ncb-scientific-1f634e71dd689f9b,1f634e71dd689f9bf628ab2462201c44d5996f29424ad3bb244eae08906e402b,1f634e71dd689f9bf628ab2462201c44d5996f29424ad3bb244eae08906e402b,exact_v2.1_reference,aligned_with_safety_augmentation,asd,llm_proposed,literature,evidence_gap,unresolved,false,0
10,5,asd_q043,ncb-scientific-1329501baee4943a,1329501baee4943a8d1925394f1bd0c531b39a4df9d4412f31a9e326f49d547b,1329501baee4943a8d1925394f1bd0c531b39a4df9d4412f31a9e326f49d547b,exact_v2.1_reference,aligned_with_safety_augmentation,asd,llm_proposed,literature,evidence_gap,unresolved,false,0
10,5,asd_q044,ncb-scientific-531f4a09678d2222,531f4a09678d2222e7dfb2b3f2c5e270ea361cb4ff770d5a532b98fb51322082,531f4a09678d2222e7dfb2b3f2c5e270ea361cb4ff770d5a532b98fb51322082,exact_v2.1_reference,aligned_with_safety_augmentation,asd,llm_proposed,literature,evidence_gap,unresolved,false,0
10,5,asd_q045,ncb-scientific-1518a0abab435142,1518a0abab43514213f4d83221121b85df589c0db1f51783ab24f10b187a989c,1518a0abab43514213f4d83221121b85df589c0db1f51783ab24f10b187a989c,exact_v2.1_reference,aligned_with_safety_augmentation,asd,llm_proposed,literature,evidence_gap,unresolved,false,0
10,5,asd_q046,ncb-scientific-afbfd52ab898aa8b,afbfd52ab898aa8b75058616b6193b34892bea7f7d452244ed64defafeede78a,afbfd52ab898aa8b75058616b6193b34892bea7f7d452244ed64defafeede78a,exact_v2.1_reference,aligned,asd,llm_proposed,literature,strict,abstain,false,0
10,5,asd_q047,ncb-scientific-5d4734ea98c9d333,5d4734ea98c9d333507a8f256c939d4c32820705161302d7f9b6dece95787e70,5d4734ea98c9d333507a8f256c939d4c32820705161302d7f9b6dece95787e70,exact_v2.1_reference,aligned_with_safety_augmentation,asd,llm_proposed,literature,evidence_gap,unresolved,false,0
10,5,asd_q048,ncb-scientific-58fd062031fc801e,58fd062031fc801ec995be400539f15fb05609ddaa041a485e24b531f854d19c,58fd062031fc801ec995be400539f15fb05609ddaa041a485e24b531f854d19c,exact_v2.1_reference,aligned_with_safety_augmentation,asd,llm_proposed,literature,evidence_gap,unresolved,false,0
10,5,asd_q049,ncb-scientific-be9238714808b664,be9238714808b66402159f2c45825993dd00eadd147b39f453e2e7e450668e79,be9238714808b66402159f2c45825993dd00eadd147b39f453e2e7e450668e79,exact_v2.1_reference,aligned_with_safety_augmentation,asd,llm_proposed,literature,evidence_gap,unresolved,false,0
10,5,asd_q050,ncb-scientific-206dd8d45a4d9d89,206dd8d45a4d9d891eb2644f5acdf1aeb9a4d894209c6c0c3142e2a74481d2e3,206dd8d45a4d9d891eb2644f5acdf1aeb9a4d894209c6c0c3142e2a74481d2e3,exact_v2.1_reference,aligned_with_safety_augmentation,asd,llm_proposed,literature,evidence_gap,unresolved,false,0
10,5,ad_aging_q027,ncb-scientific-7f4258667f94f44d,7f4258667f94f44d5e73e949aab05c8374dbe1ac010e146956307f30d3201ba2,7f4258667f94f44d5e73e949aab05c8374dbe1ac010e146956307f30d3201ba2,exact_v2.1_reference,aligned_with_safety_augmentation,ad_aging,llm_proposed,literature,evidence_gap,unresolved,false,0
10,5,ad_aging_q028,ncb-scientific-1775e0699f7d950f,1775e0699f7d950fdfe70ffa2494b3427fbca176a2fb9bd01c5bf5329b7dd39e,1775e0699f7d950fdfe70ffa2494b3427fbca176a2fb9bd01c5bf5329b7dd39e,exact_v2.1_reference,aligned_with_safety_augmentation,ad_aging,llm_proposed,literature,evidence_gap,unresolved,true,1
10,5,ad_aging_q029,ncb-scientific-bf6a4a4dabf8357f,bf6a4a4dabf8357f31e6a07ae1504771c332c4ed81929fb895a09609631d5866,bf6a4a4dabf8357f31e6a07ae1504771c332c4ed81929fb895a09609631d5866,exact_v2.1_reference,aligned_with_safety_augmentation,ad_aging,llm_proposed,literature,evidence_gap,unresolved,true,3
10,5,ad_aging_q030,ncb-scientific-75bd3855eddc86c8,75bd3855eddc86c8164fd4b8c788b0d2ff249afef49acbd1c2597bcf3031ee46,75bd3855eddc86c8164fd4b8c788b0d2ff249afef49acbd1c2597bcf3031ee46,exact_v2.1_reference,aligned_with_safety_augmentation,ad_aging,llm_proposed,literature,strict,confirm,true,7
10,5,ad_aging_q032,ncb-scientific-c922885057dbc163,c922885057dbc163bc0da7c09a1f929618f4043b01e964bfbd4ba2d3947e992e,c922885057dbc163bc0da7c09a1f929618f4043b01e964bfbd4ba2d3947e992e,exact_v2.1_reference,aligned_with_safety_augmentation,ad_aging,llm_proposed,literature,evidence_gap,unresolved,true,5
10,5,ad_aging_q034,ncb-scientific-0945ff60b5d68ba8,0945ff60b5d68ba89a298e0d5c7f9a2de1625b057bca524e15324d9708ecf806,0945ff60b5d68ba89a298e0d5c7f9a2de1625b057bca524e15324d9708ecf806,exact_v2.1_reference,aligned_with_safety_augmentation,ad_aging,llm_proposed,literature,evidence_gap,unresolved,true,8
10,5,ad_aging_q035,ncb-scientific-2dcda273dbedc219,2dcda273dbedc219ed9d5d8682aa85ac5f279a5b7efa0b335d1568599836b508,2dcda273dbedc219ed9d5d8682aa85ac5f279a5b7efa0b335d1568599836b508,exact_v2.1_reference,aligned_with_safety_augmentation,ad_aging,llm_proposed,literature,evidence_gap,unresolved,false,0
10,5,ad_aging_q036,ncb-scientific-cc1c11b70cdbc35f,cc1c11b70cdbc35f0fb7b7692822abca760f09315d96cba5c2e0c0d8c07fcfe3,cc1c11b70cdbc35f0fb7b7692822abca760f09315d96cba5c2e0c0d8c07fcfe3,exact_v2.1_reference,aligned_with_safety_augmentation,ad_aging,llm_proposed,literature,evidence_gap,unresolved,false,0
10,5,ad_aging_q037,ncb-scientific-0b054fd85acaa063,0b054fd85acaa06382e368b06e24cb23876d673dda29faac3b690645e449b6d5,0b054fd85acaa06382e368b06e24cb23876d673dda29faac3b690645e449b6d5,exact_v2.1_reference,aligned_with_safety_augmentation,ad_aging,llm_proposed,literature,evidence_gap,unresolved,false,0
10,5,ad_aging_q038,ncb-scientific-1d2a9e0f4f0b8bc3,1d2a9e0f4f0b8bc35fe53e1c18e110f8965f0dbb01897b1aba0cbe4d193e5821,1d2a9e0f4f0b8bc35fe53e1c18e110f8965f0dbb01897b1aba0cbe4d193e5821,exact_v2.1_reference,aligned_with_safety_augmentation,ad_aging,llm_proposed,literature,evidence_gap,unresolved,false,0
10,5,ad_aging_q039,ncb-scientific-a545812912502796,a5458129125027964cfadcefcff0f19c0d3ceed68aede1f9609ffc45247c35e4,a5458129125027964cfadcefcff0f19c0d3ceed68aede1f9609ffc45247c35e4,exact_v2.1_reference,aligned_with_safety_augmentation,ad_aging,llm_proposed,literature,evidence_gap,unresolved,false,0
10,5,ad_aging_q040,ncb-scientific-0b054fd85acaa063,0b054fd85acaa06382e368b06e24cb23876d673dda29faac3b690645e449b6d5,0b054fd85acaa06382e368b06e24cb23876d673dda29faac3b690645e449b6d5,exact_v2.1_reference,aligned_with_safety_augmentation,ad_aging,llm_proposed,literature,evidence_gap,unresolved,false,0
10,5,ad_aging_q041,ncb-scientific-f7956622f7e3eaf8,f7956622f7e3eaf82268d3c6d03184df48ef112532d72822e58c2e3b4eb9abd0,f7956622f7e3eaf82268d3c6d03184df48ef112532d72822e58c2e3b4eb9abd0,exact_v2.1_reference,aligned_with_safety_augmentation,ad_aging,llm_proposed,literature,evidence_gap,unresolved,false,0
10,5,ad_aging_q042,ncb-scientific-24de654ccd87dce2,24de654ccd87dce2402ee3e06841e2aa84bb5b939fe17e0a081e3e3fe8dd97e2,24de654ccd87dce2402ee3e06841e2aa84bb5b939fe17e0a081e3e3fe8dd97e2,exact_v2.1_reference,aligned_with_safety_augmentation,ad_aging,llm_proposed,literature,evidence_gap,unresolved,false,0
10,5,ad_aging_q043,ncb-scientific-f143dbf87a77594f,f143dbf87a77594f45f0c498342b2f4b17215390bf78679a21770bcc782da655,f143dbf87a77594f45f0c498342b2f4b17215390bf78679a21770bcc782da655,exact_v2.1_reference,aligned_with_safety_augmentation,ad_aging,llm_proposed,literature,evidence_gap,unresolved,true,2
10,5,ad_aging_q044,ncb-scientific-0cf9bf17a3cb10a7,0cf9bf17a3cb10a706661b585964be67b5928087882dc93e7b80224dac8a3534,0cf9bf17a3cb10a706661b585964be67b5928087882dc93e7b80224dac8a3534,exact_v2.1_reference,aligned_with_safety_augmentation,ad_aging,llm_proposed,literature,provisional,confirm,false,0
10,5,ad_aging_q045,ncb-scientific-4d6ed37bb9324c72,4d6ed37bb9324c72153b3fa839362f89320d16c7cbd9dd2659db729eb80061bf,4d6ed37bb9324c72153b3fa839362f89320d16c7cbd9dd2659db729eb80061bf,exact_v2.1_reference,aligned_with_safety_augmentation,ad_aging,llm_proposed,literature,evidence_gap,unresolved,false,0
10,5,ad_aging_q046,ncb-scientific-79182620041b5799,79182620041b57998eb9b3eb81cfba653f320fbe529ff0db654dd813626d0e36,79182620041b57998eb9b3eb81cfba653f320fbe529ff0db654dd813626d0e36,exact_v2.1_reference,aligned_with_safety_augmentation,ad_aging,llm_proposed,literature,evidence_gap,unresolved,false,0
10,5,ad_aging_q048,ncb-scientific-a3f4263a0dce56cf,a3f4263a0dce56cf738ebd2d271cf2f786acf25f6ab1432a96784f063e51d349,a3f4263a0dce56cf738ebd2d271cf2f786acf25f6ab1432a96784f063e51d349,exact_v2.1_reference,aligned_with_safety_augmentation,ad_aging,llm_proposed,literature,evidence_gap,unresolved,false,0
10,5,ad_aging_q049,ncb-scientific-24de654ccd87dce2,24de654ccd87dce2402ee3e06841e2aa84bb5b939fe17e0a081e3e3fe8dd97e2,24de654ccd87dce2402ee3e06841e2aa84bb5b939fe17e0a081e3e3fe8dd97e2,exact_v2.1_reference,aligned_with_safety_augmentation,ad_aging,llm_proposed,literature,evidence_gap,unresolved,false,0
10,5,ad_aging_q050,ncb-scientific-693510493058a91a,693510493058a91ac8ead80536de2a54f1331e925b11ad3d69d871fe6c93a395,693510493058a91ac8ead80536de2a54f1331e925b11ad3d69d871fe6c93a395,exact_v2.1_reference,aligned_with_safety_augmentation,ad_aging,llm_proposed,literature,evidence_gap,unresolved,false,0
10,5,psychosis_q001,ncb-scientific-7cb3fe4a5738fae5,7cb3fe4a5738fae59ad565ce7ad320774954e407c9d8edcbc6f05c4bb1287017,7cb3fe4a5738fae59ad565ce7ad320774954e407c9d8edcbc6f05c4bb1287017,exact_v2.1_reference,aligned,psychosis,llm_proposed,literature,evidence_gap,unresolved,false,0
10,5,psychosis_q002,ncb-scientific-266504b3d4e53721,266504b3d4e53721e07a0d77932a5254a3379c3ddf34b0dc44aeea4c4b4cb67d,266504b3d4e53721e07a0d77932a5254a3379c3ddf34b0dc44aeea4c4b4cb67d,exact_v2.1_reference,aligned_with_safety_augmentation,psychosis,llm_proposed,literature,evidence_gap,unresolved,false,0
10,5,psychosis_q003,ncb-scientific-872c426870a43fc0,872c426870a43fc09bee7deefd9487ffedf554184b618cfa1548e9f8d3be8d34,872c426870a43fc09bee7deefd9487ffedf554184b618cfa1548e9f8d3be8d34,exact_v2.1_reference,aligned_with_safety_augmentation,psychosis,llm_proposed,literature,evidence_gap,unresolved,false,0
10,5,psychosis_q004,ncb-scientific-3cd280f660dfbcd4,3cd280f660dfbcd415a0ac5f54af96f2ce8fe1cc897a4a14f869e1ea54467213,3cd280f660dfbcd415a0ac5f54af96f2ce8fe1cc897a4a14f869e1ea54467213,exact_v2.1_reference,aligned_with_safety_augmentation,psychosis,llm_proposed,literature,provisional,confirm,false,0
10,5,psychosis_q005,ncb-scientific-4cedbc48040eac27,4cedbc48040eac27d2eaf9fa5cbc4713fa67c79a232f498107862a2fe7d63e79,4cedbc48040eac27d2eaf9fa5cbc4713fa67c79a232f498107862a2fe7d63e79,exact_v2.1_reference,aligned_with_safety_augmentation,psychosis,llm_proposed,literature,evidence_gap,unresolved,false,0
10,5,psychosis_q006,ncb-scientific-58864dfe748ed623,58864dfe748ed623b1e412e518eb6d075f1280ebe036bb1dc55e56e8a2aca169,58864dfe748ed623b1e412e518eb6d075f1280ebe036bb1dc55e56e8a2aca169,exact_v2.1_reference,aligned_with_safety_augmentation,psychosis,llm_proposed,literature,evidence_gap,unresolved,false,0
10,5,psychosis_q007,ncb-scientific-e5b2412738b16335,e5b2412738b16335f55b1518f3aac394c8cfff48e1b39a9dc0d2b64c2cbb5877,e5b2412738b16335f55b1518f3aac394c8cfff48e1b39a9dc0d2b64c2cbb5877,exact_v2.1_reference,aligned,psychosis,llm_proposed,literature,evidence_gap,unresolved,false,0
10,5,psychosis_q008,ncb-scientific-5e9d9106292eb159,5e9d9106292eb159971d41de9ac66f7064ff9c67b369099bff308886a86ec58b,5e9d9106292eb159971d41de9ac66f7064ff9c67b369099bff308886a86ec58b,exact_v2.1_reference,aligned_with_safety_augmentation,psychosis,llm_proposed,literature,provisional,confirm,false,0
10,5,psychosis_q009,ncb-scientific-8366c91b96faf9a6,8366c91b96faf9a6c9557e9120c312676b6be08466de64a2ea5ecb46f08595dc,8366c91b96faf9a6c9557e9120c312676b6be08466de64a2ea5ecb46f08595dc,exact_v2.1_reference,aligned_with_safety_augmentation,psychosis,llm_proposed,literature,evidence_gap,unresolved,false,0
10,5,psychosis_q010,ncb-scientific-822a9e3fd7a9cc40,822a9e3fd7a9cc40dd56cec27d9df1f4b981c6e08141b1a8a2264fd39544ccfa,822a9e3fd7a9cc40dd56cec27d9df1f4b981c6e08141b1a8a2264fd39544ccfa,exact_v2.1_reference,aligned,psychosis,llm_proposed,literature,evidence_gap,unresolved,false,0
10,5,psychosis_q011,ncb-scientific-d4c0b42a60357a5d,d4c0b42a60357a5d939e12105a02798899968bed182f8471def699471bf39842,d4c0b42a60357a5d939e12105a02798899968bed182f8471def699471bf39842,exact_v2.1_reference,aligned_with_safety_augmentation,psychosis,llm_proposed,literature,evidence_gap,unresolved,false,0
10,5,psychosis_q012,ncb-scientific-6c9d8d248e03fd07,6c9d8d248e03fd072175b3155b829fce548d5dc88bffc0dd63db73a27cc1b1f9,6c9d8d248e03fd072175b3155b829fce548d5dc88bffc0dd63db73a27cc1b1f9,exact_v2.1_reference,aligned,psychosis,llm_proposed,literature,strict,confirm,false,0
10,5,psychosis_q013,ncb-scientific-32c06a5e43e74faa,32c06a5e43e74faa24d16e67accf4262d0369671f06216c693238d120d8f16f9,32c06a5e43e74faa24d16e67accf4262d0369671f06216c693238d120d8f16f9,exact_v2.1_reference,aligned_with_safety_augmentation,psychosis,llm_proposed,literature,evidence_gap,unresolved,false,0
10,5,psychosis_q014,ncb-scientific-f0173ff72ee52b5e,f0173ff72ee52b5e1e878ad93b6ab55443639c37100b7a6ff8546daeb9de844a,f0173ff72ee52b5e1e878ad93b6ab55443639c37100b7a6ff8546daeb9de844a,exact_v2.1_reference,aligned,psychosis,llm_proposed,literature,evidence_gap,unresolved,false,0
10,5,psychosis_q015,ncb-scientific-622e97baf8eece3c,622e97baf8eece3cc6a62615addca82592c24a5eb42cd164d81459a0d041eaab,622e97baf8eece3cc6a62615addca82592c24a5eb42cd164d81459a0d041eaab,exact_v2.1_reference,aligned,psychosis,llm_proposed,literature,evidence_gap,unresolved,false,0
10,5,psychosis_q016,ncb-scientific-9066c4a0d3bc2f9f,9066c4a0d3bc2f9f335adcc9e6fce3653c8c38198faedd03436f1aa34da54b25,9066c4a0d3bc2f9f335adcc9e6fce3653c8c38198faedd03436f1aa34da54b25,exact_v2.1_reference,aligned_with_safety_augmentation,psychosis,llm_proposed,literature,strict,confirm,false,0
10,5,psychosis_q017,ncb-scientific-4bafecc6ed3b9d87,4bafecc6ed3b9d87a26b408fcd1dd48f8e80cc184c6f98eb941ab54c48ad2031,4bafecc6ed3b9d87a26b408fcd1dd48f8e80cc184c6f98eb941ab54c48ad2031,exact_v2.1_reference,aligned,psychosis,llm_proposed,literature,evidence_gap,unresolved,false,0
10,5,psychosis_q018,ncb-scientific-6aa47e3b129ad9fb,6aa47e3b129ad9fb3b897f8e59d71e00f8f3abe34d5515c19a65bf8a5c880e1a,6aa47e3b129ad9fb3b897f8e59d71e00f8f3abe34d5515c19a65bf8a5c880e1a,exact_v2.1_reference,aligned_with_safety_augmentation,psychosis,llm_proposed,literature,evidence_gap,unresolved,true,4
10,5,psychosis_q019,ncb-scientific-047feb6835500e20,047feb6835500e20fce6c8866aa5f4319884079d3ece961fffa1950d3f67649b,047feb6835500e20fce6c8866aa5f4319884079d3ece961fffa1950d3f67649b,exact_v2.1_reference,aligned_with_safety_augmentation,psychosis,llm_proposed,literature,evidence_gap,unresolved,true,4
10,5,psychosis_q021,ncb-scientific-675abad09b88a363,675abad09b88a3632ae7d7ac4e199a4a0e5c99415e8c1ac16c601d7e16a98f35,675abad09b88a3632ae7d7ac4e199a4a0e5c99415e8c1ac16c601d7e16a98f35,exact_v2.1_reference,aligned_with_safety_augmentation,psychosis,llm_proposed,literature,evidence_gap,unresolved,false,0
10,5,psychosis_q022,ncb-scientific-49fd02560669f081,49fd02560669f081865a60b8024eb81ebb6dc5834a87820f119def66b35fa233,49fd02560669f081865a60b8024eb81ebb6dc5834a87820f119def66b35fa233,exact_v2.1_reference,aligned,psychosis,llm_proposed,literature,evidence_gap,unresolved,true,3
10,5,psychosis_q023,ncb-scientific-3942bdaedf8efb2a,3942bdaedf8efb2afecb3c2c12045c0014df9f189b66d0de08e09298d10c22ae,3942bdaedf8efb2afecb3c2c12045c0014df9f189b66d0de08e09298d10c22ae,exact_v2.1_reference,aligned_with_safety_augmentation,psychosis,llm_proposed,literature,evidence_gap,unresolved,false,0
10,5,psychosis_q024,ncb-scientific-9181e305d0e360a5,9181e305d0e360a5d17ec43febd9d32a46fc572a1fa87ab8680c7b4cb79abe90,9181e305d0e360a5d17ec43febd9d32a46fc572a1fa87ab8680c7b4cb79abe90,exact_v2.1_reference,aligned_with_safety_augmentation,psychosis,llm_proposed,literature,evidence_gap,unresolved,false,0
10,5,psychosis_q025,ncb-scientific-4ffc0faff41b9d25,4ffc0faff41b9d251ae15c86a5646175e1972970df38a88ccfac126ba34f43b9,4ffc0faff41b9d251ae15c86a5646175e1972970df38a88ccfac126ba34f43b9,exact_v2.1_reference,aligned,psychosis,llm_proposed,literature,evidence_gap,unresolved,true,8
10,5,psychosis_q026,ncb-scientific-e43def8c3b8cb4e9,e43def8c3b8cb4e9401abd45c8e585ca3fb7555ed77364cdacf981560d643998,e43def8c3b8cb4e9401abd45c8e585ca3fb7555ed77364cdacf981560d643998,exact_v2.1_reference,aligned_with_safety_augmentation,psychosis,llm_proposed,literature,evidence_gap,unresolved,false,0
10,5,psychosis_q027,ncb-scientific-9eaf2a23ddb73ea3,9eaf2a23ddb73ea3b9ad8419cc764b871d15a798fea17ac3a71821704466415e,9eaf2a23ddb73ea3b9ad8419cc764b871d15a798fea17ac3a71821704466415e,exact_v2.1_reference,aligned_with_safety_augmentation,psychosis,llm_proposed,literature,provisional,abstain,false,0
10,5,psychosis_q028,ncb-scientific-6130b7ec9d114c16,6130b7ec9d114c162d53c779a173cc930024074dfc2f729afa0cd4fc7c5e3827,6130b7ec9d114c162d53c779a173cc930024074dfc2f729afa0cd4fc7c5e3827,exact_v2.1_reference,aligned,psychosis,llm_proposed,literature,strict,confirm,false,0
10,5,psychosis_q029,ncb-scientific-561d93190dd22ced,561d93190dd22ced60f31e0fd38e0faf5c987fc53b8acf69c6396133d316d230,561d93190dd22ced60f31e0fd38e0faf5c987fc53b8acf69c6396133d316d230,exact_v2.1_reference,aligned_with_safety_augmentation,psychosis,llm_proposed,literature,evidence_gap,unresolved,false,0
10,5,psychosis_q030,ncb-scientific-23a83dcb8dd0287e,23a83dcb8dd0287e82e81be378cb004bce79a5325cd73ba2c55edfee8113d52d,23a83dcb8dd0287e82e81be378cb004bce79a5325cd73ba2c55edfee8113d52d,exact_v2.1_reference,aligned,psychosis,llm_proposed,literature,evidence_gap,unresolved,false,0
10,5,psychosis_q031,ncb-scientific-611e67de29172a34,611e67de29172a34127865843ed7fbb0a3c674cbea476eacda530d3d8c5a9abf,611e67de29172a34127865843ed7fbb0a3c674cbea476eacda530d3d8c5a9abf,exact_v2.1_reference,aligned_with_safety_augmentation,psychosis,llm_proposed,literature,evidence_gap,unresolved,false,0
10,5,psychosis_q032,ncb-scientific-740708798029c58d,740708798029c58d4d6385bc24deca50249908931c23e35c50e771c1555ef475,740708798029c58d4d6385bc24deca50249908931c23e35c50e771c1555ef475,exact_v2.1_reference,aligned_with_safety_augmentation,psychosis,llm_proposed,literature,strict,confirm,false,0
10,5,psychosis_q033,ncb-scientific-23b8d8c0265298fd,23b8d8c0265298fd242715da197614417003ea5efbb70bf6b292cb27ea990f0d,23b8d8c0265298fd242715da197614417003ea5efbb70bf6b292cb27ea990f0d,exact_v2.1_reference,aligned,psychosis,llm_proposed,literature,evidence_gap,unresolved,false,0
10,5,psychosis_q034,ncb-scientific-548d362dc2682286,548d362dc26822867e373f356852faa0ed9fa00f1757c8e4486a1d240506e03e,548d362dc26822867e373f356852faa0ed9fa00f1757c8e4486a1d240506e03e,exact_v2.1_reference,aligned,psychosis,llm_proposed,literature,evidence_gap,unresolved,false,0
10,5,psychosis_q035,ncb-scientific-66560a7fd0e34141,66560a7fd0e34141ba219136468ed4d54ee064cfff748f6d27aa451fbfd80069,66560a7fd0e34141ba219136468ed4d54ee064cfff748f6d27aa451fbfd80069,exact_v2.1_reference,aligned,psychosis,llm_proposed,literature,provisional,abstain,false,0
10,5,psychosis_q036,ncb-scientific-e313edffc6da7a07,e313edffc6da7a074c42d69ed32da20e4642325dccd086815d410b2e3f7babb3,e313edffc6da7a074c42d69ed32da20e4642325dccd086815d410b2e3f7babb3,exact_v2.1_reference,aligned,psychosis,llm_proposed,literature,evidence_gap,unresolved,false,0
10,5,psychosis_q037,ncb-scientific-3b7b2226aa3bb7ce,3b7b2226aa3bb7ce109fe00563be869699e1fef55876cce35355c6941ea873fd,3b7b2226aa3bb7ce109fe00563be869699e1fef55876cce35355c6941ea873fd,exact_v2.1_reference,aligned,psychosis,llm_proposed,literature,evidence_gap,unresolved,false,0
10,5,psychosis_q038,ncb-scientific-51f69ecdfc1f24b2,51f69ecdfc1f24b277984e6877bcaf2b948d82427c5f75a82b8d082ad218f263,51f69ecdfc1f24b277984e6877bcaf2b948d82427c5f75a82b8d082ad218f263,pre_v2_contract_only,ambiguous_unresolved,psychosis,llm_proposed,,,,false,0
10,5,psychosis_q039,ncb-scientific-d0535a6cab6d913b,d0535a6cab6d913b7aae20a3c6e47c1d8b5c21a56abd87a6f45877adf81829e0,d0535a6cab6d913b7aae20a3c6e47c1d8b5c21a56abd87a6f45877adf81829e0,exact_v2.1_reference,aligned,psychosis,llm_proposed,literature,provisional,confirm,false,0
10,5,psychosis_q040,ncb-scientific-80318de11aee33ca,80318de11aee33cafcafc23b40e6d185a412151c5603277794147b1d572df23d,80318de11aee33cafcafc23b40e6d185a412151c5603277794147b1d572df23d,exact_v2.1_reference,aligned,psychosis,llm_proposed,literature,evidence_gap,unresolved,false,0
10,5,psychosis_q042,ncb-scientific-70527a90423a8295,70527a90423a8295ebeae835b0a95e8bc634a4d1611424dbdb775935515a8516,70527a90423a8295ebeae835b0a95e8bc634a4d1611424dbdb775935515a8516,exact_v2.1_reference,aligned,psychosis,llm_proposed,literature,evidence_gap,unresolved,true,8
10,5,psychosis_q043,ncb-scientific-41408a5127ecaa01,41408a5127ecaa01bb16f33bb137977cb589300803b75207c17804f34de42e00,41408a5127ecaa01bb16f33bb137977cb589300803b75207c17804f34de42e00,exact_v2.1_reference,aligned,psychosis,llm_proposed,literature,provisional,abstain,true,5
10,5,psychosis_q045,ncb-scientific-81e24d3b130902a4,81e24d3b130902a46cd52114a0894c5d3052a400c072cda182917e5eb6728851,81e24d3b130902a46cd52114a0894c5d3052a400c072cda182917e5eb6728851,exact_v2.1_reference,aligned,psychosis,llm_proposed,literature,evidence_gap,unresolved,true,3
10,5,psychosis_q046,ncb-scientific-172d75bcc17dcce9,172d75bcc17dcce9c2a8cde3b446b4521935e40d9bee3691b4d574e1b426012d,172d75bcc17dcce9c2a8cde3b446b4521935e40d9bee3691b4d574e1b426012d,exact_v2.1_reference,aligned,psychosis,llm_proposed,literature,evidence_gap,unresolved,false,0
10,5,psychosis_q047,ncb-scientific-58a996a383e72e5b,58a996a383e72e5b79cc802cd41cc61d146ef74faab2650d92112acd832924d8,58a996a383e72e5b79cc802cd41cc61d146ef74faab2650d92112acd832924d8,exact_v2.1_reference,aligned,psychosis,llm_proposed,literature,provisional,confirm,true,3
10,5,psychosis_q048,ncb-scientific-ed8eabb252714493,ed8eabb252714493617a23875b640f41f1af8d9b8826cdbb8845c317adcbc72f,ed8eabb252714493617a23875b640f41f1af8d9b8826cdbb8845c317adcbc72f,exact_v2.1_reference,aligned,psychosis,llm_proposed,literature,evidence_gap,unresolved,false,0
10,5,psychosis_q049,ncb-scientific-a1da46d7f5fa792d,a1da46d7f5fa792d06b40ef905be2163aa10371959c82a12774363e09e80a844,a1da46d7f5fa792d06b40ef905be2163aa10371959c82a12774363e09e80a844,exact_v2.1_reference,aligned_with_safety_augmentation,psychosis,llm_proposed,literature,evidence_gap,unresolved,false,0
10,5,psychosis_q050,ncb-scientific-55b455d152ed1390,55b455d152ed1390382cc96bd36b995f3d6549c65d1710583265325ae547aabe,55b455d152ed1390382cc96bd36b995f3d6549c65d1710583265325ae547aabe,exact_v2.1_reference,aligned,psychosis,llm_proposed,literature,evidence_gap,unresolved,false,0
1,10,pubmed_23333262_pmid23333262_rsfc_aging_1,ncb-scientific-9c418256797d0a86,9c418256797d0a86064d970a3e88ff8457d32310776b1a8297e66c8a796c3e35,9c418256797d0a86064d970a3e88ff8457d32310776b1a8297e66c8a796c3e35,exact_v2.1_reference,aligned,normative_fmri,literature_grounded,literature,evidence_gap,unresolved,false,0
1,10,pubmed_39856610_pmid39856610_1,ncb-scientific-f7c3e84a1cb3480d,f7c3e84a1cb3480df741174bb0e279d66de6682c8fed7217cb12a501ce7abb09,f7c3e84a1cb3480df741174bb0e279d66de6682c8fed7217cb12a501ce7abb09,pre_v2_contract_only,ambiguous_unresolved,adhd,literature_grounded,,,,false,0
1,10,pubmed_35583796_pmid35583796_rsfc_dmn_within,ncb-scientific-9306eed5ac12c7af,9306eed5ac12c7afb5d6c7513192e5e650af6d2ccd09172f90bd0be83b95b662,9306eed5ac12c7afb5d6c7513192e5e650af6d2ccd09172f90bd0be83b95b662,exact_v2.1_reference,aligned,adhd,literature_grounded,literature,provisional,abstain,false,0
1,10,pubmed_35583796_pmid35583796_rsfc_dmn_control_salience,ncb-scientific-060910c2dae3c7c0,060910c2dae3c7c0bc483bb7456953e7717bc55f016c82a246c15256e99ca483,060910c2dae3c7c0bc483bb7456953e7717bc55f016c82a246c15256e99ca483,exact_v2.1_reference,aligned,adhd,literature_grounded,literature,provisional,abstain,false,0
1,10,pubmed_36403658_pmid36403658_adhd_dmn_fc,ncb-scientific-bace4c130b60ece5,bace4c130b60ece50157fd3d6ec0b0e4244cf860559cbcb48aa4a9e499ab497d,bace4c130b60ece50157fd3d6ec0b0e4244cf860559cbcb48aa4a9e499ab497d,pre_v2_contract_only,ambiguous_unresolved,adhd,literature_grounded,,,,false,0
1,10,pubmed_36403658_pmid36403658_adhd_fc_classifier,ncb-scientific-ce9b34e85b1510c7,ce9b34e85b1510c7cdb61caab47224a564c4d18a9d89c72c6952a58e8ed87491,ce9b34e85b1510c7cdb61caab47224a564c4d18a9d89c72c6952a58e8ed87491,pre_v2_contract_only,ambiguous_unresolved,adhd,literature_grounded,,,,false,0
1,10,pubmed_35359026_35359026_1,ncb-scientific-f3636d57e59fc807,f3636d57e59fc80720979dd8e617af6796721000006447ea84631b5fed881c38,f3636d57e59fc80720979dd8e617af6796721000006447ea84631b5fed881c38,exact_v2.1_reference,aligned,adhd,literature_grounded,literature,evidence_gap,unresolved,false,0
1,10,pubmed_34280835_pmid34280835_adhd_smn-fc_01,ncb-scientific-4bec8588ceb4224d,4bec8588ceb4224ddd1ba5d8630aca64bbe57f5c572153bf88b8b92a099e90a4,4bec8588ceb4224ddd1ba5d8630aca64bbe57f5c572153bf88b8b92a099e90a4,exact_v2.1_reference,aligned,adhd,literature_grounded,literature,evidence_gap,unresolved,false,0
1,10,pubmed_31265198_pmid31265198_fc_adhd_vs_tdc,ncb-scientific-c8acae9508ef35fd,c8acae9508ef35fd71e17be422a96ff94cda16d53561647f67cc34bf3fb5e2dc,c8acae9508ef35fd71e17be422a96ff94cda16d53561647f67cc34bf3fb5e2dc,exact_v2.1_reference,aligned,adhd,literature_grounded,literature,provisional,abstain,false,0
1,10,pubmed_35338900_pmid35338900_age_fcsc,ncb-scientific-5640b53a2dfaa1b8,5640b53a2dfaa1b884c99a06c8c8897d97d1155e8f60cc54e4822588eef8e5bc,5640b53a2dfaa1b884c99a06c8c8897d97d1155e8f60cc54e4822588eef8e5bc,pre_v2_contract_only,ambiguous_unresolved,adhd,literature_grounded,,,,false,0
1,10,pubmed_35338900_pmid35338900_boysadhd_limbicdmn,ncb-scientific-de1363fa0a54a318,de1363fa0a54a31857453e1dd873734715696b750931e1ee29d64fb8103b2e58,de1363fa0a54a31857453e1dd873734715696b750931e1ee29d64fb8103b2e58,exact_v2.1_reference,aligned,adhd,literature_grounded,literature,evidence_gap,unresolved,false,0
1,10,pubmed_37121277_pmid37121277_reho_cluster1_vs_td,ncb-scientific-e59b8563fe5abace,e59b8563fe5abace75c175eff2d6c6bc371d7aa0b5053b5fc34317818314bff5,e59b8563fe5abace75c175eff2d6c6bc371d7aa0b5053b5fc34317818314bff5,pre_v2_contract_only,ambiguous_unresolved,asd,literature_grounded,,,,false,0
1,10,pubmed_37121277_pmid37121277_vmhc_cluster1_vs_td,ncb-scientific-f41a8c5978b01125,f41a8c5978b01125b76c9d2800b0f2317936ed7c14759937a1ed14428bc25897,f41a8c5978b01125b76c9d2800b0f2317936ed7c14759937a1ed14428bc25897,pre_v2_contract_only,ambiguous_unresolved,asd,literature_grounded,,,,false,0
1,10,pubmed_37121277_pmid37121277_mccfc_cluster2_vs_td,ncb-scientific-c98428886dd0f1d9,c98428886dd0f1d91c3a75d885826b5fb7726225297f515afa05718599e2996d,c98428886dd0f1d91c3a75d885826b5fb7726225297f515afa05718599e2996d,pre_v2_contract_only,ambiguous_unresolved,asd,literature_grounded,,,,false,0
1,10,pubmed_42141307_pmid42141307_asd_fmri_fc_casecontrol_mixed,ncb-scientific-4f6f45a81e8e3370,4f6f45a81e8e337049763733e2b9871efc22c4d9fc5f5f6d4ccf920cb8a023d6,4f6f45a81e8e337049763733e2b9871efc22c4d9fc5f5f6d4ccf920cb8a023d6,exact_v2.1_reference,aligned,asd,literature_grounded,literature,strict,confirm,false,0
1,10,pubmed_34264028_34264028-1,ncb-scientific-7ab10eca62cc6fc7,7ab10eca62cc6fc7aac3fc6c5d935bbe58e90be3a4850b9956b9d4bb8758e45f,7ab10eca62cc6fc7aac3fc6c5d935bbe58e90be3a4850b9956b9d4bb8758e45f,pre_v2_contract_only,ambiguous_unresolved,asd,literature_grounded,,,,false,0
1,10,pubmed_37741308_pmid37741308_asd_fc_groupdiff,ncb-scientific-55457edaa703fbe4,55457edaa703fbe4b0e3548c6732e7f7dc35b0535beed7336e617f077b9a8172,55457edaa703fbe4b0e3548c6732e7f7dc35b0535beed7336e617f077b9a8172,exact_v2.1_reference,aligned,asd,literature_grounded,literature,evidence_gap,unresolved,false,0
1,10,pubmed_28040544_pmid28040544_asd_fc_kea_corticalnetworks,ncb-scientific-cb86d4103ebb0e0c,cb86d4103ebb0e0cfb84aeae03b006b1b9f5e196a73b165f42e271c167d1f8d0,cb86d4103ebb0e0cfb84aeae03b006b1b9f5e196a73b165f42e271c167d1f8d0,exact_v2.1_reference,aligned,asd,literature_grounded,literature,provisional,confirm,false,0
1,10,pubmed_28040544_pmid28040544_asd_fc_selffacetom,ncb-scientific-08c6866776e43268,08c6866776e432686055fe502dc79eaebce0f6916de3c9ca15c72b7849a8070b,08c6866776e432686055fe502dc79eaebce0f6916de3c9ca15c72b7849a8070b,exact_v2.1_reference,aligned,asd,literature_grounded,literature,provisional,confirm,false,0
1,10,pubmed_30833582_pmid30833582_asd_stepwise_connectivity,ncb-scientific-88422a822641e7cd,88422a822641e7cdcba6f457a4fa41387a32f9f3a60e08260ef9b6a18e716ada,88422a822641e7cdcba6f457a4fa41387a32f9f3a60e08260ef9b6a18e716ada,exact_v2.1_reference,aligned,asd,literature_grounded,literature,strict,confirm,false,0
1,10,pubmed_1431963_pmid1431963_mta_ad_vs_controls,ncb-scientific-e2c8b315d5871123,e2c8b315d58711232df3fb244f289b13f1a98c97f3043bbed5db37f77d0fac0a,e2c8b315d58711232df3fb244f289b13f1a98c97f3043bbed5db37f77d0fac0a,exact_v2.1_reference,aligned,ad_aging,literature_grounded,literature,strict,confirm,true,4
1,10,pubmed_21729419_pmid21729419_2,ncb-scientific-e2c8b315d5871123,e2c8b315d58711232df3fb244f289b13f1a98c97f3043bbed5db37f77d0fac0a,e2c8b315d58711232df3fb244f289b13f1a98c97f3043bbed5db37f77d0fac0a,exact_v2.1_reference,aligned,ad_aging,literature_grounded,literature,strict,confirm,true,5
1,10,pubmed_31313441_31313441-psychosis-rsfc-casecontrol,ncb-scientific-1c4bb13eab05e379,1c4bb13eab05e37903f684a6f8836eb4046bdfd60c0337e4be303461922306ff,1c4bb13eab05e37903f684a6f8836eb4046bdfd60c0337e4be303461922306ff,exact_v2.1_reference,aligned,psychosis,literature_grounded,literature,strict,confirm,false,0
1,10,pubmed_29653095_29653095-psychosis-fc-01,ncb-scientific-c671d3de1b2734cb,c671d3de1b2734cb8e64ccc55fdd15ea4118e551d604845c6f756f7b71f7ba43,c671d3de1b2734cb8e64ccc55fdd15ea4118e551d604845c6f756f7b71f7ba43,exact_v2.1_reference,aligned,psychosis,literature_grounded,literature,provisional,confirm,false,0
1,10,pubmed_29653095_29653095-psychosis-fc-02,ncb-scientific-b336c91ebd2e082c,b336c91ebd2e082c670facfa74d1a9ee136e61e29d1305f2d91cecac8b77f04c,b336c91ebd2e082c670facfa74d1a9ee136e61e29d1305f2d91cecac8b77f04c,pre_v2_contract_only,ambiguous_unresolved,psychosis,literature_grounded,,,,false,0
1,10,pubmed_35753120_pmid35753120_1,ncb-scientific-5d5fd40a49dbf782,5d5fd40a49dbf782645572714c9237709a98147ddd0551217a75c6523f448980,5d5fd40a49dbf782645572714c9237709a98147ddd0551217a75c6523f448980,pre_v2_contract_only,ambiguous_unresolved,psychosis,literature_grounded,,,,false,0
1,10,pubmed_34183210_pmid34183210_1,ncb-scientific-c1112f228bb27f06,c1112f228bb27f06f18f32376d89a4b816fcc7df2f53487617d65faedc726ef5,c1112f228bb27f06f18f32376d89a4b816fcc7df2f53487617d65faedc726ef5,pre_v2_contract_only,ambiguous_unresolved,psychosis,literature_grounded,,,,false,0
1,10,pubmed_34183210_pmid34183210_3,ncb-scientific-67542fa55426a130,67542fa55426a13052157d88d588a5334147c1872c82514b9edcf4651c8ca7b7,67542fa55426a13052157d88d588a5334147c1872c82514b9edcf4651c8ca7b7,pre_v2_contract_only,ambiguous_unresolved,psychosis,literature_grounded,,,,false,0
1,10,pubmed_38422833_pmid38422833_cortical_fnc,ncb-scientific-09903e42ed156c26,09903e42ed156c2690cdbe27471b1d9877a5a23f33b016ead3e1b12870fef1fc,09903e42ed156c2690cdbe27471b1d9877a5a23f33b016ead3e1b12870fef1fc,exact_v2.1_reference,aligned,psychosis,literature_grounded,literature,strict,confirm,false,0
1,10,normative_fmri_001,ncb-scientific-6f07b924f78e762d,6f07b924f78e762dbb04192421df62ac5dd24835b8e50993a3f5c2cdf333e66c,6f07b924f78e762dbb04192421df62ac5dd24835b8e50993a3f5c2cdf333e66c,exact_v2.1_reference,aligned_with_safety_augmentation,normative_fmri,llm_proposed,literature,provisional,confirm,true,1
1,10,normative_fmri_002,ncb-scientific-a1bf69b8f56d46c9,a1bf69b8f56d46c996f93349f5201c8b628f7dd5753a9899ff61c78ed977e658,a1bf69b8f56d46c996f93349f5201c8b628f7dd5753a9899ff61c78ed977e658,exact_v2.1_reference,aligned_with_safety_augmentation,normative_fmri,llm_proposed,literature,evidence_gap,unresolved,false,0
1,10,normative_fmri_003,ncb-scientific-dc6371e72c01cdcd,dc6371e72c01cdcd2e2e176efc8496ba66d5715ea1c8da75ab66be1c67032e07,dc6371e72c01cdcd2e2e176efc8496ba66d5715ea1c8da75ab66be1c67032e07,exact_v2.1_reference,aligned_with_safety_augmentation,normative_fmri,llm_proposed,literature,evidence_gap,unresolved,false,0
1,10,normative_fmri_006,ncb-scientific-42b2c11ed186c2c9,42b2c11ed186c2c9d794dfd42e14b54cf31afc8d70f2f8c136913760977724fb,42b2c11ed186c2c9d794dfd42e14b54cf31afc8d70f2f8c136913760977724fb,exact_v2.1_reference,aligned_with_safety_augmentation,normative_fmri,llm_proposed,literature,evidence_gap,unresolved,true,1
1,10,normative_fmri_007,ncb-scientific-a9e0ba33a876abc0,a9e0ba33a876abc0fa6cbc657ebbfa5b3516bdf998288dcb9ea497f1dd12cfda,a9e0ba33a876abc0fa6cbc657ebbfa5b3516bdf998288dcb9ea497f1dd12cfda,exact_v2.1_reference,aligned_with_safety_augmentation,normative_fmri,llm_proposed,literature,evidence_gap,unresolved,false,0
1,10,normative_fmri_009,ncb-scientific-e7c94f56c83e0651,e7c94f56c83e06518cfb23793f51ccaf963a39435caaaca93bcd7d7166f65091,e7c94f56c83e06518cfb23793f51ccaf963a39435caaaca93bcd7d7166f65091,exact_v2.1_reference,aligned_with_safety_augmentation,normative_fmri,llm_proposed,literature,evidence_gap,unresolved,false,0
1,10,normative_fmri_013,ncb-scientific-8482b5c202e5e323,8482b5c202e5e3235de8c6063dda4b78550e3f9e00df27d431e2d1f0d720b4aa,8482b5c202e5e3235de8c6063dda4b78550e3f9e00df27d431e2d1f0d720b4aa,exact_v2.1_reference,aligned_with_safety_augmentation,normative_fmri,llm_proposed,literature,evidence_gap,unresolved,false,0
1,10,normative_fmri_014,ncb-scientific-43b88d75579673af,43b88d75579673af885b371f0652ded9c324f9b8bf3da288fe57fd77b533156d,43b88d75579673af885b371f0652ded9c324f9b8bf3da288fe57fd77b533156d,exact_v2.1_reference,aligned_with_safety_augmentation,normative_fmri,llm_proposed,literature,evidence_gap,unresolved,false,0
1,10,normative_fmri_015,ncb-scientific-e1c33335981addda,e1c33335981addda2599fe24aa86c62ac3f0c9a159ee7345d23c83e540683619,e1c33335981addda2599fe24aa86c62ac3f0c9a159ee7345d23c83e540683619,exact_v2.1_reference,aligned_with_safety_augmentation,normative_fmri,llm_proposed,literature,evidence_gap,unresolved,false,0
1,10,normative_fmri_016,ncb-scientific-7c173adc5485d7ce,7c173adc5485d7ce2f944c400dd42b6053d003a6972c57de7cbc05bac07157ce,7c173adc5485d7ce2f944c400dd42b6053d003a6972c57de7cbc05bac07157ce,exact_v2.1_reference,aligned_with_safety_augmentation,normative_fmri,llm_proposed,literature,evidence_gap,unresolved,false,0
1,10,normative_fmri_017,ncb-scientific-e9887ba0003df877,e9887ba0003df8779438a68d1005ebb55b6bb49af3d222c23f2ed43541800f4c,e9887ba0003df8779438a68d1005ebb55b6bb49af3d222c23f2ed43541800f4c,exact_v2.1_reference,aligned_with_safety_augmentation,normative_fmri,llm_proposed,literature,evidence_gap,unresolved,false,0
1,10,normative_fmri_021,ncb-scientific-f84fe6980294c120,f84fe6980294c120bccc3de4d0ceb634edd5c41e1166cc53760b2275e4bae482,f84fe6980294c120bccc3de4d0ceb634edd5c41e1166cc53760b2275e4bae482,exact_v2.1_reference,aligned_with_safety_augmentation,normative_fmri,llm_proposed,literature,evidence_gap,unresolved,false,0
1,10,normative_fmri_022,ncb-scientific-704522685c487d81,704522685c487d817c358b1648972cf4b93110fe504eef340f7662e1605fe2af,704522685c487d817c358b1648972cf4b93110fe504eef340f7662e1605fe2af,exact_v2.1_reference,aligned_with_safety_augmentation,normative_fmri,llm_proposed,literature,evidence_gap,unresolved,false,0
1,10,normative_fmri_023,ncb-scientific-05c17620b6ff0817,05c17620b6ff0817912306ae784d68f40f43538421d7a77238304c5941523117,05c17620b6ff0817912306ae784d68f40f43538421d7a77238304c5941523117,exact_v2.1_reference,aligned_with_safety_augmentation,normative_fmri,llm_proposed,literature,evidence_gap,unresolved,false,0
1,10,normative_fmri_025,ncb-scientific-ee627d7a5d823df0,ee627d7a5d823df05e627bdf39c5c62a61d74c6453f8c490dc39a233a4ecf6a1,ee627d7a5d823df05e627bdf39c5c62a61d74c6453f8c490dc39a233a4ecf6a1,exact_v2.1_reference,aligned_with_safety_augmentation,normative_fmri,llm_proposed,literature,evidence_gap,unresolved,false,0
1,10,normative_fmri_026,ncb-scientific-cb339bf30281cede,cb339bf30281cedea3769b3c8ba3c0199ad8889c6569c72e5720af2c4c1b226d,cb339bf30281cedea3769b3c8ba3c0199ad8889c6569c72e5720af2c4c1b226d,exact_v2.1_reference,aligned_with_safety_augmentation,normative_fmri,llm_proposed,literature,evidence_gap,unresolved,false,0
1,10,normative_fmri_027,ncb-scientific-a427d5471566b2cf,a427d5471566b2cf475103489cde2f05ea57bbab09ea9cdd585ccf3a09b6dc00,a427d5471566b2cf475103489cde2f05ea57bbab09ea9cdd585ccf3a09b6dc00,exact_v2.1_reference,aligned_with_safety_augmentation,normative_fmri,llm_proposed,literature,evidence_gap,unresolved,false,0
1,10,normative_fmri_028,ncb-scientific-2a5d5bc83ab86134,2a5d5bc83ab8613499aab2ac0e974ec72a4dd0f1099d99320ee8a8e449b683b6,2a5d5bc83ab8613499aab2ac0e974ec72a4dd0f1099d99320ee8a8e449b683b6,exact_v2.1_reference,aligned_with_safety_augmentation,normative_fmri,llm_proposed,literature,evidence_gap,unresolved,false,0
1,10,normative_fmri_031,ncb-scientific-c9246d08669f6265,c9246d08669f6265e26d6a274208eaff54a2c585d734065f5cd7d4289f86a6ed,c9246d08669f6265e26d6a274208eaff54a2c585d734065f5cd7d4289f86a6ed,exact_v2.1_reference,aligned_with_safety_augmentation,normative_fmri,llm_proposed,literature,evidence_gap,unresolved,false,0
1,10,normative_fmri_032,ncb-scientific-0fba59d9c8075ce0,0fba59d9c8075ce0e6445699e130455b749c5802904fc65688809203764277dd,0fba59d9c8075ce0e6445699e130455b749c5802904fc65688809203764277dd,exact_v2.1_reference,aligned_with_safety_augmentation,normative_fmri,llm_proposed,literature,evidence_gap,unresolved,false,0
1,10,normative_fmri_033,ncb-scientific-c1b8f2bee08cd388,c1b8f2bee08cd3885ae393bad4189abe4f6f306525a43073ef666674c49e6e5a,c1b8f2bee08cd3885ae393bad4189abe4f6f306525a43073ef666674c49e6e5a,exact_v2.1_reference,aligned_with_safety_augmentation,normative_fmri,llm_proposed,literature,evidence_gap,unresolved,false,0
1,10,normative_fmri_034,ncb-scientific-eafa675a2857a0cb,eafa675a2857a0cb78b9514e4388964a9404eeef0cb89fc7b7b10da646cce92b,eafa675a2857a0cb78b9514e4388964a9404eeef0cb89fc7b7b10da646cce92b,exact_v2.1_reference,aligned_with_safety_augmentation,normative_fmri,llm_proposed,literature,evidence_gap,unresolved,false,0
1,10,normative_fmri_035,ncb-scientific-65466f9b282b22be,65466f9b282b22be1e717ceaf51a11a1383878fa6f0987faf8a0e2a126ffa737,65466f9b282b22be1e717ceaf51a11a1383878fa6f0987faf8a0e2a126ffa737,exact_v2.1_reference,aligned_with_safety_augmentation,normative_fmri,llm_proposed,literature,evidence_gap,unresolved,false,0
1,10,normative_fmri_036,ncb-scientific-d6cbeb536d2b0163,d6cbeb536d2b01632b3c753bd865bcb7f96749ca7f83705faf307f82a8ceda07,d6cbeb536d2b01632b3c753bd865bcb7f96749ca7f83705faf307f82a8ceda07,exact_v2.1_reference,aligned_with_safety_augmentation,normative_fmri,llm_proposed,literature,evidence_gap,unresolved,false,0
1,10,normative_fmri_038,ncb-scientific-06e24b7117348843,06e24b71173488433aa6f5a40a6db8bea7b0468cbafdaa0253d8d8563a1b8453,06e24b71173488433aa6f5a40a6db8bea7b0468cbafdaa0253d8d8563a1b8453,exact_v2.1_reference,aligned_with_safety_augmentation,normative_fmri,llm_proposed,literature,evidence_gap,unresolved,true,1
1,10,normative_fmri_039,ncb-scientific-493d1fd9443c1c35,493d1fd9443c1c35a711b47980ace70d89341606b2d943556f40528ed85ce744,493d1fd9443c1c35a711b47980ace70d89341606b2d943556f40528ed85ce744,exact_v2.1_reference,aligned_with_safety_augmentation,normative_fmri,llm_proposed,literature,evidence_gap,unresolved,false,0
1,10,normative_fmri_040,ncb-scientific-86a81a5f3a28d98c,86a81a5f3a28d98c10f2fd88774a049275a6dd3a56fa4e236ed763a643cae1c7,86a81a5f3a28d98c10f2fd88774a049275a6dd3a56fa4e236ed763a643cae1c7,exact_v2.1_reference,aligned_with_safety_augmentation,normative_fmri,llm_proposed,literature,evidence_gap,unresolved,false,0
1,10,normative_fmri_041,ncb-scientific-ea3fb846fbd7533c,ea3fb846fbd7533c676dd161a54428494426f0c6824d09709a81fa30f338b633,ea3fb846fbd7533c676dd161a54428494426f0c6824d09709a81fa30f338b633,pre_v2_contract_only,ambiguous_unresolved,normative_fmri,llm_proposed,,,,false,0
1,10,normative_fmri_042,ncb-scientific-89c7369d95a29475,89c7369d95a294751cf5c375140d9d130dba267d6c01ae06bb839c019ab703a8,89c7369d95a294751cf5c375140d9d130dba267d6c01ae06bb839c019ab703a8,pre_v2_contract_only,ambiguous_unresolved,normative_fmri,llm_proposed,,,,true,1
1,10,normative_fmri_043,ncb-scientific-9b0372d2c93e148a,9b0372d2c93e148a55d818beea55e176baab43b6cdcbb1cadd346c4698342848,9b0372d2c93e148a55d818beea55e176baab43b6cdcbb1cadd346c4698342848,pre_v2_contract_only,ambiguous_unresolved,normative_fmri,llm_proposed,,,,false,0
1,10,normative_fmri_044,ncb-scientific-adc7daee506cca47,adc7daee506cca470db321582aa77b9cc0e7f2abd527b99d4738e32de92f9075,adc7daee506cca470db321582aa77b9cc0e7f2abd527b99d4738e32de92f9075,pre_v2_contract_only,ambiguous_unresolved,normative_fmri,llm_proposed,,,,false,0
1,10,normative_fmri_047,ncb-scientific-319a1462bfdbc89d,319a1462bfdbc89d930616a30480c076432748e170281465818679f30546de86,319a1462bfdbc89d930616a30480c076432748e170281465818679f30546de86,exact_v2.1_reference,aligned_with_safety_augmentation,normative_fmri,llm_proposed,literature,evidence_gap,unresolved,false,0
1,10,normative_fmri_048,ncb-scientific-0efe8c9435d8ffdf,0efe8c9435d8ffdf5e3a10cd931fb791519373a7a547403b10409137517788bb,0efe8c9435d8ffdf5e3a10cd931fb791519373a7a547403b10409137517788bb,exact_v2.1_reference,aligned_with_safety_augmentation,normative_fmri,llm_proposed,literature,evidence_gap,unresolved,false,0
1,10,normative_fmri_049,ncb-scientific-2a373f053e882288,2a373f053e8822881dab40e7c242d78c2c729156c584d8a69c506f7d761a324d,2a373f053e8822881dab40e7c242d78c2c729156c584d8a69c506f7d761a324d,pre_v2_contract_only,ambiguous_unresolved,normative_fmri,llm_proposed,,,,false,0
1,10,normative_fmri_050,ncb-scientific-faaaeb165e293001,faaaeb165e29300168533c3f46df10bc022f709f42e5ae34a3f8f39f6583b00b,faaaeb165e29300168533c3f46df10bc022f709f42e5ae34a3f8f39f6583b00b,pre_v2_contract_only,ambiguous_unresolved,normative_fmri,llm_proposed,,,,false,0
1,10,adhd_q001,ncb-scientific-9ec4c7f2ec1fad99,9ec4c7f2ec1fad994bbafcb3d8260862dc2d3b5829226c0f0c4ea111889d1c08,9ec4c7f2ec1fad994bbafcb3d8260862dc2d3b5829226c0f0c4ea111889d1c08,exact_v2.1_reference,aligned_with_safety_augmentation,adhd,llm_proposed,literature,evidence_gap,unresolved,false,0
1,10,adhd_q002,ncb-scientific-e655e7f3059cc2a2,e655e7f3059cc2a2fa0bfd47f5738215071ffd1c322d56face875667b06330b8,e655e7f3059cc2a2fa0bfd47f5738215071ffd1c322d56face875667b06330b8,exact_v2.1_reference,aligned_with_safety_augmentation,adhd,llm_proposed,literature,provisional,abstain,false,0
1,10,adhd_q003,ncb-scientific-c8faa8d62af041ef,c8faa8d62af041ef89350be38a83cbeb57d551b518e3e17905b78d1b51c85218,c8faa8d62af041ef89350be38a83cbeb57d551b518e3e17905b78d1b51c85218,exact_v2.1_reference,aligned,adhd,llm_proposed,literature,evidence_gap,unresolved,false,0
1,10,adhd_q004,ncb-scientific-6bedac272110f713,6bedac272110f71307ba214166242c783aaabb9d2c90371d6e25cf14b2258297,6bedac272110f71307ba214166242c783aaabb9d2c90371d6e25cf14b2258297,exact_v2.1_reference,aligned_with_safety_augmentation,adhd,llm_proposed,literature,evidence_gap,unresolved,false,0
1,10,adhd_q005,ncb-scientific-73e0f34188f4c613,73e0f34188f4c613bbaf75216cae99010b0947ca6e64f339d66544a75dcdd5d4,73e0f34188f4c613bbaf75216cae99010b0947ca6e64f339d66544a75dcdd5d4,exact_v2.1_reference,aligned_with_safety_augmentation,adhd,llm_proposed,literature,provisional,confirm,false,0
1,10,adhd_q006,ncb-scientific-2b36f4bbee998e56,2b36f4bbee998e56371c67ff67d3eb58cb82ee7ec32ac324f688db7f55016f64,2b36f4bbee998e56371c67ff67d3eb58cb82ee7ec32ac324f688db7f55016f64,exact_v2.1_reference,aligned,adhd,llm_proposed,literature,evidence_gap,unresolved,false,0
1,10,adhd_q007,ncb-scientific-ccf76ee04722df94,ccf76ee04722df945c7c574a27b2da49fc63bef96e9b9b9f3ee1612f4beb0257,ccf76ee04722df945c7c574a27b2da49fc63bef96e9b9b9f3ee1612f4beb0257,exact_v2.1_reference,aligned_with_safety_augmentation,adhd,llm_proposed,literature,evidence_gap,unresolved,false,0
1,10,adhd_q008,ncb-scientific-8875a7bf33df9519,8875a7bf33df951977e26ecd4ecf5885a3a6e08b889d220be4400f20649c8706,8875a7bf33df951977e26ecd4ecf5885a3a6e08b889d220be4400f20649c8706,exact_v2.1_reference,aligned_with_safety_augmentation,adhd,llm_proposed,literature,evidence_gap,unresolved,false,0
1,10,adhd_q009,ncb-scientific-bdc24737aa23b682,bdc24737aa23b68213ee1a77d82e33597f5039ce548624b69e5675e7b1b02b18,bdc24737aa23b68213ee1a77d82e33597f5039ce548624b69e5675e7b1b02b18,exact_v2.1_reference,aligned_with_safety_augmentation,adhd,llm_proposed,literature,evidence_gap,unresolved,false,0
1,10,adhd_q010,ncb-scientific-5b0717b45335d600,5b0717b45335d600cb9bb3a3365f50480541f74ab04b95723d2b163524b995c2,5b0717b45335d600cb9bb3a3365f50480541f74ab04b95723d2b163524b995c2,exact_v2.1_reference,aligned_with_safety_augmentation,adhd,llm_proposed,literature,evidence_gap,unresolved,false,0
1,10,adhd_q012,ncb-scientific-6560b15c380073ca,6560b15c380073caf1f8bfe84bf2978902d6605bfe8aacd3a4262b47295b8f9f,6560b15c380073caf1f8bfe84bf2978902d6605bfe8aacd3a4262b47295b8f9f,exact_v2.1_reference,aligned_with_safety_augmentation,adhd,llm_proposed,literature,evidence_gap,unresolved,false,0
1,10,adhd_q016,ncb-scientific-bdd01753f9ebb90c,bdd01753f9ebb90c217a505dcc5198d851aee4b3c3450e682d1615f35e5dd44c,bdd01753f9ebb90c217a505dcc5198d851aee4b3c3450e682d1615f35e5dd44c,exact_v2.1_reference,aligned,adhd,llm_proposed,literature,evidence_gap,unresolved,true,1
1,10,adhd_q020,ncb-scientific-afe1f83e3d954a8c,afe1f83e3d954a8cea0ae7eceea167af281c6ea8ddce2bc289e93500d6ac2e54,afe1f83e3d954a8cea0ae7eceea167af281c6ea8ddce2bc289e93500d6ac2e54,exact_v2.1_reference,aligned_with_safety_augmentation,adhd,llm_proposed,literature,provisional,confirm,false,0
1,10,adhd_q022,ncb-scientific-2b20954defb2352a,2b20954defb2352adc7058f253db893e9e15a670abc51dcc80c24098106801e4,2b20954defb2352adc7058f253db893e9e15a670abc51dcc80c24098106801e4,pre_v2_contract_only,non_executable,adhd,llm_proposed,,,,false,0
1,10,adhd_q023,ncb-scientific-7c005de1c12b32a7,7c005de1c12b32a7b7a45e61565deb980582119a1b92e7e4f0083c9e8537a1d0,22e9dad3dc77b808e6883b1259492c9cf8f1bb52d57623e5d3afd28fd4ecd81a,pre_v2_contract_only,repairable_contract,adhd,llm_proposed,,,,false,0
1,10,adhd_q025,ncb-scientific-6c7b0f8ae69a2d50,6c7b0f8ae69a2d5037f71bb7af54369267c1d4746b35ba4b0575665297cfaab0,6c7b0f8ae69a2d5037f71bb7af54369267c1d4746b35ba4b0575665297cfaab0,pre_v2_contract_only,non_executable,adhd,llm_proposed,,,,false,0
1,10,adhd_q029,ncb-scientific-672ab5d3a6c11820,672ab5d3a6c11820c5309d195f4983f50a16b545c77a52895353cabd01a16c41,672ab5d3a6c11820c5309d195f4983f50a16b545c77a52895353cabd01a16c41,exact_v2.1_reference,aligned,adhd,llm_proposed,literature,evidence_gap,unresolved,false,0
1,10,adhd_q030,ncb-scientific-d37402dd791a12dc,d37402dd791a12dc5975c0b5a9fc0994be3d63826bdbf317c431e337efa54f61,d37402dd791a12dc5975c0b5a9fc0994be3d63826bdbf317c431e337efa54f61,exact_v2.1_reference,aligned_with_safety_augmentation,adhd,llm_proposed,literature,evidence_gap,unresolved,false,0
1,10,adhd_q031,ncb-scientific-c64dac21d8591104,c64dac21d8591104aa2912c0fc623cb3df7ae2fad45f89683dcc7f18692dc403,c64dac21d8591104aa2912c0fc623cb3df7ae2fad45f89683dcc7f18692dc403,exact_v2.1_reference,aligned_with_safety_augmentation,adhd,llm_proposed,literature,evidence_gap,unresolved,false,0
1,10,adhd_q032,ncb-scientific-6d7bbb66ca61d088,6d7bbb66ca61d088b1b6677f1693112e85a9ec6c6c0e8c82beb93a4244532157,6d7bbb66ca61d088b1b6677f1693112e85a9ec6c6c0e8c82beb93a4244532157,exact_v2.1_reference,aligned_with_safety_augmentation,adhd,llm_proposed,literature,evidence_gap,unresolved,false,0
1,10,adhd_q033,ncb-scientific-b6bcaf52ce24d411,b6bcaf52ce24d41101405c05556ff4df7a5cf370d247fb9fbe590d817921a011,b6bcaf52ce24d41101405c05556ff4df7a5cf370d247fb9fbe590d817921a011,exact_v2.1_reference,aligned,adhd,llm_proposed,literature,evidence_gap,unresolved,false,0
1,10,adhd_q034,ncb-scientific-03136ab7c6bb7990,03136ab7c6bb7990d987f647394f6865d014527a752393660750e24e0cd5b01d,03136ab7c6bb7990d987f647394f6865d014527a752393660750e24e0cd5b01d,exact_v2.1_reference,aligned_with_safety_augmentation,adhd,llm_proposed,literature,evidence_gap,unresolved,false,0
1,10,adhd_q035,ncb-scientific-721c4fa75e038ea4,721c4fa75e038ea4bdb26ce48b91b63d0615507f3c7e11e3dd07f46967efa967,721c4fa75e038ea4bdb26ce48b91b63d0615507f3c7e11e3dd07f46967efa967,exact_v2.1_reference,aligned_with_safety_augmentation,adhd,llm_proposed,literature,evidence_gap,unresolved,false,0
1,10,adhd_q036,ncb-scientific-5af5c999c214ab93,5af5c999c214ab9372f9f2d8ade3dd6da56394efb2231c76129e7a21833959ea,5af5c999c214ab9372f9f2d8ade3dd6da56394efb2231c76129e7a21833959ea,exact_v2.1_reference,aligned_with_safety_augmentation,adhd,llm_proposed,literature,evidence_gap,unresolved,false,0
1,10,adhd_q042,ncb-scientific-579c77d9f61e5f87,579c77d9f61e5f872fb1fae891fba19835a019868aa8a7ef7a47d76233ac7b33,579c77d9f61e5f872fb1fae891fba19835a019868aa8a7ef7a47d76233ac7b33,exact_v2.1_reference,aligned_with_safety_augmentation,adhd,llm_proposed,literature,evidence_gap,unresolved,false,0
1,10,adhd_q043,ncb-scientific-f38d6fdbc4e79d95,f38d6fdbc4e79d95965379c89ad839dad19e0303155a580a4d7bcd26ddf9a32d,f38d6fdbc4e79d95965379c89ad839dad19e0303155a580a4d7bcd26ddf9a32d,exact_v2.1_reference,aligned_with_safety_augmentation,adhd,llm_proposed,literature,evidence_gap,unresolved,false,0
1,10,adhd_q044,ncb-scientific-0d57166941ee6987,0d57166941ee6987a8e94a201d566f6551e2f9cde82cc2d83fe95e4b02d7cf43,0d57166941ee6987a8e94a201d566f6551e2f9cde82cc2d83fe95e4b02d7cf43,exact_v2.1_reference,aligned_with_safety_augmentation,adhd,llm_proposed,literature,evidence_gap,unresolved,true,1
1,10,adhd_q045,ncb-scientific-ad793f2b627c14db,ad793f2b627c14db9571a23bc5ff054129a8af48d092cae596e02c3fbd8ca3e6,ad793f2b627c14db9571a23bc5ff054129a8af48d092cae596e02c3fbd8ca3e6,pre_v2_contract_only,ambiguous_unresolved,adhd,llm_proposed,,,,false,0
1,10,adhd_q046,ncb-scientific-91575e683551f750,91575e683551f75081c4f506c9039447b9776b05e7c95ff1bf81a2323f0c51b9,91575e683551f75081c4f506c9039447b9776b05e7c95ff1bf81a2323f0c51b9,exact_v2.1_reference,aligned,adhd,llm_proposed,literature,evidence_gap,unresolved,true,1
1,10,adhd_q047,ncb-scientific-feb70aa94fa7c90f,feb70aa94fa7c90fa2df8c05f733ba5d944a5de106a49eb36eb63cbfa0415e66,feb70aa94fa7c90fa2df8c05f733ba5d944a5de106a49eb36eb63cbfa0415e66,exact_v2.1_reference,aligned,adhd,llm_proposed,literature,strict,abstain,false,0
1,10,adhd_q048,ncb-scientific-0cdad63325891f3d,0cdad63325891f3d72ae9d25459e2fb0c7ad22a7911a1534b14c6b1dfdc02f28,0cdad63325891f3d72ae9d25459e2fb0c7ad22a7911a1534b14c6b1dfdc02f28,exact_v2.1_reference,aligned,adhd,llm_proposed,literature,provisional,abstain,false,0
1,10,adhd_q049,ncb-scientific-41e14c6dd1c2213b,41e14c6dd1c2213b09c65b85fb99ab48160786245ae19fcdf1dbe6c8a7704fe3,41e14c6dd1c2213b09c65b85fb99ab48160786245ae19fcdf1dbe6c8a7704fe3,exact_v2.1_reference,aligned,adhd,llm_proposed,literature,evidence_gap,unresolved,false,0
1,10,adhd_q050,ncb-scientific-30329250c399e0e1,30329250c399e0e19f0099ec82e0f1abd36cca45c0178fcdc6800cf75650db9e,30329250c399e0e19f0099ec82e0f1abd36cca45c0178fcdc6800cf75650db9e,exact_v2.1_reference,aligned,adhd,llm_proposed,literature,provisional,abstain,false,0
1,10,asd_q001,ncb-scientific-3e1160c83f5950a6,3e1160c83f5950a67cb5f0bbc0478fdf9f1049f9a00563f8ba1bc631c90a9dbf,3e1160c83f5950a67cb5f0bbc0478fdf9f1049f9a00563f8ba1bc631c90a9dbf,exact_v2.1_reference,aligned_with_safety_augmentation,asd,llm_proposed,literature,provisional,confirm,false,0
1,10,asd_q002,ncb-scientific-f6cf8c122d61317c,f6cf8c122d61317c21a1377772ef6ad477761ad1859be149fd5cb4bce5a08ef9,f6cf8c122d61317c21a1377772ef6ad477761ad1859be149fd5cb4bce5a08ef9,exact_v2.1_reference,aligned_with_safety_augmentation,asd,llm_proposed,literature,evidence_gap,unresolved,false,0
1,10,asd_q003,ncb-scientific-b2bc1b3dc8d74234,b2bc1b3dc8d742349867f9f8a7e42fb3186657691ec0e71f041febf9a92913f6,b2bc1b3dc8d742349867f9f8a7e42fb3186657691ec0e71f041febf9a92913f6,exact_v2.1_reference,aligned_with_safety_augmentation,asd,llm_proposed,literature,provisional,abstain,false,0
1,10,asd_q004,ncb-scientific-83e09f86b797842d,83e09f86b797842db14cf907d844db23b34efc9e14034f96c3ccdb763c272e12,83e09f86b797842db14cf907d844db23b34efc9e14034f96c3ccdb763c272e12,exact_v2.1_reference,aligned_with_safety_augmentation,asd,llm_proposed,literature,provisional,abstain,false,0
1,10,asd_q005,ncb-scientific-2aadc4e4de851c0e,2aadc4e4de851c0e2f50ccae550c5f5b5318d46843b677d9fa6b9b8ee0ab5262,2aadc4e4de851c0e2f50ccae550c5f5b5318d46843b677d9fa6b9b8ee0ab5262,exact_v2.1_reference,aligned_with_safety_augmentation,asd,llm_proposed,literature,evidence_gap,unresolved,false,0
1,10,asd_q006,ncb-scientific-31ff42faa1d10211,31ff42faa1d102115303e78160cfa36a14361f7d5ebb5f9c28e43a81eac4e858,31ff42faa1d102115303e78160cfa36a14361f7d5ebb5f9c28e43a81eac4e858,exact_v2.1_reference,aligned_with_safety_augmentation,asd,llm_proposed,literature,evidence_gap,unresolved,false,0
1,10,asd_q007,ncb-scientific-0c04451321f8aa46,0c04451321f8aa463f1d1bfe0e785823e00d716a57d204c1b000827ea22d686c,0c04451321f8aa463f1d1bfe0e785823e00d716a57d204c1b000827ea22d686c,exact_v2.1_reference,aligned_with_safety_augmentation,asd,llm_proposed,literature,evidence_gap,unresolved,false,0
1,10,asd_q008,ncb-scientific-8d7c71367a2043b9,8d7c71367a2043b90fd51104e7c42a5e0fbd4068a2810fc8c3cbff83c8af75e6,8d7c71367a2043b90fd51104e7c42a5e0fbd4068a2810fc8c3cbff83c8af75e6,exact_v2.1_reference,aligned_with_safety_augmentation,asd,llm_proposed,literature,provisional,abstain,false,0
1,10,asd_q009,ncb-scientific-e59e508b9cc05116,e59e508b9cc05116c4cf470f0f1a2f388a2f1589d7452ef3d8199026639608ba,e59e508b9cc05116c4cf470f0f1a2f388a2f1589d7452ef3d8199026639608ba,pre_v2_contract_only,ambiguous_unresolved,asd,llm_proposed,,,,false,0
1,10,asd_q010,ncb-scientific-ff4d46696cfed68a,ff4d46696cfed68a15180d4899c7d603dd7670c50318e776fa4991d2d5e8a6fe,ff4d46696cfed68a15180d4899c7d603dd7670c50318e776fa4991d2d5e8a6fe,exact_v2.1_reference,aligned_with_safety_augmentation,asd,llm_proposed,literature,evidence_gap,unresolved,false,0
1,10,asd_q011,ncb-scientific-548cb9ea8bd9f8de,548cb9ea8bd9f8debed81d65b27010ba68443f8389de280f24e0a60133bfd4ba,548cb9ea8bd9f8debed81d65b27010ba68443f8389de280f24e0a60133bfd4ba,exact_v2.1_reference,aligned_with_safety_augmentation,asd,llm_proposed,literature,evidence_gap,unresolved,false,0
1,10,asd_q012,ncb-scientific-08efd1786e5b448a,08efd1786e5b448a84158f5fd3ce228ce6c198e48d98d9822b46850721e8ef2c,08efd1786e5b448a84158f5fd3ce228ce6c198e48d98d9822b46850721e8ef2c,exact_v2.1_reference,aligned_with_safety_augmentation,asd,llm_proposed,literature,evidence_gap,unresolved,false,0
1,10,asd_q013,ncb-scientific-adc64a42191e17f6,adc64a42191e17f63007bc25281becbf3d5835b1b4907a7c66c7d4875362948d,adc64a42191e17f63007bc25281becbf3d5835b1b4907a7c66c7d4875362948d,exact_v2.1_reference,aligned_with_safety_augmentation,asd,llm_proposed,literature,evidence_gap,unresolved,false,0
1,10,asd_q014,ncb-scientific-3ad601039168835a,3ad601039168835a0aa9153a5d2400c86e8ebb3edd86792e9be32f9545952cb0,3ad601039168835a0aa9153a5d2400c86e8ebb3edd86792e9be32f9545952cb0,exact_v2.1_reference,aligned_with_safety_augmentation,asd,llm_proposed,literature,evidence_gap,unresolved,false,0
1,10,asd_q015,ncb-scientific-7a87a86398becf44,7a87a86398becf44806656c7b8437f675f371fd6f2644ac257e562ca90b86a6a,7a87a86398becf44806656c7b8437f675f371fd6f2644ac257e562ca90b86a6a,exact_v2.1_reference,aligned_with_safety_augmentation,asd,llm_proposed,literature,evidence_gap,unresolved,false,0
1,10,asd_q016,ncb-scientific-67de4555230bc27a,67de4555230bc27a2720a39d25ba2b54acdc13b8df64eb624e3b7162eb249cbf,67de4555230bc27a2720a39d25ba2b54acdc13b8df64eb624e3b7162eb249cbf,exact_v2.1_reference,aligned_with_safety_augmentation,asd,llm_proposed,literature,evidence_gap,unresolved,false,0
1,10,asd_q017,ncb-scientific-30f73b540a076be8,30f73b540a076be8877cbf58acf8e237d4ffaf8c5fa00b91f350eced56d4fe50,30f73b540a076be8877cbf58acf8e237d4ffaf8c5fa00b91f350eced56d4fe50,exact_v2.1_reference,aligned_with_safety_augmentation,asd,llm_proposed,literature,evidence_gap,unresolved,false,0
1,10,asd_q018,ncb-scientific-9c2e4221cf5ca105,9c2e4221cf5ca105c142aa03f1212934ddcc6f3a0b4ae66e5f9d130f892c1d68,9c2e4221cf5ca105c142aa03f1212934ddcc6f3a0b4ae66e5f9d130f892c1d68,exact_v2.1_reference,aligned_with_safety_augmentation,asd,llm_proposed,literature,provisional,abstain,false,0
1,10,asd_q019,ncb-scientific-d3b9d78a966173c6,d3b9d78a966173c6a58a5b8ed01a0316ad73601092701d1310f08cee0928e62e,d3b9d78a966173c6a58a5b8ed01a0316ad73601092701d1310f08cee0928e62e,exact_v2.1_reference,aligned_with_safety_augmentation,asd,llm_proposed,literature,evidence_gap,unresolved,false,0
1,10,asd_q020,ncb-scientific-09bce8d2747a588b,09bce8d2747a588b48e78179d64eef021ef591c62d258c96db87fa1a187763be,09bce8d2747a588b48e78179d64eef021ef591c62d258c96db87fa1a187763be,exact_v2.1_reference,aligned_with_safety_augmentation,asd,llm_proposed,literature,evidence_gap,unresolved,false,0
1,10,asd_q021,ncb-scientific-5e6aa7181e35b605,5e6aa7181e35b6057dcfa0b2ef30e1accaf27ffa30c7110a71e05a7d42cd2bf4,5e6aa7181e35b6057dcfa0b2ef30e1accaf27ffa30c7110a71e05a7d42cd2bf4,exact_v2.1_reference,aligned_with_safety_augmentation,asd,llm_proposed,literature,evidence_gap,unresolved,false,0
1,10,asd_q022,ncb-scientific-7fe9235c8d5841b2,7fe9235c8d5841b21b4e02f5f1ea3da19d265b3dae41e4689eb549064708d519,7fe9235c8d5841b21b4e02f5f1ea3da19d265b3dae41e4689eb549064708d519,exact_v2.1_reference,aligned_with_safety_augmentation,asd,llm_proposed,literature,evidence_gap,unresolved,false,0
1,10,asd_q023,ncb-scientific-2e389c7806389508,2e389c780638950829799320349d8009aea6c3e9e69be08b1982e12b5b434c52,2e389c780638950829799320349d8009aea6c3e9e69be08b1982e12b5b434c52,exact_v2.1_reference,aligned_with_safety_augmentation,asd,llm_proposed,literature,evidence_gap,unresolved,false,0
1,10,asd_q024,ncb-scientific-46c685780a6efe6d,46c685780a6efe6d8000426a098ef58223dceb61be99792eabb6a33e80beadb1,46c685780a6efe6d8000426a098ef58223dceb61be99792eabb6a33e80beadb1,exact_v2.1_reference,aligned_with_safety_augmentation,asd,llm_proposed,literature,evidence_gap,unresolved,false,0
1,10,asd_q025,ncb-scientific-31990e646f54d4e6,31990e646f54d4e694348212341524808d583a3747736b6aec3da643ffe1484e,31990e646f54d4e694348212341524808d583a3747736b6aec3da643ffe1484e,exact_v2.1_reference,aligned_with_safety_augmentation,asd,llm_proposed,literature,evidence_gap,unresolved,false,0
1,10,asd_q026,ncb-scientific-2f6ce6fa5ea95eeb,2f6ce6fa5ea95eeb785ac239b4ff56b118d9d5b5b0e1c76df4fda92bdb52f08c,2f6ce6fa5ea95eeb785ac239b4ff56b118d9d5b5b0e1c76df4fda92bdb52f08c,exact_v2.1_reference,aligned_with_safety_augmentation,asd,llm_proposed,literature,evidence_gap,unresolved,false,0
1,10,asd_q027,ncb-scientific-68bd56b0483a236c,68bd56b0483a236c99db6544b25fa5e81003dd38c2af773be2d3d39b9ad070a6,68bd56b0483a236c99db6544b25fa5e81003dd38c2af773be2d3d39b9ad070a6,exact_v2.1_reference,aligned_with_safety_augmentation,asd,llm_proposed,literature,evidence_gap,unresolved,false,0
1,10,asd_q028,ncb-scientific-83e8c22eb0f4831a,83e8c22eb0f4831ab466f92d33a57545f9a4ac8eb8d3c9af44021b75c7fef4c4,83e8c22eb0f4831ab466f92d33a57545f9a4ac8eb8d3c9af44021b75c7fef4c4,exact_v2.1_reference,aligned_with_safety_augmentation,asd,llm_proposed,literature,evidence_gap,unresolved,false,0
1,10,asd_q029,ncb-scientific-a02841671504d8cd,a02841671504d8cd91f7002bbbc87782b0cb75c4c91c3c75f40930bf0fc27467,a02841671504d8cd91f7002bbbc87782b0cb75c4c91c3c75f40930bf0fc27467,exact_v2.1_reference,aligned_with_safety_augmentation,asd,llm_proposed,literature,evidence_gap,unresolved,false,0
1,10,asd_q030,ncb-scientific-3ba54e0248b29adb,3ba54e0248b29adb223a15306b37f76fc0e2b932fed74e86bd845de4c1fb2ee8,3ba54e0248b29adb223a15306b37f76fc0e2b932fed74e86bd845de4c1fb2ee8,exact_v2.1_reference,aligned_with_safety_augmentation,asd,llm_proposed,literature,evidence_gap,unresolved,false,0
1,10,asd_q031,ncb-scientific-a7bd041be62e2db4,a7bd041be62e2db43aded1d76a6c0b581c7274b1f519b9d483c62e6dc39f3136,a7bd041be62e2db43aded1d76a6c0b581c7274b1f519b9d483c62e6dc39f3136,exact_v2.1_reference,aligned_with_safety_augmentation,asd,llm_proposed,literature,evidence_gap,unresolved,false,0
1,10,asd_q032,ncb-scientific-19802d4080b79f2e,19802d4080b79f2e8f176ede52b798824d854ec76cd44f5f03a2db90b40b33bc,19802d4080b79f2e8f176ede52b798824d854ec76cd44f5f03a2db90b40b33bc,exact_v2.1_reference,aligned_with_safety_augmentation,asd,llm_proposed,literature,evidence_gap,unresolved,false,0
1,10,asd_q033,ncb-scientific-caeb5a6d248ba33c,caeb5a6d248ba33c770c82b3dc6515580c3efad63440adbbb4688d39731a3c41,caeb5a6d248ba33c770c82b3dc6515580c3efad63440adbbb4688d39731a3c41,exact_v2.1_reference,aligned_with_safety_augmentation,asd,llm_proposed,literature,evidence_gap,unresolved,false,0
1,10,asd_q034,ncb-scientific-1f13a7aee9fc1c7d,1f13a7aee9fc1c7dc1187efe86c3068be853653eb4050183fac5bcb492b8bbe3,1f13a7aee9fc1c7dc1187efe86c3068be853653eb4050183fac5bcb492b8bbe3,exact_v2.1_reference,aligned_with_safety_augmentation,asd,llm_proposed,literature,evidence_gap,unresolved,false,0
1,10,asd_q035,ncb-scientific-9b768a7494df75b2,9b768a7494df75b24fdc89ed6f68cee71fad50a0a2b02684368bd092524d7453,9b768a7494df75b24fdc89ed6f68cee71fad50a0a2b02684368bd092524d7453,exact_v2.1_reference,aligned_with_safety_augmentation,asd,llm_proposed,literature,evidence_gap,unresolved,false,0
1,10,asd_q036,ncb-scientific-61274f38e0112edd,61274f38e0112edde8180b2b74bd970e73a3a503b87528dec8547ff8d39e08d3,61274f38e0112edde8180b2b74bd970e73a3a503b87528dec8547ff8d39e08d3,exact_v2.1_reference,aligned_with_safety_augmentation,asd,llm_proposed,literature,evidence_gap,unresolved,false,0
1,10,asd_q037,ncb-scientific-149b1f2aeda4fcb1,149b1f2aeda4fcb1612b5edd3c9ba5d3fdc4cc18d9c5aa1afa53e32c85ed567e,149b1f2aeda4fcb1612b5edd3c9ba5d3fdc4cc18d9c5aa1afa53e32c85ed567e,exact_v2.1_reference,aligned_with_safety_augmentation,asd,llm_proposed,literature,evidence_gap,unresolved,false,0
1,10,asd_q038,ncb-scientific-c631e745a39a4c34,c631e745a39a4c34b7a2b47ee20ac723363fb4d3f247ba63938ada9c0511f640,c631e745a39a4c34b7a2b47ee20ac723363fb4d3f247ba63938ada9c0511f640,exact_v2.1_reference,aligned_with_safety_augmentation,asd,llm_proposed,literature,evidence_gap,unresolved,false,0
1,10,asd_q039,ncb-scientific-3bb5fd92cff87e34,3bb5fd92cff87e343d33e2cd0d6797eaf54d41cfe43a2123a8f42229247ead6c,3bb5fd92cff87e343d33e2cd0d6797eaf54d41cfe43a2123a8f42229247ead6c,exact_v2.1_reference,aligned_with_safety_augmentation,asd,llm_proposed,literature,evidence_gap,unresolved,false,0
1,10,asd_q040,ncb-scientific-cfe09363aec199e4,cfe09363aec199e4d87cfd179508934aa0a694e2ac85f122d79bab05a56bf5ba,cfe09363aec199e4d87cfd179508934aa0a694e2ac85f122d79bab05a56bf5ba,exact_v2.1_reference,aligned,asd,llm_proposed,literature,provisional,confirm,false,0
1,10,asd_q041,ncb-scientific-c823298f5f12df8a,c823298f5f12df8af07efc39e57413ee6b375c5f9f95bf060e712101c70c15cd,c823298f5f12df8af07efc39e57413ee6b375c5f9f95bf060e712101c70c15cd,exact_v2.1_reference,aligned_with_safety_augmentation,asd,llm_proposed,literature,evidence_gap,unresolved,false,0
1,10,asd_q042,ncb-scientific-1f634e71dd689f9b,1f634e71dd689f9bf628ab2462201c44d5996f29424ad3bb244eae08906e402b,1f634e71dd689f9bf628ab2462201c44d5996f29424ad3bb244eae08906e402b,exact_v2.1_reference,aligned_with_safety_augmentation,asd,llm_proposed,literature,evidence_gap,unresolved,false,0
1,10,asd_q043,ncb-scientific-1329501baee4943a,1329501baee4943a8d1925394f1bd0c531b39a4df9d4412f31a9e326f49d547b,1329501baee4943a8d1925394f1bd0c531b39a4df9d4412f31a9e326f49d547b,exact_v2.1_reference,aligned_with_safety_augmentation,asd,llm_proposed,literature,evidence_gap,unresolved,false,0
1,10,asd_q044,ncb-scientific-531f4a09678d2222,531f4a09678d2222e7dfb2b3f2c5e270ea361cb4ff770d5a532b98fb51322082,531f4a09678d2222e7dfb2b3f2c5e270ea361cb4ff770d5a532b98fb51322082,exact_v2.1_reference,aligned_with_safety_augmentation,asd,llm_proposed,literature,evidence_gap,unresolved,false,0
1,10,asd_q045,ncb-scientific-1518a0abab435142,1518a0abab43514213f4d83221121b85df589c0db1f51783ab24f10b187a989c,1518a0abab43514213f4d83221121b85df589c0db1f51783ab24f10b187a989c,exact_v2.1_reference,aligned_with_safety_augmentation,asd,llm_proposed,literature,evidence_gap,unresolved,false,0
1,10,asd_q046,ncb-scientific-afbfd52ab898aa8b,afbfd52ab898aa8b75058616b6193b34892bea7f7d452244ed64defafeede78a,afbfd52ab898aa8b75058616b6193b34892bea7f7d452244ed64defafeede78a,exact_v2.1_reference,aligned,asd,llm_proposed,literature,strict,abstain,false,0
1,10,asd_q047,ncb-scientific-5d4734ea98c9d333,5d4734ea98c9d333507a8f256c939d4c32820705161302d7f9b6dece95787e70,5d4734ea98c9d333507a8f256c939d4c32820705161302d7f9b6dece95787e70,exact_v2.1_reference,aligned_with_safety_augmentation,asd,llm_proposed,literature,evidence_gap,unresolved,false,0
1,10,asd_q048,ncb-scientific-58fd062031fc801e,58fd062031fc801ec995be400539f15fb05609ddaa041a485e24b531f854d19c,58fd062031fc801ec995be400539f15fb05609ddaa041a485e24b531f854d19c,exact_v2.1_reference,aligned_with_safety_augmentation,asd,llm_proposed,literature,evidence_gap,unresolved,false,0
1,10,asd_q049,ncb-scientific-be9238714808b664,be9238714808b66402159f2c45825993dd00eadd147b39f453e2e7e450668e79,be9238714808b66402159f2c45825993dd00eadd147b39f453e2e7e450668e79,exact_v2.1_reference,aligned_with_safety_augmentation,asd,llm_proposed,literature,evidence_gap,unresolved,false,0
1,10,asd_q050,ncb-scientific-206dd8d45a4d9d89,206dd8d45a4d9d891eb2644f5acdf1aeb9a4d894209c6c0c3142e2a74481d2e3,206dd8d45a4d9d891eb2644f5acdf1aeb9a4d894209c6c0c3142e2a74481d2e3,exact_v2.1_reference,aligned_with_safety_augmentation,asd,llm_proposed,literature,evidence_gap,unresolved,false,0
1,10,ad_aging_q027,ncb-scientific-7f4258667f94f44d,7f4258667f94f44d5e73e949aab05c8374dbe1ac010e146956307f30d3201ba2,7f4258667f94f44d5e73e949aab05c8374dbe1ac010e146956307f30d3201ba2,exact_v2.1_reference,aligned_with_safety_augmentation,ad_aging,llm_proposed,literature,evidence_gap,unresolved,false,0
1,10,ad_aging_q028,ncb-scientific-1775e0699f7d950f,1775e0699f7d950fdfe70ffa2494b3427fbca176a2fb9bd01c5bf5329b7dd39e,1775e0699f7d950fdfe70ffa2494b3427fbca176a2fb9bd01c5bf5329b7dd39e,exact_v2.1_reference,aligned_with_safety_augmentation,ad_aging,llm_proposed,literature,evidence_gap,unresolved,false,0
1,10,ad_aging_q029,ncb-scientific-bf6a4a4dabf8357f,bf6a4a4dabf8357f31e6a07ae1504771c332c4ed81929fb895a09609631d5866,bf6a4a4dabf8357f31e6a07ae1504771c332c4ed81929fb895a09609631d5866,exact_v2.1_reference,aligned_with_safety_augmentation,ad_aging,llm_proposed,literature,evidence_gap,unresolved,true,2
1,10,ad_aging_q030,ncb-scientific-75bd3855eddc86c8,75bd3855eddc86c8164fd4b8c788b0d2ff249afef49acbd1c2597bcf3031ee46,75bd3855eddc86c8164fd4b8c788b0d2ff249afef49acbd1c2597bcf3031ee46,exact_v2.1_reference,aligned_with_safety_augmentation,ad_aging,llm_proposed,literature,strict,confirm,false,0
1,10,ad_aging_q032,ncb-scientific-c922885057dbc163,c922885057dbc163bc0da7c09a1f929618f4043b01e964bfbd4ba2d3947e992e,c922885057dbc163bc0da7c09a1f929618f4043b01e964bfbd4ba2d3947e992e,exact_v2.1_reference,aligned_with_safety_augmentation,ad_aging,llm_proposed,literature,evidence_gap,unresolved,true,1
1,10,ad_aging_q034,ncb-scientific-0945ff60b5d68ba8,0945ff60b5d68ba89a298e0d5c7f9a2de1625b057bca524e15324d9708ecf806,0945ff60b5d68ba89a298e0d5c7f9a2de1625b057bca524e15324d9708ecf806,exact_v2.1_reference,aligned_with_safety_augmentation,ad_aging,llm_proposed,literature,evidence_gap,unresolved,true,4
1,10,ad_aging_q035,ncb-scientific-2dcda273dbedc219,2dcda273dbedc219ed9d5d8682aa85ac5f279a5b7efa0b335d1568599836b508,2dcda273dbedc219ed9d5d8682aa85ac5f279a5b7efa0b335d1568599836b508,exact_v2.1_reference,aligned_with_safety_augmentation,ad_aging,llm_proposed,literature,evidence_gap,unresolved,false,0
1,10,ad_aging_q036,ncb-scientific-cc1c11b70cdbc35f,cc1c11b70cdbc35f0fb7b7692822abca760f09315d96cba5c2e0c0d8c07fcfe3,cc1c11b70cdbc35f0fb7b7692822abca760f09315d96cba5c2e0c0d8c07fcfe3,exact_v2.1_reference,aligned_with_safety_augmentation,ad_aging,llm_proposed,literature,evidence_gap,unresolved,false,0
1,10,ad_aging_q037,ncb-scientific-0b054fd85acaa063,0b054fd85acaa06382e368b06e24cb23876d673dda29faac3b690645e449b6d5,0b054fd85acaa06382e368b06e24cb23876d673dda29faac3b690645e449b6d5,exact_v2.1_reference,aligned_with_safety_augmentation,ad_aging,llm_proposed,literature,evidence_gap,unresolved,false,0
1,10,ad_aging_q038,ncb-scientific-1d2a9e0f4f0b8bc3,1d2a9e0f4f0b8bc35fe53e1c18e110f8965f0dbb01897b1aba0cbe4d193e5821,1d2a9e0f4f0b8bc35fe53e1c18e110f8965f0dbb01897b1aba0cbe4d193e5821,exact_v2.1_reference,aligned_with_safety_augmentation,ad_aging,llm_proposed,literature,evidence_gap,unresolved,false,0
1,10,ad_aging_q039,ncb-scientific-a545812912502796,a5458129125027964cfadcefcff0f19c0d3ceed68aede1f9609ffc45247c35e4,a5458129125027964cfadcefcff0f19c0d3ceed68aede1f9609ffc45247c35e4,exact_v2.1_reference,aligned_with_safety_augmentation,ad_aging,llm_proposed,literature,evidence_gap,unresolved,false,0
1,10,ad_aging_q040,ncb-scientific-0b054fd85acaa063,0b054fd85acaa06382e368b06e24cb23876d673dda29faac3b690645e449b6d5,0b054fd85acaa06382e368b06e24cb23876d673dda29faac3b690645e449b6d5,exact_v2.1_reference,aligned_with_safety_augmentation,ad_aging,llm_proposed,literature,evidence_gap,unresolved,false,0
1,10,ad_aging_q041,ncb-scientific-f7956622f7e3eaf8,f7956622f7e3eaf82268d3c6d03184df48ef112532d72822e58c2e3b4eb9abd0,f7956622f7e3eaf82268d3c6d03184df48ef112532d72822e58c2e3b4eb9abd0,exact_v2.1_reference,aligned_with_safety_augmentation,ad_aging,llm_proposed,literature,evidence_gap,unresolved,false,0
1,10,ad_aging_q042,ncb-scientific-24de654ccd87dce2,24de654ccd87dce2402ee3e06841e2aa84bb5b939fe17e0a081e3e3fe8dd97e2,24de654ccd87dce2402ee3e06841e2aa84bb5b939fe17e0a081e3e3fe8dd97e2,exact_v2.1_reference,aligned_with_safety_augmentation,ad_aging,llm_proposed,literature,evidence_gap,unresolved,false,0
1,10,ad_aging_q043,ncb-scientific-f143dbf87a77594f,f143dbf87a77594f45f0c498342b2f4b17215390bf78679a21770bcc782da655,f143dbf87a77594f45f0c498342b2f4b17215390bf78679a21770bcc782da655,exact_v2.1_reference,aligned_with_safety_augmentation,ad_aging,llm_proposed,literature,evidence_gap,unresolved,false,0
1,10,ad_aging_q044,ncb-scientific-0cf9bf17a3cb10a7,0cf9bf17a3cb10a706661b585964be67b5928087882dc93e7b80224dac8a3534,0cf9bf17a3cb10a706661b585964be67b5928087882dc93e7b80224dac8a3534,exact_v2.1_reference,aligned_with_safety_augmentation,ad_aging,llm_proposed,literature,provisional,confirm,false,0
1,10,ad_aging_q045,ncb-scientific-4d6ed37bb9324c72,4d6ed37bb9324c72153b3fa839362f89320d16c7cbd9dd2659db729eb80061bf,4d6ed37bb9324c72153b3fa839362f89320d16c7cbd9dd2659db729eb80061bf,exact_v2.1_reference,aligned_with_safety_augmentation,ad_aging,llm_proposed,literature,evidence_gap,unresolved,false,0
1,10,ad_aging_q046,ncb-scientific-79182620041b5799,79182620041b57998eb9b3eb81cfba653f320fbe529ff0db654dd813626d0e36,79182620041b57998eb9b3eb81cfba653f320fbe529ff0db654dd813626d0e36,exact_v2.1_reference,aligned_with_safety_augmentation,ad_aging,llm_proposed,literature,evidence_gap,unresolved,false,0
1,10,ad_aging_q048,ncb-scientific-a3f4263a0dce56cf,a3f4263a0dce56cf738ebd2d271cf2f786acf25f6ab1432a96784f063e51d349,a3f4263a0dce56cf738ebd2d271cf2f786acf25f6ab1432a96784f063e51d349,exact_v2.1_reference,aligned_with_safety_augmentation,ad_aging,llm_proposed,literature,evidence_gap,unresolved,false,0
1,10,ad_aging_q049,ncb-scientific-24de654ccd87dce2,24de654ccd87dce2402ee3e06841e2aa84bb5b939fe17e0a081e3e3fe8dd97e2,24de654ccd87dce2402ee3e06841e2aa84bb5b939fe17e0a081e3e3fe8dd97e2,exact_v2.1_reference,aligned_with_safety_augmentation,ad_aging,llm_proposed,literature,evidence_gap,unresolved,false,0
1,10,ad_aging_q050,ncb-scientific-693510493058a91a,693510493058a91ac8ead80536de2a54f1331e925b11ad3d69d871fe6c93a395,693510493058a91ac8ead80536de2a54f1331e925b11ad3d69d871fe6c93a395,exact_v2.1_reference,aligned_with_safety_augmentation,ad_aging,llm_proposed,literature,evidence_gap,unresolved,false,0
1,10,psychosis_q001,ncb-scientific-7cb3fe4a5738fae5,7cb3fe4a5738fae59ad565ce7ad320774954e407c9d8edcbc6f05c4bb1287017,7cb3fe4a5738fae59ad565ce7ad320774954e407c9d8edcbc6f05c4bb1287017,exact_v2.1_reference,aligned,psychosis,llm_proposed,literature,evidence_gap,unresolved,false,0
1,10,psychosis_q002,ncb-scientific-266504b3d4e53721,266504b3d4e53721e07a0d77932a5254a3379c3ddf34b0dc44aeea4c4b4cb67d,266504b3d4e53721e07a0d77932a5254a3379c3ddf34b0dc44aeea4c4b4cb67d,exact_v2.1_reference,aligned_with_safety_augmentation,psychosis,llm_proposed,literature,evidence_gap,unresolved,false,0
1,10,psychosis_q003,ncb-scientific-872c426870a43fc0,872c426870a43fc09bee7deefd9487ffedf554184b618cfa1548e9f8d3be8d34,872c426870a43fc09bee7deefd9487ffedf554184b618cfa1548e9f8d3be8d34,exact_v2.1_reference,aligned_with_safety_augmentation,psychosis,llm_proposed,literature,evidence_gap,unresolved,false,0
1,10,psychosis_q004,ncb-scientific-3cd280f660dfbcd4,3cd280f660dfbcd415a0ac5f54af96f2ce8fe1cc897a4a14f869e1ea54467213,3cd280f660dfbcd415a0ac5f54af96f2ce8fe1cc897a4a14f869e1ea54467213,exact_v2.1_reference,aligned_with_safety_augmentation,psychosis,llm_proposed,literature,provisional,confirm,false,0
1,10,psychosis_q005,ncb-scientific-4cedbc48040eac27,4cedbc48040eac27d2eaf9fa5cbc4713fa67c79a232f498107862a2fe7d63e79,4cedbc48040eac27d2eaf9fa5cbc4713fa67c79a232f498107862a2fe7d63e79,exact_v2.1_reference,aligned_with_safety_augmentation,psychosis,llm_proposed,literature,evidence_gap,unresolved,false,0
1,10,psychosis_q006,ncb-scientific-58864dfe748ed623,58864dfe748ed623b1e412e518eb6d075f1280ebe036bb1dc55e56e8a2aca169,58864dfe748ed623b1e412e518eb6d075f1280ebe036bb1dc55e56e8a2aca169,exact_v2.1_reference,aligned_with_safety_augmentation,psychosis,llm_proposed,literature,evidence_gap,unresolved,false,0
1,10,psychosis_q007,ncb-scientific-e5b2412738b16335,e5b2412738b16335f55b1518f3aac394c8cfff48e1b39a9dc0d2b64c2cbb5877,e5b2412738b16335f55b1518f3aac394c8cfff48e1b39a9dc0d2b64c2cbb5877,exact_v2.1_reference,aligned,psychosis,llm_proposed,literature,evidence_gap,unresolved,false,0
1,10,psychosis_q008,ncb-scientific-5e9d9106292eb159,5e9d9106292eb159971d41de9ac66f7064ff9c67b369099bff308886a86ec58b,5e9d9106292eb159971d41de9ac66f7064ff9c67b369099bff308886a86ec58b,exact_v2.1_reference,aligned_with_safety_augmentation,psychosis,llm_proposed,literature,provisional,confirm,false,0
1,10,psychosis_q009,ncb-scientific-8366c91b96faf9a6,8366c91b96faf9a6c9557e9120c312676b6be08466de64a2ea5ecb46f08595dc,8366c91b96faf9a6c9557e9120c312676b6be08466de64a2ea5ecb46f08595dc,exact_v2.1_reference,aligned_with_safety_augmentation,psychosis,llm_proposed,literature,evidence_gap,unresolved,false,0
1,10,psychosis_q010,ncb-scientific-822a9e3fd7a9cc40,822a9e3fd7a9cc40dd56cec27d9df1f4b981c6e08141b1a8a2264fd39544ccfa,822a9e3fd7a9cc40dd56cec27d9df1f4b981c6e08141b1a8a2264fd39544ccfa,exact_v2.1_reference,aligned,psychosis,llm_proposed,literature,evidence_gap,unresolved,false,0
1,10,psychosis_q011,ncb-scientific-d4c0b42a60357a5d,d4c0b42a60357a5d939e12105a02798899968bed182f8471def699471bf39842,d4c0b42a60357a5d939e12105a02798899968bed182f8471def699471bf39842,exact_v2.1_reference,aligned_with_safety_augmentation,psychosis,llm_proposed,literature,evidence_gap,unresolved,false,0
1,10,psychosis_q012,ncb-scientific-6c9d8d248e03fd07,6c9d8d248e03fd072175b3155b829fce548d5dc88bffc0dd63db73a27cc1b1f9,6c9d8d248e03fd072175b3155b829fce548d5dc88bffc0dd63db73a27cc1b1f9,exact_v2.1_reference,aligned,psychosis,llm_proposed,literature,strict,confirm,false,0
1,10,psychosis_q013,ncb-scientific-32c06a5e43e74faa,32c06a5e43e74faa24d16e67accf4262d0369671f06216c693238d120d8f16f9,32c06a5e43e74faa24d16e67accf4262d0369671f06216c693238d120d8f16f9,exact_v2.1_reference,aligned_with_safety_augmentation,psychosis,llm_proposed,literature,evidence_gap,unresolved,false,0
1,10,psychosis_q014,ncb-scientific-f0173ff72ee52b5e,f0173ff72ee52b5e1e878ad93b6ab55443639c37100b7a6ff8546daeb9de844a,f0173ff72ee52b5e1e878ad93b6ab55443639c37100b7a6ff8546daeb9de844a,exact_v2.1_reference,aligned,psychosis,llm_proposed,literature,evidence_gap,unresolved,false,0
1,10,psychosis_q015,ncb-scientific-622e97baf8eece3c,622e97baf8eece3cc6a62615addca82592c24a5eb42cd164d81459a0d041eaab,622e97baf8eece3cc6a62615addca82592c24a5eb42cd164d81459a0d041eaab,exact_v2.1_reference,aligned,psychosis,llm_proposed,literature,evidence_gap,unresolved,false,0
1,10,psychosis_q016,ncb-scientific-9066c4a0d3bc2f9f,9066c4a0d3bc2f9f335adcc9e6fce3653c8c38198faedd03436f1aa34da54b25,9066c4a0d3bc2f9f335adcc9e6fce3653c8c38198faedd03436f1aa34da54b25,exact_v2.1_reference,aligned_with_safety_augmentation,psychosis,llm_proposed,literature,strict,confirm,false,0
1,10,psychosis_q017,ncb-scientific-4bafecc6ed3b9d87,4bafecc6ed3b9d87a26b408fcd1dd48f8e80cc184c6f98eb941ab54c48ad2031,4bafecc6ed3b9d87a26b408fcd1dd48f8e80cc184c6f98eb941ab54c48ad2031,exact_v2.1_reference,aligned,psychosis,llm_proposed,literature,evidence_gap,unresolved,false,0
1,10,psychosis_q018,ncb-scientific-6aa47e3b129ad9fb,6aa47e3b129ad9fb3b897f8e59d71e00f8f3abe34d5515c19a65bf8a5c880e1a,6aa47e3b129ad9fb3b897f8e59d71e00f8f3abe34d5515c19a65bf8a5c880e1a,exact_v2.1_reference,aligned_with_safety_augmentation,psychosis,llm_proposed,literature,evidence_gap,unresolved,true,3
1,10,psychosis_q019,ncb-scientific-047feb6835500e20,047feb6835500e20fce6c8866aa5f4319884079d3ece961fffa1950d3f67649b,047feb6835500e20fce6c8866aa5f4319884079d3ece961fffa1950d3f67649b,exact_v2.1_reference,aligned_with_safety_augmentation,psychosis,llm_proposed,literature,evidence_gap,unresolved,true,3
1,10,psychosis_q021,ncb-scientific-675abad09b88a363,675abad09b88a3632ae7d7ac4e199a4a0e5c99415e8c1ac16c601d7e16a98f35,675abad09b88a3632ae7d7ac4e199a4a0e5c99415e8c1ac16c601d7e16a98f35,exact_v2.1_reference,aligned_with_safety_augmentation,psychosis,llm_proposed,literature,evidence_gap,unresolved,false,0
1,10,psychosis_q022,ncb-scientific-49fd02560669f081,49fd02560669f081865a60b8024eb81ebb6dc5834a87820f119def66b35fa233,49fd02560669f081865a60b8024eb81ebb6dc5834a87820f119def66b35fa233,exact_v2.1_reference,aligned,psychosis,llm_proposed,literature,evidence_gap,unresolved,true,3
1,10,psychosis_q023,ncb-scientific-3942bdaedf8efb2a,3942bdaedf8efb2afecb3c2c12045c0014df9f189b66d0de08e09298d10c22ae,3942bdaedf8efb2afecb3c2c12045c0014df9f189b66d0de08e09298d10c22ae,exact_v2.1_reference,aligned_with_safety_augmentation,psychosis,llm_proposed,literature,evidence_gap,unresolved,true,1
1,10,psychosis_q024,ncb-scientific-9181e305d0e360a5,9181e305d0e360a5d17ec43febd9d32a46fc572a1fa87ab8680c7b4cb79abe90,9181e305d0e360a5d17ec43febd9d32a46fc572a1fa87ab8680c7b4cb79abe90,exact_v2.1_reference,aligned_with_safety_augmentation,psychosis,llm_proposed,literature,evidence_gap,unresolved,false,0
1,10,psychosis_q025,ncb-scientific-4ffc0faff41b9d25,4ffc0faff41b9d251ae15c86a5646175e1972970df38a88ccfac126ba34f43b9,4ffc0faff41b9d251ae15c86a5646175e1972970df38a88ccfac126ba34f43b9,exact_v2.1_reference,aligned,psychosis,llm_proposed,literature,evidence_gap,unresolved,true,2
1,10,psychosis_q026,ncb-scientific-e43def8c3b8cb4e9,e43def8c3b8cb4e9401abd45c8e585ca3fb7555ed77364cdacf981560d643998,e43def8c3b8cb4e9401abd45c8e585ca3fb7555ed77364cdacf981560d643998,exact_v2.1_reference,aligned_with_safety_augmentation,psychosis,llm_proposed,literature,evidence_gap,unresolved,false,0
1,10,psychosis_q027,ncb-scientific-9eaf2a23ddb73ea3,9eaf2a23ddb73ea3b9ad8419cc764b871d15a798fea17ac3a71821704466415e,9eaf2a23ddb73ea3b9ad8419cc764b871d15a798fea17ac3a71821704466415e,exact_v2.1_reference,aligned_with_safety_augmentation,psychosis,llm_proposed,literature,provisional,abstain,false,0
1,10,psychosis_q028,ncb-scientific-6130b7ec9d114c16,6130b7ec9d114c162d53c779a173cc930024074dfc2f729afa0cd4fc7c5e3827,6130b7ec9d114c162d53c779a173cc930024074dfc2f729afa0cd4fc7c5e3827,exact_v2.1_reference,aligned,psychosis,llm_proposed,literature,strict,confirm,false,0
1,10,psychosis_q029,ncb-scientific-561d93190dd22ced,561d93190dd22ced60f31e0fd38e0faf5c987fc53b8acf69c6396133d316d230,561d93190dd22ced60f31e0fd38e0faf5c987fc53b8acf69c6396133d316d230,exact_v2.1_reference,aligned_with_safety_augmentation,psychosis,llm_proposed,literature,evidence_gap,unresolved,false,0
1,10,psychosis_q030,ncb-scientific-23a83dcb8dd0287e,23a83dcb8dd0287e82e81be378cb004bce79a5325cd73ba2c55edfee8113d52d,23a83dcb8dd0287e82e81be378cb004bce79a5325cd73ba2c55edfee8113d52d,exact_v2.1_reference,aligned,psychosis,llm_proposed,literature,evidence_gap,unresolved,false,0
1,10,psychosis_q031,ncb-scientific-611e67de29172a34,611e67de29172a34127865843ed7fbb0a3c674cbea476eacda530d3d8c5a9abf,611e67de29172a34127865843ed7fbb0a3c674cbea476eacda530d3d8c5a9abf,exact_v2.1_reference,aligned_with_safety_augmentation,psychosis,llm_proposed,literature,evidence_gap,unresolved,false,0
1,10,psychosis_q032,ncb-scientific-740708798029c58d,740708798029c58d4d6385bc24deca50249908931c23e35c50e771c1555ef475,740708798029c58d4d6385bc24deca50249908931c23e35c50e771c1555ef475,exact_v2.1_reference,aligned_with_safety_augmentation,psychosis,llm_proposed,literature,strict,confirm,false,0
1,10,psychosis_q033,ncb-scientific-23b8d8c0265298fd,23b8d8c0265298fd242715da197614417003ea5efbb70bf6b292cb27ea990f0d,23b8d8c0265298fd242715da197614417003ea5efbb70bf6b292cb27ea990f0d,exact_v2.1_reference,aligned,psychosis,llm_proposed,literature,evidence_gap,unresolved,false,0
1,10,psychosis_q034,ncb-scientific-548d362dc2682286,548d362dc26822867e373f356852faa0ed9fa00f1757c8e4486a1d240506e03e,548d362dc26822867e373f356852faa0ed9fa00f1757c8e4486a1d240506e03e,exact_v2.1_reference,aligned,psychosis,llm_proposed,literature,evidence_gap,unresolved,false,0
1,10,psychosis_q035,ncb-scientific-66560a7fd0e34141,66560a7fd0e34141ba219136468ed4d54ee064cfff748f6d27aa451fbfd80069,66560a7fd0e34141ba219136468ed4d54ee064cfff748f6d27aa451fbfd80069,exact_v2.1_reference,aligned,psychosis,llm_proposed,literature,provisional,abstain,false,0
1,10,psychosis_q036,ncb-scientific-e313edffc6da7a07,e313edffc6da7a074c42d69ed32da20e4642325dccd086815d410b2e3f7babb3,e313edffc6da7a074c42d69ed32da20e4642325dccd086815d410b2e3f7babb3,exact_v2.1_reference,aligned,psychosis,llm_proposed,literature,evidence_gap,unresolved,false,0
1,10,psychosis_q037,ncb-scientific-3b7b2226aa3bb7ce,3b7b2226aa3bb7ce109fe00563be869699e1fef55876cce35355c6941ea873fd,3b7b2226aa3bb7ce109fe00563be869699e1fef55876cce35355c6941ea873fd,exact_v2.1_reference,aligned,psychosis,llm_proposed,literature,evidence_gap,unresolved,false,0
1,10,psychosis_q038,ncb-scientific-51f69ecdfc1f24b2,51f69ecdfc1f24b277984e6877bcaf2b948d82427c5f75a82b8d082ad218f263,51f69ecdfc1f24b277984e6877bcaf2b948d82427c5f75a82b8d082ad218f263,pre_v2_contract_only,ambiguous_unresolved,psychosis,llm_proposed,,,,false,0
1,10,psychosis_q039,ncb-scientific-d0535a6cab6d913b,d0535a6cab6d913b7aae20a3c6e47c1d8b5c21a56abd87a6f45877adf81829e0,d0535a6cab6d913b7aae20a3c6e47c1d8b5c21a56abd87a6f45877adf81829e0,exact_v2.1_reference,aligned,psychosis,llm_proposed,literature,provisional,confirm,false,0
1,10,psychosis_q040,ncb-scientific-80318de11aee33ca,80318de11aee33cafcafc23b40e6d185a412151c5603277794147b1d572df23d,80318de11aee33cafcafc23b40e6d185a412151c5603277794147b1d572df23d,exact_v2.1_reference,aligned,psychosis,llm_proposed,literature,evidence_gap,unresolved,false,0
1,10,psychosis_q042,ncb-scientific-70527a90423a8295,70527a90423a8295ebeae835b0a95e8bc634a4d1611424dbdb775935515a8516,70527a90423a8295ebeae835b0a95e8bc634a4d1611424dbdb775935515a8516,exact_v2.1_reference,aligned,psychosis,llm_proposed,literature,evidence_gap,unresolved,true,2
1,10,psychosis_q043,ncb-scientific-41408a5127ecaa01,41408a5127ecaa01bb16f33bb137977cb589300803b75207c17804f34de42e00,41408a5127ecaa01bb16f33bb137977cb589300803b75207c17804f34de42e00,exact_v2.1_reference,aligned,psychosis,llm_proposed,literature,provisional,abstain,true,2
1,10,psychosis_q045,ncb-scientific-81e24d3b130902a4,81e24d3b130902a46cd52114a0894c5d3052a400c072cda182917e5eb6728851,81e24d3b130902a46cd52114a0894c5d3052a400c072cda182917e5eb6728851,exact_v2.1_reference,aligned,psychosis,llm_proposed,literature,evidence_gap,unresolved,true,1
1,10,psychosis_q046,ncb-scientific-172d75bcc17dcce9,172d75bcc17dcce9c2a8cde3b446b4521935e40d9bee3691b4d574e1b426012d,172d75bcc17dcce9c2a8cde3b446b4521935e40d9bee3691b4d574e1b426012d,exact_v2.1_reference,aligned,psychosis,llm_proposed,literature,evidence_gap,unresolved,false,0
1,10,psychosis_q047,ncb-scientific-58a996a383e72e5b,58a996a383e72e5b79cc802cd41cc61d146ef74faab2650d92112acd832924d8,58a996a383e72e5b79cc802cd41cc61d146ef74faab2650d92112acd832924d8,exact_v2.1_reference,aligned,psychosis,llm_proposed,literature,provisional,confirm,true,1
1,10,psychosis_q048,ncb-scientific-ed8eabb252714493,ed8eabb252714493617a23875b640f41f1af8d9b8826cdbb8845c317adcbc72f,ed8eabb252714493617a23875b640f41f1af8d9b8826cdbb8845c317adcbc72f,exact_v2.1_reference,aligned,psychosis,llm_proposed,literature,evidence_gap,unresolved,false,0
1,10,psychosis_q049,ncb-scientific-a1da46d7f5fa792d,a1da46d7f5fa792d06b40ef905be2163aa10371959c82a12774363e09e80a844,a1da46d7f5fa792d06b40ef905be2163aa10371959c82a12774363e09e80a844,exact_v2.1_reference,aligned_with_safety_augmentation,psychosis,llm_proposed,literature,evidence_gap,unresolved,false,0
1,10,psychosis_q050,ncb-scientific-55b455d152ed1390,55b455d152ed1390382cc96bd36b995f3d6549c65d1710583265325ae547aabe,55b455d152ed1390382cc96bd36b995f3d6549c65d1710583265325ae547aabe,exact_v2.1_reference,aligned,psychosis,llm_proposed,literature,evidence_gap,unresolved,false,0
1,2,pubmed_23333262_pmid23333262_rsfc_aging_1,ncb-scientific-9c418256797d0a86,9c418256797d0a86064d970a3e88ff8457d32310776b1a8297e66c8a796c3e35,9c418256797d0a86064d970a3e88ff8457d32310776b1a8297e66c8a796c3e35,exact_v2.1_reference,aligned,normative_fmri,literature_grounded,literature,evidence_gap,unresolved,false,0
1,2,pubmed_39856610_pmid39856610_1,ncb-scientific-f7c3e84a1cb3480d,f7c3e84a1cb3480df741174bb0e279d66de6682c8fed7217cb12a501ce7abb09,f7c3e84a1cb3480df741174bb0e279d66de6682c8fed7217cb12a501ce7abb09,pre_v2_contract_only,ambiguous_unresolved,adhd,literature_grounded,,,,false,0
1,2,pubmed_35583796_pmid35583796_rsfc_dmn_within,ncb-scientific-9306eed5ac12c7af,9306eed5ac12c7afb5d6c7513192e5e650af6d2ccd09172f90bd0be83b95b662,9306eed5ac12c7afb5d6c7513192e5e650af6d2ccd09172f90bd0be83b95b662,exact_v2.1_reference,aligned,adhd,literature_grounded,literature,provisional,abstain,false,0
1,2,pubmed_35583796_pmid35583796_rsfc_dmn_control_salience,ncb-scientific-060910c2dae3c7c0,060910c2dae3c7c0bc483bb7456953e7717bc55f016c82a246c15256e99ca483,060910c2dae3c7c0bc483bb7456953e7717bc55f016c82a246c15256e99ca483,exact_v2.1_reference,aligned,adhd,literature_grounded,literature,provisional,abstain,false,0
1,2,pubmed_36403658_pmid36403658_adhd_dmn_fc,ncb-scientific-bace4c130b60ece5,bace4c130b60ece50157fd3d6ec0b0e4244cf860559cbcb48aa4a9e499ab497d,bace4c130b60ece50157fd3d6ec0b0e4244cf860559cbcb48aa4a9e499ab497d,pre_v2_contract_only,ambiguous_unresolved,adhd,literature_grounded,,,,false,0
1,2,pubmed_36403658_pmid36403658_adhd_fc_classifier,ncb-scientific-ce9b34e85b1510c7,ce9b34e85b1510c7cdb61caab47224a564c4d18a9d89c72c6952a58e8ed87491,ce9b34e85b1510c7cdb61caab47224a564c4d18a9d89c72c6952a58e8ed87491,pre_v2_contract_only,ambiguous_unresolved,adhd,literature_grounded,,,,false,0
1,2,pubmed_35359026_35359026_1,ncb-scientific-f3636d57e59fc807,f3636d57e59fc80720979dd8e617af6796721000006447ea84631b5fed881c38,f3636d57e59fc80720979dd8e617af6796721000006447ea84631b5fed881c38,exact_v2.1_reference,aligned,adhd,literature_grounded,literature,evidence_gap,unresolved,false,0
1,2,pubmed_34280835_pmid34280835_adhd_smn-fc_01,ncb-scientific-4bec8588ceb4224d,4bec8588ceb4224ddd1ba5d8630aca64bbe57f5c572153bf88b8b92a099e90a4,4bec8588ceb4224ddd1ba5d8630aca64bbe57f5c572153bf88b8b92a099e90a4,exact_v2.1_reference,aligned,adhd,literature_grounded,literature,evidence_gap,unresolved,false,0
1,2,pubmed_31265198_pmid31265198_fc_adhd_vs_tdc,ncb-scientific-c8acae9508ef35fd,c8acae9508ef35fd71e17be422a96ff94cda16d53561647f67cc34bf3fb5e2dc,c8acae9508ef35fd71e17be422a96ff94cda16d53561647f67cc34bf3fb5e2dc,exact_v2.1_reference,aligned,adhd,literature_grounded,literature,provisional,abstain,false,0
1,2,pubmed_35338900_pmid35338900_age_fcsc,ncb-scientific-5640b53a2dfaa1b8,5640b53a2dfaa1b884c99a06c8c8897d97d1155e8f60cc54e4822588eef8e5bc,5640b53a2dfaa1b884c99a06c8c8897d97d1155e8f60cc54e4822588eef8e5bc,pre_v2_contract_only,ambiguous_unresolved,adhd,literature_grounded,,,,false,0
1,2,pubmed_35338900_pmid35338900_boysadhd_limbicdmn,ncb-scientific-de1363fa0a54a318,de1363fa0a54a31857453e1dd873734715696b750931e1ee29d64fb8103b2e58,de1363fa0a54a31857453e1dd873734715696b750931e1ee29d64fb8103b2e58,exact_v2.1_reference,aligned,adhd,literature_grounded,literature,evidence_gap,unresolved,false,0
1,2,pubmed_37121277_pmid37121277_reho_cluster1_vs_td,ncb-scientific-e59b8563fe5abace,e59b8563fe5abace75c175eff2d6c6bc371d7aa0b5053b5fc34317818314bff5,e59b8563fe5abace75c175eff2d6c6bc371d7aa0b5053b5fc34317818314bff5,pre_v2_contract_only,ambiguous_unresolved,asd,literature_grounded,,,,false,0
1,2,pubmed_37121277_pmid37121277_vmhc_cluster1_vs_td,ncb-scientific-f41a8c5978b01125,f41a8c5978b01125b76c9d2800b0f2317936ed7c14759937a1ed14428bc25897,f41a8c5978b01125b76c9d2800b0f2317936ed7c14759937a1ed14428bc25897,pre_v2_contract_only,ambiguous_unresolved,asd,literature_grounded,,,,false,0
1,2,pubmed_37121277_pmid37121277_mccfc_cluster2_vs_td,ncb-scientific-c98428886dd0f1d9,c98428886dd0f1d91c3a75d885826b5fb7726225297f515afa05718599e2996d,c98428886dd0f1d91c3a75d885826b5fb7726225297f515afa05718599e2996d,pre_v2_contract_only,ambiguous_unresolved,asd,literature_grounded,,,,false,0
1,2,pubmed_42141307_pmid42141307_asd_fmri_fc_casecontrol_mixed,ncb-scientific-4f6f45a81e8e3370,4f6f45a81e8e337049763733e2b9871efc22c4d9fc5f5f6d4ccf920cb8a023d6,4f6f45a81e8e337049763733e2b9871efc22c4d9fc5f5f6d4ccf920cb8a023d6,exact_v2.1_reference,aligned,asd,literature_grounded,literature,strict,confirm,false,0
1,2,pubmed_34264028_34264028-1,ncb-scientific-7ab10eca62cc6fc7,7ab10eca62cc6fc7aac3fc6c5d935bbe58e90be3a4850b9956b9d4bb8758e45f,7ab10eca62cc6fc7aac3fc6c5d935bbe58e90be3a4850b9956b9d4bb8758e45f,pre_v2_contract_only,ambiguous_unresolved,asd,literature_grounded,,,,false,0
1,2,pubmed_37741308_pmid37741308_asd_fc_groupdiff,ncb-scientific-55457edaa703fbe4,55457edaa703fbe4b0e3548c6732e7f7dc35b0535beed7336e617f077b9a8172,55457edaa703fbe4b0e3548c6732e7f7dc35b0535beed7336e617f077b9a8172,exact_v2.1_reference,aligned,asd,literature_grounded,literature,evidence_gap,unresolved,false,0
1,2,pubmed_28040544_pmid28040544_asd_fc_kea_corticalnetworks,ncb-scientific-cb86d4103ebb0e0c,cb86d4103ebb0e0cfb84aeae03b006b1b9f5e196a73b165f42e271c167d1f8d0,cb86d4103ebb0e0cfb84aeae03b006b1b9f5e196a73b165f42e271c167d1f8d0,exact_v2.1_reference,aligned,asd,literature_grounded,literature,provisional,confirm,false,0
1,2,pubmed_28040544_pmid28040544_asd_fc_selffacetom,ncb-scientific-08c6866776e43268,08c6866776e432686055fe502dc79eaebce0f6916de3c9ca15c72b7849a8070b,08c6866776e432686055fe502dc79eaebce0f6916de3c9ca15c72b7849a8070b,exact_v2.1_reference,aligned,asd,literature_grounded,literature,provisional,confirm,false,0
1,2,pubmed_30833582_pmid30833582_asd_stepwise_connectivity,ncb-scientific-88422a822641e7cd,88422a822641e7cdcba6f457a4fa41387a32f9f3a60e08260ef9b6a18e716ada,88422a822641e7cdcba6f457a4fa41387a32f9f3a60e08260ef9b6a18e716ada,exact_v2.1_reference,aligned,asd,literature_grounded,literature,strict,confirm,false,0
1,2,pubmed_1431963_pmid1431963_mta_ad_vs_controls,ncb-scientific-e2c8b315d5871123,e2c8b315d58711232df3fb244f289b13f1a98c97f3043bbed5db37f77d0fac0a,e2c8b315d58711232df3fb244f289b13f1a98c97f3043bbed5db37f77d0fac0a,exact_v2.1_reference,aligned,ad_aging,literature_grounded,literature,strict,confirm,true,1
1,2,pubmed_21729419_pmid21729419_2,ncb-scientific-e2c8b315d5871123,e2c8b315d58711232df3fb244f289b13f1a98c97f3043bbed5db37f77d0fac0a,e2c8b315d58711232df3fb244f289b13f1a98c97f3043bbed5db37f77d0fac0a,exact_v2.1_reference,aligned,ad_aging,literature_grounded,literature,strict,confirm,true,1
1,2,pubmed_31313441_31313441-psychosis-rsfc-casecontrol,ncb-scientific-1c4bb13eab05e379,1c4bb13eab05e37903f684a6f8836eb4046bdfd60c0337e4be303461922306ff,1c4bb13eab05e37903f684a6f8836eb4046bdfd60c0337e4be303461922306ff,exact_v2.1_reference,aligned,psychosis,literature_grounded,literature,strict,confirm,false,0
1,2,pubmed_29653095_29653095-psychosis-fc-01,ncb-scientific-c671d3de1b2734cb,c671d3de1b2734cb8e64ccc55fdd15ea4118e551d604845c6f756f7b71f7ba43,c671d3de1b2734cb8e64ccc55fdd15ea4118e551d604845c6f756f7b71f7ba43,exact_v2.1_reference,aligned,psychosis,literature_grounded,literature,provisional,confirm,false,0
1,2,pubmed_29653095_29653095-psychosis-fc-02,ncb-scientific-b336c91ebd2e082c,b336c91ebd2e082c670facfa74d1a9ee136e61e29d1305f2d91cecac8b77f04c,b336c91ebd2e082c670facfa74d1a9ee136e61e29d1305f2d91cecac8b77f04c,pre_v2_contract_only,ambiguous_unresolved,psychosis,literature_grounded,,,,false,0
1,2,pubmed_35753120_pmid35753120_1,ncb-scientific-5d5fd40a49dbf782,5d5fd40a49dbf782645572714c9237709a98147ddd0551217a75c6523f448980,5d5fd40a49dbf782645572714c9237709a98147ddd0551217a75c6523f448980,pre_v2_contract_only,ambiguous_unresolved,psychosis,literature_grounded,,,,false,0
1,2,pubmed_34183210_pmid34183210_1,ncb-scientific-c1112f228bb27f06,c1112f228bb27f06f18f32376d89a4b816fcc7df2f53487617d65faedc726ef5,c1112f228bb27f06f18f32376d89a4b816fcc7df2f53487617d65faedc726ef5,pre_v2_contract_only,ambiguous_unresolved,psychosis,literature_grounded,,,,false,0
1,2,pubmed_34183210_pmid34183210_3,ncb-scientific-67542fa55426a130,67542fa55426a13052157d88d588a5334147c1872c82514b9edcf4651c8ca7b7,67542fa55426a13052157d88d588a5334147c1872c82514b9edcf4651c8ca7b7,pre_v2_contract_only,ambiguous_unresolved,psychosis,literature_grounded,,,,false,0
1,2,pubmed_38422833_pmid38422833_cortical_fnc,ncb-scientific-09903e42ed156c26,09903e42ed156c2690cdbe27471b1d9877a5a23f33b016ead3e1b12870fef1fc,09903e42ed156c2690cdbe27471b1d9877a5a23f33b016ead3e1b12870fef1fc,exact_v2.1_reference,aligned,psychosis,literature_grounded,literature,strict,confirm,false,0
1,2,normative_fmri_001,ncb-scientific-6f07b924f78e762d,6f07b924f78e762dbb04192421df62ac5dd24835b8e50993a3f5c2cdf333e66c,6f07b924f78e762dbb04192421df62ac5dd24835b8e50993a3f5c2cdf333e66c,exact_v2.1_reference,aligned_with_safety_augmentation,normative_fmri,llm_proposed,literature,provisional,confirm,false,0
1,2,normative_fmri_002,ncb-scientific-a1bf69b8f56d46c9,a1bf69b8f56d46c996f93349f5201c8b628f7dd5753a9899ff61c78ed977e658,a1bf69b8f56d46c996f93349f5201c8b628f7dd5753a9899ff61c78ed977e658,exact_v2.1_reference,aligned_with_safety_augmentation,normative_fmri,llm_proposed,literature,evidence_gap,unresolved,false,0
1,2,normative_fmri_003,ncb-scientific-dc6371e72c01cdcd,dc6371e72c01cdcd2e2e176efc8496ba66d5715ea1c8da75ab66be1c67032e07,dc6371e72c01cdcd2e2e176efc8496ba66d5715ea1c8da75ab66be1c67032e07,exact_v2.1_reference,aligned_with_safety_augmentation,normative_fmri,llm_proposed,literature,evidence_gap,unresolved,false,0
1,2,normative_fmri_006,ncb-scientific-42b2c11ed186c2c9,42b2c11ed186c2c9d794dfd42e14b54cf31afc8d70f2f8c136913760977724fb,42b2c11ed186c2c9d794dfd42e14b54cf31afc8d70f2f8c136913760977724fb,exact_v2.1_reference,aligned_with_safety_augmentation,normative_fmri,llm_proposed,literature,evidence_gap,unresolved,false,0
1,2,normative_fmri_007,ncb-scientific-a9e0ba33a876abc0,a9e0ba33a876abc0fa6cbc657ebbfa5b3516bdf998288dcb9ea497f1dd12cfda,a9e0ba33a876abc0fa6cbc657ebbfa5b3516bdf998288dcb9ea497f1dd12cfda,exact_v2.1_reference,aligned_with_safety_augmentation,normative_fmri,llm_proposed,literature,evidence_gap,unresolved,false,0
1,2,normative_fmri_009,ncb-scientific-e7c94f56c83e0651,e7c94f56c83e06518cfb23793f51ccaf963a39435caaaca93bcd7d7166f65091,e7c94f56c83e06518cfb23793f51ccaf963a39435caaaca93bcd7d7166f65091,exact_v2.1_reference,aligned_with_safety_augmentation,normative_fmri,llm_proposed,literature,evidence_gap,unresolved,false,0
1,2,normative_fmri_013,ncb-scientific-8482b5c202e5e323,8482b5c202e5e3235de8c6063dda4b78550e3f9e00df27d431e2d1f0d720b4aa,8482b5c202e5e3235de8c6063dda4b78550e3f9e00df27d431e2d1f0d720b4aa,exact_v2.1_reference,aligned_with_safety_augmentation,normative_fmri,llm_proposed,literature,evidence_gap,unresolved,false,0
1,2,normative_fmri_014,ncb-scientific-43b88d75579673af,43b88d75579673af885b371f0652ded9c324f9b8bf3da288fe57fd77b533156d,43b88d75579673af885b371f0652ded9c324f9b8bf3da288fe57fd77b533156d,exact_v2.1_reference,aligned_with_safety_augmentation,normative_fmri,llm_proposed,literature,evidence_gap,unresolved,false,0
1,2,normative_fmri_015,ncb-scientific-e1c33335981addda,e1c33335981addda2599fe24aa86c62ac3f0c9a159ee7345d23c83e540683619,e1c33335981addda2599fe24aa86c62ac3f0c9a159ee7345d23c83e540683619,exact_v2.1_reference,aligned_with_safety_augmentation,normative_fmri,llm_proposed,literature,evidence_gap,unresolved,false,0
1,2,normative_fmri_016,ncb-scientific-7c173adc5485d7ce,7c173adc5485d7ce2f944c400dd42b6053d003a6972c57de7cbc05bac07157ce,7c173adc5485d7ce2f944c400dd42b6053d003a6972c57de7cbc05bac07157ce,exact_v2.1_reference,aligned_with_safety_augmentation,normative_fmri,llm_proposed,literature,evidence_gap,unresolved,false,0
1,2,normative_fmri_017,ncb-scientific-e9887ba0003df877,e9887ba0003df8779438a68d1005ebb55b6bb49af3d222c23f2ed43541800f4c,e9887ba0003df8779438a68d1005ebb55b6bb49af3d222c23f2ed43541800f4c,exact_v2.1_reference,aligned_with_safety_augmentation,normative_fmri,llm_proposed,literature,evidence_gap,unresolved,false,0
1,2,normative_fmri_021,ncb-scientific-f84fe6980294c120,f84fe6980294c120bccc3de4d0ceb634edd5c41e1166cc53760b2275e4bae482,f84fe6980294c120bccc3de4d0ceb634edd5c41e1166cc53760b2275e4bae482,exact_v2.1_reference,aligned_with_safety_augmentation,normative_fmri,llm_proposed,literature,evidence_gap,unresolved,false,0
1,2,normative_fmri_022,ncb-scientific-704522685c487d81,704522685c487d817c358b1648972cf4b93110fe504eef340f7662e1605fe2af,704522685c487d817c358b1648972cf4b93110fe504eef340f7662e1605fe2af,exact_v2.1_reference,aligned_with_safety_augmentation,normative_fmri,llm_proposed,literature,evidence_gap,unresolved,false,0
1,2,normative_fmri_023,ncb-scientific-05c17620b6ff0817,05c17620b6ff0817912306ae784d68f40f43538421d7a77238304c5941523117,05c17620b6ff0817912306ae784d68f40f43538421d7a77238304c5941523117,exact_v2.1_reference,aligned_with_safety_augmentation,normative_fmri,llm_proposed,literature,evidence_gap,unresolved,false,0
1,2,normative_fmri_025,ncb-scientific-ee627d7a5d823df0,ee627d7a5d823df05e627bdf39c5c62a61d74c6453f8c490dc39a233a4ecf6a1,ee627d7a5d823df05e627bdf39c5c62a61d74c6453f8c490dc39a233a4ecf6a1,exact_v2.1_reference,aligned_with_safety_augmentation,normative_fmri,llm_proposed,literature,evidence_gap,unresolved,false,0
1,2,normative_fmri_026,ncb-scientific-cb339bf30281cede,cb339bf30281cedea3769b3c8ba3c0199ad8889c6569c72e5720af2c4c1b226d,cb339bf30281cedea3769b3c8ba3c0199ad8889c6569c72e5720af2c4c1b226d,exact_v2.1_reference,aligned_with_safety_augmentation,normative_fmri,llm_proposed,literature,evidence_gap,unresolved,false,0
1,2,normative_fmri_027,ncb-scientific-a427d5471566b2cf,a427d5471566b2cf475103489cde2f05ea57bbab09ea9cdd585ccf3a09b6dc00,a427d5471566b2cf475103489cde2f05ea57bbab09ea9cdd585ccf3a09b6dc00,exact_v2.1_reference,aligned_with_safety_augmentation,normative_fmri,llm_proposed,literature,evidence_gap,unresolved,false,0
1,2,normative_fmri_028,ncb-scientific-2a5d5bc83ab86134,2a5d5bc83ab8613499aab2ac0e974ec72a4dd0f1099d99320ee8a8e449b683b6,2a5d5bc83ab8613499aab2ac0e974ec72a4dd0f1099d99320ee8a8e449b683b6,exact_v2.1_reference,aligned_with_safety_augmentation,normative_fmri,llm_proposed,literature,evidence_gap,unresolved,false,0
1,2,normative_fmri_031,ncb-scientific-c9246d08669f6265,c9246d08669f6265e26d6a274208eaff54a2c585d734065f5cd7d4289f86a6ed,c9246d08669f6265e26d6a274208eaff54a2c585d734065f5cd7d4289f86a6ed,exact_v2.1_reference,aligned_with_safety_augmentation,normative_fmri,llm_proposed,literature,evidence_gap,unresolved,false,0
1,2,normative_fmri_032,ncb-scientific-0fba59d9c8075ce0,0fba59d9c8075ce0e6445699e130455b749c5802904fc65688809203764277dd,0fba59d9c8075ce0e6445699e130455b749c5802904fc65688809203764277dd,exact_v2.1_reference,aligned_with_safety_augmentation,normative_fmri,llm_proposed,literature,evidence_gap,unresolved,false,0
1,2,normative_fmri_033,ncb-scientific-c1b8f2bee08cd388,c1b8f2bee08cd3885ae393bad4189abe4f6f306525a43073ef666674c49e6e5a,c1b8f2bee08cd3885ae393bad4189abe4f6f306525a43073ef666674c49e6e5a,exact_v2.1_reference,aligned_with_safety_augmentation,normative_fmri,llm_proposed,literature,evidence_gap,unresolved,false,0
1,2,normative_fmri_034,ncb-scientific-eafa675a2857a0cb,eafa675a2857a0cb78b9514e4388964a9404eeef0cb89fc7b7b10da646cce92b,eafa675a2857a0cb78b9514e4388964a9404eeef0cb89fc7b7b10da646cce92b,exact_v2.1_reference,aligned_with_safety_augmentation,normative_fmri,llm_proposed,literature,evidence_gap,unresolved,false,0
1,2,normative_fmri_035,ncb-scientific-65466f9b282b22be,65466f9b282b22be1e717ceaf51a11a1383878fa6f0987faf8a0e2a126ffa737,65466f9b282b22be1e717ceaf51a11a1383878fa6f0987faf8a0e2a126ffa737,exact_v2.1_reference,aligned_with_safety_augmentation,normative_fmri,llm_proposed,literature,evidence_gap,unresolved,false,0
1,2,normative_fmri_036,ncb-scientific-d6cbeb536d2b0163,d6cbeb536d2b01632b3c753bd865bcb7f96749ca7f83705faf307f82a8ceda07,d6cbeb536d2b01632b3c753bd865bcb7f96749ca7f83705faf307f82a8ceda07,exact_v2.1_reference,aligned_with_safety_augmentation,normative_fmri,llm_proposed,literature,evidence_gap,unresolved,true,1
1,2,normative_fmri_038,ncb-scientific-06e24b7117348843,06e24b71173488433aa6f5a40a6db8bea7b0468cbafdaa0253d8d8563a1b8453,06e24b71173488433aa6f5a40a6db8bea7b0468cbafdaa0253d8d8563a1b8453,exact_v2.1_reference,aligned_with_safety_augmentation,normative_fmri,llm_proposed,literature,evidence_gap,unresolved,false,0
1,2,normative_fmri_039,ncb-scientific-493d1fd9443c1c35,493d1fd9443c1c35a711b47980ace70d89341606b2d943556f40528ed85ce744,493d1fd9443c1c35a711b47980ace70d89341606b2d943556f40528ed85ce744,exact_v2.1_reference,aligned_with_safety_augmentation,normative_fmri,llm_proposed,literature,evidence_gap,unresolved,false,0
1,2,normative_fmri_040,ncb-scientific-86a81a5f3a28d98c,86a81a5f3a28d98c10f2fd88774a049275a6dd3a56fa4e236ed763a643cae1c7,86a81a5f3a28d98c10f2fd88774a049275a6dd3a56fa4e236ed763a643cae1c7,exact_v2.1_reference,aligned_with_safety_augmentation,normative_fmri,llm_proposed,literature,evidence_gap,unresolved,false,0
1,2,normative_fmri_041,ncb-scientific-ea3fb846fbd7533c,ea3fb846fbd7533c676dd161a54428494426f0c6824d09709a81fa30f338b633,ea3fb846fbd7533c676dd161a54428494426f0c6824d09709a81fa30f338b633,pre_v2_contract_only,ambiguous_unresolved,normative_fmri,llm_proposed,,,,false,0
1,2,normative_fmri_042,ncb-scientific-89c7369d95a29475,89c7369d95a294751cf5c375140d9d130dba267d6c01ae06bb839c019ab703a8,89c7369d95a294751cf5c375140d9d130dba267d6c01ae06bb839c019ab703a8,pre_v2_contract_only,ambiguous_unresolved,normative_fmri,llm_proposed,,,,false,0
1,2,normative_fmri_043,ncb-scientific-9b0372d2c93e148a,9b0372d2c93e148a55d818beea55e176baab43b6cdcbb1cadd346c4698342848,9b0372d2c93e148a55d818beea55e176baab43b6cdcbb1cadd346c4698342848,pre_v2_contract_only,ambiguous_unresolved,normative_fmri,llm_proposed,,,,false,0
1,2,normative_fmri_044,ncb-scientific-adc7daee506cca47,adc7daee506cca470db321582aa77b9cc0e7f2abd527b99d4738e32de92f9075,adc7daee506cca470db321582aa77b9cc0e7f2abd527b99d4738e32de92f9075,pre_v2_contract_only,ambiguous_unresolved,normative_fmri,llm_proposed,,,,false,0
1,2,normative_fmri_047,ncb-scientific-319a1462bfdbc89d,319a1462bfdbc89d930616a30480c076432748e170281465818679f30546de86,319a1462bfdbc89d930616a30480c076432748e170281465818679f30546de86,exact_v2.1_reference,aligned_with_safety_augmentation,normative_fmri,llm_proposed,literature,evidence_gap,unresolved,false,0
1,2,normative_fmri_048,ncb-scientific-0efe8c9435d8ffdf,0efe8c9435d8ffdf5e3a10cd931fb791519373a7a547403b10409137517788bb,0efe8c9435d8ffdf5e3a10cd931fb791519373a7a547403b10409137517788bb,exact_v2.1_reference,aligned_with_safety_augmentation,normative_fmri,llm_proposed,literature,evidence_gap,unresolved,false,0
1,2,normative_fmri_049,ncb-scientific-2a373f053e882288,2a373f053e8822881dab40e7c242d78c2c729156c584d8a69c506f7d761a324d,2a373f053e8822881dab40e7c242d78c2c729156c584d8a69c506f7d761a324d,pre_v2_contract_only,ambiguous_unresolved,normative_fmri,llm_proposed,,,,false,0
1,2,normative_fmri_050,ncb-scientific-faaaeb165e293001,faaaeb165e29300168533c3f46df10bc022f709f42e5ae34a3f8f39f6583b00b,faaaeb165e29300168533c3f46df10bc022f709f42e5ae34a3f8f39f6583b00b,pre_v2_contract_only,ambiguous_unresolved,normative_fmri,llm_proposed,,,,false,0
1,2,adhd_q001,ncb-scientific-9ec4c7f2ec1fad99,9ec4c7f2ec1fad994bbafcb3d8260862dc2d3b5829226c0f0c4ea111889d1c08,9ec4c7f2ec1fad994bbafcb3d8260862dc2d3b5829226c0f0c4ea111889d1c08,exact_v2.1_reference,aligned_with_safety_augmentation,adhd,llm_proposed,literature,evidence_gap,unresolved,false,0
1,2,adhd_q002,ncb-scientific-e655e7f3059cc2a2,e655e7f3059cc2a2fa0bfd47f5738215071ffd1c322d56face875667b06330b8,e655e7f3059cc2a2fa0bfd47f5738215071ffd1c322d56face875667b06330b8,exact_v2.1_reference,aligned_with_safety_augmentation,adhd,llm_proposed,literature,provisional,abstain,false,0
1,2,adhd_q003,ncb-scientific-c8faa8d62af041ef,c8faa8d62af041ef89350be38a83cbeb57d551b518e3e17905b78d1b51c85218,c8faa8d62af041ef89350be38a83cbeb57d551b518e3e17905b78d1b51c85218,exact_v2.1_reference,aligned,adhd,llm_proposed,literature,evidence_gap,unresolved,false,0
1,2,adhd_q004,ncb-scientific-6bedac272110f713,6bedac272110f71307ba214166242c783aaabb9d2c90371d6e25cf14b2258297,6bedac272110f71307ba214166242c783aaabb9d2c90371d6e25cf14b2258297,exact_v2.1_reference,aligned_with_safety_augmentation,adhd,llm_proposed,literature,evidence_gap,unresolved,false,0
1,2,adhd_q005,ncb-scientific-73e0f34188f4c613,73e0f34188f4c613bbaf75216cae99010b0947ca6e64f339d66544a75dcdd5d4,73e0f34188f4c613bbaf75216cae99010b0947ca6e64f339d66544a75dcdd5d4,exact_v2.1_reference,aligned_with_safety_augmentation,adhd,llm_proposed,literature,provisional,confirm,false,0
1,2,adhd_q006,ncb-scientific-2b36f4bbee998e56,2b36f4bbee998e56371c67ff67d3eb58cb82ee7ec32ac324f688db7f55016f64,2b36f4bbee998e56371c67ff67d3eb58cb82ee7ec32ac324f688db7f55016f64,exact_v2.1_reference,aligned,adhd,llm_proposed,literature,evidence_gap,unresolved,false,0
1,2,adhd_q007,ncb-scientific-ccf76ee04722df94,ccf76ee04722df945c7c574a27b2da49fc63bef96e9b9b9f3ee1612f4beb0257,ccf76ee04722df945c7c574a27b2da49fc63bef96e9b9b9f3ee1612f4beb0257,exact_v2.1_reference,aligned_with_safety_augmentation,adhd,llm_proposed,literature,evidence_gap,unresolved,false,0
1,2,adhd_q008,ncb-scientific-8875a7bf33df9519,8875a7bf33df951977e26ecd4ecf5885a3a6e08b889d220be4400f20649c8706,8875a7bf33df951977e26ecd4ecf5885a3a6e08b889d220be4400f20649c8706,exact_v2.1_reference,aligned_with_safety_augmentation,adhd,llm_proposed,literature,evidence_gap,unresolved,false,0
1,2,adhd_q009,ncb-scientific-bdc24737aa23b682,bdc24737aa23b68213ee1a77d82e33597f5039ce548624b69e5675e7b1b02b18,bdc24737aa23b68213ee1a77d82e33597f5039ce548624b69e5675e7b1b02b18,exact_v2.1_reference,aligned_with_safety_augmentation,adhd,llm_proposed,literature,evidence_gap,unresolved,false,0
1,2,adhd_q010,ncb-scientific-5b0717b45335d600,5b0717b45335d600cb9bb3a3365f50480541f74ab04b95723d2b163524b995c2,5b0717b45335d600cb9bb3a3365f50480541f74ab04b95723d2b163524b995c2,exact_v2.1_reference,aligned_with_safety_augmentation,adhd,llm_proposed,literature,evidence_gap,unresolved,false,0
1,2,adhd_q012,ncb-scientific-6560b15c380073ca,6560b15c380073caf1f8bfe84bf2978902d6605bfe8aacd3a4262b47295b8f9f,6560b15c380073caf1f8bfe84bf2978902d6605bfe8aacd3a4262b47295b8f9f,exact_v2.1_reference,aligned_with_safety_augmentation,adhd,llm_proposed,literature,evidence_gap,unresolved,false,0
1,2,adhd_q016,ncb-scientific-bdd01753f9ebb90c,bdd01753f9ebb90c217a505dcc5198d851aee4b3c3450e682d1615f35e5dd44c,bdd01753f9ebb90c217a505dcc5198d851aee4b3c3450e682d1615f35e5dd44c,exact_v2.1_reference,aligned,adhd,llm_proposed,literature,evidence_gap,unresolved,false,0
1,2,adhd_q020,ncb-scientific-afe1f83e3d954a8c,afe1f83e3d954a8cea0ae7eceea167af281c6ea8ddce2bc289e93500d6ac2e54,afe1f83e3d954a8cea0ae7eceea167af281c6ea8ddce2bc289e93500d6ac2e54,exact_v2.1_reference,aligned_with_safety_augmentation,adhd,llm_proposed,literature,provisional,confirm,false,0
1,2,adhd_q022,ncb-scientific-2b20954defb2352a,2b20954defb2352adc7058f253db893e9e15a670abc51dcc80c24098106801e4,2b20954defb2352adc7058f253db893e9e15a670abc51dcc80c24098106801e4,pre_v2_contract_only,non_executable,adhd,llm_proposed,,,,false,0
1,2,adhd_q023,ncb-scientific-7c005de1c12b32a7,7c005de1c12b32a7b7a45e61565deb980582119a1b92e7e4f0083c9e8537a1d0,22e9dad3dc77b808e6883b1259492c9cf8f1bb52d57623e5d3afd28fd4ecd81a,pre_v2_contract_only,repairable_contract,adhd,llm_proposed,,,,false,0
1,2,adhd_q025,ncb-scientific-6c7b0f8ae69a2d50,6c7b0f8ae69a2d5037f71bb7af54369267c1d4746b35ba4b0575665297cfaab0,6c7b0f8ae69a2d5037f71bb7af54369267c1d4746b35ba4b0575665297cfaab0,pre_v2_contract_only,non_executable,adhd,llm_proposed,,,,false,0
1,2,adhd_q029,ncb-scientific-672ab5d3a6c11820,672ab5d3a6c11820c5309d195f4983f50a16b545c77a52895353cabd01a16c41,672ab5d3a6c11820c5309d195f4983f50a16b545c77a52895353cabd01a16c41,exact_v2.1_reference,aligned,adhd,llm_proposed,literature,evidence_gap,unresolved,false,0
1,2,adhd_q030,ncb-scientific-d37402dd791a12dc,d37402dd791a12dc5975c0b5a9fc0994be3d63826bdbf317c431e337efa54f61,d37402dd791a12dc5975c0b5a9fc0994be3d63826bdbf317c431e337efa54f61,exact_v2.1_reference,aligned_with_safety_augmentation,adhd,llm_proposed,literature,evidence_gap,unresolved,false,0
1,2,adhd_q031,ncb-scientific-c64dac21d8591104,c64dac21d8591104aa2912c0fc623cb3df7ae2fad45f89683dcc7f18692dc403,c64dac21d8591104aa2912c0fc623cb3df7ae2fad45f89683dcc7f18692dc403,exact_v2.1_reference,aligned_with_safety_augmentation,adhd,llm_proposed,literature,evidence_gap,unresolved,false,0
1,2,adhd_q032,ncb-scientific-6d7bbb66ca61d088,6d7bbb66ca61d088b1b6677f1693112e85a9ec6c6c0e8c82beb93a4244532157,6d7bbb66ca61d088b1b6677f1693112e85a9ec6c6c0e8c82beb93a4244532157,exact_v2.1_reference,aligned_with_safety_augmentation,adhd,llm_proposed,literature,evidence_gap,unresolved,false,0
1,2,adhd_q033,ncb-scientific-b6bcaf52ce24d411,b6bcaf52ce24d41101405c05556ff4df7a5cf370d247fb9fbe590d817921a011,b6bcaf52ce24d41101405c05556ff4df7a5cf370d247fb9fbe590d817921a011,exact_v2.1_reference,aligned,adhd,llm_proposed,literature,evidence_gap,unresolved,false,0
1,2,adhd_q034,ncb-scientific-03136ab7c6bb7990,03136ab7c6bb7990d987f647394f6865d014527a752393660750e24e0cd5b01d,03136ab7c6bb7990d987f647394f6865d014527a752393660750e24e0cd5b01d,exact_v2.1_reference,aligned_with_safety_augmentation,adhd,llm_proposed,literature,evidence_gap,unresolved,false,0
1,2,adhd_q035,ncb-scientific-721c4fa75e038ea4,721c4fa75e038ea4bdb26ce48b91b63d0615507f3c7e11e3dd07f46967efa967,721c4fa75e038ea4bdb26ce48b91b63d0615507f3c7e11e3dd07f46967efa967,exact_v2.1_reference,aligned_with_safety_augmentation,adhd,llm_proposed,literature,evidence_gap,unresolved,false,0
1,2,adhd_q036,ncb-scientific-5af5c999c214ab93,5af5c999c214ab9372f9f2d8ade3dd6da56394efb2231c76129e7a21833959ea,5af5c999c214ab9372f9f2d8ade3dd6da56394efb2231c76129e7a21833959ea,exact_v2.1_reference,aligned_with_safety_augmentation,adhd,llm_proposed,literature,evidence_gap,unresolved,false,0
1,2,adhd_q042,ncb-scientific-579c77d9f61e5f87,579c77d9f61e5f872fb1fae891fba19835a019868aa8a7ef7a47d76233ac7b33,579c77d9f61e5f872fb1fae891fba19835a019868aa8a7ef7a47d76233ac7b33,exact_v2.1_reference,aligned_with_safety_augmentation,adhd,llm_proposed,literature,evidence_gap,unresolved,false,0
1,2,adhd_q043,ncb-scientific-f38d6fdbc4e79d95,f38d6fdbc4e79d95965379c89ad839dad19e0303155a580a4d7bcd26ddf9a32d,f38d6fdbc4e79d95965379c89ad839dad19e0303155a580a4d7bcd26ddf9a32d,exact_v2.1_reference,aligned_with_safety_augmentation,adhd,llm_proposed,literature,evidence_gap,unresolved,true,1
1,2,adhd_q044,ncb-scientific-0d57166941ee6987,0d57166941ee6987a8e94a201d566f6551e2f9cde82cc2d83fe95e4b02d7cf43,0d57166941ee6987a8e94a201d566f6551e2f9cde82cc2d83fe95e4b02d7cf43,exact_v2.1_reference,aligned_with_safety_augmentation,adhd,llm_proposed,literature,evidence_gap,unresolved,true,1
1,2,adhd_q045,ncb-scientific-ad793f2b627c14db,ad793f2b627c14db9571a23bc5ff054129a8af48d092cae596e02c3fbd8ca3e6,ad793f2b627c14db9571a23bc5ff054129a8af48d092cae596e02c3fbd8ca3e6,pre_v2_contract_only,ambiguous_unresolved,adhd,llm_proposed,,,,true,1
1,2,adhd_q046,ncb-scientific-91575e683551f750,91575e683551f75081c4f506c9039447b9776b05e7c95ff1bf81a2323f0c51b9,91575e683551f75081c4f506c9039447b9776b05e7c95ff1bf81a2323f0c51b9,exact_v2.1_reference,aligned,adhd,llm_proposed,literature,evidence_gap,unresolved,false,0
1,2,adhd_q047,ncb-scientific-feb70aa94fa7c90f,feb70aa94fa7c90fa2df8c05f733ba5d944a5de106a49eb36eb63cbfa0415e66,feb70aa94fa7c90fa2df8c05f733ba5d944a5de106a49eb36eb63cbfa0415e66,exact_v2.1_reference,aligned,adhd,llm_proposed,literature,strict,abstain,false,0
1,2,adhd_q048,ncb-scientific-0cdad63325891f3d,0cdad63325891f3d72ae9d25459e2fb0c7ad22a7911a1534b14c6b1dfdc02f28,0cdad63325891f3d72ae9d25459e2fb0c7ad22a7911a1534b14c6b1dfdc02f28,exact_v2.1_reference,aligned,adhd,llm_proposed,literature,provisional,abstain,false,0
1,2,adhd_q049,ncb-scientific-41e14c6dd1c2213b,41e14c6dd1c2213b09c65b85fb99ab48160786245ae19fcdf1dbe6c8a7704fe3,41e14c6dd1c2213b09c65b85fb99ab48160786245ae19fcdf1dbe6c8a7704fe3,exact_v2.1_reference,aligned,adhd,llm_proposed,literature,evidence_gap,unresolved,false,0
1,2,adhd_q050,ncb-scientific-30329250c399e0e1,30329250c399e0e19f0099ec82e0f1abd36cca45c0178fcdc6800cf75650db9e,30329250c399e0e19f0099ec82e0f1abd36cca45c0178fcdc6800cf75650db9e,exact_v2.1_reference,aligned,adhd,llm_proposed,literature,provisional,abstain,false,0
1,2,asd_q001,ncb-scientific-3e1160c83f5950a6,3e1160c83f5950a67cb5f0bbc0478fdf9f1049f9a00563f8ba1bc631c90a9dbf,3e1160c83f5950a67cb5f0bbc0478fdf9f1049f9a00563f8ba1bc631c90a9dbf,exact_v2.1_reference,aligned_with_safety_augmentation,asd,llm_proposed,literature,provisional,confirm,false,0
1,2,asd_q002,ncb-scientific-f6cf8c122d61317c,f6cf8c122d61317c21a1377772ef6ad477761ad1859be149fd5cb4bce5a08ef9,f6cf8c122d61317c21a1377772ef6ad477761ad1859be149fd5cb4bce5a08ef9,exact_v2.1_reference,aligned_with_safety_augmentation,asd,llm_proposed,literature,evidence_gap,unresolved,false,0
1,2,asd_q003,ncb-scientific-b2bc1b3dc8d74234,b2bc1b3dc8d742349867f9f8a7e42fb3186657691ec0e71f041febf9a92913f6,b2bc1b3dc8d742349867f9f8a7e42fb3186657691ec0e71f041febf9a92913f6,exact_v2.1_reference,aligned_with_safety_augmentation,asd,llm_proposed,literature,provisional,abstain,false,0
1,2,asd_q004,ncb-scientific-83e09f86b797842d,83e09f86b797842db14cf907d844db23b34efc9e14034f96c3ccdb763c272e12,83e09f86b797842db14cf907d844db23b34efc9e14034f96c3ccdb763c272e12,exact_v2.1_reference,aligned_with_safety_augmentation,asd,llm_proposed,literature,provisional,abstain,false,0
1,2,asd_q005,ncb-scientific-2aadc4e4de851c0e,2aadc4e4de851c0e2f50ccae550c5f5b5318d46843b677d9fa6b9b8ee0ab5262,2aadc4e4de851c0e2f50ccae550c5f5b5318d46843b677d9fa6b9b8ee0ab5262,exact_v2.1_reference,aligned_with_safety_augmentation,asd,llm_proposed,literature,evidence_gap,unresolved,false,0
1,2,asd_q006,ncb-scientific-31ff42faa1d10211,31ff42faa1d102115303e78160cfa36a14361f7d5ebb5f9c28e43a81eac4e858,31ff42faa1d102115303e78160cfa36a14361f7d5ebb5f9c28e43a81eac4e858,exact_v2.1_reference,aligned_with_safety_augmentation,asd,llm_proposed,literature,evidence_gap,unresolved,false,0
1,2,asd_q007,ncb-scientific-0c04451321f8aa46,0c04451321f8aa463f1d1bfe0e785823e00d716a57d204c1b000827ea22d686c,0c04451321f8aa463f1d1bfe0e785823e00d716a57d204c1b000827ea22d686c,exact_v2.1_reference,aligned_with_safety_augmentation,asd,llm_proposed,literature,evidence_gap,unresolved,false,0
1,2,asd_q008,ncb-scientific-8d7c71367a2043b9,8d7c71367a2043b90fd51104e7c42a5e0fbd4068a2810fc8c3cbff83c8af75e6,8d7c71367a2043b90fd51104e7c42a5e0fbd4068a2810fc8c3cbff83c8af75e6,exact_v2.1_reference,aligned_with_safety_augmentation,asd,llm_proposed,literature,provisional,abstain,false,0
1,2,asd_q009,ncb-scientific-e59e508b9cc05116,e59e508b9cc05116c4cf470f0f1a2f388a2f1589d7452ef3d8199026639608ba,e59e508b9cc05116c4cf470f0f1a2f388a2f1589d7452ef3d8199026639608ba,pre_v2_contract_only,ambiguous_unresolved,asd,llm_proposed,,,,false,0
1,2,asd_q010,ncb-scientific-ff4d46696cfed68a,ff4d46696cfed68a15180d4899c7d603dd7670c50318e776fa4991d2d5e8a6fe,ff4d46696cfed68a15180d4899c7d603dd7670c50318e776fa4991d2d5e8a6fe,exact_v2.1_reference,aligned_with_safety_augmentation,asd,llm_proposed,literature,evidence_gap,unresolved,false,0
1,2,asd_q011,ncb-scientific-548cb9ea8bd9f8de,548cb9ea8bd9f8debed81d65b27010ba68443f8389de280f24e0a60133bfd4ba,548cb9ea8bd9f8debed81d65b27010ba68443f8389de280f24e0a60133bfd4ba,exact_v2.1_reference,aligned_with_safety_augmentation,asd,llm_proposed,literature,evidence_gap,unresolved,false,0
1,2,asd_q012,ncb-scientific-08efd1786e5b448a,08efd1786e5b448a84158f5fd3ce228ce6c198e48d98d9822b46850721e8ef2c,08efd1786e5b448a84158f5fd3ce228ce6c198e48d98d9822b46850721e8ef2c,exact_v2.1_reference,aligned_with_safety_augmentation,asd,llm_proposed,literature,evidence_gap,unresolved,false,0
1,2,asd_q013,ncb-scientific-adc64a42191e17f6,adc64a42191e17f63007bc25281becbf3d5835b1b4907a7c66c7d4875362948d,adc64a42191e17f63007bc25281becbf3d5835b1b4907a7c66c7d4875362948d,exact_v2.1_reference,aligned_with_safety_augmentation,asd,llm_proposed,literature,evidence_gap,unresolved,false,0
1,2,asd_q014,ncb-scientific-3ad601039168835a,3ad601039168835a0aa9153a5d2400c86e8ebb3edd86792e9be32f9545952cb0,3ad601039168835a0aa9153a5d2400c86e8ebb3edd86792e9be32f9545952cb0,exact_v2.1_reference,aligned_with_safety_augmentation,asd,llm_proposed,literature,evidence_gap,unresolved,false,0
1,2,asd_q015,ncb-scientific-7a87a86398becf44,7a87a86398becf44806656c7b8437f675f371fd6f2644ac257e562ca90b86a6a,7a87a86398becf44806656c7b8437f675f371fd6f2644ac257e562ca90b86a6a,exact_v2.1_reference,aligned_with_safety_augmentation,asd,llm_proposed,literature,evidence_gap,unresolved,false,0
1,2,asd_q016,ncb-scientific-67de4555230bc27a,67de4555230bc27a2720a39d25ba2b54acdc13b8df64eb624e3b7162eb249cbf,67de4555230bc27a2720a39d25ba2b54acdc13b8df64eb624e3b7162eb249cbf,exact_v2.1_reference,aligned_with_safety_augmentation,asd,llm_proposed,literature,evidence_gap,unresolved,false,0
1,2,asd_q017,ncb-scientific-30f73b540a076be8,30f73b540a076be8877cbf58acf8e237d4ffaf8c5fa00b91f350eced56d4fe50,30f73b540a076be8877cbf58acf8e237d4ffaf8c5fa00b91f350eced56d4fe50,exact_v2.1_reference,aligned_with_safety_augmentation,asd,llm_proposed,literature,evidence_gap,unresolved,false,0
1,2,asd_q018,ncb-scientific-9c2e4221cf5ca105,9c2e4221cf5ca105c142aa03f1212934ddcc6f3a0b4ae66e5f9d130f892c1d68,9c2e4221cf5ca105c142aa03f1212934ddcc6f3a0b4ae66e5f9d130f892c1d68,exact_v2.1_reference,aligned_with_safety_augmentation,asd,llm_proposed,literature,provisional,abstain,false,0
1,2,asd_q019,ncb-scientific-d3b9d78a966173c6,d3b9d78a966173c6a58a5b8ed01a0316ad73601092701d1310f08cee0928e62e,d3b9d78a966173c6a58a5b8ed01a0316ad73601092701d1310f08cee0928e62e,exact_v2.1_reference,aligned_with_safety_augmentation,asd,llm_proposed,literature,evidence_gap,unresolved,false,0
1,2,asd_q020,ncb-scientific-09bce8d2747a588b,09bce8d2747a588b48e78179d64eef021ef591c62d258c96db87fa1a187763be,09bce8d2747a588b48e78179d64eef021ef591c62d258c96db87fa1a187763be,exact_v2.1_reference,aligned_with_safety_augmentation,asd,llm_proposed,literature,evidence_gap,unresolved,false,0
1,2,asd_q021,ncb-scientific-5e6aa7181e35b605,5e6aa7181e35b6057dcfa0b2ef30e1accaf27ffa30c7110a71e05a7d42cd2bf4,5e6aa7181e35b6057dcfa0b2ef30e1accaf27ffa30c7110a71e05a7d42cd2bf4,exact_v2.1_reference,aligned_with_safety_augmentation,asd,llm_proposed,literature,evidence_gap,unresolved,false,0
1,2,asd_q022,ncb-scientific-7fe9235c8d5841b2,7fe9235c8d5841b21b4e02f5f1ea3da19d265b3dae41e4689eb549064708d519,7fe9235c8d5841b21b4e02f5f1ea3da19d265b3dae41e4689eb549064708d519,exact_v2.1_reference,aligned_with_safety_augmentation,asd,llm_proposed,literature,evidence_gap,unresolved,false,0
1,2,asd_q023,ncb-scientific-2e389c7806389508,2e389c780638950829799320349d8009aea6c3e9e69be08b1982e12b5b434c52,2e389c780638950829799320349d8009aea6c3e9e69be08b1982e12b5b434c52,exact_v2.1_reference,aligned_with_safety_augmentation,asd,llm_proposed,literature,evidence_gap,unresolved,false,0
1,2,asd_q024,ncb-scientific-46c685780a6efe6d,46c685780a6efe6d8000426a098ef58223dceb61be99792eabb6a33e80beadb1,46c685780a6efe6d8000426a098ef58223dceb61be99792eabb6a33e80beadb1,exact_v2.1_reference,aligned_with_safety_augmentation,asd,llm_proposed,literature,evidence_gap,unresolved,false,0
1,2,asd_q025,ncb-scientific-31990e646f54d4e6,31990e646f54d4e694348212341524808d583a3747736b6aec3da643ffe1484e,31990e646f54d4e694348212341524808d583a3747736b6aec3da643ffe1484e,exact_v2.1_reference,aligned_with_safety_augmentation,asd,llm_proposed,literature,evidence_gap,unresolved,false,0
1,2,asd_q026,ncb-scientific-2f6ce6fa5ea95eeb,2f6ce6fa5ea95eeb785ac239b4ff56b118d9d5b5b0e1c76df4fda92bdb52f08c,2f6ce6fa5ea95eeb785ac239b4ff56b118d9d5b5b0e1c76df4fda92bdb52f08c,exact_v2.1_reference,aligned_with_safety_augmentation,asd,llm_proposed,literature,evidence_gap,unresolved,false,0
1,2,asd_q027,ncb-scientific-68bd56b0483a236c,68bd56b0483a236c99db6544b25fa5e81003dd38c2af773be2d3d39b9ad070a6,68bd56b0483a236c99db6544b25fa5e81003dd38c2af773be2d3d39b9ad070a6,exact_v2.1_reference,aligned_with_safety_augmentation,asd,llm_proposed,literature,evidence_gap,unresolved,false,0
1,2,asd_q028,ncb-scientific-83e8c22eb0f4831a,83e8c22eb0f4831ab466f92d33a57545f9a4ac8eb8d3c9af44021b75c7fef4c4,83e8c22eb0f4831ab466f92d33a57545f9a4ac8eb8d3c9af44021b75c7fef4c4,exact_v2.1_reference,aligned_with_safety_augmentation,asd,llm_proposed,literature,evidence_gap,unresolved,false,0
1,2,asd_q029,ncb-scientific-a02841671504d8cd,a02841671504d8cd91f7002bbbc87782b0cb75c4c91c3c75f40930bf0fc27467,a02841671504d8cd91f7002bbbc87782b0cb75c4c91c3c75f40930bf0fc27467,exact_v2.1_reference,aligned_with_safety_augmentation,asd,llm_proposed,literature,evidence_gap,unresolved,false,0
1,2,asd_q030,ncb-scientific-3ba54e0248b29adb,3ba54e0248b29adb223a15306b37f76fc0e2b932fed74e86bd845de4c1fb2ee8,3ba54e0248b29adb223a15306b37f76fc0e2b932fed74e86bd845de4c1fb2ee8,exact_v2.1_reference,aligned_with_safety_augmentation,asd,llm_proposed,literature,evidence_gap,unresolved,false,0
1,2,asd_q031,ncb-scientific-a7bd041be62e2db4,a7bd041be62e2db43aded1d76a6c0b581c7274b1f519b9d483c62e6dc39f3136,a7bd041be62e2db43aded1d76a6c0b581c7274b1f519b9d483c62e6dc39f3136,exact_v2.1_reference,aligned_with_safety_augmentation,asd,llm_proposed,literature,evidence_gap,unresolved,false,0
1,2,asd_q032,ncb-scientific-19802d4080b79f2e,19802d4080b79f2e8f176ede52b798824d854ec76cd44f5f03a2db90b40b33bc,19802d4080b79f2e8f176ede52b798824d854ec76cd44f5f03a2db90b40b33bc,exact_v2.1_reference,aligned_with_safety_augmentation,asd,llm_proposed,literature,evidence_gap,unresolved,false,0
1,2,asd_q033,ncb-scientific-caeb5a6d248ba33c,caeb5a6d248ba33c770c82b3dc6515580c3efad63440adbbb4688d39731a3c41,caeb5a6d248ba33c770c82b3dc6515580c3efad63440adbbb4688d39731a3c41,exact_v2.1_reference,aligned_with_safety_augmentation,asd,llm_proposed,literature,evidence_gap,unresolved,false,0
1,2,asd_q034,ncb-scientific-1f13a7aee9fc1c7d,1f13a7aee9fc1c7dc1187efe86c3068be853653eb4050183fac5bcb492b8bbe3,1f13a7aee9fc1c7dc1187efe86c3068be853653eb4050183fac5bcb492b8bbe3,exact_v2.1_reference,aligned_with_safety_augmentation,asd,llm_proposed,literature,evidence_gap,unresolved,false,0
1,2,asd_q035,ncb-scientific-9b768a7494df75b2,9b768a7494df75b24fdc89ed6f68cee71fad50a0a2b02684368bd092524d7453,9b768a7494df75b24fdc89ed6f68cee71fad50a0a2b02684368bd092524d7453,exact_v2.1_reference,aligned_with_safety_augmentation,asd,llm_proposed,literature,evidence_gap,unresolved,false,0
1,2,asd_q036,ncb-scientific-61274f38e0112edd,61274f38e0112edde8180b2b74bd970e73a3a503b87528dec8547ff8d39e08d3,61274f38e0112edde8180b2b74bd970e73a3a503b87528dec8547ff8d39e08d3,exact_v2.1_reference,aligned_with_safety_augmentation,asd,llm_proposed,literature,evidence_gap,unresolved,false,0
1,2,asd_q037,ncb-scientific-149b1f2aeda4fcb1,149b1f2aeda4fcb1612b5edd3c9ba5d3fdc4cc18d9c5aa1afa53e32c85ed567e,149b1f2aeda4fcb1612b5edd3c9ba5d3fdc4cc18d9c5aa1afa53e32c85ed567e,exact_v2.1_reference,aligned_with_safety_augmentation,asd,llm_proposed,literature,evidence_gap,unresolved,false,0
1,2,asd_q038,ncb-scientific-c631e745a39a4c34,c631e745a39a4c34b7a2b47ee20ac723363fb4d3f247ba63938ada9c0511f640,c631e745a39a4c34b7a2b47ee20ac723363fb4d3f247ba63938ada9c0511f640,exact_v2.1_reference,aligned_with_safety_augmentation,asd,llm_proposed,literature,evidence_gap,unresolved,false,0
1,2,asd_q039,ncb-scientific-3bb5fd92cff87e34,3bb5fd92cff87e343d33e2cd0d6797eaf54d41cfe43a2123a8f42229247ead6c,3bb5fd92cff87e343d33e2cd0d6797eaf54d41cfe43a2123a8f42229247ead6c,exact_v2.1_reference,aligned_with_safety_augmentation,asd,llm_proposed,literature,evidence_gap,unresolved,false,0
1,2,asd_q040,ncb-scientific-cfe09363aec199e4,cfe09363aec199e4d87cfd179508934aa0a694e2ac85f122d79bab05a56bf5ba,cfe09363aec199e4d87cfd179508934aa0a694e2ac85f122d79bab05a56bf5ba,exact_v2.1_reference,aligned,asd,llm_proposed,literature,provisional,confirm,false,0
1,2,asd_q041,ncb-scientific-c823298f5f12df8a,c823298f5f12df8af07efc39e57413ee6b375c5f9f95bf060e712101c70c15cd,c823298f5f12df8af07efc39e57413ee6b375c5f9f95bf060e712101c70c15cd,exact_v2.1_reference,aligned_with_safety_augmentation,asd,llm_proposed,literature,evidence_gap,unresolved,false,0
1,2,asd_q042,ncb-scientific-1f634e71dd689f9b,1f634e71dd689f9bf628ab2462201c44d5996f29424ad3bb244eae08906e402b,1f634e71dd689f9bf628ab2462201c44d5996f29424ad3bb244eae08906e402b,exact_v2.1_reference,aligned_with_safety_augmentation,asd,llm_proposed,literature,evidence_gap,unresolved,false,0
1,2,asd_q043,ncb-scientific-1329501baee4943a,1329501baee4943a8d1925394f1bd0c531b39a4df9d4412f31a9e326f49d547b,1329501baee4943a8d1925394f1bd0c531b39a4df9d4412f31a9e326f49d547b,exact_v2.1_reference,aligned_with_safety_augmentation,asd,llm_proposed,literature,evidence_gap,unresolved,false,0
1,2,asd_q044,ncb-scientific-531f4a09678d2222,531f4a09678d2222e7dfb2b3f2c5e270ea361cb4ff770d5a532b98fb51322082,531f4a09678d2222e7dfb2b3f2c5e270ea361cb4ff770d5a532b98fb51322082,exact_v2.1_reference,aligned_with_safety_augmentation,asd,llm_proposed,literature,evidence_gap,unresolved,false,0
1,2,asd_q045,ncb-scientific-1518a0abab435142,1518a0abab43514213f4d83221121b85df589c0db1f51783ab24f10b187a989c,1518a0abab43514213f4d83221121b85df589c0db1f51783ab24f10b187a989c,exact_v2.1_reference,aligned_with_safety_augmentation,asd,llm_proposed,literature,evidence_gap,unresolved,false,0
1,2,asd_q046,ncb-scientific-afbfd52ab898aa8b,afbfd52ab898aa8b75058616b6193b34892bea7f7d452244ed64defafeede78a,afbfd52ab898aa8b75058616b6193b34892bea7f7d452244ed64defafeede78a,exact_v2.1_reference,aligned,asd,llm_proposed,literature,strict,abstain,false,0
1,2,asd_q047,ncb-scientific-5d4734ea98c9d333,5d4734ea98c9d333507a8f256c939d4c32820705161302d7f9b6dece95787e70,5d4734ea98c9d333507a8f256c939d4c32820705161302d7f9b6dece95787e70,exact_v2.1_reference,aligned_with_safety_augmentation,asd,llm_proposed,literature,evidence_gap,unresolved,false,0
1,2,asd_q048,ncb-scientific-58fd062031fc801e,58fd062031fc801ec995be400539f15fb05609ddaa041a485e24b531f854d19c,58fd062031fc801ec995be400539f15fb05609ddaa041a485e24b531f854d19c,exact_v2.1_reference,aligned_with_safety_augmentation,asd,llm_proposed,literature,evidence_gap,unresolved,false,0
1,2,asd_q049,ncb-scientific-be9238714808b664,be9238714808b66402159f2c45825993dd00eadd147b39f453e2e7e450668e79,be9238714808b66402159f2c45825993dd00eadd147b39f453e2e7e450668e79,exact_v2.1_reference,aligned_with_safety_augmentation,asd,llm_proposed,literature,evidence_gap,unresolved,false,0
1,2,asd_q050,ncb-scientific-206dd8d45a4d9d89,206dd8d45a4d9d891eb2644f5acdf1aeb9a4d894209c6c0c3142e2a74481d2e3,206dd8d45a4d9d891eb2644f5acdf1aeb9a4d894209c6c0c3142e2a74481d2e3,exact_v2.1_reference,aligned_with_safety_augmentation,asd,llm_proposed,literature,evidence_gap,unresolved,false,0
1,2,ad_aging_q027,ncb-scientific-7f4258667f94f44d,7f4258667f94f44d5e73e949aab05c8374dbe1ac010e146956307f30d3201ba2,7f4258667f94f44d5e73e949aab05c8374dbe1ac010e146956307f30d3201ba2,exact_v2.1_reference,aligned_with_safety_augmentation,ad_aging,llm_proposed,literature,evidence_gap,unresolved,false,0
1,2,ad_aging_q028,ncb-scientific-1775e0699f7d950f,1775e0699f7d950fdfe70ffa2494b3427fbca176a2fb9bd01c5bf5329b7dd39e,1775e0699f7d950fdfe70ffa2494b3427fbca176a2fb9bd01c5bf5329b7dd39e,exact_v2.1_reference,aligned_with_safety_augmentation,ad_aging,llm_proposed,literature,evidence_gap,unresolved,true,1
1,2,ad_aging_q029,ncb-scientific-bf6a4a4dabf8357f,bf6a4a4dabf8357f31e6a07ae1504771c332c4ed81929fb895a09609631d5866,bf6a4a4dabf8357f31e6a07ae1504771c332c4ed81929fb895a09609631d5866,exact_v2.1_reference,aligned_with_safety_augmentation,ad_aging,llm_proposed,literature,evidence_gap,unresolved,true,1
1,2,ad_aging_q030,ncb-scientific-75bd3855eddc86c8,75bd3855eddc86c8164fd4b8c788b0d2ff249afef49acbd1c2597bcf3031ee46,75bd3855eddc86c8164fd4b8c788b0d2ff249afef49acbd1c2597bcf3031ee46,exact_v2.1_reference,aligned_with_safety_augmentation,ad_aging,llm_proposed,literature,strict,confirm,true,1
1,2,ad_aging_q032,ncb-scientific-c922885057dbc163,c922885057dbc163bc0da7c09a1f929618f4043b01e964bfbd4ba2d3947e992e,c922885057dbc163bc0da7c09a1f929618f4043b01e964bfbd4ba2d3947e992e,exact_v2.1_reference,aligned_with_safety_augmentation,ad_aging,llm_proposed,literature,evidence_gap,unresolved,true,1
1,2,ad_aging_q034,ncb-scientific-0945ff60b5d68ba8,0945ff60b5d68ba89a298e0d5c7f9a2de1625b057bca524e15324d9708ecf806,0945ff60b5d68ba89a298e0d5c7f9a2de1625b057bca524e15324d9708ecf806,exact_v2.1_reference,aligned_with_safety_augmentation,ad_aging,llm_proposed,literature,evidence_gap,unresolved,true,1
1,2,ad_aging_q035,ncb-scientific-2dcda273dbedc219,2dcda273dbedc219ed9d5d8682aa85ac5f279a5b7efa0b335d1568599836b508,2dcda273dbedc219ed9d5d8682aa85ac5f279a5b7efa0b335d1568599836b508,exact_v2.1_reference,aligned_with_safety_augmentation,ad_aging,llm_proposed,literature,evidence_gap,unresolved,false,0
1,2,ad_aging_q036,ncb-scientific-cc1c11b70cdbc35f,cc1c11b70cdbc35f0fb7b7692822abca760f09315d96cba5c2e0c0d8c07fcfe3,cc1c11b70cdbc35f0fb7b7692822abca760f09315d96cba5c2e0c0d8c07fcfe3,exact_v2.1_reference,aligned_with_safety_augmentation,ad_aging,llm_proposed,literature,evidence_gap,unresolved,false,0
1,2,ad_aging_q037,ncb-scientific-0b054fd85acaa063,0b054fd85acaa06382e368b06e24cb23876d673dda29faac3b690645e449b6d5,0b054fd85acaa06382e368b06e24cb23876d673dda29faac3b690645e449b6d5,exact_v2.1_reference,aligned_with_safety_augmentation,ad_aging,llm_proposed,literature,evidence_gap,unresolved,false,0
1,2,ad_aging_q038,ncb-scientific-1d2a9e0f4f0b8bc3,1d2a9e0f4f0b8bc35fe53e1c18e110f8965f0dbb01897b1aba0cbe4d193e5821,1d2a9e0f4f0b8bc35fe53e1c18e110f8965f0dbb01897b1aba0cbe4d193e5821,exact_v2.1_reference,aligned_with_safety_augmentation,ad_aging,llm_proposed,literature,evidence_gap,unresolved,false,0
1,2,ad_aging_q039,ncb-scientific-a545812912502796,a5458129125027964cfadcefcff0f19c0d3ceed68aede1f9609ffc45247c35e4,a5458129125027964cfadcefcff0f19c0d3ceed68aede1f9609ffc45247c35e4,exact_v2.1_reference,aligned_with_safety_augmentation,ad_aging,llm_proposed,literature,evidence_gap,unresolved,false,0
1,2,ad_aging_q040,ncb-scientific-0b054fd85acaa063,0b054fd85acaa06382e368b06e24cb23876d673dda29faac3b690645e449b6d5,0b054fd85acaa06382e368b06e24cb23876d673dda29faac3b690645e449b6d5,exact_v2.1_reference,aligned_with_safety_augmentation,ad_aging,llm_proposed,literature,evidence_gap,unresolved,false,0
1,2,ad_aging_q041,ncb-scientific-f7956622f7e3eaf8,f7956622f7e3eaf82268d3c6d03184df48ef112532d72822e58c2e3b4eb9abd0,f7956622f7e3eaf82268d3c6d03184df48ef112532d72822e58c2e3b4eb9abd0,exact_v2.1_reference,aligned_with_safety_augmentation,ad_aging,llm_proposed,literature,evidence_gap,unresolved,false,0
1,2,ad_aging_q042,ncb-scientific-24de654ccd87dce2,24de654ccd87dce2402ee3e06841e2aa84bb5b939fe17e0a081e3e3fe8dd97e2,24de654ccd87dce2402ee3e06841e2aa84bb5b939fe17e0a081e3e3fe8dd97e2,exact_v2.1_reference,aligned_with_safety_augmentation,ad_aging,llm_proposed,literature,evidence_gap,unresolved,false,0
1,2,ad_aging_q043,ncb-scientific-f143dbf87a77594f,f143dbf87a77594f45f0c498342b2f4b17215390bf78679a21770bcc782da655,f143dbf87a77594f45f0c498342b2f4b17215390bf78679a21770bcc782da655,exact_v2.1_reference,aligned_with_safety_augmentation,ad_aging,llm_proposed,literature,evidence_gap,unresolved,false,0
1,2,ad_aging_q044,ncb-scientific-0cf9bf17a3cb10a7,0cf9bf17a3cb10a706661b585964be67b5928087882dc93e7b80224dac8a3534,0cf9bf17a3cb10a706661b585964be67b5928087882dc93e7b80224dac8a3534,exact_v2.1_reference,aligned_with_safety_augmentation,ad_aging,llm_proposed,literature,provisional,confirm,false,0
1,2,ad_aging_q045,ncb-scientific-4d6ed37bb9324c72,4d6ed37bb9324c72153b3fa839362f89320d16c7cbd9dd2659db729eb80061bf,4d6ed37bb9324c72153b3fa839362f89320d16c7cbd9dd2659db729eb80061bf,exact_v2.1_reference,aligned_with_safety_augmentation,ad_aging,llm_proposed,literature,evidence_gap,unresolved,false,0
1,2,ad_aging_q046,ncb-scientific-79182620041b5799,79182620041b57998eb9b3eb81cfba653f320fbe529ff0db654dd813626d0e36,79182620041b57998eb9b3eb81cfba653f320fbe529ff0db654dd813626d0e36,exact_v2.1_reference,aligned_with_safety_augmentation,ad_aging,llm_proposed,literature,evidence_gap,unresolved,false,0
1,2,ad_aging_q048,ncb-scientific-a3f4263a0dce56cf,a3f4263a0dce56cf738ebd2d271cf2f786acf25f6ab1432a96784f063e51d349,a3f4263a0dce56cf738ebd2d271cf2f786acf25f6ab1432a96784f063e51d349,exact_v2.1_reference,aligned_with_safety_augmentation,ad_aging,llm_proposed,literature,evidence_gap,unresolved,false,0
1,2,ad_aging_q049,ncb-scientific-24de654ccd87dce2,24de654ccd87dce2402ee3e06841e2aa84bb5b939fe17e0a081e3e3fe8dd97e2,24de654ccd87dce2402ee3e06841e2aa84bb5b939fe17e0a081e3e3fe8dd97e2,exact_v2.1_reference,aligned_with_safety_augmentation,ad_aging,llm_proposed,literature,evidence_gap,unresolved,false,0
1,2,ad_aging_q050,ncb-scientific-693510493058a91a,693510493058a91ac8ead80536de2a54f1331e925b11ad3d69d871fe6c93a395,693510493058a91ac8ead80536de2a54f1331e925b11ad3d69d871fe6c93a395,exact_v2.1_reference,aligned_with_safety_augmentation,ad_aging,llm_proposed,literature,evidence_gap,unresolved,false,0
1,2,psychosis_q001,ncb-scientific-7cb3fe4a5738fae5,7cb3fe4a5738fae59ad565ce7ad320774954e407c9d8edcbc6f05c4bb1287017,7cb3fe4a5738fae59ad565ce7ad320774954e407c9d8edcbc6f05c4bb1287017,exact_v2.1_reference,aligned,psychosis,llm_proposed,literature,evidence_gap,unresolved,false,0
1,2,psychosis_q002,ncb-scientific-266504b3d4e53721,266504b3d4e53721e07a0d77932a5254a3379c3ddf34b0dc44aeea4c4b4cb67d,266504b3d4e53721e07a0d77932a5254a3379c3ddf34b0dc44aeea4c4b4cb67d,exact_v2.1_reference,aligned_with_safety_augmentation,psychosis,llm_proposed,literature,evidence_gap,unresolved,false,0
1,2,psychosis_q003,ncb-scientific-872c426870a43fc0,872c426870a43fc09bee7deefd9487ffedf554184b618cfa1548e9f8d3be8d34,872c426870a43fc09bee7deefd9487ffedf554184b618cfa1548e9f8d3be8d34,exact_v2.1_reference,aligned_with_safety_augmentation,psychosis,llm_proposed,literature,evidence_gap,unresolved,false,0
1,2,psychosis_q004,ncb-scientific-3cd280f660dfbcd4,3cd280f660dfbcd415a0ac5f54af96f2ce8fe1cc897a4a14f869e1ea54467213,3cd280f660dfbcd415a0ac5f54af96f2ce8fe1cc897a4a14f869e1ea54467213,exact_v2.1_reference,aligned_with_safety_augmentation,psychosis,llm_proposed,literature,provisional,confirm,false,0
1,2,psychosis_q005,ncb-scientific-4cedbc48040eac27,4cedbc48040eac27d2eaf9fa5cbc4713fa67c79a232f498107862a2fe7d63e79,4cedbc48040eac27d2eaf9fa5cbc4713fa67c79a232f498107862a2fe7d63e79,exact_v2.1_reference,aligned_with_safety_augmentation,psychosis,llm_proposed,literature,evidence_gap,unresolved,false,0
1,2,psychosis_q006,ncb-scientific-58864dfe748ed623,58864dfe748ed623b1e412e518eb6d075f1280ebe036bb1dc55e56e8a2aca169,58864dfe748ed623b1e412e518eb6d075f1280ebe036bb1dc55e56e8a2aca169,exact_v2.1_reference,aligned_with_safety_augmentation,psychosis,llm_proposed,literature,evidence_gap,unresolved,false,0
1,2,psychosis_q007,ncb-scientific-e5b2412738b16335,e5b2412738b16335f55b1518f3aac394c8cfff48e1b39a9dc0d2b64c2cbb5877,e5b2412738b16335f55b1518f3aac394c8cfff48e1b39a9dc0d2b64c2cbb5877,exact_v2.1_reference,aligned,psychosis,llm_proposed,literature,evidence_gap,unresolved,false,0
1,2,psychosis_q008,ncb-scientific-5e9d9106292eb159,5e9d9106292eb159971d41de9ac66f7064ff9c67b369099bff308886a86ec58b,5e9d9106292eb159971d41de9ac66f7064ff9c67b369099bff308886a86ec58b,exact_v2.1_reference,aligned_with_safety_augmentation,psychosis,llm_proposed,literature,provisional,confirm,false,0
1,2,psychosis_q009,ncb-scientific-8366c91b96faf9a6,8366c91b96faf9a6c9557e9120c312676b6be08466de64a2ea5ecb46f08595dc,8366c91b96faf9a6c9557e9120c312676b6be08466de64a2ea5ecb46f08595dc,exact_v2.1_reference,aligned_with_safety_augmentation,psychosis,llm_proposed,literature,evidence_gap,unresolved,false,0
1,2,psychosis_q010,ncb-scientific-822a9e3fd7a9cc40,822a9e3fd7a9cc40dd56cec27d9df1f4b981c6e08141b1a8a2264fd39544ccfa,822a9e3fd7a9cc40dd56cec27d9df1f4b981c6e08141b1a8a2264fd39544ccfa,exact_v2.1_reference,aligned,psychosis,llm_proposed,literature,evidence_gap,unresolved,false,0
1,2,psychosis_q011,ncb-scientific-d4c0b42a60357a5d,d4c0b42a60357a5d939e12105a02798899968bed182f8471def699471bf39842,d4c0b42a60357a5d939e12105a02798899968bed182f8471def699471bf39842,exact_v2.1_reference,aligned_with_safety_augmentation,psychosis,llm_proposed,literature,evidence_gap,unresolved,false,0
1,2,psychosis_q012,ncb-scientific-6c9d8d248e03fd07,6c9d8d248e03fd072175b3155b829fce548d5dc88bffc0dd63db73a27cc1b1f9,6c9d8d248e03fd072175b3155b829fce548d5dc88bffc0dd63db73a27cc1b1f9,exact_v2.1_reference,aligned,psychosis,llm_proposed,literature,strict,confirm,false,0
1,2,psychosis_q013,ncb-scientific-32c06a5e43e74faa,32c06a5e43e74faa24d16e67accf4262d0369671f06216c693238d120d8f16f9,32c06a5e43e74faa24d16e67accf4262d0369671f06216c693238d120d8f16f9,exact_v2.1_reference,aligned_with_safety_augmentation,psychosis,llm_proposed,literature,evidence_gap,unresolved,false,0
1,2,psychosis_q014,ncb-scientific-f0173ff72ee52b5e,f0173ff72ee52b5e1e878ad93b6ab55443639c37100b7a6ff8546daeb9de844a,f0173ff72ee52b5e1e878ad93b6ab55443639c37100b7a6ff8546daeb9de844a,exact_v2.1_reference,aligned,psychosis,llm_proposed,literature,evidence_gap,unresolved,false,0
1,2,psychosis_q015,ncb-scientific-622e97baf8eece3c,622e97baf8eece3cc6a62615addca82592c24a5eb42cd164d81459a0d041eaab,622e97baf8eece3cc6a62615addca82592c24a5eb42cd164d81459a0d041eaab,exact_v2.1_reference,aligned,psychosis,llm_proposed,literature,evidence_gap,unresolved,false,0
1,2,psychosis_q016,ncb-scientific-9066c4a0d3bc2f9f,9066c4a0d3bc2f9f335adcc9e6fce3653c8c38198faedd03436f1aa34da54b25,9066c4a0d3bc2f9f335adcc9e6fce3653c8c38198faedd03436f1aa34da54b25,exact_v2.1_reference,aligned_with_safety_augmentation,psychosis,llm_proposed,literature,strict,confirm,false,0
1,2,psychosis_q017,ncb-scientific-4bafecc6ed3b9d87,4bafecc6ed3b9d87a26b408fcd1dd48f8e80cc184c6f98eb941ab54c48ad2031,4bafecc6ed3b9d87a26b408fcd1dd48f8e80cc184c6f98eb941ab54c48ad2031,exact_v2.1_reference,aligned,psychosis,llm_proposed,literature,evidence_gap,unresolved,false,0
1,2,psychosis_q018,ncb-scientific-6aa47e3b129ad9fb,6aa47e3b129ad9fb3b897f8e59d71e00f8f3abe34d5515c19a65bf8a5c880e1a,6aa47e3b129ad9fb3b897f8e59d71e00f8f3abe34d5515c19a65bf8a5c880e1a,exact_v2.1_reference,aligned_with_safety_augmentation,psychosis,llm_proposed,literature,evidence_gap,unresolved,true,1
1,2,psychosis_q019,ncb-scientific-047feb6835500e20,047feb6835500e20fce6c8866aa5f4319884079d3ece961fffa1950d3f67649b,047feb6835500e20fce6c8866aa5f4319884079d3ece961fffa1950d3f67649b,exact_v2.1_reference,aligned_with_safety_augmentation,psychosis,llm_proposed,literature,evidence_gap,unresolved,true,1
1,2,psychosis_q021,ncb-scientific-675abad09b88a363,675abad09b88a3632ae7d7ac4e199a4a0e5c99415e8c1ac16c601d7e16a98f35,675abad09b88a3632ae7d7ac4e199a4a0e5c99415e8c1ac16c601d7e16a98f35,exact_v2.1_reference,aligned_with_safety_augmentation,psychosis,llm_proposed,literature,evidence_gap,unresolved,false,0
1,2,psychosis_q022,ncb-scientific-49fd02560669f081,49fd02560669f081865a60b8024eb81ebb6dc5834a87820f119def66b35fa233,49fd02560669f081865a60b8024eb81ebb6dc5834a87820f119def66b35fa233,exact_v2.1_reference,aligned,psychosis,llm_proposed,literature,evidence_gap,unresolved,true,1
1,2,psychosis_q023,ncb-scientific-3942bdaedf8efb2a,3942bdaedf8efb2afecb3c2c12045c0014df9f189b66d0de08e09298d10c22ae,3942bdaedf8efb2afecb3c2c12045c0014df9f189b66d0de08e09298d10c22ae,exact_v2.1_reference,aligned_with_safety_augmentation,psychosis,llm_proposed,literature,evidence_gap,unresolved,true,1
1,2,psychosis_q024,ncb-scientific-9181e305d0e360a5,9181e305d0e360a5d17ec43febd9d32a46fc572a1fa87ab8680c7b4cb79abe90,9181e305d0e360a5d17ec43febd9d32a46fc572a1fa87ab8680c7b4cb79abe90,exact_v2.1_reference,aligned_with_safety_augmentation,psychosis,llm_proposed,literature,evidence_gap,unresolved,false,0
1,2,psychosis_q025,ncb-scientific-4ffc0faff41b9d25,4ffc0faff41b9d251ae15c86a5646175e1972970df38a88ccfac126ba34f43b9,4ffc0faff41b9d251ae15c86a5646175e1972970df38a88ccfac126ba34f43b9,exact_v2.1_reference,aligned,psychosis,llm_proposed,literature,evidence_gap,unresolved,false,0
1,2,psychosis_q026,ncb-scientific-e43def8c3b8cb4e9,e43def8c3b8cb4e9401abd45c8e585ca3fb7555ed77364cdacf981560d643998,e43def8c3b8cb4e9401abd45c8e585ca3fb7555ed77364cdacf981560d643998,exact_v2.1_reference,aligned_with_safety_augmentation,psychosis,llm_proposed,literature,evidence_gap,unresolved,false,0
1,2,psychosis_q027,ncb-scientific-9eaf2a23ddb73ea3,9eaf2a23ddb73ea3b9ad8419cc764b871d15a798fea17ac3a71821704466415e,9eaf2a23ddb73ea3b9ad8419cc764b871d15a798fea17ac3a71821704466415e,exact_v2.1_reference,aligned_with_safety_augmentation,psychosis,llm_proposed,literature,provisional,abstain,false,0
1,2,psychosis_q028,ncb-scientific-6130b7ec9d114c16,6130b7ec9d114c162d53c779a173cc930024074dfc2f729afa0cd4fc7c5e3827,6130b7ec9d114c162d53c779a173cc930024074dfc2f729afa0cd4fc7c5e3827,exact_v2.1_reference,aligned,psychosis,llm_proposed,literature,strict,confirm,false,0
1,2,psychosis_q029,ncb-scientific-561d93190dd22ced,561d93190dd22ced60f31e0fd38e0faf5c987fc53b8acf69c6396133d316d230,561d93190dd22ced60f31e0fd38e0faf5c987fc53b8acf69c6396133d316d230,exact_v2.1_reference,aligned_with_safety_augmentation,psychosis,llm_proposed,literature,evidence_gap,unresolved,false,0
1,2,psychosis_q030,ncb-scientific-23a83dcb8dd0287e,23a83dcb8dd0287e82e81be378cb004bce79a5325cd73ba2c55edfee8113d52d,23a83dcb8dd0287e82e81be378cb004bce79a5325cd73ba2c55edfee8113d52d,exact_v2.1_reference,aligned,psychosis,llm_proposed,literature,evidence_gap,unresolved,false,0
1,2,psychosis_q031,ncb-scientific-611e67de29172a34,611e67de29172a34127865843ed7fbb0a3c674cbea476eacda530d3d8c5a9abf,611e67de29172a34127865843ed7fbb0a3c674cbea476eacda530d3d8c5a9abf,exact_v2.1_reference,aligned_with_safety_augmentation,psychosis,llm_proposed,literature,evidence_gap,unresolved,false,0
1,2,psychosis_q032,ncb-scientific-740708798029c58d,740708798029c58d4d6385bc24deca50249908931c23e35c50e771c1555ef475,740708798029c58d4d6385bc24deca50249908931c23e35c50e771c1555ef475,exact_v2.1_reference,aligned_with_safety_augmentation,psychosis,llm_proposed,literature,strict,confirm,false,0
1,2,psychosis_q033,ncb-scientific-23b8d8c0265298fd,23b8d8c0265298fd242715da197614417003ea5efbb70bf6b292cb27ea990f0d,23b8d8c0265298fd242715da197614417003ea5efbb70bf6b292cb27ea990f0d,exact_v2.1_reference,aligned,psychosis,llm_proposed,literature,evidence_gap,unresolved,false,0
1,2,psychosis_q034,ncb-scientific-548d362dc2682286,548d362dc26822867e373f356852faa0ed9fa00f1757c8e4486a1d240506e03e,548d362dc26822867e373f356852faa0ed9fa00f1757c8e4486a1d240506e03e,exact_v2.1_reference,aligned,psychosis,llm_proposed,literature,evidence_gap,unresolved,false,0
1,2,psychosis_q035,ncb-scientific-66560a7fd0e34141,66560a7fd0e34141ba219136468ed4d54ee064cfff748f6d27aa451fbfd80069,66560a7fd0e34141ba219136468ed4d54ee064cfff748f6d27aa451fbfd80069,exact_v2.1_reference,aligned,psychosis,llm_proposed,literature,provisional,abstain,false,0
1,2,psychosis_q036,ncb-scientific-e313edffc6da7a07,e313edffc6da7a074c42d69ed32da20e4642325dccd086815d410b2e3f7babb3,e313edffc6da7a074c42d69ed32da20e4642325dccd086815d410b2e3f7babb3,exact_v2.1_reference,aligned,psychosis,llm_proposed,literature,evidence_gap,unresolved,false,0
1,2,psychosis_q037,ncb-scientific-3b7b2226aa3bb7ce,3b7b2226aa3bb7ce109fe00563be869699e1fef55876cce35355c6941ea873fd,3b7b2226aa3bb7ce109fe00563be869699e1fef55876cce35355c6941ea873fd,exact_v2.1_reference,aligned,psychosis,llm_proposed,literature,evidence_gap,unresolved,false,0
1,2,psychosis_q038,ncb-scientific-51f69ecdfc1f24b2,51f69ecdfc1f24b277984e6877bcaf2b948d82427c5f75a82b8d082ad218f263,51f69ecdfc1f24b277984e6877bcaf2b948d82427c5f75a82b8d082ad218f263,pre_v2_contract_only,ambiguous_unresolved,psychosis,llm_proposed,,,,false,0
1,2,psychosis_q039,ncb-scientific-d0535a6cab6d913b,d0535a6cab6d913b7aae20a3c6e47c1d8b5c21a56abd87a6f45877adf81829e0,d0535a6cab6d913b7aae20a3c6e47c1d8b5c21a56abd87a6f45877adf81829e0,exact_v2.1_reference,aligned,psychosis,llm_proposed,literature,provisional,confirm,false,0
1,2,psychosis_q040,ncb-scientific-80318de11aee33ca,80318de11aee33cafcafc23b40e6d185a412151c5603277794147b1d572df23d,80318de11aee33cafcafc23b40e6d185a412151c5603277794147b1d572df23d,exact_v2.1_reference,aligned,psychosis,llm_proposed,literature,evidence_gap,unresolved,false,0
1,2,psychosis_q042,ncb-scientific-70527a90423a8295,70527a90423a8295ebeae835b0a95e8bc634a4d1611424dbdb775935515a8516,70527a90423a8295ebeae835b0a95e8bc634a4d1611424dbdb775935515a8516,exact_v2.1_reference,aligned,psychosis,llm_proposed,literature,evidence_gap,unresolved,true,1
1,2,psychosis_q043,ncb-scientific-41408a5127ecaa01,41408a5127ecaa01bb16f33bb137977cb589300803b75207c17804f34de42e00,41408a5127ecaa01bb16f33bb137977cb589300803b75207c17804f34de42e00,exact_v2.1_reference,aligned,psychosis,llm_proposed,literature,provisional,abstain,true,1
1,2,psychosis_q045,ncb-scientific-81e24d3b130902a4,81e24d3b130902a46cd52114a0894c5d3052a400c072cda182917e5eb6728851,81e24d3b130902a46cd52114a0894c5d3052a400c072cda182917e5eb6728851,exact_v2.1_reference,aligned,psychosis,llm_proposed,literature,evidence_gap,unresolved,false,0
1,2,psychosis_q046,ncb-scientific-172d75bcc17dcce9,172d75bcc17dcce9c2a8cde3b446b4521935e40d9bee3691b4d574e1b426012d,172d75bcc17dcce9c2a8cde3b446b4521935e40d9bee3691b4d574e1b426012d,exact_v2.1_reference,aligned,psychosis,llm_proposed,literature,evidence_gap,unresolved,false,0
1,2,psychosis_q047,ncb-scientific-58a996a383e72e5b,58a996a383e72e5b79cc802cd41cc61d146ef74faab2650d92112acd832924d8,58a996a383e72e5b79cc802cd41cc61d146ef74faab2650d92112acd832924d8,exact_v2.1_reference,aligned,psychosis,llm_proposed,literature,provisional,confirm,false,0
1,2,psychosis_q048,ncb-scientific-ed8eabb252714493,ed8eabb252714493617a23875b640f41f1af8d9b8826cdbb8845c317adcbc72f,ed8eabb252714493617a23875b640f41f1af8d9b8826cdbb8845c317adcbc72f,exact_v2.1_reference,aligned,psychosis,llm_proposed,literature,evidence_gap,unresolved,false,0
1,2,psychosis_q049,ncb-scientific-a1da46d7f5fa792d,a1da46d7f5fa792d06b40ef905be2163aa10371959c82a12774363e09e80a844,a1da46d7f5fa792d06b40ef905be2163aa10371959c82a12774363e09e80a844,exact_v2.1_reference,aligned_with_safety_augmentation,psychosis,llm_proposed,literature,evidence_gap,unresolved,false,0
1,2,psychosis_q050,ncb-scientific-55b455d152ed1390,55b455d152ed1390382cc96bd36b995f3d6549c65d1710583265325ae547aabe,55b455d152ed1390382cc96bd36b995f3d6549c65d1710583265325ae547aabe,exact_v2.1_reference,aligned,psychosis,llm_proposed,literature,evidence_gap,unresolved,false,0
1,5,pubmed_23333262_pmid23333262_rsfc_aging_1,ncb-scientific-9c418256797d0a86,9c418256797d0a86064d970a3e88ff8457d32310776b1a8297e66c8a796c3e35,9c418256797d0a86064d970a3e88ff8457d32310776b1a8297e66c8a796c3e35,exact_v2.1_reference,aligned,normative_fmri,literature_grounded,literature,evidence_gap,unresolved,false,0
1,5,pubmed_39856610_pmid39856610_1,ncb-scientific-f7c3e84a1cb3480d,f7c3e84a1cb3480df741174bb0e279d66de6682c8fed7217cb12a501ce7abb09,f7c3e84a1cb3480df741174bb0e279d66de6682c8fed7217cb12a501ce7abb09,pre_v2_contract_only,ambiguous_unresolved,adhd,literature_grounded,,,,false,0
1,5,pubmed_35583796_pmid35583796_rsfc_dmn_within,ncb-scientific-9306eed5ac12c7af,9306eed5ac12c7afb5d6c7513192e5e650af6d2ccd09172f90bd0be83b95b662,9306eed5ac12c7afb5d6c7513192e5e650af6d2ccd09172f90bd0be83b95b662,exact_v2.1_reference,aligned,adhd,literature_grounded,literature,provisional,abstain,false,0
1,5,pubmed_35583796_pmid35583796_rsfc_dmn_control_salience,ncb-scientific-060910c2dae3c7c0,060910c2dae3c7c0bc483bb7456953e7717bc55f016c82a246c15256e99ca483,060910c2dae3c7c0bc483bb7456953e7717bc55f016c82a246c15256e99ca483,exact_v2.1_reference,aligned,adhd,literature_grounded,literature,provisional,abstain,false,0
1,5,pubmed_36403658_pmid36403658_adhd_dmn_fc,ncb-scientific-bace4c130b60ece5,bace4c130b60ece50157fd3d6ec0b0e4244cf860559cbcb48aa4a9e499ab497d,bace4c130b60ece50157fd3d6ec0b0e4244cf860559cbcb48aa4a9e499ab497d,pre_v2_contract_only,ambiguous_unresolved,adhd,literature_grounded,,,,false,0
1,5,pubmed_36403658_pmid36403658_adhd_fc_classifier,ncb-scientific-ce9b34e85b1510c7,ce9b34e85b1510c7cdb61caab47224a564c4d18a9d89c72c6952a58e8ed87491,ce9b34e85b1510c7cdb61caab47224a564c4d18a9d89c72c6952a58e8ed87491,pre_v2_contract_only,ambiguous_unresolved,adhd,literature_grounded,,,,false,0
1,5,pubmed_35359026_35359026_1,ncb-scientific-f3636d57e59fc807,f3636d57e59fc80720979dd8e617af6796721000006447ea84631b5fed881c38,f3636d57e59fc80720979dd8e617af6796721000006447ea84631b5fed881c38,exact_v2.1_reference,aligned,adhd,literature_grounded,literature,evidence_gap,unresolved,false,0
1,5,pubmed_34280835_pmid34280835_adhd_smn-fc_01,ncb-scientific-4bec8588ceb4224d,4bec8588ceb4224ddd1ba5d8630aca64bbe57f5c572153bf88b8b92a099e90a4,4bec8588ceb4224ddd1ba5d8630aca64bbe57f5c572153bf88b8b92a099e90a4,exact_v2.1_reference,aligned,adhd,literature_grounded,literature,evidence_gap,unresolved,false,0
1,5,pubmed_31265198_pmid31265198_fc_adhd_vs_tdc,ncb-scientific-c8acae9508ef35fd,c8acae9508ef35fd71e17be422a96ff94cda16d53561647f67cc34bf3fb5e2dc,c8acae9508ef35fd71e17be422a96ff94cda16d53561647f67cc34bf3fb5e2dc,exact_v2.1_reference,aligned,adhd,literature_grounded,literature,provisional,abstain,false,0
1,5,pubmed_35338900_pmid35338900_age_fcsc,ncb-scientific-5640b53a2dfaa1b8,5640b53a2dfaa1b884c99a06c8c8897d97d1155e8f60cc54e4822588eef8e5bc,5640b53a2dfaa1b884c99a06c8c8897d97d1155e8f60cc54e4822588eef8e5bc,pre_v2_contract_only,ambiguous_unresolved,adhd,literature_grounded,,,,false,0
1,5,pubmed_35338900_pmid35338900_boysadhd_limbicdmn,ncb-scientific-de1363fa0a54a318,de1363fa0a54a31857453e1dd873734715696b750931e1ee29d64fb8103b2e58,de1363fa0a54a31857453e1dd873734715696b750931e1ee29d64fb8103b2e58,exact_v2.1_reference,aligned,adhd,literature_grounded,literature,evidence_gap,unresolved,false,0
1,5,pubmed_37121277_pmid37121277_reho_cluster1_vs_td,ncb-scientific-e59b8563fe5abace,e59b8563fe5abace75c175eff2d6c6bc371d7aa0b5053b5fc34317818314bff5,e59b8563fe5abace75c175eff2d6c6bc371d7aa0b5053b5fc34317818314bff5,pre_v2_contract_only,ambiguous_unresolved,asd,literature_grounded,,,,false,0
1,5,pubmed_37121277_pmid37121277_vmhc_cluster1_vs_td,ncb-scientific-f41a8c5978b01125,f41a8c5978b01125b76c9d2800b0f2317936ed7c14759937a1ed14428bc25897,f41a8c5978b01125b76c9d2800b0f2317936ed7c14759937a1ed14428bc25897,pre_v2_contract_only,ambiguous_unresolved,asd,literature_grounded,,,,false,0
1,5,pubmed_37121277_pmid37121277_mccfc_cluster2_vs_td,ncb-scientific-c98428886dd0f1d9,c98428886dd0f1d91c3a75d885826b5fb7726225297f515afa05718599e2996d,c98428886dd0f1d91c3a75d885826b5fb7726225297f515afa05718599e2996d,pre_v2_contract_only,ambiguous_unresolved,asd,literature_grounded,,,,false,0
1,5,pubmed_42141307_pmid42141307_asd_fmri_fc_casecontrol_mixed,ncb-scientific-4f6f45a81e8e3370,4f6f45a81e8e337049763733e2b9871efc22c4d9fc5f5f6d4ccf920cb8a023d6,4f6f45a81e8e337049763733e2b9871efc22c4d9fc5f5f6d4ccf920cb8a023d6,exact_v2.1_reference,aligned,asd,literature_grounded,literature,strict,confirm,false,0
1,5,pubmed_34264028_34264028-1,ncb-scientific-7ab10eca62cc6fc7,7ab10eca62cc6fc7aac3fc6c5d935bbe58e90be3a4850b9956b9d4bb8758e45f,7ab10eca62cc6fc7aac3fc6c5d935bbe58e90be3a4850b9956b9d4bb8758e45f,pre_v2_contract_only,ambiguous_unresolved,asd,literature_grounded,,,,false,0
1,5,pubmed_37741308_pmid37741308_asd_fc_groupdiff,ncb-scientific-55457edaa703fbe4,55457edaa703fbe4b0e3548c6732e7f7dc35b0535beed7336e617f077b9a8172,55457edaa703fbe4b0e3548c6732e7f7dc35b0535beed7336e617f077b9a8172,exact_v2.1_reference,aligned,asd,literature_grounded,literature,evidence_gap,unresolved,false,0
1,5,pubmed_28040544_pmid28040544_asd_fc_kea_corticalnetworks,ncb-scientific-cb86d4103ebb0e0c,cb86d4103ebb0e0cfb84aeae03b006b1b9f5e196a73b165f42e271c167d1f8d0,cb86d4103ebb0e0cfb84aeae03b006b1b9f5e196a73b165f42e271c167d1f8d0,exact_v2.1_reference,aligned,asd,literature_grounded,literature,provisional,confirm,false,0
1,5,pubmed_28040544_pmid28040544_asd_fc_selffacetom,ncb-scientific-08c6866776e43268,08c6866776e432686055fe502dc79eaebce0f6916de3c9ca15c72b7849a8070b,08c6866776e432686055fe502dc79eaebce0f6916de3c9ca15c72b7849a8070b,exact_v2.1_reference,aligned,asd,literature_grounded,literature,provisional,confirm,false,0
1,5,pubmed_30833582_pmid30833582_asd_stepwise_connectivity,ncb-scientific-88422a822641e7cd,88422a822641e7cdcba6f457a4fa41387a32f9f3a60e08260ef9b6a18e716ada,88422a822641e7cdcba6f457a4fa41387a32f9f3a60e08260ef9b6a18e716ada,exact_v2.1_reference,aligned,asd,literature_grounded,literature,strict,confirm,false,0
1,5,pubmed_1431963_pmid1431963_mta_ad_vs_controls,ncb-scientific-e2c8b315d5871123,e2c8b315d58711232df3fb244f289b13f1a98c97f3043bbed5db37f77d0fac0a,e2c8b315d58711232df3fb244f289b13f1a98c97f3043bbed5db37f77d0fac0a,exact_v2.1_reference,aligned,ad_aging,literature_grounded,literature,strict,confirm,true,3
1,5,pubmed_21729419_pmid21729419_2,ncb-scientific-e2c8b315d5871123,e2c8b315d58711232df3fb244f289b13f1a98c97f3043bbed5db37f77d0fac0a,e2c8b315d58711232df3fb244f289b13f1a98c97f3043bbed5db37f77d0fac0a,exact_v2.1_reference,aligned,ad_aging,literature_grounded,literature,strict,confirm,true,4
1,5,pubmed_31313441_31313441-psychosis-rsfc-casecontrol,ncb-scientific-1c4bb13eab05e379,1c4bb13eab05e37903f684a6f8836eb4046bdfd60c0337e4be303461922306ff,1c4bb13eab05e37903f684a6f8836eb4046bdfd60c0337e4be303461922306ff,exact_v2.1_reference,aligned,psychosis,literature_grounded,literature,strict,confirm,false,0
1,5,pubmed_29653095_29653095-psychosis-fc-01,ncb-scientific-c671d3de1b2734cb,c671d3de1b2734cb8e64ccc55fdd15ea4118e551d604845c6f756f7b71f7ba43,c671d3de1b2734cb8e64ccc55fdd15ea4118e551d604845c6f756f7b71f7ba43,exact_v2.1_reference,aligned,psychosis,literature_grounded,literature,provisional,confirm,false,0
1,5,pubmed_29653095_29653095-psychosis-fc-02,ncb-scientific-b336c91ebd2e082c,b336c91ebd2e082c670facfa74d1a9ee136e61e29d1305f2d91cecac8b77f04c,b336c91ebd2e082c670facfa74d1a9ee136e61e29d1305f2d91cecac8b77f04c,pre_v2_contract_only,ambiguous_unresolved,psychosis,literature_grounded,,,,false,0
1,5,pubmed_35753120_pmid35753120_1,ncb-scientific-5d5fd40a49dbf782,5d5fd40a49dbf782645572714c9237709a98147ddd0551217a75c6523f448980,5d5fd40a49dbf782645572714c9237709a98147ddd0551217a75c6523f448980,pre_v2_contract_only,ambiguous_unresolved,psychosis,literature_grounded,,,,false,0
1,5,pubmed_34183210_pmid34183210_1,ncb-scientific-c1112f228bb27f06,c1112f228bb27f06f18f32376d89a4b816fcc7df2f53487617d65faedc726ef5,c1112f228bb27f06f18f32376d89a4b816fcc7df2f53487617d65faedc726ef5,pre_v2_contract_only,ambiguous_unresolved,psychosis,literature_grounded,,,,false,0
1,5,pubmed_34183210_pmid34183210_3,ncb-scientific-67542fa55426a130,67542fa55426a13052157d88d588a5334147c1872c82514b9edcf4651c8ca7b7,67542fa55426a13052157d88d588a5334147c1872c82514b9edcf4651c8ca7b7,pre_v2_contract_only,ambiguous_unresolved,psychosis,literature_grounded,,,,false,0
1,5,pubmed_38422833_pmid38422833_cortical_fnc,ncb-scientific-09903e42ed156c26,09903e42ed156c2690cdbe27471b1d9877a5a23f33b016ead3e1b12870fef1fc,09903e42ed156c2690cdbe27471b1d9877a5a23f33b016ead3e1b12870fef1fc,exact_v2.1_reference,aligned,psychosis,literature_grounded,literature,strict,confirm,false,0
1,5,normative_fmri_001,ncb-scientific-6f07b924f78e762d,6f07b924f78e762dbb04192421df62ac5dd24835b8e50993a3f5c2cdf333e66c,6f07b924f78e762dbb04192421df62ac5dd24835b8e50993a3f5c2cdf333e66c,exact_v2.1_reference,aligned_with_safety_augmentation,normative_fmri,llm_proposed,literature,provisional,confirm,false,0
1,5,normative_fmri_002,ncb-scientific-a1bf69b8f56d46c9,a1bf69b8f56d46c996f93349f5201c8b628f7dd5753a9899ff61c78ed977e658,a1bf69b8f56d46c996f93349f5201c8b628f7dd5753a9899ff61c78ed977e658,exact_v2.1_reference,aligned_with_safety_augmentation,normative_fmri,llm_proposed,literature,evidence_gap,unresolved,true,1
1,5,normative_fmri_003,ncb-scientific-dc6371e72c01cdcd,dc6371e72c01cdcd2e2e176efc8496ba66d5715ea1c8da75ab66be1c67032e07,dc6371e72c01cdcd2e2e176efc8496ba66d5715ea1c8da75ab66be1c67032e07,exact_v2.1_reference,aligned_with_safety_augmentation,normative_fmri,llm_proposed,literature,evidence_gap,unresolved,false,0
1,5,normative_fmri_006,ncb-scientific-42b2c11ed186c2c9,42b2c11ed186c2c9d794dfd42e14b54cf31afc8d70f2f8c136913760977724fb,42b2c11ed186c2c9d794dfd42e14b54cf31afc8d70f2f8c136913760977724fb,exact_v2.1_reference,aligned_with_safety_augmentation,normative_fmri,llm_proposed,literature,evidence_gap,unresolved,false,0
1,5,normative_fmri_007,ncb-scientific-a9e0ba33a876abc0,a9e0ba33a876abc0fa6cbc657ebbfa5b3516bdf998288dcb9ea497f1dd12cfda,a9e0ba33a876abc0fa6cbc657ebbfa5b3516bdf998288dcb9ea497f1dd12cfda,exact_v2.1_reference,aligned_with_safety_augmentation,normative_fmri,llm_proposed,literature,evidence_gap,unresolved,false,0
1,5,normative_fmri_009,ncb-scientific-e7c94f56c83e0651,e7c94f56c83e06518cfb23793f51ccaf963a39435caaaca93bcd7d7166f65091,e7c94f56c83e06518cfb23793f51ccaf963a39435caaaca93bcd7d7166f65091,exact_v2.1_reference,aligned_with_safety_augmentation,normative_fmri,llm_proposed,literature,evidence_gap,unresolved,false,0
1,5,normative_fmri_013,ncb-scientific-8482b5c202e5e323,8482b5c202e5e3235de8c6063dda4b78550e3f9e00df27d431e2d1f0d720b4aa,8482b5c202e5e3235de8c6063dda4b78550e3f9e00df27d431e2d1f0d720b4aa,exact_v2.1_reference,aligned_with_safety_augmentation,normative_fmri,llm_proposed,literature,evidence_gap,unresolved,false,0
1,5,normative_fmri_014,ncb-scientific-43b88d75579673af,43b88d75579673af885b371f0652ded9c324f9b8bf3da288fe57fd77b533156d,43b88d75579673af885b371f0652ded9c324f9b8bf3da288fe57fd77b533156d,exact_v2.1_reference,aligned_with_safety_augmentation,normative_fmri,llm_proposed,literature,evidence_gap,unresolved,false,0
1,5,normative_fmri_015,ncb-scientific-e1c33335981addda,e1c33335981addda2599fe24aa86c62ac3f0c9a159ee7345d23c83e540683619,e1c33335981addda2599fe24aa86c62ac3f0c9a159ee7345d23c83e540683619,exact_v2.1_reference,aligned_with_safety_augmentation,normative_fmri,llm_proposed,literature,evidence_gap,unresolved,false,0
1,5,normative_fmri_016,ncb-scientific-7c173adc5485d7ce,7c173adc5485d7ce2f944c400dd42b6053d003a6972c57de7cbc05bac07157ce,7c173adc5485d7ce2f944c400dd42b6053d003a6972c57de7cbc05bac07157ce,exact_v2.1_reference,aligned_with_safety_augmentation,normative_fmri,llm_proposed,literature,evidence_gap,unresolved,false,0
1,5,normative_fmri_017,ncb-scientific-e9887ba0003df877,e9887ba0003df8779438a68d1005ebb55b6bb49af3d222c23f2ed43541800f4c,e9887ba0003df8779438a68d1005ebb55b6bb49af3d222c23f2ed43541800f4c,exact_v2.1_reference,aligned_with_safety_augmentation,normative_fmri,llm_proposed,literature,evidence_gap,unresolved,false,0
1,5,normative_fmri_021,ncb-scientific-f84fe6980294c120,f84fe6980294c120bccc3de4d0ceb634edd5c41e1166cc53760b2275e4bae482,f84fe6980294c120bccc3de4d0ceb634edd5c41e1166cc53760b2275e4bae482,exact_v2.1_reference,aligned_with_safety_augmentation,normative_fmri,llm_proposed,literature,evidence_gap,unresolved,false,0
1,5,normative_fmri_022,ncb-scientific-704522685c487d81,704522685c487d817c358b1648972cf4b93110fe504eef340f7662e1605fe2af,704522685c487d817c358b1648972cf4b93110fe504eef340f7662e1605fe2af,exact_v2.1_reference,aligned_with_safety_augmentation,normative_fmri,llm_proposed,literature,evidence_gap,unresolved,false,0
1,5,normative_fmri_023,ncb-scientific-05c17620b6ff0817,05c17620b6ff0817912306ae784d68f40f43538421d7a77238304c5941523117,05c17620b6ff0817912306ae784d68f40f43538421d7a77238304c5941523117,exact_v2.1_reference,aligned_with_safety_augmentation,normative_fmri,llm_proposed,literature,evidence_gap,unresolved,false,0
1,5,normative_fmri_025,ncb-scientific-ee627d7a5d823df0,ee627d7a5d823df05e627bdf39c5c62a61d74c6453f8c490dc39a233a4ecf6a1,ee627d7a5d823df05e627bdf39c5c62a61d74c6453f8c490dc39a233a4ecf6a1,exact_v2.1_reference,aligned_with_safety_augmentation,normative_fmri,llm_proposed,literature,evidence_gap,unresolved,false,0
1,5,normative_fmri_026,ncb-scientific-cb339bf30281cede,cb339bf30281cedea3769b3c8ba3c0199ad8889c6569c72e5720af2c4c1b226d,cb339bf30281cedea3769b3c8ba3c0199ad8889c6569c72e5720af2c4c1b226d,exact_v2.1_reference,aligned_with_safety_augmentation,normative_fmri,llm_proposed,literature,evidence_gap,unresolved,false,0
1,5,normative_fmri_027,ncb-scientific-a427d5471566b2cf,a427d5471566b2cf475103489cde2f05ea57bbab09ea9cdd585ccf3a09b6dc00,a427d5471566b2cf475103489cde2f05ea57bbab09ea9cdd585ccf3a09b6dc00,exact_v2.1_reference,aligned_with_safety_augmentation,normative_fmri,llm_proposed,literature,evidence_gap,unresolved,false,0
1,5,normative_fmri_028,ncb-scientific-2a5d5bc83ab86134,2a5d5bc83ab8613499aab2ac0e974ec72a4dd0f1099d99320ee8a8e449b683b6,2a5d5bc83ab8613499aab2ac0e974ec72a4dd0f1099d99320ee8a8e449b683b6,exact_v2.1_reference,aligned_with_safety_augmentation,normative_fmri,llm_proposed,literature,evidence_gap,unresolved,false,0
1,5,normative_fmri_031,ncb-scientific-c9246d08669f6265,c9246d08669f6265e26d6a274208eaff54a2c585d734065f5cd7d4289f86a6ed,c9246d08669f6265e26d6a274208eaff54a2c585d734065f5cd7d4289f86a6ed,exact_v2.1_reference,aligned_with_safety_augmentation,normative_fmri,llm_proposed,literature,evidence_gap,unresolved,false,0
1,5,normative_fmri_032,ncb-scientific-0fba59d9c8075ce0,0fba59d9c8075ce0e6445699e130455b749c5802904fc65688809203764277dd,0fba59d9c8075ce0e6445699e130455b749c5802904fc65688809203764277dd,exact_v2.1_reference,aligned_with_safety_augmentation,normative_fmri,llm_proposed,literature,evidence_gap,unresolved,false,0
1,5,normative_fmri_033,ncb-scientific-c1b8f2bee08cd388,c1b8f2bee08cd3885ae393bad4189abe4f6f306525a43073ef666674c49e6e5a,c1b8f2bee08cd3885ae393bad4189abe4f6f306525a43073ef666674c49e6e5a,exact_v2.1_reference,aligned_with_safety_augmentation,normative_fmri,llm_proposed,literature,evidence_gap,unresolved,false,0
1,5,normative_fmri_034,ncb-scientific-eafa675a2857a0cb,eafa675a2857a0cb78b9514e4388964a9404eeef0cb89fc7b7b10da646cce92b,eafa675a2857a0cb78b9514e4388964a9404eeef0cb89fc7b7b10da646cce92b,exact_v2.1_reference,aligned_with_safety_augmentation,normative_fmri,llm_proposed,literature,evidence_gap,unresolved,false,0
1,5,normative_fmri_035,ncb-scientific-65466f9b282b22be,65466f9b282b22be1e717ceaf51a11a1383878fa6f0987faf8a0e2a126ffa737,65466f9b282b22be1e717ceaf51a11a1383878fa6f0987faf8a0e2a126ffa737,exact_v2.1_reference,aligned_with_safety_augmentation,normative_fmri,llm_proposed,literature,evidence_gap,unresolved,false,0
1,5,normative_fmri_036,ncb-scientific-d6cbeb536d2b0163,d6cbeb536d2b01632b3c753bd865bcb7f96749ca7f83705faf307f82a8ceda07,d6cbeb536d2b01632b3c753bd865bcb7f96749ca7f83705faf307f82a8ceda07,exact_v2.1_reference,aligned_with_safety_augmentation,normative_fmri,llm_proposed,literature,evidence_gap,unresolved,false,0
1,5,normative_fmri_038,ncb-scientific-06e24b7117348843,06e24b71173488433aa6f5a40a6db8bea7b0468cbafdaa0253d8d8563a1b8453,06e24b71173488433aa6f5a40a6db8bea7b0468cbafdaa0253d8d8563a1b8453,exact_v2.1_reference,aligned_with_safety_augmentation,normative_fmri,llm_proposed,literature,evidence_gap,unresolved,true,1
1,5,normative_fmri_039,ncb-scientific-493d1fd9443c1c35,493d1fd9443c1c35a711b47980ace70d89341606b2d943556f40528ed85ce744,493d1fd9443c1c35a711b47980ace70d89341606b2d943556f40528ed85ce744,exact_v2.1_reference,aligned_with_safety_augmentation,normative_fmri,llm_proposed,literature,evidence_gap,unresolved,false,0
1,5,normative_fmri_040,ncb-scientific-86a81a5f3a28d98c,86a81a5f3a28d98c10f2fd88774a049275a6dd3a56fa4e236ed763a643cae1c7,86a81a5f3a28d98c10f2fd88774a049275a6dd3a56fa4e236ed763a643cae1c7,exact_v2.1_reference,aligned_with_safety_augmentation,normative_fmri,llm_proposed,literature,evidence_gap,unresolved,false,0
1,5,normative_fmri_041,ncb-scientific-ea3fb846fbd7533c,ea3fb846fbd7533c676dd161a54428494426f0c6824d09709a81fa30f338b633,ea3fb846fbd7533c676dd161a54428494426f0c6824d09709a81fa30f338b633,pre_v2_contract_only,ambiguous_unresolved,normative_fmri,llm_proposed,,,,false,0
1,5,normative_fmri_042,ncb-scientific-89c7369d95a29475,89c7369d95a294751cf5c375140d9d130dba267d6c01ae06bb839c019ab703a8,89c7369d95a294751cf5c375140d9d130dba267d6c01ae06bb839c019ab703a8,pre_v2_contract_only,ambiguous_unresolved,normative_fmri,llm_proposed,,,,false,0
1,5,normative_fmri_043,ncb-scientific-9b0372d2c93e148a,9b0372d2c93e148a55d818beea55e176baab43b6cdcbb1cadd346c4698342848,9b0372d2c93e148a55d818beea55e176baab43b6cdcbb1cadd346c4698342848,pre_v2_contract_only,ambiguous_unresolved,normative_fmri,llm_proposed,,,,false,0
1,5,normative_fmri_044,ncb-scientific-adc7daee506cca47,adc7daee506cca470db321582aa77b9cc0e7f2abd527b99d4738e32de92f9075,adc7daee506cca470db321582aa77b9cc0e7f2abd527b99d4738e32de92f9075,pre_v2_contract_only,ambiguous_unresolved,normative_fmri,llm_proposed,,,,false,0
1,5,normative_fmri_047,ncb-scientific-319a1462bfdbc89d,319a1462bfdbc89d930616a30480c076432748e170281465818679f30546de86,319a1462bfdbc89d930616a30480c076432748e170281465818679f30546de86,exact_v2.1_reference,aligned_with_safety_augmentation,normative_fmri,llm_proposed,literature,evidence_gap,unresolved,false,0
1,5,normative_fmri_048,ncb-scientific-0efe8c9435d8ffdf,0efe8c9435d8ffdf5e3a10cd931fb791519373a7a547403b10409137517788bb,0efe8c9435d8ffdf5e3a10cd931fb791519373a7a547403b10409137517788bb,exact_v2.1_reference,aligned_with_safety_augmentation,normative_fmri,llm_proposed,literature,evidence_gap,unresolved,false,0
1,5,normative_fmri_049,ncb-scientific-2a373f053e882288,2a373f053e8822881dab40e7c242d78c2c729156c584d8a69c506f7d761a324d,2a373f053e8822881dab40e7c242d78c2c729156c584d8a69c506f7d761a324d,pre_v2_contract_only,ambiguous_unresolved,normative_fmri,llm_proposed,,,,false,0
1,5,normative_fmri_050,ncb-scientific-faaaeb165e293001,faaaeb165e29300168533c3f46df10bc022f709f42e5ae34a3f8f39f6583b00b,faaaeb165e29300168533c3f46df10bc022f709f42e5ae34a3f8f39f6583b00b,pre_v2_contract_only,ambiguous_unresolved,normative_fmri,llm_proposed,,,,false,0
1,5,adhd_q001,ncb-scientific-9ec4c7f2ec1fad99,9ec4c7f2ec1fad994bbafcb3d8260862dc2d3b5829226c0f0c4ea111889d1c08,9ec4c7f2ec1fad994bbafcb3d8260862dc2d3b5829226c0f0c4ea111889d1c08,exact_v2.1_reference,aligned_with_safety_augmentation,adhd,llm_proposed,literature,evidence_gap,unresolved,false,0
1,5,adhd_q002,ncb-scientific-e655e7f3059cc2a2,e655e7f3059cc2a2fa0bfd47f5738215071ffd1c322d56face875667b06330b8,e655e7f3059cc2a2fa0bfd47f5738215071ffd1c322d56face875667b06330b8,exact_v2.1_reference,aligned_with_safety_augmentation,adhd,llm_proposed,literature,provisional,abstain,false,0
1,5,adhd_q003,ncb-scientific-c8faa8d62af041ef,c8faa8d62af041ef89350be38a83cbeb57d551b518e3e17905b78d1b51c85218,c8faa8d62af041ef89350be38a83cbeb57d551b518e3e17905b78d1b51c85218,exact_v2.1_reference,aligned,adhd,llm_proposed,literature,evidence_gap,unresolved,false,0
1,5,adhd_q004,ncb-scientific-6bedac272110f713,6bedac272110f71307ba214166242c783aaabb9d2c90371d6e25cf14b2258297,6bedac272110f71307ba214166242c783aaabb9d2c90371d6e25cf14b2258297,exact_v2.1_reference,aligned_with_safety_augmentation,adhd,llm_proposed,literature,evidence_gap,unresolved,false,0
1,5,adhd_q005,ncb-scientific-73e0f34188f4c613,73e0f34188f4c613bbaf75216cae99010b0947ca6e64f339d66544a75dcdd5d4,73e0f34188f4c613bbaf75216cae99010b0947ca6e64f339d66544a75dcdd5d4,exact_v2.1_reference,aligned_with_safety_augmentation,adhd,llm_proposed,literature,provisional,confirm,false,0
1,5,adhd_q006,ncb-scientific-2b36f4bbee998e56,2b36f4bbee998e56371c67ff67d3eb58cb82ee7ec32ac324f688db7f55016f64,2b36f4bbee998e56371c67ff67d3eb58cb82ee7ec32ac324f688db7f55016f64,exact_v2.1_reference,aligned,adhd,llm_proposed,literature,evidence_gap,unresolved,false,0
1,5,adhd_q007,ncb-scientific-ccf76ee04722df94,ccf76ee04722df945c7c574a27b2da49fc63bef96e9b9b9f3ee1612f4beb0257,ccf76ee04722df945c7c574a27b2da49fc63bef96e9b9b9f3ee1612f4beb0257,exact_v2.1_reference,aligned_with_safety_augmentation,adhd,llm_proposed,literature,evidence_gap,unresolved,false,0
1,5,adhd_q008,ncb-scientific-8875a7bf33df9519,8875a7bf33df951977e26ecd4ecf5885a3a6e08b889d220be4400f20649c8706,8875a7bf33df951977e26ecd4ecf5885a3a6e08b889d220be4400f20649c8706,exact_v2.1_reference,aligned_with_safety_augmentation,adhd,llm_proposed,literature,evidence_gap,unresolved,false,0
1,5,adhd_q009,ncb-scientific-bdc24737aa23b682,bdc24737aa23b68213ee1a77d82e33597f5039ce548624b69e5675e7b1b02b18,bdc24737aa23b68213ee1a77d82e33597f5039ce548624b69e5675e7b1b02b18,exact_v2.1_reference,aligned_with_safety_augmentation,adhd,llm_proposed,literature,evidence_gap,unresolved,false,0
1,5,adhd_q010,ncb-scientific-5b0717b45335d600,5b0717b45335d600cb9bb3a3365f50480541f74ab04b95723d2b163524b995c2,5b0717b45335d600cb9bb3a3365f50480541f74ab04b95723d2b163524b995c2,exact_v2.1_reference,aligned_with_safety_augmentation,adhd,llm_proposed,literature,evidence_gap,unresolved,false,0
1,5,adhd_q012,ncb-scientific-6560b15c380073ca,6560b15c380073caf1f8bfe84bf2978902d6605bfe8aacd3a4262b47295b8f9f,6560b15c380073caf1f8bfe84bf2978902d6605bfe8aacd3a4262b47295b8f9f,exact_v2.1_reference,aligned_with_safety_augmentation,adhd,llm_proposed,literature,evidence_gap,unresolved,false,0
1,5,adhd_q016,ncb-scientific-bdd01753f9ebb90c,bdd01753f9ebb90c217a505dcc5198d851aee4b3c3450e682d1615f35e5dd44c,bdd01753f9ebb90c217a505dcc5198d851aee4b3c3450e682d1615f35e5dd44c,exact_v2.1_reference,aligned,adhd,llm_proposed,literature,evidence_gap,unresolved,true,1
1,5,adhd_q020,ncb-scientific-afe1f83e3d954a8c,afe1f83e3d954a8cea0ae7eceea167af281c6ea8ddce2bc289e93500d6ac2e54,afe1f83e3d954a8cea0ae7eceea167af281c6ea8ddce2bc289e93500d6ac2e54,exact_v2.1_reference,aligned_with_safety_augmentation,adhd,llm_proposed,literature,provisional,confirm,false,0
1,5,adhd_q022,ncb-scientific-2b20954defb2352a,2b20954defb2352adc7058f253db893e9e15a670abc51dcc80c24098106801e4,2b20954defb2352adc7058f253db893e9e15a670abc51dcc80c24098106801e4,pre_v2_contract_only,non_executable,adhd,llm_proposed,,,,false,0
1,5,adhd_q023,ncb-scientific-7c005de1c12b32a7,7c005de1c12b32a7b7a45e61565deb980582119a1b92e7e4f0083c9e8537a1d0,22e9dad3dc77b808e6883b1259492c9cf8f1bb52d57623e5d3afd28fd4ecd81a,pre_v2_contract_only,repairable_contract,adhd,llm_proposed,,,,false,0
1,5,adhd_q025,ncb-scientific-6c7b0f8ae69a2d50,6c7b0f8ae69a2d5037f71bb7af54369267c1d4746b35ba4b0575665297cfaab0,6c7b0f8ae69a2d5037f71bb7af54369267c1d4746b35ba4b0575665297cfaab0,pre_v2_contract_only,non_executable,adhd,llm_proposed,,,,false,0
1,5,adhd_q029,ncb-scientific-672ab5d3a6c11820,672ab5d3a6c11820c5309d195f4983f50a16b545c77a52895353cabd01a16c41,672ab5d3a6c11820c5309d195f4983f50a16b545c77a52895353cabd01a16c41,exact_v2.1_reference,aligned,adhd,llm_proposed,literature,evidence_gap,unresolved,false,0
1,5,adhd_q030,ncb-scientific-d37402dd791a12dc,d37402dd791a12dc5975c0b5a9fc0994be3d63826bdbf317c431e337efa54f61,d37402dd791a12dc5975c0b5a9fc0994be3d63826bdbf317c431e337efa54f61,exact_v2.1_reference,aligned_with_safety_augmentation,adhd,llm_proposed,literature,evidence_gap,unresolved,false,0
1,5,adhd_q031,ncb-scientific-c64dac21d8591104,c64dac21d8591104aa2912c0fc623cb3df7ae2fad45f89683dcc7f18692dc403,c64dac21d8591104aa2912c0fc623cb3df7ae2fad45f89683dcc7f18692dc403,exact_v2.1_reference,aligned_with_safety_augmentation,adhd,llm_proposed,literature,evidence_gap,unresolved,false,0
1,5,adhd_q032,ncb-scientific-6d7bbb66ca61d088,6d7bbb66ca61d088b1b6677f1693112e85a9ec6c6c0e8c82beb93a4244532157,6d7bbb66ca61d088b1b6677f1693112e85a9ec6c6c0e8c82beb93a4244532157,exact_v2.1_reference,aligned_with_safety_augmentation,adhd,llm_proposed,literature,evidence_gap,unresolved,false,0
1,5,adhd_q033,ncb-scientific-b6bcaf52ce24d411,b6bcaf52ce24d41101405c05556ff4df7a5cf370d247fb9fbe590d817921a011,b6bcaf52ce24d41101405c05556ff4df7a5cf370d247fb9fbe590d817921a011,exact_v2.1_reference,aligned,adhd,llm_proposed,literature,evidence_gap,unresolved,false,0
1,5,adhd_q034,ncb-scientific-03136ab7c6bb7990,03136ab7c6bb7990d987f647394f6865d014527a752393660750e24e0cd5b01d,03136ab7c6bb7990d987f647394f6865d014527a752393660750e24e0cd5b01d,exact_v2.1_reference,aligned_with_safety_augmentation,adhd,llm_proposed,literature,evidence_gap,unresolved,false,0
1,5,adhd_q035,ncb-scientific-721c4fa75e038ea4,721c4fa75e038ea4bdb26ce48b91b63d0615507f3c7e11e3dd07f46967efa967,721c4fa75e038ea4bdb26ce48b91b63d0615507f3c7e11e3dd07f46967efa967,exact_v2.1_reference,aligned_with_safety_augmentation,adhd,llm_proposed,literature,evidence_gap,unresolved,false,0
1,5,adhd_q036,ncb-scientific-5af5c999c214ab93,5af5c999c214ab9372f9f2d8ade3dd6da56394efb2231c76129e7a21833959ea,5af5c999c214ab9372f9f2d8ade3dd6da56394efb2231c76129e7a21833959ea,exact_v2.1_reference,aligned_with_safety_augmentation,adhd,llm_proposed,literature,evidence_gap,unresolved,false,0
1,5,adhd_q042,ncb-scientific-579c77d9f61e5f87,579c77d9f61e5f872fb1fae891fba19835a019868aa8a7ef7a47d76233ac7b33,579c77d9f61e5f872fb1fae891fba19835a019868aa8a7ef7a47d76233ac7b33,exact_v2.1_reference,aligned_with_safety_augmentation,adhd,llm_proposed,literature,evidence_gap,unresolved,false,0
1,5,adhd_q043,ncb-scientific-f38d6fdbc4e79d95,f38d6fdbc4e79d95965379c89ad839dad19e0303155a580a4d7bcd26ddf9a32d,f38d6fdbc4e79d95965379c89ad839dad19e0303155a580a4d7bcd26ddf9a32d,exact_v2.1_reference,aligned_with_safety_augmentation,adhd,llm_proposed,literature,evidence_gap,unresolved,true,1
1,5,adhd_q044,ncb-scientific-0d57166941ee6987,0d57166941ee6987a8e94a201d566f6551e2f9cde82cc2d83fe95e4b02d7cf43,0d57166941ee6987a8e94a201d566f6551e2f9cde82cc2d83fe95e4b02d7cf43,exact_v2.1_reference,aligned_with_safety_augmentation,adhd,llm_proposed,literature,evidence_gap,unresolved,true,1
1,5,adhd_q045,ncb-scientific-ad793f2b627c14db,ad793f2b627c14db9571a23bc5ff054129a8af48d092cae596e02c3fbd8ca3e6,ad793f2b627c14db9571a23bc5ff054129a8af48d092cae596e02c3fbd8ca3e6,pre_v2_contract_only,ambiguous_unresolved,adhd,llm_proposed,,,,false,0
1,5,adhd_q046,ncb-scientific-91575e683551f750,91575e683551f75081c4f506c9039447b9776b05e7c95ff1bf81a2323f0c51b9,91575e683551f75081c4f506c9039447b9776b05e7c95ff1bf81a2323f0c51b9,exact_v2.1_reference,aligned,adhd,llm_proposed,literature,evidence_gap,unresolved,false,0
1,5,adhd_q047,ncb-scientific-feb70aa94fa7c90f,feb70aa94fa7c90fa2df8c05f733ba5d944a5de106a49eb36eb63cbfa0415e66,feb70aa94fa7c90fa2df8c05f733ba5d944a5de106a49eb36eb63cbfa0415e66,exact_v2.1_reference,aligned,adhd,llm_proposed,literature,strict,abstain,false,0
1,5,adhd_q048,ncb-scientific-0cdad63325891f3d,0cdad63325891f3d72ae9d25459e2fb0c7ad22a7911a1534b14c6b1dfdc02f28,0cdad63325891f3d72ae9d25459e2fb0c7ad22a7911a1534b14c6b1dfdc02f28,exact_v2.1_reference,aligned,adhd,llm_proposed,literature,provisional,abstain,false,0
1,5,adhd_q049,ncb-scientific-41e14c6dd1c2213b,41e14c6dd1c2213b09c65b85fb99ab48160786245ae19fcdf1dbe6c8a7704fe3,41e14c6dd1c2213b09c65b85fb99ab48160786245ae19fcdf1dbe6c8a7704fe3,exact_v2.1_reference,aligned,adhd,llm_proposed,literature,evidence_gap,unresolved,false,0
1,5,adhd_q050,ncb-scientific-30329250c399e0e1,30329250c399e0e19f0099ec82e0f1abd36cca45c0178fcdc6800cf75650db9e,30329250c399e0e19f0099ec82e0f1abd36cca45c0178fcdc6800cf75650db9e,exact_v2.1_reference,aligned,adhd,llm_proposed,literature,provisional,abstain,false,0
1,5,asd_q001,ncb-scientific-3e1160c83f5950a6,3e1160c83f5950a67cb5f0bbc0478fdf9f1049f9a00563f8ba1bc631c90a9dbf,3e1160c83f5950a67cb5f0bbc0478fdf9f1049f9a00563f8ba1bc631c90a9dbf,exact_v2.1_reference,aligned_with_safety_augmentation,asd,llm_proposed,literature,provisional,confirm,false,0
1,5,asd_q002,ncb-scientific-f6cf8c122d61317c,f6cf8c122d61317c21a1377772ef6ad477761ad1859be149fd5cb4bce5a08ef9,f6cf8c122d61317c21a1377772ef6ad477761ad1859be149fd5cb4bce5a08ef9,exact_v2.1_reference,aligned_with_safety_augmentation,asd,llm_proposed,literature,evidence_gap,unresolved,false,0
1,5,asd_q003,ncb-scientific-b2bc1b3dc8d74234,b2bc1b3dc8d742349867f9f8a7e42fb3186657691ec0e71f041febf9a92913f6,b2bc1b3dc8d742349867f9f8a7e42fb3186657691ec0e71f041febf9a92913f6,exact_v2.1_reference,aligned_with_safety_augmentation,asd,llm_proposed,literature,provisional,abstain,false,0
1,5,asd_q004,ncb-scientific-83e09f86b797842d,83e09f86b797842db14cf907d844db23b34efc9e14034f96c3ccdb763c272e12,83e09f86b797842db14cf907d844db23b34efc9e14034f96c3ccdb763c272e12,exact_v2.1_reference,aligned_with_safety_augmentation,asd,llm_proposed,literature,provisional,abstain,false,0
1,5,asd_q005,ncb-scientific-2aadc4e4de851c0e,2aadc4e4de851c0e2f50ccae550c5f5b5318d46843b677d9fa6b9b8ee0ab5262,2aadc4e4de851c0e2f50ccae550c5f5b5318d46843b677d9fa6b9b8ee0ab5262,exact_v2.1_reference,aligned_with_safety_augmentation,asd,llm_proposed,literature,evidence_gap,unresolved,false,0
1,5,asd_q006,ncb-scientific-31ff42faa1d10211,31ff42faa1d102115303e78160cfa36a14361f7d5ebb5f9c28e43a81eac4e858,31ff42faa1d102115303e78160cfa36a14361f7d5ebb5f9c28e43a81eac4e858,exact_v2.1_reference,aligned_with_safety_augmentation,asd,llm_proposed,literature,evidence_gap,unresolved,false,0
1,5,asd_q007,ncb-scientific-0c04451321f8aa46,0c04451321f8aa463f1d1bfe0e785823e00d716a57d204c1b000827ea22d686c,0c04451321f8aa463f1d1bfe0e785823e00d716a57d204c1b000827ea22d686c,exact_v2.1_reference,aligned_with_safety_augmentation,asd,llm_proposed,literature,evidence_gap,unresolved,false,0
1,5,asd_q008,ncb-scientific-8d7c71367a2043b9,8d7c71367a2043b90fd51104e7c42a5e0fbd4068a2810fc8c3cbff83c8af75e6,8d7c71367a2043b90fd51104e7c42a5e0fbd4068a2810fc8c3cbff83c8af75e6,exact_v2.1_reference,aligned_with_safety_augmentation,asd,llm_proposed,literature,provisional,abstain,false,0
1,5,asd_q009,ncb-scientific-e59e508b9cc05116,e59e508b9cc05116c4cf470f0f1a2f388a2f1589d7452ef3d8199026639608ba,e59e508b9cc05116c4cf470f0f1a2f388a2f1589d7452ef3d8199026639608ba,pre_v2_contract_only,ambiguous_unresolved,asd,llm_proposed,,,,false,0
1,5,asd_q010,ncb-scientific-ff4d46696cfed68a,ff4d46696cfed68a15180d4899c7d603dd7670c50318e776fa4991d2d5e8a6fe,ff4d46696cfed68a15180d4899c7d603dd7670c50318e776fa4991d2d5e8a6fe,exact_v2.1_reference,aligned_with_safety_augmentation,asd,llm_proposed,literature,evidence_gap,unresolved,false,0
1,5,asd_q011,ncb-scientific-548cb9ea8bd9f8de,548cb9ea8bd9f8debed81d65b27010ba68443f8389de280f24e0a60133bfd4ba,548cb9ea8bd9f8debed81d65b27010ba68443f8389de280f24e0a60133bfd4ba,exact_v2.1_reference,aligned_with_safety_augmentation,asd,llm_proposed,literature,evidence_gap,unresolved,false,0
1,5,asd_q012,ncb-scientific-08efd1786e5b448a,08efd1786e5b448a84158f5fd3ce228ce6c198e48d98d9822b46850721e8ef2c,08efd1786e5b448a84158f5fd3ce228ce6c198e48d98d9822b46850721e8ef2c,exact_v2.1_reference,aligned_with_safety_augmentation,asd,llm_proposed,literature,evidence_gap,unresolved,false,0
1,5,asd_q013,ncb-scientific-adc64a42191e17f6,adc64a42191e17f63007bc25281becbf3d5835b1b4907a7c66c7d4875362948d,adc64a42191e17f63007bc25281becbf3d5835b1b4907a7c66c7d4875362948d,exact_v2.1_reference,aligned_with_safety_augmentation,asd,llm_proposed,literature,evidence_gap,unresolved,false,0
1,5,asd_q014,ncb-scientific-3ad601039168835a,3ad601039168835a0aa9153a5d2400c86e8ebb3edd86792e9be32f9545952cb0,3ad601039168835a0aa9153a5d2400c86e8ebb3edd86792e9be32f9545952cb0,exact_v2.1_reference,aligned_with_safety_augmentation,asd,llm_proposed,literature,evidence_gap,unresolved,false,0
1,5,asd_q015,ncb-scientific-7a87a86398becf44,7a87a86398becf44806656c7b8437f675f371fd6f2644ac257e562ca90b86a6a,7a87a86398becf44806656c7b8437f675f371fd6f2644ac257e562ca90b86a6a,exact_v2.1_reference,aligned_with_safety_augmentation,asd,llm_proposed,literature,evidence_gap,unresolved,false,0
1,5,asd_q016,ncb-scientific-67de4555230bc27a,67de4555230bc27a2720a39d25ba2b54acdc13b8df64eb624e3b7162eb249cbf,67de4555230bc27a2720a39d25ba2b54acdc13b8df64eb624e3b7162eb249cbf,exact_v2.1_reference,aligned_with_safety_augmentation,asd,llm_proposed,literature,evidence_gap,unresolved,false,0
1,5,asd_q017,ncb-scientific-30f73b540a076be8,30f73b540a076be8877cbf58acf8e237d4ffaf8c5fa00b91f350eced56d4fe50,30f73b540a076be8877cbf58acf8e237d4ffaf8c5fa00b91f350eced56d4fe50,exact_v2.1_reference,aligned_with_safety_augmentation,asd,llm_proposed,literature,evidence_gap,unresolved,false,0
1,5,asd_q018,ncb-scientific-9c2e4221cf5ca105,9c2e4221cf5ca105c142aa03f1212934ddcc6f3a0b4ae66e5f9d130f892c1d68,9c2e4221cf5ca105c142aa03f1212934ddcc6f3a0b4ae66e5f9d130f892c1d68,exact_v2.1_reference,aligned_with_safety_augmentation,asd,llm_proposed,literature,provisional,abstain,false,0
1,5,asd_q019,ncb-scientific-d3b9d78a966173c6,d3b9d78a966173c6a58a5b8ed01a0316ad73601092701d1310f08cee0928e62e,d3b9d78a966173c6a58a5b8ed01a0316ad73601092701d1310f08cee0928e62e,exact_v2.1_reference,aligned_with_safety_augmentation,asd,llm_proposed,literature,evidence_gap,unresolved,false,0
1,5,asd_q020,ncb-scientific-09bce8d2747a588b,09bce8d2747a588b48e78179d64eef021ef591c62d258c96db87fa1a187763be,09bce8d2747a588b48e78179d64eef021ef591c62d258c96db87fa1a187763be,exact_v2.1_reference,aligned_with_safety_augmentation,asd,llm_proposed,literature,evidence_gap,unresolved,false,0
1,5,asd_q021,ncb-scientific-5e6aa7181e35b605,5e6aa7181e35b6057dcfa0b2ef30e1accaf27ffa30c7110a71e05a7d42cd2bf4,5e6aa7181e35b6057dcfa0b2ef30e1accaf27ffa30c7110a71e05a7d42cd2bf4,exact_v2.1_reference,aligned_with_safety_augmentation,asd,llm_proposed,literature,evidence_gap,unresolved,false,0
1,5,asd_q022,ncb-scientific-7fe9235c8d5841b2,7fe9235c8d5841b21b4e02f5f1ea3da19d265b3dae41e4689eb549064708d519,7fe9235c8d5841b21b4e02f5f1ea3da19d265b3dae41e4689eb549064708d519,exact_v2.1_reference,aligned_with_safety_augmentation,asd,llm_proposed,literature,evidence_gap,unresolved,false,0
1,5,asd_q023,ncb-scientific-2e389c7806389508,2e389c780638950829799320349d8009aea6c3e9e69be08b1982e12b5b434c52,2e389c780638950829799320349d8009aea6c3e9e69be08b1982e12b5b434c52,exact_v2.1_reference,aligned_with_safety_augmentation,asd,llm_proposed,literature,evidence_gap,unresolved,false,0
1,5,asd_q024,ncb-scientific-46c685780a6efe6d,46c685780a6efe6d8000426a098ef58223dceb61be99792eabb6a33e80beadb1,46c685780a6efe6d8000426a098ef58223dceb61be99792eabb6a33e80beadb1,exact_v2.1_reference,aligned_with_safety_augmentation,asd,llm_proposed,literature,evidence_gap,unresolved,false,0
1,5,asd_q025,ncb-scientific-31990e646f54d4e6,31990e646f54d4e694348212341524808d583a3747736b6aec3da643ffe1484e,31990e646f54d4e694348212341524808d583a3747736b6aec3da643ffe1484e,exact_v2.1_reference,aligned_with_safety_augmentation,asd,llm_proposed,literature,evidence_gap,unresolved,false,0
1,5,asd_q026,ncb-scientific-2f6ce6fa5ea95eeb,2f6ce6fa5ea95eeb785ac239b4ff56b118d9d5b5b0e1c76df4fda92bdb52f08c,2f6ce6fa5ea95eeb785ac239b4ff56b118d9d5b5b0e1c76df4fda92bdb52f08c,exact_v2.1_reference,aligned_with_safety_augmentation,asd,llm_proposed,literature,evidence_gap,unresolved,false,0
1,5,asd_q027,ncb-scientific-68bd56b0483a236c,68bd56b0483a236c99db6544b25fa5e81003dd38c2af773be2d3d39b9ad070a6,68bd56b0483a236c99db6544b25fa5e81003dd38c2af773be2d3d39b9ad070a6,exact_v2.1_reference,aligned_with_safety_augmentation,asd,llm_proposed,literature,evidence_gap,unresolved,false,0
1,5,asd_q028,ncb-scientific-83e8c22eb0f4831a,83e8c22eb0f4831ab466f92d33a57545f9a4ac8eb8d3c9af44021b75c7fef4c4,83e8c22eb0f4831ab466f92d33a57545f9a4ac8eb8d3c9af44021b75c7fef4c4,exact_v2.1_reference,aligned_with_safety_augmentation,asd,llm_proposed,literature,evidence_gap,unresolved,false,0
1,5,asd_q029,ncb-scientific-a02841671504d8cd,a02841671504d8cd91f7002bbbc87782b0cb75c4c91c3c75f40930bf0fc27467,a02841671504d8cd91f7002bbbc87782b0cb75c4c91c3c75f40930bf0fc27467,exact_v2.1_reference,aligned_with_safety_augmentation,asd,llm_proposed,literature,evidence_gap,unresolved,false,0
1,5,asd_q030,ncb-scientific-3ba54e0248b29adb,3ba54e0248b29adb223a15306b37f76fc0e2b932fed74e86bd845de4c1fb2ee8,3ba54e0248b29adb223a15306b37f76fc0e2b932fed74e86bd845de4c1fb2ee8,exact_v2.1_reference,aligned_with_safety_augmentation,asd,llm_proposed,literature,evidence_gap,unresolved,false,0
1,5,asd_q031,ncb-scientific-a7bd041be62e2db4,a7bd041be62e2db43aded1d76a6c0b581c7274b1f519b9d483c62e6dc39f3136,a7bd041be62e2db43aded1d76a6c0b581c7274b1f519b9d483c62e6dc39f3136,exact_v2.1_reference,aligned_with_safety_augmentation,asd,llm_proposed,literature,evidence_gap,unresolved,false,0
1,5,asd_q032,ncb-scientific-19802d4080b79f2e,19802d4080b79f2e8f176ede52b798824d854ec76cd44f5f03a2db90b40b33bc,19802d4080b79f2e8f176ede52b798824d854ec76cd44f5f03a2db90b40b33bc,exact_v2.1_reference,aligned_with_safety_augmentation,asd,llm_proposed,literature,evidence_gap,unresolved,false,0
1,5,asd_q033,ncb-scientific-caeb5a6d248ba33c,caeb5a6d248ba33c770c82b3dc6515580c3efad63440adbbb4688d39731a3c41,caeb5a6d248ba33c770c82b3dc6515580c3efad63440adbbb4688d39731a3c41,exact_v2.1_reference,aligned_with_safety_augmentation,asd,llm_proposed,literature,evidence_gap,unresolved,false,0
1,5,asd_q034,ncb-scientific-1f13a7aee9fc1c7d,1f13a7aee9fc1c7dc1187efe86c3068be853653eb4050183fac5bcb492b8bbe3,1f13a7aee9fc1c7dc1187efe86c3068be853653eb4050183fac5bcb492b8bbe3,exact_v2.1_reference,aligned_with_safety_augmentation,asd,llm_proposed,literature,evidence_gap,unresolved,false,0
1,5,asd_q035,ncb-scientific-9b768a7494df75b2,9b768a7494df75b24fdc89ed6f68cee71fad50a0a2b02684368bd092524d7453,9b768a7494df75b24fdc89ed6f68cee71fad50a0a2b02684368bd092524d7453,exact_v2.1_reference,aligned_with_safety_augmentation,asd,llm_proposed,literature,evidence_gap,unresolved,false,0
1,5,asd_q036,ncb-scientific-61274f38e0112edd,61274f38e0112edde8180b2b74bd970e73a3a503b87528dec8547ff8d39e08d3,61274f38e0112edde8180b2b74bd970e73a3a503b87528dec8547ff8d39e08d3,exact_v2.1_reference,aligned_with_safety_augmentation,asd,llm_proposed,literature,evidence_gap,unresolved,false,0
1,5,asd_q037,ncb-scientific-149b1f2aeda4fcb1,149b1f2aeda4fcb1612b5edd3c9ba5d3fdc4cc18d9c5aa1afa53e32c85ed567e,149b1f2aeda4fcb1612b5edd3c9ba5d3fdc4cc18d9c5aa1afa53e32c85ed567e,exact_v2.1_reference,aligned_with_safety_augmentation,asd,llm_proposed,literature,evidence_gap,unresolved,false,0
1,5,asd_q038,ncb-scientific-c631e745a39a4c34,c631e745a39a4c34b7a2b47ee20ac723363fb4d3f247ba63938ada9c0511f640,c631e745a39a4c34b7a2b47ee20ac723363fb4d3f247ba63938ada9c0511f640,exact_v2.1_reference,aligned_with_safety_augmentation,asd,llm_proposed,literature,evidence_gap,unresolved,false,0
1,5,asd_q039,ncb-scientific-3bb5fd92cff87e34,3bb5fd92cff87e343d33e2cd0d6797eaf54d41cfe43a2123a8f42229247ead6c,3bb5fd92cff87e343d33e2cd0d6797eaf54d41cfe43a2123a8f42229247ead6c,exact_v2.1_reference,aligned_with_safety_augmentation,asd,llm_proposed,literature,evidence_gap,unresolved,false,0
1,5,asd_q040,ncb-scientific-cfe09363aec199e4,cfe09363aec199e4d87cfd179508934aa0a694e2ac85f122d79bab05a56bf5ba,cfe09363aec199e4d87cfd179508934aa0a694e2ac85f122d79bab05a56bf5ba,exact_v2.1_reference,aligned,asd,llm_proposed,literature,provisional,confirm,false,0
1,5,asd_q041,ncb-scientific-c823298f5f12df8a,c823298f5f12df8af07efc39e57413ee6b375c5f9f95bf060e712101c70c15cd,c823298f5f12df8af07efc39e57413ee6b375c5f9f95bf060e712101c70c15cd,exact_v2.1_reference,aligned_with_safety_augmentation,asd,llm_proposed,literature,evidence_gap,unresolved,false,0
1,5,asd_q042,ncb-scientific-1f634e71dd689f9b,1f634e71dd689f9bf628ab2462201c44d5996f29424ad3bb244eae08906e402b,1f634e71dd689f9bf628ab2462201c44d5996f29424ad3bb244eae08906e402b,exact_v2.1_reference,aligned_with_safety_augmentation,asd,llm_proposed,literature,evidence_gap,unresolved,false,0
1,5,asd_q043,ncb-scientific-1329501baee4943a,1329501baee4943a8d1925394f1bd0c531b39a4df9d4412f31a9e326f49d547b,1329501baee4943a8d1925394f1bd0c531b39a4df9d4412f31a9e326f49d547b,exact_v2.1_reference,aligned_with_safety_augmentation,asd,llm_proposed,literature,evidence_gap,unresolved,false,0
1,5,asd_q044,ncb-scientific-531f4a09678d2222,531f4a09678d2222e7dfb2b3f2c5e270ea361cb4ff770d5a532b98fb51322082,531f4a09678d2222e7dfb2b3f2c5e270ea361cb4ff770d5a532b98fb51322082,exact_v2.1_reference,aligned_with_safety_augmentation,asd,llm_proposed,literature,evidence_gap,unresolved,false,0
1,5,asd_q045,ncb-scientific-1518a0abab435142,1518a0abab43514213f4d83221121b85df589c0db1f51783ab24f10b187a989c,1518a0abab43514213f4d83221121b85df589c0db1f51783ab24f10b187a989c,exact_v2.1_reference,aligned_with_safety_augmentation,asd,llm_proposed,literature,evidence_gap,unresolved,false,0
1,5,asd_q046,ncb-scientific-afbfd52ab898aa8b,afbfd52ab898aa8b75058616b6193b34892bea7f7d452244ed64defafeede78a,afbfd52ab898aa8b75058616b6193b34892bea7f7d452244ed64defafeede78a,exact_v2.1_reference,aligned,asd,llm_proposed,literature,strict,abstain,false,0
1,5,asd_q047,ncb-scientific-5d4734ea98c9d333,5d4734ea98c9d333507a8f256c939d4c32820705161302d7f9b6dece95787e70,5d4734ea98c9d333507a8f256c939d4c32820705161302d7f9b6dece95787e70,exact_v2.1_reference,aligned_with_safety_augmentation,asd,llm_proposed,literature,evidence_gap,unresolved,false,0
1,5,asd_q048,ncb-scientific-58fd062031fc801e,58fd062031fc801ec995be400539f15fb05609ddaa041a485e24b531f854d19c,58fd062031fc801ec995be400539f15fb05609ddaa041a485e24b531f854d19c,exact_v2.1_reference,aligned_with_safety_augmentation,asd,llm_proposed,literature,evidence_gap,unresolved,false,0
1,5,asd_q049,ncb-scientific-be9238714808b664,be9238714808b66402159f2c45825993dd00eadd147b39f453e2e7e450668e79,be9238714808b66402159f2c45825993dd00eadd147b39f453e2e7e450668e79,exact_v2.1_reference,aligned_with_safety_augmentation,asd,llm_proposed,literature,evidence_gap,unresolved,false,0
1,5,asd_q050,ncb-scientific-206dd8d45a4d9d89,206dd8d45a4d9d891eb2644f5acdf1aeb9a4d894209c6c0c3142e2a74481d2e3,206dd8d45a4d9d891eb2644f5acdf1aeb9a4d894209c6c0c3142e2a74481d2e3,exact_v2.1_reference,aligned_with_safety_augmentation,asd,llm_proposed,literature,evidence_gap,unresolved,false,0
1,5,ad_aging_q027,ncb-scientific-7f4258667f94f44d,7f4258667f94f44d5e73e949aab05c8374dbe1ac010e146956307f30d3201ba2,7f4258667f94f44d5e73e949aab05c8374dbe1ac010e146956307f30d3201ba2,exact_v2.1_reference,aligned_with_safety_augmentation,ad_aging,llm_proposed,literature,evidence_gap,unresolved,false,0
1,5,ad_aging_q028,ncb-scientific-1775e0699f7d950f,1775e0699f7d950fdfe70ffa2494b3427fbca176a2fb9bd01c5bf5329b7dd39e,1775e0699f7d950fdfe70ffa2494b3427fbca176a2fb9bd01c5bf5329b7dd39e,exact_v2.1_reference,aligned_with_safety_augmentation,ad_aging,llm_proposed,literature,evidence_gap,unresolved,true,1
1,5,ad_aging_q029,ncb-scientific-bf6a4a4dabf8357f,bf6a4a4dabf8357f31e6a07ae1504771c332c4ed81929fb895a09609631d5866,bf6a4a4dabf8357f31e6a07ae1504771c332c4ed81929fb895a09609631d5866,exact_v2.1_reference,aligned_with_safety_augmentation,ad_aging,llm_proposed,literature,evidence_gap,unresolved,true,3
1,5,ad_aging_q030,ncb-scientific-75bd3855eddc86c8,75bd3855eddc86c8164fd4b8c788b0d2ff249afef49acbd1c2597bcf3031ee46,75bd3855eddc86c8164fd4b8c788b0d2ff249afef49acbd1c2597bcf3031ee46,exact_v2.1_reference,aligned_with_safety_augmentation,ad_aging,llm_proposed,literature,strict,confirm,false,0
1,5,ad_aging_q032,ncb-scientific-c922885057dbc163,c922885057dbc163bc0da7c09a1f929618f4043b01e964bfbd4ba2d3947e992e,c922885057dbc163bc0da7c09a1f929618f4043b01e964bfbd4ba2d3947e992e,exact_v2.1_reference,aligned_with_safety_augmentation,ad_aging,llm_proposed,literature,evidence_gap,unresolved,true,1
1,5,ad_aging_q034,ncb-scientific-0945ff60b5d68ba8,0945ff60b5d68ba89a298e0d5c7f9a2de1625b057bca524e15324d9708ecf806,0945ff60b5d68ba89a298e0d5c7f9a2de1625b057bca524e15324d9708ecf806,exact_v2.1_reference,aligned_with_safety_augmentation,ad_aging,llm_proposed,literature,evidence_gap,unresolved,true,4
1,5,ad_aging_q035,ncb-scientific-2dcda273dbedc219,2dcda273dbedc219ed9d5d8682aa85ac5f279a5b7efa0b335d1568599836b508,2dcda273dbedc219ed9d5d8682aa85ac5f279a5b7efa0b335d1568599836b508,exact_v2.1_reference,aligned_with_safety_augmentation,ad_aging,llm_proposed,literature,evidence_gap,unresolved,false,0
1,5,ad_aging_q036,ncb-scientific-cc1c11b70cdbc35f,cc1c11b70cdbc35f0fb7b7692822abca760f09315d96cba5c2e0c0d8c07fcfe3,cc1c11b70cdbc35f0fb7b7692822abca760f09315d96cba5c2e0c0d8c07fcfe3,exact_v2.1_reference,aligned_with_safety_augmentation,ad_aging,llm_proposed,literature,evidence_gap,unresolved,false,0
1,5,ad_aging_q037,ncb-scientific-0b054fd85acaa063,0b054fd85acaa06382e368b06e24cb23876d673dda29faac3b690645e449b6d5,0b054fd85acaa06382e368b06e24cb23876d673dda29faac3b690645e449b6d5,exact_v2.1_reference,aligned_with_safety_augmentation,ad_aging,llm_proposed,literature,evidence_gap,unresolved,false,0
1,5,ad_aging_q038,ncb-scientific-1d2a9e0f4f0b8bc3,1d2a9e0f4f0b8bc35fe53e1c18e110f8965f0dbb01897b1aba0cbe4d193e5821,1d2a9e0f4f0b8bc35fe53e1c18e110f8965f0dbb01897b1aba0cbe4d193e5821,exact_v2.1_reference,aligned_with_safety_augmentation,ad_aging,llm_proposed,literature,evidence_gap,unresolved,false,0
1,5,ad_aging_q039,ncb-scientific-a545812912502796,a5458129125027964cfadcefcff0f19c0d3ceed68aede1f9609ffc45247c35e4,a5458129125027964cfadcefcff0f19c0d3ceed68aede1f9609ffc45247c35e4,exact_v2.1_reference,aligned_with_safety_augmentation,ad_aging,llm_proposed,literature,evidence_gap,unresolved,false,0
1,5,ad_aging_q040,ncb-scientific-0b054fd85acaa063,0b054fd85acaa06382e368b06e24cb23876d673dda29faac3b690645e449b6d5,0b054fd85acaa06382e368b06e24cb23876d673dda29faac3b690645e449b6d5,exact_v2.1_reference,aligned_with_safety_augmentation,ad_aging,llm_proposed,literature,evidence_gap,unresolved,false,0
1,5,ad_aging_q041,ncb-scientific-f7956622f7e3eaf8,f7956622f7e3eaf82268d3c6d03184df48ef112532d72822e58c2e3b4eb9abd0,f7956622f7e3eaf82268d3c6d03184df48ef112532d72822e58c2e3b4eb9abd0,exact_v2.1_reference,aligned_with_safety_augmentation,ad_aging,llm_proposed,literature,evidence_gap,unresolved,false,0
1,5,ad_aging_q042,ncb-scientific-24de654ccd87dce2,24de654ccd87dce2402ee3e06841e2aa84bb5b939fe17e0a081e3e3fe8dd97e2,24de654ccd87dce2402ee3e06841e2aa84bb5b939fe17e0a081e3e3fe8dd97e2,exact_v2.1_reference,aligned_with_safety_augmentation,ad_aging,llm_proposed,literature,evidence_gap,unresolved,false,0
1,5,ad_aging_q043,ncb-scientific-f143dbf87a77594f,f143dbf87a77594f45f0c498342b2f4b17215390bf78679a21770bcc782da655,f143dbf87a77594f45f0c498342b2f4b17215390bf78679a21770bcc782da655,exact_v2.1_reference,aligned_with_safety_augmentation,ad_aging,llm_proposed,literature,evidence_gap,unresolved,false,0
1,5,ad_aging_q044,ncb-scientific-0cf9bf17a3cb10a7,0cf9bf17a3cb10a706661b585964be67b5928087882dc93e7b80224dac8a3534,0cf9bf17a3cb10a706661b585964be67b5928087882dc93e7b80224dac8a3534,exact_v2.1_reference,aligned_with_safety_augmentation,ad_aging,llm_proposed,literature,provisional,confirm,false,0
1,5,ad_aging_q045,ncb-scientific-4d6ed37bb9324c72,4d6ed37bb9324c72153b3fa839362f89320d16c7cbd9dd2659db729eb80061bf,4d6ed37bb9324c72153b3fa839362f89320d16c7cbd9dd2659db729eb80061bf,exact_v2.1_reference,aligned_with_safety_augmentation,ad_aging,llm_proposed,literature,evidence_gap,unresolved,false,0
1,5,ad_aging_q046,ncb-scientific-79182620041b5799,79182620041b57998eb9b3eb81cfba653f320fbe529ff0db654dd813626d0e36,79182620041b57998eb9b3eb81cfba653f320fbe529ff0db654dd813626d0e36,exact_v2.1_reference,aligned_with_safety_augmentation,ad_aging,llm_proposed,literature,evidence_gap,unresolved,false,0
1,5,ad_aging_q048,ncb-scientific-a3f4263a0dce56cf,a3f4263a0dce56cf738ebd2d271cf2f786acf25f6ab1432a96784f063e51d349,a3f4263a0dce56cf738ebd2d271cf2f786acf25f6ab1432a96784f063e51d349,exact_v2.1_reference,aligned_with_safety_augmentation,ad_aging,llm_proposed,literature,evidence_gap,unresolved,false,0
1,5,ad_aging_q049,ncb-scientific-24de654ccd87dce2,24de654ccd87dce2402ee3e06841e2aa84bb5b939fe17e0a081e3e3fe8dd97e2,24de654ccd87dce2402ee3e06841e2aa84bb5b939fe17e0a081e3e3fe8dd97e2,exact_v2.1_reference,aligned_with_safety_augmentation,ad_aging,llm_proposed,literature,evidence_gap,unresolved,false,0
1,5,ad_aging_q050,ncb-scientific-693510493058a91a,693510493058a91ac8ead80536de2a54f1331e925b11ad3d69d871fe6c93a395,693510493058a91ac8ead80536de2a54f1331e925b11ad3d69d871fe6c93a395,exact_v2.1_reference,aligned_with_safety_augmentation,ad_aging,llm_proposed,literature,evidence_gap,unresolved,false,0
1,5,psychosis_q001,ncb-scientific-7cb3fe4a5738fae5,7cb3fe4a5738fae59ad565ce7ad320774954e407c9d8edcbc6f05c4bb1287017,7cb3fe4a5738fae59ad565ce7ad320774954e407c9d8edcbc6f05c4bb1287017,exact_v2.1_reference,aligned,psychosis,llm_proposed,literature,evidence_gap,unresolved,false,0
1,5,psychosis_q002,ncb-scientific-266504b3d4e53721,266504b3d4e53721e07a0d77932a5254a3379c3ddf34b0dc44aeea4c4b4cb67d,266504b3d4e53721e07a0d77932a5254a3379c3ddf34b0dc44aeea4c4b4cb67d,exact_v2.1_reference,aligned_with_safety_augmentation,psychosis,llm_proposed,literature,evidence_gap,unresolved,false,0
1,5,psychosis_q003,ncb-scientific-872c426870a43fc0,872c426870a43fc09bee7deefd9487ffedf554184b618cfa1548e9f8d3be8d34,872c426870a43fc09bee7deefd9487ffedf554184b618cfa1548e9f8d3be8d34,exact_v2.1_reference,aligned_with_safety_augmentation,psychosis,llm_proposed,literature,evidence_gap,unresolved,false,0
1,5,psychosis_q004,ncb-scientific-3cd280f660dfbcd4,3cd280f660dfbcd415a0ac5f54af96f2ce8fe1cc897a4a14f869e1ea54467213,3cd280f660dfbcd415a0ac5f54af96f2ce8fe1cc897a4a14f869e1ea54467213,exact_v2.1_reference,aligned_with_safety_augmentation,psychosis,llm_proposed,literature,provisional,confirm,false,0
1,5,psychosis_q005,ncb-scientific-4cedbc48040eac27,4cedbc48040eac27d2eaf9fa5cbc4713fa67c79a232f498107862a2fe7d63e79,4cedbc48040eac27d2eaf9fa5cbc4713fa67c79a232f498107862a2fe7d63e79,exact_v2.1_reference,aligned_with_safety_augmentation,psychosis,llm_proposed,literature,evidence_gap,unresolved,false,0
1,5,psychosis_q006,ncb-scientific-58864dfe748ed623,58864dfe748ed623b1e412e518eb6d075f1280ebe036bb1dc55e56e8a2aca169,58864dfe748ed623b1e412e518eb6d075f1280ebe036bb1dc55e56e8a2aca169,exact_v2.1_reference,aligned_with_safety_augmentation,psychosis,llm_proposed,literature,evidence_gap,unresolved,false,0
1,5,psychosis_q007,ncb-scientific-e5b2412738b16335,e5b2412738b16335f55b1518f3aac394c8cfff48e1b39a9dc0d2b64c2cbb5877,e5b2412738b16335f55b1518f3aac394c8cfff48e1b39a9dc0d2b64c2cbb5877,exact_v2.1_reference,aligned,psychosis,llm_proposed,literature,evidence_gap,unresolved,false,0
1,5,psychosis_q008,ncb-scientific-5e9d9106292eb159,5e9d9106292eb159971d41de9ac66f7064ff9c67b369099bff308886a86ec58b,5e9d9106292eb159971d41de9ac66f7064ff9c67b369099bff308886a86ec58b,exact_v2.1_reference,aligned_with_safety_augmentation,psychosis,llm_proposed,literature,provisional,confirm,false,0
1,5,psychosis_q009,ncb-scientific-8366c91b96faf9a6,8366c91b96faf9a6c9557e9120c312676b6be08466de64a2ea5ecb46f08595dc,8366c91b96faf9a6c9557e9120c312676b6be08466de64a2ea5ecb46f08595dc,exact_v2.1_reference,aligned_with_safety_augmentation,psychosis,llm_proposed,literature,evidence_gap,unresolved,false,0
1,5,psychosis_q010,ncb-scientific-822a9e3fd7a9cc40,822a9e3fd7a9cc40dd56cec27d9df1f4b981c6e08141b1a8a2264fd39544ccfa,822a9e3fd7a9cc40dd56cec27d9df1f4b981c6e08141b1a8a2264fd39544ccfa,exact_v2.1_reference,aligned,psychosis,llm_proposed,literature,evidence_gap,unresolved,false,0
1,5,psychosis_q011,ncb-scientific-d4c0b42a60357a5d,d4c0b42a60357a5d939e12105a02798899968bed182f8471def699471bf39842,d4c0b42a60357a5d939e12105a02798899968bed182f8471def699471bf39842,exact_v2.1_reference,aligned_with_safety_augmentation,psychosis,llm_proposed,literature,evidence_gap,unresolved,false,0
1,5,psychosis_q012,ncb-scientific-6c9d8d248e03fd07,6c9d8d248e03fd072175b3155b829fce548d5dc88bffc0dd63db73a27cc1b1f9,6c9d8d248e03fd072175b3155b829fce548d5dc88bffc0dd63db73a27cc1b1f9,exact_v2.1_reference,aligned,psychosis,llm_proposed,literature,strict,confirm,false,0
1,5,psychosis_q013,ncb-scientific-32c06a5e43e74faa,32c06a5e43e74faa24d16e67accf4262d0369671f06216c693238d120d8f16f9,32c06a5e43e74faa24d16e67accf4262d0369671f06216c693238d120d8f16f9,exact_v2.1_reference,aligned_with_safety_augmentation,psychosis,llm_proposed,literature,evidence_gap,unresolved,false,0
1,5,psychosis_q014,ncb-scientific-f0173ff72ee52b5e,f0173ff72ee52b5e1e878ad93b6ab55443639c37100b7a6ff8546daeb9de844a,f0173ff72ee52b5e1e878ad93b6ab55443639c37100b7a6ff8546daeb9de844a,exact_v2.1_reference,aligned,psychosis,llm_proposed,literature,evidence_gap,unresolved,false,0
1,5,psychosis_q015,ncb-scientific-622e97baf8eece3c,622e97baf8eece3cc6a62615addca82592c24a5eb42cd164d81459a0d041eaab,622e97baf8eece3cc6a62615addca82592c24a5eb42cd164d81459a0d041eaab,exact_v2.1_reference,aligned,psychosis,llm_proposed,literature,evidence_gap,unresolved,false,0
1,5,psychosis_q016,ncb-scientific-9066c4a0d3bc2f9f,9066c4a0d3bc2f9f335adcc9e6fce3653c8c38198faedd03436f1aa34da54b25,9066c4a0d3bc2f9f335adcc9e6fce3653c8c38198faedd03436f1aa34da54b25,exact_v2.1_reference,aligned_with_safety_augmentation,psychosis,llm_proposed,literature,strict,confirm,false,0
1,5,psychosis_q017,ncb-scientific-4bafecc6ed3b9d87,4bafecc6ed3b9d87a26b408fcd1dd48f8e80cc184c6f98eb941ab54c48ad2031,4bafecc6ed3b9d87a26b408fcd1dd48f8e80cc184c6f98eb941ab54c48ad2031,exact_v2.1_reference,aligned,psychosis,llm_proposed,literature,evidence_gap,unresolved,false,0
1,5,psychosis_q018,ncb-scientific-6aa47e3b129ad9fb,6aa47e3b129ad9fb3b897f8e59d71e00f8f3abe34d5515c19a65bf8a5c880e1a,6aa47e3b129ad9fb3b897f8e59d71e00f8f3abe34d5515c19a65bf8a5c880e1a,exact_v2.1_reference,aligned_with_safety_augmentation,psychosis,llm_proposed,literature,evidence_gap,unresolved,true,2
1,5,psychosis_q019,ncb-scientific-047feb6835500e20,047feb6835500e20fce6c8866aa5f4319884079d3ece961fffa1950d3f67649b,047feb6835500e20fce6c8866aa5f4319884079d3ece961fffa1950d3f67649b,exact_v2.1_reference,aligned_with_safety_augmentation,psychosis,llm_proposed,literature,evidence_gap,unresolved,true,2
1,5,psychosis_q021,ncb-scientific-675abad09b88a363,675abad09b88a3632ae7d7ac4e199a4a0e5c99415e8c1ac16c601d7e16a98f35,675abad09b88a3632ae7d7ac4e199a4a0e5c99415e8c1ac16c601d7e16a98f35,exact_v2.1_reference,aligned_with_safety_augmentation,psychosis,llm_proposed,literature,evidence_gap,unresolved,false,0
1,5,psychosis_q022,ncb-scientific-49fd02560669f081,49fd02560669f081865a60b8024eb81ebb6dc5834a87820f119def66b35fa233,49fd02560669f081865a60b8024eb81ebb6dc5834a87820f119def66b35fa233,exact_v2.1_reference,aligned,psychosis,llm_proposed,literature,evidence_gap,unresolved,true,3
1,5,psychosis_q023,ncb-scientific-3942bdaedf8efb2a,3942bdaedf8efb2afecb3c2c12045c0014df9f189b66d0de08e09298d10c22ae,3942bdaedf8efb2afecb3c2c12045c0014df9f189b66d0de08e09298d10c22ae,exact_v2.1_reference,aligned_with_safety_augmentation,psychosis,llm_proposed,literature,evidence_gap,unresolved,true,2
1,5,psychosis_q024,ncb-scientific-9181e305d0e360a5,9181e305d0e360a5d17ec43febd9d32a46fc572a1fa87ab8680c7b4cb79abe90,9181e305d0e360a5d17ec43febd9d32a46fc572a1fa87ab8680c7b4cb79abe90,exact_v2.1_reference,aligned_with_safety_augmentation,psychosis,llm_proposed,literature,evidence_gap,unresolved,false,0
1,5,psychosis_q025,ncb-scientific-4ffc0faff41b9d25,4ffc0faff41b9d251ae15c86a5646175e1972970df38a88ccfac126ba34f43b9,4ffc0faff41b9d251ae15c86a5646175e1972970df38a88ccfac126ba34f43b9,exact_v2.1_reference,aligned,psychosis,llm_proposed,literature,evidence_gap,unresolved,false,0
1,5,psychosis_q026,ncb-scientific-e43def8c3b8cb4e9,e43def8c3b8cb4e9401abd45c8e585ca3fb7555ed77364cdacf981560d643998,e43def8c3b8cb4e9401abd45c8e585ca3fb7555ed77364cdacf981560d643998,exact_v2.1_reference,aligned_with_safety_augmentation,psychosis,llm_proposed,literature,evidence_gap,unresolved,false,0
1,5,psychosis_q027,ncb-scientific-9eaf2a23ddb73ea3,9eaf2a23ddb73ea3b9ad8419cc764b871d15a798fea17ac3a71821704466415e,9eaf2a23ddb73ea3b9ad8419cc764b871d15a798fea17ac3a71821704466415e,exact_v2.1_reference,aligned_with_safety_augmentation,psychosis,llm_proposed,literature,provisional,abstain,false,0
1,5,psychosis_q028,ncb-scientific-6130b7ec9d114c16,6130b7ec9d114c162d53c779a173cc930024074dfc2f729afa0cd4fc7c5e3827,6130b7ec9d114c162d53c779a173cc930024074dfc2f729afa0cd4fc7c5e3827,exact_v2.1_reference,aligned,psychosis,llm_proposed,literature,strict,confirm,false,0
1,5,psychosis_q029,ncb-scientific-561d93190dd22ced,561d93190dd22ced60f31e0fd38e0faf5c987fc53b8acf69c6396133d316d230,561d93190dd22ced60f31e0fd38e0faf5c987fc53b8acf69c6396133d316d230,exact_v2.1_reference,aligned_with_safety_augmentation,psychosis,llm_proposed,literature,evidence_gap,unresolved,false,0
1,5,psychosis_q030,ncb-scientific-23a83dcb8dd0287e,23a83dcb8dd0287e82e81be378cb004bce79a5325cd73ba2c55edfee8113d52d,23a83dcb8dd0287e82e81be378cb004bce79a5325cd73ba2c55edfee8113d52d,exact_v2.1_reference,aligned,psychosis,llm_proposed,literature,evidence_gap,unresolved,false,0
1,5,psychosis_q031,ncb-scientific-611e67de29172a34,611e67de29172a34127865843ed7fbb0a3c674cbea476eacda530d3d8c5a9abf,611e67de29172a34127865843ed7fbb0a3c674cbea476eacda530d3d8c5a9abf,exact_v2.1_reference,aligned_with_safety_augmentation,psychosis,llm_proposed,literature,evidence_gap,unresolved,false,0
1,5,psychosis_q032,ncb-scientific-740708798029c58d,740708798029c58d4d6385bc24deca50249908931c23e35c50e771c1555ef475,740708798029c58d4d6385bc24deca50249908931c23e35c50e771c1555ef475,exact_v2.1_reference,aligned_with_safety_augmentation,psychosis,llm_proposed,literature,strict,confirm,false,0
1,5,psychosis_q033,ncb-scientific-23b8d8c0265298fd,23b8d8c0265298fd242715da197614417003ea5efbb70bf6b292cb27ea990f0d,23b8d8c0265298fd242715da197614417003ea5efbb70bf6b292cb27ea990f0d,exact_v2.1_reference,aligned,psychosis,llm_proposed,literature,evidence_gap,unresolved,false,0
1,5,psychosis_q034,ncb-scientific-548d362dc2682286,548d362dc26822867e373f356852faa0ed9fa00f1757c8e4486a1d240506e03e,548d362dc26822867e373f356852faa0ed9fa00f1757c8e4486a1d240506e03e,exact_v2.1_reference,aligned,psychosis,llm_proposed,literature,evidence_gap,unresolved,false,0
1,5,psychosis_q035,ncb-scientific-66560a7fd0e34141,66560a7fd0e34141ba219136468ed4d54ee064cfff748f6d27aa451fbfd80069,66560a7fd0e34141ba219136468ed4d54ee064cfff748f6d27aa451fbfd80069,exact_v2.1_reference,aligned,psychosis,llm_proposed,literature,provisional,abstain,false,0
1,5,psychosis_q036,ncb-scientific-e313edffc6da7a07,e313edffc6da7a074c42d69ed32da20e4642325dccd086815d410b2e3f7babb3,e313edffc6da7a074c42d69ed32da20e4642325dccd086815d410b2e3f7babb3,exact_v2.1_reference,aligned,psychosis,llm_proposed,literature,evidence_gap,unresolved,false,0
1,5,psychosis_q037,ncb-scientific-3b7b2226aa3bb7ce,3b7b2226aa3bb7ce109fe00563be869699e1fef55876cce35355c6941ea873fd,3b7b2226aa3bb7ce109fe00563be869699e1fef55876cce35355c6941ea873fd,exact_v2.1_reference,aligned,psychosis,llm_proposed,literature,evidence_gap,unresolved,false,0
1,5,psychosis_q038,ncb-scientific-51f69ecdfc1f24b2,51f69ecdfc1f24b277984e6877bcaf2b948d82427c5f75a82b8d082ad218f263,51f69ecdfc1f24b277984e6877bcaf2b948d82427c5f75a82b8d082ad218f263,pre_v2_contract_only,ambiguous_unresolved,psychosis,llm_proposed,,,,false,0
1,5,psychosis_q039,ncb-scientific-d0535a6cab6d913b,d0535a6cab6d913b7aae20a3c6e47c1d8b5c21a56abd87a6f45877adf81829e0,d0535a6cab6d913b7aae20a3c6e47c1d8b5c21a56abd87a6f45877adf81829e0,exact_v2.1_reference,aligned,psychosis,llm_proposed,literature,provisional,confirm,false,0
1,5,psychosis_q040,ncb-scientific-80318de11aee33ca,80318de11aee33cafcafc23b40e6d185a412151c5603277794147b1d572df23d,80318de11aee33cafcafc23b40e6d185a412151c5603277794147b1d572df23d,exact_v2.1_reference,aligned,psychosis,llm_proposed,literature,evidence_gap,unresolved,false,0
1,5,psychosis_q042,ncb-scientific-70527a90423a8295,70527a90423a8295ebeae835b0a95e8bc634a4d1611424dbdb775935515a8516,70527a90423a8295ebeae835b0a95e8bc634a4d1611424dbdb775935515a8516,exact_v2.1_reference,aligned,psychosis,llm_proposed,literature,evidence_gap,unresolved,true,2
1,5,psychosis_q043,ncb-scientific-41408a5127ecaa01,41408a5127ecaa01bb16f33bb137977cb589300803b75207c17804f34de42e00,41408a5127ecaa01bb16f33bb137977cb589300803b75207c17804f34de42e00,exact_v2.1_reference,aligned,psychosis,llm_proposed,literature,provisional,abstain,true,2
1,5,psychosis_q045,ncb-scientific-81e24d3b130902a4,81e24d3b130902a46cd52114a0894c5d3052a400c072cda182917e5eb6728851,81e24d3b130902a46cd52114a0894c5d3052a400c072cda182917e5eb6728851,exact_v2.1_reference,aligned,psychosis,llm_proposed,literature,evidence_gap,unresolved,false,0
1,5,psychosis_q046,ncb-scientific-172d75bcc17dcce9,172d75bcc17dcce9c2a8cde3b446b4521935e40d9bee3691b4d574e1b426012d,172d75bcc17dcce9c2a8cde3b446b4521935e40d9bee3691b4d574e1b426012d,exact_v2.1_reference,aligned,psychosis,llm_proposed,literature,evidence_gap,unresolved,false,0
1,5,psychosis_q047,ncb-scientific-58a996a383e72e5b,58a996a383e72e5b79cc802cd41cc61d146ef74faab2650d92112acd832924d8,58a996a383e72e5b79cc802cd41cc61d146ef74faab2650d92112acd832924d8,exact_v2.1_reference,aligned,psychosis,llm_proposed,literature,provisional,confirm,false,0
1,5,psychosis_q048,ncb-scientific-ed8eabb252714493,ed8eabb252714493617a23875b640f41f1af8d9b8826cdbb8845c317adcbc72f,ed8eabb252714493617a23875b640f41f1af8d9b8826cdbb8845c317adcbc72f,exact_v2.1_reference,aligned,psychosis,llm_proposed,literature,evidence_gap,unresolved,false,0
1,5,psychosis_q049,ncb-scientific-a1da46d7f5fa792d,a1da46d7f5fa792d06b40ef905be2163aa10371959c82a12774363e09e80a844,a1da46d7f5fa792d06b40ef905be2163aa10371959c82a12774363e09e80a844,exact_v2.1_reference,aligned_with_safety_augmentation,psychosis,llm_proposed,literature,evidence_gap,unresolved,false,0
1,5,psychosis_q050,ncb-scientific-55b455d152ed1390,55b455d152ed1390382cc96bd36b995f3d6549c65d1710583265325ae547aabe,55b455d152ed1390382cc96bd36b995f3d6549c65d1710583265325ae547aabe,exact_v2.1_reference,aligned,psychosis,llm_proposed,literature,evidence_gap,unresolved,false,0
3,10,pubmed_23333262_pmid23333262_rsfc_aging_1,ncb-scientific-9c418256797d0a86,9c418256797d0a86064d970a3e88ff8457d32310776b1a8297e66c8a796c3e35,9c418256797d0a86064d970a3e88ff8457d32310776b1a8297e66c8a796c3e35,exact_v2.1_reference,aligned,normative_fmri,literature_grounded,literature,evidence_gap,unresolved,true,1
3,10,pubmed_39856610_pmid39856610_1,ncb-scientific-f7c3e84a1cb3480d,f7c3e84a1cb3480df741174bb0e279d66de6682c8fed7217cb12a501ce7abb09,f7c3e84a1cb3480df741174bb0e279d66de6682c8fed7217cb12a501ce7abb09,pre_v2_contract_only,ambiguous_unresolved,adhd,literature_grounded,,,,false,0
3,10,pubmed_35583796_pmid35583796_rsfc_dmn_within,ncb-scientific-9306eed5ac12c7af,9306eed5ac12c7afb5d6c7513192e5e650af6d2ccd09172f90bd0be83b95b662,9306eed5ac12c7afb5d6c7513192e5e650af6d2ccd09172f90bd0be83b95b662,exact_v2.1_reference,aligned,adhd,literature_grounded,literature,provisional,abstain,false,0
3,10,pubmed_35583796_pmid35583796_rsfc_dmn_control_salience,ncb-scientific-060910c2dae3c7c0,060910c2dae3c7c0bc483bb7456953e7717bc55f016c82a246c15256e99ca483,060910c2dae3c7c0bc483bb7456953e7717bc55f016c82a246c15256e99ca483,exact_v2.1_reference,aligned,adhd,literature_grounded,literature,provisional,abstain,false,0
3,10,pubmed_36403658_pmid36403658_adhd_dmn_fc,ncb-scientific-bace4c130b60ece5,bace4c130b60ece50157fd3d6ec0b0e4244cf860559cbcb48aa4a9e499ab497d,bace4c130b60ece50157fd3d6ec0b0e4244cf860559cbcb48aa4a9e499ab497d,pre_v2_contract_only,ambiguous_unresolved,adhd,literature_grounded,,,,false,0
3,10,pubmed_36403658_pmid36403658_adhd_fc_classifier,ncb-scientific-ce9b34e85b1510c7,ce9b34e85b1510c7cdb61caab47224a564c4d18a9d89c72c6952a58e8ed87491,ce9b34e85b1510c7cdb61caab47224a564c4d18a9d89c72c6952a58e8ed87491,pre_v2_contract_only,ambiguous_unresolved,adhd,literature_grounded,,,,false,0
3,10,pubmed_35359026_35359026_1,ncb-scientific-f3636d57e59fc807,f3636d57e59fc80720979dd8e617af6796721000006447ea84631b5fed881c38,f3636d57e59fc80720979dd8e617af6796721000006447ea84631b5fed881c38,exact_v2.1_reference,aligned,adhd,literature_grounded,literature,evidence_gap,unresolved,false,0
3,10,pubmed_34280835_pmid34280835_adhd_smn-fc_01,ncb-scientific-4bec8588ceb4224d,4bec8588ceb4224ddd1ba5d8630aca64bbe57f5c572153bf88b8b92a099e90a4,4bec8588ceb4224ddd1ba5d8630aca64bbe57f5c572153bf88b8b92a099e90a4,exact_v2.1_reference,aligned,adhd,literature_grounded,literature,evidence_gap,unresolved,false,0
3,10,pubmed_31265198_pmid31265198_fc_adhd_vs_tdc,ncb-scientific-c8acae9508ef35fd,c8acae9508ef35fd71e17be422a96ff94cda16d53561647f67cc34bf3fb5e2dc,c8acae9508ef35fd71e17be422a96ff94cda16d53561647f67cc34bf3fb5e2dc,exact_v2.1_reference,aligned,adhd,literature_grounded,literature,provisional,abstain,false,0
3,10,pubmed_35338900_pmid35338900_age_fcsc,ncb-scientific-5640b53a2dfaa1b8,5640b53a2dfaa1b884c99a06c8c8897d97d1155e8f60cc54e4822588eef8e5bc,5640b53a2dfaa1b884c99a06c8c8897d97d1155e8f60cc54e4822588eef8e5bc,pre_v2_contract_only,ambiguous_unresolved,adhd,literature_grounded,,,,false,0
3,10,pubmed_35338900_pmid35338900_boysadhd_limbicdmn,ncb-scientific-de1363fa0a54a318,de1363fa0a54a31857453e1dd873734715696b750931e1ee29d64fb8103b2e58,de1363fa0a54a31857453e1dd873734715696b750931e1ee29d64fb8103b2e58,exact_v2.1_reference,aligned,adhd,literature_grounded,literature,evidence_gap,unresolved,false,0
3,10,pubmed_37121277_pmid37121277_reho_cluster1_vs_td,ncb-scientific-e59b8563fe5abace,e59b8563fe5abace75c175eff2d6c6bc371d7aa0b5053b5fc34317818314bff5,e59b8563fe5abace75c175eff2d6c6bc371d7aa0b5053b5fc34317818314bff5,pre_v2_contract_only,ambiguous_unresolved,asd,literature_grounded,,,,false,0
3,10,pubmed_37121277_pmid37121277_vmhc_cluster1_vs_td,ncb-scientific-f41a8c5978b01125,f41a8c5978b01125b76c9d2800b0f2317936ed7c14759937a1ed14428bc25897,f41a8c5978b01125b76c9d2800b0f2317936ed7c14759937a1ed14428bc25897,pre_v2_contract_only,ambiguous_unresolved,asd,literature_grounded,,,,false,0
3,10,pubmed_37121277_pmid37121277_mccfc_cluster2_vs_td,ncb-scientific-c98428886dd0f1d9,c98428886dd0f1d91c3a75d885826b5fb7726225297f515afa05718599e2996d,c98428886dd0f1d91c3a75d885826b5fb7726225297f515afa05718599e2996d,pre_v2_contract_only,ambiguous_unresolved,asd,literature_grounded,,,,false,0
3,10,pubmed_42141307_pmid42141307_asd_fmri_fc_casecontrol_mixed,ncb-scientific-4f6f45a81e8e3370,4f6f45a81e8e337049763733e2b9871efc22c4d9fc5f5f6d4ccf920cb8a023d6,4f6f45a81e8e337049763733e2b9871efc22c4d9fc5f5f6d4ccf920cb8a023d6,exact_v2.1_reference,aligned,asd,literature_grounded,literature,strict,confirm,false,0
3,10,pubmed_34264028_34264028-1,ncb-scientific-7ab10eca62cc6fc7,7ab10eca62cc6fc7aac3fc6c5d935bbe58e90be3a4850b9956b9d4bb8758e45f,7ab10eca62cc6fc7aac3fc6c5d935bbe58e90be3a4850b9956b9d4bb8758e45f,pre_v2_contract_only,ambiguous_unresolved,asd,literature_grounded,,,,false,0
3,10,pubmed_37741308_pmid37741308_asd_fc_groupdiff,ncb-scientific-55457edaa703fbe4,55457edaa703fbe4b0e3548c6732e7f7dc35b0535beed7336e617f077b9a8172,55457edaa703fbe4b0e3548c6732e7f7dc35b0535beed7336e617f077b9a8172,exact_v2.1_reference,aligned,asd,literature_grounded,literature,evidence_gap,unresolved,false,0
3,10,pubmed_28040544_pmid28040544_asd_fc_kea_corticalnetworks,ncb-scientific-cb86d4103ebb0e0c,cb86d4103ebb0e0cfb84aeae03b006b1b9f5e196a73b165f42e271c167d1f8d0,cb86d4103ebb0e0cfb84aeae03b006b1b9f5e196a73b165f42e271c167d1f8d0,exact_v2.1_reference,aligned,asd,literature_grounded,literature,provisional,confirm,false,0
3,10,pubmed_28040544_pmid28040544_asd_fc_selffacetom,ncb-scientific-08c6866776e43268,08c6866776e432686055fe502dc79eaebce0f6916de3c9ca15c72b7849a8070b,08c6866776e432686055fe502dc79eaebce0f6916de3c9ca15c72b7849a8070b,exact_v2.1_reference,aligned,asd,literature_grounded,literature,provisional,confirm,false,0
3,10,pubmed_30833582_pmid30833582_asd_stepwise_connectivity,ncb-scientific-88422a822641e7cd,88422a822641e7cdcba6f457a4fa41387a32f9f3a60e08260ef9b6a18e716ada,88422a822641e7cdcba6f457a4fa41387a32f9f3a60e08260ef9b6a18e716ada,exact_v2.1_reference,aligned,asd,literature_grounded,literature,strict,confirm,false,0
3,10,pubmed_1431963_pmid1431963_mta_ad_vs_controls,ncb-scientific-e2c8b315d5871123,e2c8b315d58711232df3fb244f289b13f1a98c97f3043bbed5db37f77d0fac0a,e2c8b315d58711232df3fb244f289b13f1a98c97f3043bbed5db37f77d0fac0a,exact_v2.1_reference,aligned,ad_aging,literature_grounded,literature,strict,confirm,true,6
3,10,pubmed_21729419_pmid21729419_2,ncb-scientific-e2c8b315d5871123,e2c8b315d58711232df3fb244f289b13f1a98c97f3043bbed5db37f77d0fac0a,e2c8b315d58711232df3fb244f289b13f1a98c97f3043bbed5db37f77d0fac0a,exact_v2.1_reference,aligned,ad_aging,literature_grounded,literature,strict,confirm,true,14
3,10,pubmed_31313441_31313441-psychosis-rsfc-casecontrol,ncb-scientific-1c4bb13eab05e379,1c4bb13eab05e37903f684a6f8836eb4046bdfd60c0337e4be303461922306ff,1c4bb13eab05e37903f684a6f8836eb4046bdfd60c0337e4be303461922306ff,exact_v2.1_reference,aligned,psychosis,literature_grounded,literature,strict,confirm,false,0
3,10,pubmed_29653095_29653095-psychosis-fc-01,ncb-scientific-c671d3de1b2734cb,c671d3de1b2734cb8e64ccc55fdd15ea4118e551d604845c6f756f7b71f7ba43,c671d3de1b2734cb8e64ccc55fdd15ea4118e551d604845c6f756f7b71f7ba43,exact_v2.1_reference,aligned,psychosis,literature_grounded,literature,provisional,confirm,false,0
3,10,pubmed_29653095_29653095-psychosis-fc-02,ncb-scientific-b336c91ebd2e082c,b336c91ebd2e082c670facfa74d1a9ee136e61e29d1305f2d91cecac8b77f04c,b336c91ebd2e082c670facfa74d1a9ee136e61e29d1305f2d91cecac8b77f04c,pre_v2_contract_only,ambiguous_unresolved,psychosis,literature_grounded,,,,false,0
3,10,pubmed_35753120_pmid35753120_1,ncb-scientific-5d5fd40a49dbf782,5d5fd40a49dbf782645572714c9237709a98147ddd0551217a75c6523f448980,5d5fd40a49dbf782645572714c9237709a98147ddd0551217a75c6523f448980,pre_v2_contract_only,ambiguous_unresolved,psychosis,literature_grounded,,,,false,0
3,10,pubmed_34183210_pmid34183210_1,ncb-scientific-c1112f228bb27f06,c1112f228bb27f06f18f32376d89a4b816fcc7df2f53487617d65faedc726ef5,c1112f228bb27f06f18f32376d89a4b816fcc7df2f53487617d65faedc726ef5,pre_v2_contract_only,ambiguous_unresolved,psychosis,literature_grounded,,,,false,0
3,10,pubmed_34183210_pmid34183210_3,ncb-scientific-67542fa55426a130,67542fa55426a13052157d88d588a5334147c1872c82514b9edcf4651c8ca7b7,67542fa55426a13052157d88d588a5334147c1872c82514b9edcf4651c8ca7b7,pre_v2_contract_only,ambiguous_unresolved,psychosis,literature_grounded,,,,false,0
3,10,pubmed_38422833_pmid38422833_cortical_fnc,ncb-scientific-09903e42ed156c26,09903e42ed156c2690cdbe27471b1d9877a5a23f33b016ead3e1b12870fef1fc,09903e42ed156c2690cdbe27471b1d9877a5a23f33b016ead3e1b12870fef1fc,exact_v2.1_reference,aligned,psychosis,literature_grounded,literature,strict,confirm,false,0
3,10,normative_fmri_001,ncb-scientific-6f07b924f78e762d,6f07b924f78e762dbb04192421df62ac5dd24835b8e50993a3f5c2cdf333e66c,6f07b924f78e762dbb04192421df62ac5dd24835b8e50993a3f5c2cdf333e66c,exact_v2.1_reference,aligned_with_safety_augmentation,normative_fmri,llm_proposed,literature,provisional,confirm,false,0
3,10,normative_fmri_002,ncb-scientific-a1bf69b8f56d46c9,a1bf69b8f56d46c996f93349f5201c8b628f7dd5753a9899ff61c78ed977e658,a1bf69b8f56d46c996f93349f5201c8b628f7dd5753a9899ff61c78ed977e658,exact_v2.1_reference,aligned_with_safety_augmentation,normative_fmri,llm_proposed,literature,evidence_gap,unresolved,false,0
3,10,normative_fmri_003,ncb-scientific-dc6371e72c01cdcd,dc6371e72c01cdcd2e2e176efc8496ba66d5715ea1c8da75ab66be1c67032e07,dc6371e72c01cdcd2e2e176efc8496ba66d5715ea1c8da75ab66be1c67032e07,exact_v2.1_reference,aligned_with_safety_augmentation,normative_fmri,llm_proposed,literature,evidence_gap,unresolved,false,0
3,10,normative_fmri_006,ncb-scientific-42b2c11ed186c2c9,42b2c11ed186c2c9d794dfd42e14b54cf31afc8d70f2f8c136913760977724fb,42b2c11ed186c2c9d794dfd42e14b54cf31afc8d70f2f8c136913760977724fb,exact_v2.1_reference,aligned_with_safety_augmentation,normative_fmri,llm_proposed,literature,evidence_gap,unresolved,false,0
3,10,normative_fmri_007,ncb-scientific-a9e0ba33a876abc0,a9e0ba33a876abc0fa6cbc657ebbfa5b3516bdf998288dcb9ea497f1dd12cfda,a9e0ba33a876abc0fa6cbc657ebbfa5b3516bdf998288dcb9ea497f1dd12cfda,exact_v2.1_reference,aligned_with_safety_augmentation,normative_fmri,llm_proposed,literature,evidence_gap,unresolved,false,0
3,10,normative_fmri_009,ncb-scientific-e7c94f56c83e0651,e7c94f56c83e06518cfb23793f51ccaf963a39435caaaca93bcd7d7166f65091,e7c94f56c83e06518cfb23793f51ccaf963a39435caaaca93bcd7d7166f65091,exact_v2.1_reference,aligned_with_safety_augmentation,normative_fmri,llm_proposed,literature,evidence_gap,unresolved,true,1
3,10,normative_fmri_013,ncb-scientific-8482b5c202e5e323,8482b5c202e5e3235de8c6063dda4b78550e3f9e00df27d431e2d1f0d720b4aa,8482b5c202e5e3235de8c6063dda4b78550e3f9e00df27d431e2d1f0d720b4aa,exact_v2.1_reference,aligned_with_safety_augmentation,normative_fmri,llm_proposed,literature,evidence_gap,unresolved,false,0
3,10,normative_fmri_014,ncb-scientific-43b88d75579673af,43b88d75579673af885b371f0652ded9c324f9b8bf3da288fe57fd77b533156d,43b88d75579673af885b371f0652ded9c324f9b8bf3da288fe57fd77b533156d,exact_v2.1_reference,aligned_with_safety_augmentation,normative_fmri,llm_proposed,literature,evidence_gap,unresolved,false,0
3,10,normative_fmri_015,ncb-scientific-e1c33335981addda,e1c33335981addda2599fe24aa86c62ac3f0c9a159ee7345d23c83e540683619,e1c33335981addda2599fe24aa86c62ac3f0c9a159ee7345d23c83e540683619,exact_v2.1_reference,aligned_with_safety_augmentation,normative_fmri,llm_proposed,literature,evidence_gap,unresolved,false,0
3,10,normative_fmri_016,ncb-scientific-7c173adc5485d7ce,7c173adc5485d7ce2f944c400dd42b6053d003a6972c57de7cbc05bac07157ce,7c173adc5485d7ce2f944c400dd42b6053d003a6972c57de7cbc05bac07157ce,exact_v2.1_reference,aligned_with_safety_augmentation,normative_fmri,llm_proposed,literature,evidence_gap,unresolved,false,0
3,10,normative_fmri_017,ncb-scientific-e9887ba0003df877,e9887ba0003df8779438a68d1005ebb55b6bb49af3d222c23f2ed43541800f4c,e9887ba0003df8779438a68d1005ebb55b6bb49af3d222c23f2ed43541800f4c,exact_v2.1_reference,aligned_with_safety_augmentation,normative_fmri,llm_proposed,literature,evidence_gap,unresolved,false,0
3,10,normative_fmri_021,ncb-scientific-f84fe6980294c120,f84fe6980294c120bccc3de4d0ceb634edd5c41e1166cc53760b2275e4bae482,f84fe6980294c120bccc3de4d0ceb634edd5c41e1166cc53760b2275e4bae482,exact_v2.1_reference,aligned_with_safety_augmentation,normative_fmri,llm_proposed,literature,evidence_gap,unresolved,false,0
3,10,normative_fmri_022,ncb-scientific-704522685c487d81,704522685c487d817c358b1648972cf4b93110fe504eef340f7662e1605fe2af,704522685c487d817c358b1648972cf4b93110fe504eef340f7662e1605fe2af,exact_v2.1_reference,aligned_with_safety_augmentation,normative_fmri,llm_proposed,literature,evidence_gap,unresolved,false,0
3,10,normative_fmri_023,ncb-scientific-05c17620b6ff0817,05c17620b6ff0817912306ae784d68f40f43538421d7a77238304c5941523117,05c17620b6ff0817912306ae784d68f40f43538421d7a77238304c5941523117,exact_v2.1_reference,aligned_with_safety_augmentation,normative_fmri,llm_proposed,literature,evidence_gap,unresolved,false,0
3,10,normative_fmri_025,ncb-scientific-ee627d7a5d823df0,ee627d7a5d823df05e627bdf39c5c62a61d74c6453f8c490dc39a233a4ecf6a1,ee627d7a5d823df05e627bdf39c5c62a61d74c6453f8c490dc39a233a4ecf6a1,exact_v2.1_reference,aligned_with_safety_augmentation,normative_fmri,llm_proposed,literature,evidence_gap,unresolved,true,6
3,10,normative_fmri_026,ncb-scientific-cb339bf30281cede,cb339bf30281cedea3769b3c8ba3c0199ad8889c6569c72e5720af2c4c1b226d,cb339bf30281cedea3769b3c8ba3c0199ad8889c6569c72e5720af2c4c1b226d,exact_v2.1_reference,aligned_with_safety_augmentation,normative_fmri,llm_proposed,literature,evidence_gap,unresolved,false,0
3,10,normative_fmri_027,ncb-scientific-a427d5471566b2cf,a427d5471566b2cf475103489cde2f05ea57bbab09ea9cdd585ccf3a09b6dc00,a427d5471566b2cf475103489cde2f05ea57bbab09ea9cdd585ccf3a09b6dc00,exact_v2.1_reference,aligned_with_safety_augmentation,normative_fmri,llm_proposed,literature,evidence_gap,unresolved,false,0
3,10,normative_fmri_028,ncb-scientific-2a5d5bc83ab86134,2a5d5bc83ab8613499aab2ac0e974ec72a4dd0f1099d99320ee8a8e449b683b6,2a5d5bc83ab8613499aab2ac0e974ec72a4dd0f1099d99320ee8a8e449b683b6,exact_v2.1_reference,aligned_with_safety_augmentation,normative_fmri,llm_proposed,literature,evidence_gap,unresolved,false,0
3,10,normative_fmri_031,ncb-scientific-c9246d08669f6265,c9246d08669f6265e26d6a274208eaff54a2c585d734065f5cd7d4289f86a6ed,c9246d08669f6265e26d6a274208eaff54a2c585d734065f5cd7d4289f86a6ed,exact_v2.1_reference,aligned_with_safety_augmentation,normative_fmri,llm_proposed,literature,evidence_gap,unresolved,false,0
3,10,normative_fmri_032,ncb-scientific-0fba59d9c8075ce0,0fba59d9c8075ce0e6445699e130455b749c5802904fc65688809203764277dd,0fba59d9c8075ce0e6445699e130455b749c5802904fc65688809203764277dd,exact_v2.1_reference,aligned_with_safety_augmentation,normative_fmri,llm_proposed,literature,evidence_gap,unresolved,false,0
3,10,normative_fmri_033,ncb-scientific-c1b8f2bee08cd388,c1b8f2bee08cd3885ae393bad4189abe4f6f306525a43073ef666674c49e6e5a,c1b8f2bee08cd3885ae393bad4189abe4f6f306525a43073ef666674c49e6e5a,exact_v2.1_reference,aligned_with_safety_augmentation,normative_fmri,llm_proposed,literature,evidence_gap,unresolved,true,2
3,10,normative_fmri_034,ncb-scientific-eafa675a2857a0cb,eafa675a2857a0cb78b9514e4388964a9404eeef0cb89fc7b7b10da646cce92b,eafa675a2857a0cb78b9514e4388964a9404eeef0cb89fc7b7b10da646cce92b,exact_v2.1_reference,aligned_with_safety_augmentation,normative_fmri,llm_proposed,literature,evidence_gap,unresolved,false,0
3,10,normative_fmri_035,ncb-scientific-65466f9b282b22be,65466f9b282b22be1e717ceaf51a11a1383878fa6f0987faf8a0e2a126ffa737,65466f9b282b22be1e717ceaf51a11a1383878fa6f0987faf8a0e2a126ffa737,exact_v2.1_reference,aligned_with_safety_augmentation,normative_fmri,llm_proposed,literature,evidence_gap,unresolved,false,0
3,10,normative_fmri_036,ncb-scientific-d6cbeb536d2b0163,d6cbeb536d2b01632b3c753bd865bcb7f96749ca7f83705faf307f82a8ceda07,d6cbeb536d2b01632b3c753bd865bcb7f96749ca7f83705faf307f82a8ceda07,exact_v2.1_reference,aligned_with_safety_augmentation,normative_fmri,llm_proposed,literature,evidence_gap,unresolved,false,0
3,10,normative_fmri_038,ncb-scientific-06e24b7117348843,06e24b71173488433aa6f5a40a6db8bea7b0468cbafdaa0253d8d8563a1b8453,06e24b71173488433aa6f5a40a6db8bea7b0468cbafdaa0253d8d8563a1b8453,exact_v2.1_reference,aligned_with_safety_augmentation,normative_fmri,llm_proposed,literature,evidence_gap,unresolved,true,9
3,10,normative_fmri_039,ncb-scientific-493d1fd9443c1c35,493d1fd9443c1c35a711b47980ace70d89341606b2d943556f40528ed85ce744,493d1fd9443c1c35a711b47980ace70d89341606b2d943556f40528ed85ce744,exact_v2.1_reference,aligned_with_safety_augmentation,normative_fmri,llm_proposed,literature,evidence_gap,unresolved,false,0
3,10,normative_fmri_040,ncb-scientific-86a81a5f3a28d98c,86a81a5f3a28d98c10f2fd88774a049275a6dd3a56fa4e236ed763a643cae1c7,86a81a5f3a28d98c10f2fd88774a049275a6dd3a56fa4e236ed763a643cae1c7,exact_v2.1_reference,aligned_with_safety_augmentation,normative_fmri,llm_proposed,literature,evidence_gap,unresolved,true,2
3,10,normative_fmri_041,ncb-scientific-ea3fb846fbd7533c,ea3fb846fbd7533c676dd161a54428494426f0c6824d09709a81fa30f338b633,ea3fb846fbd7533c676dd161a54428494426f0c6824d09709a81fa30f338b633,pre_v2_contract_only,ambiguous_unresolved,normative_fmri,llm_proposed,,,,false,0
3,10,normative_fmri_042,ncb-scientific-89c7369d95a29475,89c7369d95a294751cf5c375140d9d130dba267d6c01ae06bb839c019ab703a8,89c7369d95a294751cf5c375140d9d130dba267d6c01ae06bb839c019ab703a8,pre_v2_contract_only,ambiguous_unresolved,normative_fmri,llm_proposed,,,,true,3
3,10,normative_fmri_043,ncb-scientific-9b0372d2c93e148a,9b0372d2c93e148a55d818beea55e176baab43b6cdcbb1cadd346c4698342848,9b0372d2c93e148a55d818beea55e176baab43b6cdcbb1cadd346c4698342848,pre_v2_contract_only,ambiguous_unresolved,normative_fmri,llm_proposed,,,,true,1
3,10,normative_fmri_044,ncb-scientific-adc7daee506cca47,adc7daee506cca470db321582aa77b9cc0e7f2abd527b99d4738e32de92f9075,adc7daee506cca470db321582aa77b9cc0e7f2abd527b99d4738e32de92f9075,pre_v2_contract_only,ambiguous_unresolved,normative_fmri,llm_proposed,,,,false,0
3,10,normative_fmri_047,ncb-scientific-319a1462bfdbc89d,319a1462bfdbc89d930616a30480c076432748e170281465818679f30546de86,319a1462bfdbc89d930616a30480c076432748e170281465818679f30546de86,exact_v2.1_reference,aligned_with_safety_augmentation,normative_fmri,llm_proposed,literature,evidence_gap,unresolved,false,0
3,10,normative_fmri_048,ncb-scientific-0efe8c9435d8ffdf,0efe8c9435d8ffdf5e3a10cd931fb791519373a7a547403b10409137517788bb,0efe8c9435d8ffdf5e3a10cd931fb791519373a7a547403b10409137517788bb,exact_v2.1_reference,aligned_with_safety_augmentation,normative_fmri,llm_proposed,literature,evidence_gap,unresolved,false,0
3,10,normative_fmri_049,ncb-scientific-2a373f053e882288,2a373f053e8822881dab40e7c242d78c2c729156c584d8a69c506f7d761a324d,2a373f053e8822881dab40e7c242d78c2c729156c584d8a69c506f7d761a324d,pre_v2_contract_only,ambiguous_unresolved,normative_fmri,llm_proposed,,,,false,0
3,10,normative_fmri_050,ncb-scientific-faaaeb165e293001,faaaeb165e29300168533c3f46df10bc022f709f42e5ae34a3f8f39f6583b00b,faaaeb165e29300168533c3f46df10bc022f709f42e5ae34a3f8f39f6583b00b,pre_v2_contract_only,ambiguous_unresolved,normative_fmri,llm_proposed,,,,false,0
3,10,adhd_q001,ncb-scientific-9ec4c7f2ec1fad99,9ec4c7f2ec1fad994bbafcb3d8260862dc2d3b5829226c0f0c4ea111889d1c08,9ec4c7f2ec1fad994bbafcb3d8260862dc2d3b5829226c0f0c4ea111889d1c08,exact_v2.1_reference,aligned_with_safety_augmentation,adhd,llm_proposed,literature,evidence_gap,unresolved,false,0
3,10,adhd_q002,ncb-scientific-e655e7f3059cc2a2,e655e7f3059cc2a2fa0bfd47f5738215071ffd1c322d56face875667b06330b8,e655e7f3059cc2a2fa0bfd47f5738215071ffd1c322d56face875667b06330b8,exact_v2.1_reference,aligned_with_safety_augmentation,adhd,llm_proposed,literature,provisional,abstain,false,0
3,10,adhd_q003,ncb-scientific-c8faa8d62af041ef,c8faa8d62af041ef89350be38a83cbeb57d551b518e3e17905b78d1b51c85218,c8faa8d62af041ef89350be38a83cbeb57d551b518e3e17905b78d1b51c85218,exact_v2.1_reference,aligned,adhd,llm_proposed,literature,evidence_gap,unresolved,false,0
3,10,adhd_q004,ncb-scientific-6bedac272110f713,6bedac272110f71307ba214166242c783aaabb9d2c90371d6e25cf14b2258297,6bedac272110f71307ba214166242c783aaabb9d2c90371d6e25cf14b2258297,exact_v2.1_reference,aligned_with_safety_augmentation,adhd,llm_proposed,literature,evidence_gap,unresolved,false,0
3,10,adhd_q005,ncb-scientific-73e0f34188f4c613,73e0f34188f4c613bbaf75216cae99010b0947ca6e64f339d66544a75dcdd5d4,73e0f34188f4c613bbaf75216cae99010b0947ca6e64f339d66544a75dcdd5d4,exact_v2.1_reference,aligned_with_safety_augmentation,adhd,llm_proposed,literature,provisional,confirm,false,0
3,10,adhd_q006,ncb-scientific-2b36f4bbee998e56,2b36f4bbee998e56371c67ff67d3eb58cb82ee7ec32ac324f688db7f55016f64,2b36f4bbee998e56371c67ff67d3eb58cb82ee7ec32ac324f688db7f55016f64,exact_v2.1_reference,aligned,adhd,llm_proposed,literature,evidence_gap,unresolved,false,0
3,10,adhd_q007,ncb-scientific-ccf76ee04722df94,ccf76ee04722df945c7c574a27b2da49fc63bef96e9b9b9f3ee1612f4beb0257,ccf76ee04722df945c7c574a27b2da49fc63bef96e9b9b9f3ee1612f4beb0257,exact_v2.1_reference,aligned_with_safety_augmentation,adhd,llm_proposed,literature,evidence_gap,unresolved,false,0
3,10,adhd_q008,ncb-scientific-8875a7bf33df9519,8875a7bf33df951977e26ecd4ecf5885a3a6e08b889d220be4400f20649c8706,8875a7bf33df951977e26ecd4ecf5885a3a6e08b889d220be4400f20649c8706,exact_v2.1_reference,aligned_with_safety_augmentation,adhd,llm_proposed,literature,evidence_gap,unresolved,false,0
3,10,adhd_q009,ncb-scientific-bdc24737aa23b682,bdc24737aa23b68213ee1a77d82e33597f5039ce548624b69e5675e7b1b02b18,bdc24737aa23b68213ee1a77d82e33597f5039ce548624b69e5675e7b1b02b18,exact_v2.1_reference,aligned_with_safety_augmentation,adhd,llm_proposed,literature,evidence_gap,unresolved,false,0
3,10,adhd_q010,ncb-scientific-5b0717b45335d600,5b0717b45335d600cb9bb3a3365f50480541f74ab04b95723d2b163524b995c2,5b0717b45335d600cb9bb3a3365f50480541f74ab04b95723d2b163524b995c2,exact_v2.1_reference,aligned_with_safety_augmentation,adhd,llm_proposed,literature,evidence_gap,unresolved,false,0
3,10,adhd_q012,ncb-scientific-6560b15c380073ca,6560b15c380073caf1f8bfe84bf2978902d6605bfe8aacd3a4262b47295b8f9f,6560b15c380073caf1f8bfe84bf2978902d6605bfe8aacd3a4262b47295b8f9f,exact_v2.1_reference,aligned_with_safety_augmentation,adhd,llm_proposed,literature,evidence_gap,unresolved,false,0
3,10,adhd_q016,ncb-scientific-bdd01753f9ebb90c,bdd01753f9ebb90c217a505dcc5198d851aee4b3c3450e682d1615f35e5dd44c,bdd01753f9ebb90c217a505dcc5198d851aee4b3c3450e682d1615f35e5dd44c,exact_v2.1_reference,aligned,adhd,llm_proposed,literature,evidence_gap,unresolved,true,4
3,10,adhd_q020,ncb-scientific-afe1f83e3d954a8c,afe1f83e3d954a8cea0ae7eceea167af281c6ea8ddce2bc289e93500d6ac2e54,afe1f83e3d954a8cea0ae7eceea167af281c6ea8ddce2bc289e93500d6ac2e54,exact_v2.1_reference,aligned_with_safety_augmentation,adhd,llm_proposed,literature,provisional,confirm,false,0
3,10,adhd_q022,ncb-scientific-2b20954defb2352a,2b20954defb2352adc7058f253db893e9e15a670abc51dcc80c24098106801e4,2b20954defb2352adc7058f253db893e9e15a670abc51dcc80c24098106801e4,pre_v2_contract_only,non_executable,adhd,llm_proposed,,,,false,0
3,10,adhd_q023,ncb-scientific-7c005de1c12b32a7,7c005de1c12b32a7b7a45e61565deb980582119a1b92e7e4f0083c9e8537a1d0,22e9dad3dc77b808e6883b1259492c9cf8f1bb52d57623e5d3afd28fd4ecd81a,pre_v2_contract_only,repairable_contract,adhd,llm_proposed,,,,false,0
3,10,adhd_q025,ncb-scientific-6c7b0f8ae69a2d50,6c7b0f8ae69a2d5037f71bb7af54369267c1d4746b35ba4b0575665297cfaab0,6c7b0f8ae69a2d5037f71bb7af54369267c1d4746b35ba4b0575665297cfaab0,pre_v2_contract_only,non_executable,adhd,llm_proposed,,,,false,0
3,10,adhd_q029,ncb-scientific-672ab5d3a6c11820,672ab5d3a6c11820c5309d195f4983f50a16b545c77a52895353cabd01a16c41,672ab5d3a6c11820c5309d195f4983f50a16b545c77a52895353cabd01a16c41,exact_v2.1_reference,aligned,adhd,llm_proposed,literature,evidence_gap,unresolved,false,0
3,10,adhd_q030,ncb-scientific-d37402dd791a12dc,d37402dd791a12dc5975c0b5a9fc0994be3d63826bdbf317c431e337efa54f61,d37402dd791a12dc5975c0b5a9fc0994be3d63826bdbf317c431e337efa54f61,exact_v2.1_reference,aligned_with_safety_augmentation,adhd,llm_proposed,literature,evidence_gap,unresolved,false,0
3,10,adhd_q031,ncb-scientific-c64dac21d8591104,c64dac21d8591104aa2912c0fc623cb3df7ae2fad45f89683dcc7f18692dc403,c64dac21d8591104aa2912c0fc623cb3df7ae2fad45f89683dcc7f18692dc403,exact_v2.1_reference,aligned_with_safety_augmentation,adhd,llm_proposed,literature,evidence_gap,unresolved,false,0
3,10,adhd_q032,ncb-scientific-6d7bbb66ca61d088,6d7bbb66ca61d088b1b6677f1693112e85a9ec6c6c0e8c82beb93a4244532157,6d7bbb66ca61d088b1b6677f1693112e85a9ec6c6c0e8c82beb93a4244532157,exact_v2.1_reference,aligned_with_safety_augmentation,adhd,llm_proposed,literature,evidence_gap,unresolved,false,0
3,10,adhd_q033,ncb-scientific-b6bcaf52ce24d411,b6bcaf52ce24d41101405c05556ff4df7a5cf370d247fb9fbe590d817921a011,b6bcaf52ce24d41101405c05556ff4df7a5cf370d247fb9fbe590d817921a011,exact_v2.1_reference,aligned,adhd,llm_proposed,literature,evidence_gap,unresolved,false,0
3,10,adhd_q034,ncb-scientific-03136ab7c6bb7990,03136ab7c6bb7990d987f647394f6865d014527a752393660750e24e0cd5b01d,03136ab7c6bb7990d987f647394f6865d014527a752393660750e24e0cd5b01d,exact_v2.1_reference,aligned_with_safety_augmentation,adhd,llm_proposed,literature,evidence_gap,unresolved,false,0
3,10,adhd_q035,ncb-scientific-721c4fa75e038ea4,721c4fa75e038ea4bdb26ce48b91b63d0615507f3c7e11e3dd07f46967efa967,721c4fa75e038ea4bdb26ce48b91b63d0615507f3c7e11e3dd07f46967efa967,exact_v2.1_reference,aligned_with_safety_augmentation,adhd,llm_proposed,literature,evidence_gap,unresolved,false,0
3,10,adhd_q036,ncb-scientific-5af5c999c214ab93,5af5c999c214ab9372f9f2d8ade3dd6da56394efb2231c76129e7a21833959ea,5af5c999c214ab9372f9f2d8ade3dd6da56394efb2231c76129e7a21833959ea,exact_v2.1_reference,aligned_with_safety_augmentation,adhd,llm_proposed,literature,evidence_gap,unresolved,false,0
3,10,adhd_q042,ncb-scientific-579c77d9f61e5f87,579c77d9f61e5f872fb1fae891fba19835a019868aa8a7ef7a47d76233ac7b33,579c77d9f61e5f872fb1fae891fba19835a019868aa8a7ef7a47d76233ac7b33,exact_v2.1_reference,aligned_with_safety_augmentation,adhd,llm_proposed,literature,evidence_gap,unresolved,false,0
3,10,adhd_q043,ncb-scientific-f38d6fdbc4e79d95,f38d6fdbc4e79d95965379c89ad839dad19e0303155a580a4d7bcd26ddf9a32d,f38d6fdbc4e79d95965379c89ad839dad19e0303155a580a4d7bcd26ddf9a32d,exact_v2.1_reference,aligned_with_safety_augmentation,adhd,llm_proposed,literature,evidence_gap,unresolved,true,1
3,10,adhd_q044,ncb-scientific-0d57166941ee6987,0d57166941ee6987a8e94a201d566f6551e2f9cde82cc2d83fe95e4b02d7cf43,0d57166941ee6987a8e94a201d566f6551e2f9cde82cc2d83fe95e4b02d7cf43,exact_v2.1_reference,aligned_with_safety_augmentation,adhd,llm_proposed,literature,evidence_gap,unresolved,false,0
3,10,adhd_q045,ncb-scientific-ad793f2b627c14db,ad793f2b627c14db9571a23bc5ff054129a8af48d092cae596e02c3fbd8ca3e6,ad793f2b627c14db9571a23bc5ff054129a8af48d092cae596e02c3fbd8ca3e6,pre_v2_contract_only,ambiguous_unresolved,adhd,llm_proposed,,,,false,0
3,10,adhd_q046,ncb-scientific-91575e683551f750,91575e683551f75081c4f506c9039447b9776b05e7c95ff1bf81a2323f0c51b9,91575e683551f75081c4f506c9039447b9776b05e7c95ff1bf81a2323f0c51b9,exact_v2.1_reference,aligned,adhd,llm_proposed,literature,evidence_gap,unresolved,true,2
3,10,adhd_q047,ncb-scientific-feb70aa94fa7c90f,feb70aa94fa7c90fa2df8c05f733ba5d944a5de106a49eb36eb63cbfa0415e66,feb70aa94fa7c90fa2df8c05f733ba5d944a5de106a49eb36eb63cbfa0415e66,exact_v2.1_reference,aligned,adhd,llm_proposed,literature,strict,abstain,false,0
3,10,adhd_q048,ncb-scientific-0cdad63325891f3d,0cdad63325891f3d72ae9d25459e2fb0c7ad22a7911a1534b14c6b1dfdc02f28,0cdad63325891f3d72ae9d25459e2fb0c7ad22a7911a1534b14c6b1dfdc02f28,exact_v2.1_reference,aligned,adhd,llm_proposed,literature,provisional,abstain,false,0
3,10,adhd_q049,ncb-scientific-41e14c6dd1c2213b,41e14c6dd1c2213b09c65b85fb99ab48160786245ae19fcdf1dbe6c8a7704fe3,41e14c6dd1c2213b09c65b85fb99ab48160786245ae19fcdf1dbe6c8a7704fe3,exact_v2.1_reference,aligned,adhd,llm_proposed,literature,evidence_gap,unresolved,false,0
3,10,adhd_q050,ncb-scientific-30329250c399e0e1,30329250c399e0e19f0099ec82e0f1abd36cca45c0178fcdc6800cf75650db9e,30329250c399e0e19f0099ec82e0f1abd36cca45c0178fcdc6800cf75650db9e,exact_v2.1_reference,aligned,adhd,llm_proposed,literature,provisional,abstain,false,0
3,10,asd_q001,ncb-scientific-3e1160c83f5950a6,3e1160c83f5950a67cb5f0bbc0478fdf9f1049f9a00563f8ba1bc631c90a9dbf,3e1160c83f5950a67cb5f0bbc0478fdf9f1049f9a00563f8ba1bc631c90a9dbf,exact_v2.1_reference,aligned_with_safety_augmentation,asd,llm_proposed,literature,provisional,confirm,false,0
3,10,asd_q002,ncb-scientific-f6cf8c122d61317c,f6cf8c122d61317c21a1377772ef6ad477761ad1859be149fd5cb4bce5a08ef9,f6cf8c122d61317c21a1377772ef6ad477761ad1859be149fd5cb4bce5a08ef9,exact_v2.1_reference,aligned_with_safety_augmentation,asd,llm_proposed,literature,evidence_gap,unresolved,false,0
3,10,asd_q003,ncb-scientific-b2bc1b3dc8d74234,b2bc1b3dc8d742349867f9f8a7e42fb3186657691ec0e71f041febf9a92913f6,b2bc1b3dc8d742349867f9f8a7e42fb3186657691ec0e71f041febf9a92913f6,exact_v2.1_reference,aligned_with_safety_augmentation,asd,llm_proposed,literature,provisional,abstain,false,0
3,10,asd_q004,ncb-scientific-83e09f86b797842d,83e09f86b797842db14cf907d844db23b34efc9e14034f96c3ccdb763c272e12,83e09f86b797842db14cf907d844db23b34efc9e14034f96c3ccdb763c272e12,exact_v2.1_reference,aligned_with_safety_augmentation,asd,llm_proposed,literature,provisional,abstain,false,0
3,10,asd_q005,ncb-scientific-2aadc4e4de851c0e,2aadc4e4de851c0e2f50ccae550c5f5b5318d46843b677d9fa6b9b8ee0ab5262,2aadc4e4de851c0e2f50ccae550c5f5b5318d46843b677d9fa6b9b8ee0ab5262,exact_v2.1_reference,aligned_with_safety_augmentation,asd,llm_proposed,literature,evidence_gap,unresolved,false,0
3,10,asd_q006,ncb-scientific-31ff42faa1d10211,31ff42faa1d102115303e78160cfa36a14361f7d5ebb5f9c28e43a81eac4e858,31ff42faa1d102115303e78160cfa36a14361f7d5ebb5f9c28e43a81eac4e858,exact_v2.1_reference,aligned_with_safety_augmentation,asd,llm_proposed,literature,evidence_gap,unresolved,false,0
3,10,asd_q007,ncb-scientific-0c04451321f8aa46,0c04451321f8aa463f1d1bfe0e785823e00d716a57d204c1b000827ea22d686c,0c04451321f8aa463f1d1bfe0e785823e00d716a57d204c1b000827ea22d686c,exact_v2.1_reference,aligned_with_safety_augmentation,asd,llm_proposed,literature,evidence_gap,unresolved,false,0
3,10,asd_q008,ncb-scientific-8d7c71367a2043b9,8d7c71367a2043b90fd51104e7c42a5e0fbd4068a2810fc8c3cbff83c8af75e6,8d7c71367a2043b90fd51104e7c42a5e0fbd4068a2810fc8c3cbff83c8af75e6,exact_v2.1_reference,aligned_with_safety_augmentation,asd,llm_proposed,literature,provisional,abstain,false,0
3,10,asd_q009,ncb-scientific-e59e508b9cc05116,e59e508b9cc05116c4cf470f0f1a2f388a2f1589d7452ef3d8199026639608ba,e59e508b9cc05116c4cf470f0f1a2f388a2f1589d7452ef3d8199026639608ba,pre_v2_contract_only,ambiguous_unresolved,asd,llm_proposed,,,,false,0
3,10,asd_q010,ncb-scientific-ff4d46696cfed68a,ff4d46696cfed68a15180d4899c7d603dd7670c50318e776fa4991d2d5e8a6fe,ff4d46696cfed68a15180d4899c7d603dd7670c50318e776fa4991d2d5e8a6fe,exact_v2.1_reference,aligned_with_safety_augmentation,asd,llm_proposed,literature,evidence_gap,unresolved,false,0
3,10,asd_q011,ncb-scientific-548cb9ea8bd9f8de,548cb9ea8bd9f8debed81d65b27010ba68443f8389de280f24e0a60133bfd4ba,548cb9ea8bd9f8debed81d65b27010ba68443f8389de280f24e0a60133bfd4ba,exact_v2.1_reference,aligned_with_safety_augmentation,asd,llm_proposed,literature,evidence_gap,unresolved,false,0
3,10,asd_q012,ncb-scientific-08efd1786e5b448a,08efd1786e5b448a84158f5fd3ce228ce6c198e48d98d9822b46850721e8ef2c,08efd1786e5b448a84158f5fd3ce228ce6c198e48d98d9822b46850721e8ef2c,exact_v2.1_reference,aligned_with_safety_augmentation,asd,llm_proposed,literature,evidence_gap,unresolved,false,0
3,10,asd_q013,ncb-scientific-adc64a42191e17f6,adc64a42191e17f63007bc25281becbf3d5835b1b4907a7c66c7d4875362948d,adc64a42191e17f63007bc25281becbf3d5835b1b4907a7c66c7d4875362948d,exact_v2.1_reference,aligned_with_safety_augmentation,asd,llm_proposed,literature,evidence_gap,unresolved,false,0
3,10,asd_q014,ncb-scientific-3ad601039168835a,3ad601039168835a0aa9153a5d2400c86e8ebb3edd86792e9be32f9545952cb0,3ad601039168835a0aa9153a5d2400c86e8ebb3edd86792e9be32f9545952cb0,exact_v2.1_reference,aligned_with_safety_augmentation,asd,llm_proposed,literature,evidence_gap,unresolved,false,0
3,10,asd_q015,ncb-scientific-7a87a86398becf44,7a87a86398becf44806656c7b8437f675f371fd6f2644ac257e562ca90b86a6a,7a87a86398becf44806656c7b8437f675f371fd6f2644ac257e562ca90b86a6a,exact_v2.1_reference,aligned_with_safety_augmentation,asd,llm_proposed,literature,evidence_gap,unresolved,false,0
3,10,asd_q016,ncb-scientific-67de4555230bc27a,67de4555230bc27a2720a39d25ba2b54acdc13b8df64eb624e3b7162eb249cbf,67de4555230bc27a2720a39d25ba2b54acdc13b8df64eb624e3b7162eb249cbf,exact_v2.1_reference,aligned_with_safety_augmentation,asd,llm_proposed,literature,evidence_gap,unresolved,false,0
3,10,asd_q017,ncb-scientific-30f73b540a076be8,30f73b540a076be8877cbf58acf8e237d4ffaf8c5fa00b91f350eced56d4fe50,30f73b540a076be8877cbf58acf8e237d4ffaf8c5fa00b91f350eced56d4fe50,exact_v2.1_reference,aligned_with_safety_augmentation,asd,llm_proposed,literature,evidence_gap,unresolved,false,0
3,10,asd_q018,ncb-scientific-9c2e4221cf5ca105,9c2e4221cf5ca105c142aa03f1212934ddcc6f3a0b4ae66e5f9d130f892c1d68,9c2e4221cf5ca105c142aa03f1212934ddcc6f3a0b4ae66e5f9d130f892c1d68,exact_v2.1_reference,aligned_with_safety_augmentation,asd,llm_proposed,literature,provisional,abstain,false,0
3,10,asd_q019,ncb-scientific-d3b9d78a966173c6,d3b9d78a966173c6a58a5b8ed01a0316ad73601092701d1310f08cee0928e62e,d3b9d78a966173c6a58a5b8ed01a0316ad73601092701d1310f08cee0928e62e,exact_v2.1_reference,aligned_with_safety_augmentation,asd,llm_proposed,literature,evidence_gap,unresolved,false,0
3,10,asd_q020,ncb-scientific-09bce8d2747a588b,09bce8d2747a588b48e78179d64eef021ef591c62d258c96db87fa1a187763be,09bce8d2747a588b48e78179d64eef021ef591c62d258c96db87fa1a187763be,exact_v2.1_reference,aligned_with_safety_augmentation,asd,llm_proposed,literature,evidence_gap,unresolved,false,0
3,10,asd_q021,ncb-scientific-5e6aa7181e35b605,5e6aa7181e35b6057dcfa0b2ef30e1accaf27ffa30c7110a71e05a7d42cd2bf4,5e6aa7181e35b6057dcfa0b2ef30e1accaf27ffa30c7110a71e05a7d42cd2bf4,exact_v2.1_reference,aligned_with_safety_augmentation,asd,llm_proposed,literature,evidence_gap,unresolved,false,0
3,10,asd_q022,ncb-scientific-7fe9235c8d5841b2,7fe9235c8d5841b21b4e02f5f1ea3da19d265b3dae41e4689eb549064708d519,7fe9235c8d5841b21b4e02f5f1ea3da19d265b3dae41e4689eb549064708d519,exact_v2.1_reference,aligned_with_safety_augmentation,asd,llm_proposed,literature,evidence_gap,unresolved,false,0
3,10,asd_q023,ncb-scientific-2e389c7806389508,2e389c780638950829799320349d8009aea6c3e9e69be08b1982e12b5b434c52,2e389c780638950829799320349d8009aea6c3e9e69be08b1982e12b5b434c52,exact_v2.1_reference,aligned_with_safety_augmentation,asd,llm_proposed,literature,evidence_gap,unresolved,false,0
3,10,asd_q024,ncb-scientific-46c685780a6efe6d,46c685780a6efe6d8000426a098ef58223dceb61be99792eabb6a33e80beadb1,46c685780a6efe6d8000426a098ef58223dceb61be99792eabb6a33e80beadb1,exact_v2.1_reference,aligned_with_safety_augmentation,asd,llm_proposed,literature,evidence_gap,unresolved,false,0
3,10,asd_q025,ncb-scientific-31990e646f54d4e6,31990e646f54d4e694348212341524808d583a3747736b6aec3da643ffe1484e,31990e646f54d4e694348212341524808d583a3747736b6aec3da643ffe1484e,exact_v2.1_reference,aligned_with_safety_augmentation,asd,llm_proposed,literature,evidence_gap,unresolved,false,0
3,10,asd_q026,ncb-scientific-2f6ce6fa5ea95eeb,2f6ce6fa5ea95eeb785ac239b4ff56b118d9d5b5b0e1c76df4fda92bdb52f08c,2f6ce6fa5ea95eeb785ac239b4ff56b118d9d5b5b0e1c76df4fda92bdb52f08c,exact_v2.1_reference,aligned_with_safety_augmentation,asd,llm_proposed,literature,evidence_gap,unresolved,false,0
3,10,asd_q027,ncb-scientific-68bd56b0483a236c,68bd56b0483a236c99db6544b25fa5e81003dd38c2af773be2d3d39b9ad070a6,68bd56b0483a236c99db6544b25fa5e81003dd38c2af773be2d3d39b9ad070a6,exact_v2.1_reference,aligned_with_safety_augmentation,asd,llm_proposed,literature,evidence_gap,unresolved,false,0
3,10,asd_q028,ncb-scientific-83e8c22eb0f4831a,83e8c22eb0f4831ab466f92d33a57545f9a4ac8eb8d3c9af44021b75c7fef4c4,83e8c22eb0f4831ab466f92d33a57545f9a4ac8eb8d3c9af44021b75c7fef4c4,exact_v2.1_reference,aligned_with_safety_augmentation,asd,llm_proposed,literature,evidence_gap,unresolved,false,0
3,10,asd_q029,ncb-scientific-a02841671504d8cd,a02841671504d8cd91f7002bbbc87782b0cb75c4c91c3c75f40930bf0fc27467,a02841671504d8cd91f7002bbbc87782b0cb75c4c91c3c75f40930bf0fc27467,exact_v2.1_reference,aligned_with_safety_augmentation,asd,llm_proposed,literature,evidence_gap,unresolved,false,0
3,10,asd_q030,ncb-scientific-3ba54e0248b29adb,3ba54e0248b29adb223a15306b37f76fc0e2b932fed74e86bd845de4c1fb2ee8,3ba54e0248b29adb223a15306b37f76fc0e2b932fed74e86bd845de4c1fb2ee8,exact_v2.1_reference,aligned_with_safety_augmentation,asd,llm_proposed,literature,evidence_gap,unresolved,false,0
3,10,asd_q031,ncb-scientific-a7bd041be62e2db4,a7bd041be62e2db43aded1d76a6c0b581c7274b1f519b9d483c62e6dc39f3136,a7bd041be62e2db43aded1d76a6c0b581c7274b1f519b9d483c62e6dc39f3136,exact_v2.1_reference,aligned_with_safety_augmentation,asd,llm_proposed,literature,evidence_gap,unresolved,false,0
3,10,asd_q032,ncb-scientific-19802d4080b79f2e,19802d4080b79f2e8f176ede52b798824d854ec76cd44f5f03a2db90b40b33bc,19802d4080b79f2e8f176ede52b798824d854ec76cd44f5f03a2db90b40b33bc,exact_v2.1_reference,aligned_with_safety_augmentation,asd,llm_proposed,literature,evidence_gap,unresolved,false,0
3,10,asd_q033,ncb-scientific-caeb5a6d248ba33c,caeb5a6d248ba33c770c82b3dc6515580c3efad63440adbbb4688d39731a3c41,caeb5a6d248ba33c770c82b3dc6515580c3efad63440adbbb4688d39731a3c41,exact_v2.1_reference,aligned_with_safety_augmentation,asd,llm_proposed,literature,evidence_gap,unresolved,false,0
3,10,asd_q034,ncb-scientific-1f13a7aee9fc1c7d,1f13a7aee9fc1c7dc1187efe86c3068be853653eb4050183fac5bcb492b8bbe3,1f13a7aee9fc1c7dc1187efe86c3068be853653eb4050183fac5bcb492b8bbe3,exact_v2.1_reference,aligned_with_safety_augmentation,asd,llm_proposed,literature,evidence_gap,unresolved,false,0
3,10,asd_q035,ncb-scientific-9b768a7494df75b2,9b768a7494df75b24fdc89ed6f68cee71fad50a0a2b02684368bd092524d7453,9b768a7494df75b24fdc89ed6f68cee71fad50a0a2b02684368bd092524d7453,exact_v2.1_reference,aligned_with_safety_augmentation,asd,llm_proposed,literature,evidence_gap,unresolved,false,0
3,10,asd_q036,ncb-scientific-61274f38e0112edd,61274f38e0112edde8180b2b74bd970e73a3a503b87528dec8547ff8d39e08d3,61274f38e0112edde8180b2b74bd970e73a3a503b87528dec8547ff8d39e08d3,exact_v2.1_reference,aligned_with_safety_augmentation,asd,llm_proposed,literature,evidence_gap,unresolved,false,0
3,10,asd_q037,ncb-scientific-149b1f2aeda4fcb1,149b1f2aeda4fcb1612b5edd3c9ba5d3fdc4cc18d9c5aa1afa53e32c85ed567e,149b1f2aeda4fcb1612b5edd3c9ba5d3fdc4cc18d9c5aa1afa53e32c85ed567e,exact_v2.1_reference,aligned_with_safety_augmentation,asd,llm_proposed,literature,evidence_gap,unresolved,false,0
3,10,asd_q038,ncb-scientific-c631e745a39a4c34,c631e745a39a4c34b7a2b47ee20ac723363fb4d3f247ba63938ada9c0511f640,c631e745a39a4c34b7a2b47ee20ac723363fb4d3f247ba63938ada9c0511f640,exact_v2.1_reference,aligned_with_safety_augmentation,asd,llm_proposed,literature,evidence_gap,unresolved,false,0
3,10,asd_q039,ncb-scientific-3bb5fd92cff87e34,3bb5fd92cff87e343d33e2cd0d6797eaf54d41cfe43a2123a8f42229247ead6c,3bb5fd92cff87e343d33e2cd0d6797eaf54d41cfe43a2123a8f42229247ead6c,exact_v2.1_reference,aligned_with_safety_augmentation,asd,llm_proposed,literature,evidence_gap,unresolved,false,0
3,10,asd_q040,ncb-scientific-cfe09363aec199e4,cfe09363aec199e4d87cfd179508934aa0a694e2ac85f122d79bab05a56bf5ba,cfe09363aec199e4d87cfd179508934aa0a694e2ac85f122d79bab05a56bf5ba,exact_v2.1_reference,aligned,asd,llm_proposed,literature,provisional,confirm,false,0
3,10,asd_q041,ncb-scientific-c823298f5f12df8a,c823298f5f12df8af07efc39e57413ee6b375c5f9f95bf060e712101c70c15cd,c823298f5f12df8af07efc39e57413ee6b375c5f9f95bf060e712101c70c15cd,exact_v2.1_reference,aligned_with_safety_augmentation,asd,llm_proposed,literature,evidence_gap,unresolved,false,0
3,10,asd_q042,ncb-scientific-1f634e71dd689f9b,1f634e71dd689f9bf628ab2462201c44d5996f29424ad3bb244eae08906e402b,1f634e71dd689f9bf628ab2462201c44d5996f29424ad3bb244eae08906e402b,exact_v2.1_reference,aligned_with_safety_augmentation,asd,llm_proposed,literature,evidence_gap,unresolved,false,0
3,10,asd_q043,ncb-scientific-1329501baee4943a,1329501baee4943a8d1925394f1bd0c531b39a4df9d4412f31a9e326f49d547b,1329501baee4943a8d1925394f1bd0c531b39a4df9d4412f31a9e326f49d547b,exact_v2.1_reference,aligned_with_safety_augmentation,asd,llm_proposed,literature,evidence_gap,unresolved,false,0
3,10,asd_q044,ncb-scientific-531f4a09678d2222,531f4a09678d2222e7dfb2b3f2c5e270ea361cb4ff770d5a532b98fb51322082,531f4a09678d2222e7dfb2b3f2c5e270ea361cb4ff770d5a532b98fb51322082,exact_v2.1_reference,aligned_with_safety_augmentation,asd,llm_proposed,literature,evidence_gap,unresolved,false,0
3,10,asd_q045,ncb-scientific-1518a0abab435142,1518a0abab43514213f4d83221121b85df589c0db1f51783ab24f10b187a989c,1518a0abab43514213f4d83221121b85df589c0db1f51783ab24f10b187a989c,exact_v2.1_reference,aligned_with_safety_augmentation,asd,llm_proposed,literature,evidence_gap,unresolved,false,0
3,10,asd_q046,ncb-scientific-afbfd52ab898aa8b,afbfd52ab898aa8b75058616b6193b34892bea7f7d452244ed64defafeede78a,afbfd52ab898aa8b75058616b6193b34892bea7f7d452244ed64defafeede78a,exact_v2.1_reference,aligned,asd,llm_proposed,literature,strict,abstain,false,0
3,10,asd_q047,ncb-scientific-5d4734ea98c9d333,5d4734ea98c9d333507a8f256c939d4c32820705161302d7f9b6dece95787e70,5d4734ea98c9d333507a8f256c939d4c32820705161302d7f9b6dece95787e70,exact_v2.1_reference,aligned_with_safety_augmentation,asd,llm_proposed,literature,evidence_gap,unresolved,false,0
3,10,asd_q048,ncb-scientific-58fd062031fc801e,58fd062031fc801ec995be400539f15fb05609ddaa041a485e24b531f854d19c,58fd062031fc801ec995be400539f15fb05609ddaa041a485e24b531f854d19c,exact_v2.1_reference,aligned_with_safety_augmentation,asd,llm_proposed,literature,evidence_gap,unresolved,false,0
3,10,asd_q049,ncb-scientific-be9238714808b664,be9238714808b66402159f2c45825993dd00eadd147b39f453e2e7e450668e79,be9238714808b66402159f2c45825993dd00eadd147b39f453e2e7e450668e79,exact_v2.1_reference,aligned_with_safety_augmentation,asd,llm_proposed,literature,evidence_gap,unresolved,false,0
3,10,asd_q050,ncb-scientific-206dd8d45a4d9d89,206dd8d45a4d9d891eb2644f5acdf1aeb9a4d894209c6c0c3142e2a74481d2e3,206dd8d45a4d9d891eb2644f5acdf1aeb9a4d894209c6c0c3142e2a74481d2e3,exact_v2.1_reference,aligned_with_safety_augmentation,asd,llm_proposed,literature,evidence_gap,unresolved,false,0
3,10,ad_aging_q027,ncb-scientific-7f4258667f94f44d,7f4258667f94f44d5e73e949aab05c8374dbe1ac010e146956307f30d3201ba2,7f4258667f94f44d5e73e949aab05c8374dbe1ac010e146956307f30d3201ba2,exact_v2.1_reference,aligned_with_safety_augmentation,ad_aging,llm_proposed,literature,evidence_gap,unresolved,false,0
3,10,ad_aging_q028,ncb-scientific-1775e0699f7d950f,1775e0699f7d950fdfe70ffa2494b3427fbca176a2fb9bd01c5bf5329b7dd39e,1775e0699f7d950fdfe70ffa2494b3427fbca176a2fb9bd01c5bf5329b7dd39e,exact_v2.1_reference,aligned_with_safety_augmentation,ad_aging,llm_proposed,literature,evidence_gap,unresolved,true,1
3,10,ad_aging_q029,ncb-scientific-bf6a4a4dabf8357f,bf6a4a4dabf8357f31e6a07ae1504771c332c4ed81929fb895a09609631d5866,bf6a4a4dabf8357f31e6a07ae1504771c332c4ed81929fb895a09609631d5866,exact_v2.1_reference,aligned_with_safety_augmentation,ad_aging,llm_proposed,literature,evidence_gap,unresolved,true,2
3,10,ad_aging_q030,ncb-scientific-75bd3855eddc86c8,75bd3855eddc86c8164fd4b8c788b0d2ff249afef49acbd1c2597bcf3031ee46,75bd3855eddc86c8164fd4b8c788b0d2ff249afef49acbd1c2597bcf3031ee46,exact_v2.1_reference,aligned_with_safety_augmentation,ad_aging,llm_proposed,literature,strict,confirm,false,0
3,10,ad_aging_q032,ncb-scientific-c922885057dbc163,c922885057dbc163bc0da7c09a1f929618f4043b01e964bfbd4ba2d3947e992e,c922885057dbc163bc0da7c09a1f929618f4043b01e964bfbd4ba2d3947e992e,exact_v2.1_reference,aligned_with_safety_augmentation,ad_aging,llm_proposed,literature,evidence_gap,unresolved,true,3
3,10,ad_aging_q034,ncb-scientific-0945ff60b5d68ba8,0945ff60b5d68ba89a298e0d5c7f9a2de1625b057bca524e15324d9708ecf806,0945ff60b5d68ba89a298e0d5c7f9a2de1625b057bca524e15324d9708ecf806,exact_v2.1_reference,aligned_with_safety_augmentation,ad_aging,llm_proposed,literature,evidence_gap,unresolved,true,7
3,10,ad_aging_q035,ncb-scientific-2dcda273dbedc219,2dcda273dbedc219ed9d5d8682aa85ac5f279a5b7efa0b335d1568599836b508,2dcda273dbedc219ed9d5d8682aa85ac5f279a5b7efa0b335d1568599836b508,exact_v2.1_reference,aligned_with_safety_augmentation,ad_aging,llm_proposed,literature,evidence_gap,unresolved,false,0
3,10,ad_aging_q036,ncb-scientific-cc1c11b70cdbc35f,cc1c11b70cdbc35f0fb7b7692822abca760f09315d96cba5c2e0c0d8c07fcfe3,cc1c11b70cdbc35f0fb7b7692822abca760f09315d96cba5c2e0c0d8c07fcfe3,exact_v2.1_reference,aligned_with_safety_augmentation,ad_aging,llm_proposed,literature,evidence_gap,unresolved,false,0
3,10,ad_aging_q037,ncb-scientific-0b054fd85acaa063,0b054fd85acaa06382e368b06e24cb23876d673dda29faac3b690645e449b6d5,0b054fd85acaa06382e368b06e24cb23876d673dda29faac3b690645e449b6d5,exact_v2.1_reference,aligned_with_safety_augmentation,ad_aging,llm_proposed,literature,evidence_gap,unresolved,false,0
3,10,ad_aging_q038,ncb-scientific-1d2a9e0f4f0b8bc3,1d2a9e0f4f0b8bc35fe53e1c18e110f8965f0dbb01897b1aba0cbe4d193e5821,1d2a9e0f4f0b8bc35fe53e1c18e110f8965f0dbb01897b1aba0cbe4d193e5821,exact_v2.1_reference,aligned_with_safety_augmentation,ad_aging,llm_proposed,literature,evidence_gap,unresolved,false,0
3,10,ad_aging_q039,ncb-scientific-a545812912502796,a5458129125027964cfadcefcff0f19c0d3ceed68aede1f9609ffc45247c35e4,a5458129125027964cfadcefcff0f19c0d3ceed68aede1f9609ffc45247c35e4,exact_v2.1_reference,aligned_with_safety_augmentation,ad_aging,llm_proposed,literature,evidence_gap,unresolved,false,0
3,10,ad_aging_q040,ncb-scientific-0b054fd85acaa063,0b054fd85acaa06382e368b06e24cb23876d673dda29faac3b690645e449b6d5,0b054fd85acaa06382e368b06e24cb23876d673dda29faac3b690645e449b6d5,exact_v2.1_reference,aligned_with_safety_augmentation,ad_aging,llm_proposed,literature,evidence_gap,unresolved,false,0
3,10,ad_aging_q041,ncb-scientific-f7956622f7e3eaf8,f7956622f7e3eaf82268d3c6d03184df48ef112532d72822e58c2e3b4eb9abd0,f7956622f7e3eaf82268d3c6d03184df48ef112532d72822e58c2e3b4eb9abd0,exact_v2.1_reference,aligned_with_safety_augmentation,ad_aging,llm_proposed,literature,evidence_gap,unresolved,false,0
3,10,ad_aging_q042,ncb-scientific-24de654ccd87dce2,24de654ccd87dce2402ee3e06841e2aa84bb5b939fe17e0a081e3e3fe8dd97e2,24de654ccd87dce2402ee3e06841e2aa84bb5b939fe17e0a081e3e3fe8dd97e2,exact_v2.1_reference,aligned_with_safety_augmentation,ad_aging,llm_proposed,literature,evidence_gap,unresolved,false,0
3,10,ad_aging_q043,ncb-scientific-f143dbf87a77594f,f143dbf87a77594f45f0c498342b2f4b17215390bf78679a21770bcc782da655,f143dbf87a77594f45f0c498342b2f4b17215390bf78679a21770bcc782da655,exact_v2.1_reference,aligned_with_safety_augmentation,ad_aging,llm_proposed,literature,evidence_gap,unresolved,false,0
3,10,ad_aging_q044,ncb-scientific-0cf9bf17a3cb10a7,0cf9bf17a3cb10a706661b585964be67b5928087882dc93e7b80224dac8a3534,0cf9bf17a3cb10a706661b585964be67b5928087882dc93e7b80224dac8a3534,exact_v2.1_reference,aligned_with_safety_augmentation,ad_aging,llm_proposed,literature,provisional,confirm,false,0
3,10,ad_aging_q045,ncb-scientific-4d6ed37bb9324c72,4d6ed37bb9324c72153b3fa839362f89320d16c7cbd9dd2659db729eb80061bf,4d6ed37bb9324c72153b3fa839362f89320d16c7cbd9dd2659db729eb80061bf,exact_v2.1_reference,aligned_with_safety_augmentation,ad_aging,llm_proposed,literature,evidence_gap,unresolved,false,0
3,10,ad_aging_q046,ncb-scientific-79182620041b5799,79182620041b57998eb9b3eb81cfba653f320fbe529ff0db654dd813626d0e36,79182620041b57998eb9b3eb81cfba653f320fbe529ff0db654dd813626d0e36,exact_v2.1_reference,aligned_with_safety_augmentation,ad_aging,llm_proposed,literature,evidence_gap,unresolved,false,0
3,10,ad_aging_q048,ncb-scientific-a3f4263a0dce56cf,a3f4263a0dce56cf738ebd2d271cf2f786acf25f6ab1432a96784f063e51d349,a3f4263a0dce56cf738ebd2d271cf2f786acf25f6ab1432a96784f063e51d349,exact_v2.1_reference,aligned_with_safety_augmentation,ad_aging,llm_proposed,literature,evidence_gap,unresolved,false,0
3,10,ad_aging_q049,ncb-scientific-24de654ccd87dce2,24de654ccd87dce2402ee3e06841e2aa84bb5b939fe17e0a081e3e3fe8dd97e2,24de654ccd87dce2402ee3e06841e2aa84bb5b939fe17e0a081e3e3fe8dd97e2,exact_v2.1_reference,aligned_with_safety_augmentation,ad_aging,llm_proposed,literature,evidence_gap,unresolved,false,0
3,10,ad_aging_q050,ncb-scientific-693510493058a91a,693510493058a91ac8ead80536de2a54f1331e925b11ad3d69d871fe6c93a395,693510493058a91ac8ead80536de2a54f1331e925b11ad3d69d871fe6c93a395,exact_v2.1_reference,aligned_with_safety_augmentation,ad_aging,llm_proposed,literature,evidence_gap,unresolved,false,0
3,10,psychosis_q001,ncb-scientific-7cb3fe4a5738fae5,7cb3fe4a5738fae59ad565ce7ad320774954e407c9d8edcbc6f05c4bb1287017,7cb3fe4a5738fae59ad565ce7ad320774954e407c9d8edcbc6f05c4bb1287017,exact_v2.1_reference,aligned,psychosis,llm_proposed,literature,evidence_gap,unresolved,false,0
3,10,psychosis_q002,ncb-scientific-266504b3d4e53721,266504b3d4e53721e07a0d77932a5254a3379c3ddf34b0dc44aeea4c4b4cb67d,266504b3d4e53721e07a0d77932a5254a3379c3ddf34b0dc44aeea4c4b4cb67d,exact_v2.1_reference,aligned_with_safety_augmentation,psychosis,llm_proposed,literature,evidence_gap,unresolved,false,0
3,10,psychosis_q003,ncb-scientific-872c426870a43fc0,872c426870a43fc09bee7deefd9487ffedf554184b618cfa1548e9f8d3be8d34,872c426870a43fc09bee7deefd9487ffedf554184b618cfa1548e9f8d3be8d34,exact_v2.1_reference,aligned_with_safety_augmentation,psychosis,llm_proposed,literature,evidence_gap,unresolved,false,0
3,10,psychosis_q004,ncb-scientific-3cd280f660dfbcd4,3cd280f660dfbcd415a0ac5f54af96f2ce8fe1cc897a4a14f869e1ea54467213,3cd280f660dfbcd415a0ac5f54af96f2ce8fe1cc897a4a14f869e1ea54467213,exact_v2.1_reference,aligned_with_safety_augmentation,psychosis,llm_proposed,literature,provisional,confirm,false,0
3,10,psychosis_q005,ncb-scientific-4cedbc48040eac27,4cedbc48040eac27d2eaf9fa5cbc4713fa67c79a232f498107862a2fe7d63e79,4cedbc48040eac27d2eaf9fa5cbc4713fa67c79a232f498107862a2fe7d63e79,exact_v2.1_reference,aligned_with_safety_augmentation,psychosis,llm_proposed,literature,evidence_gap,unresolved,false,0
3,10,psychosis_q006,ncb-scientific-58864dfe748ed623,58864dfe748ed623b1e412e518eb6d075f1280ebe036bb1dc55e56e8a2aca169,58864dfe748ed623b1e412e518eb6d075f1280ebe036bb1dc55e56e8a2aca169,exact_v2.1_reference,aligned_with_safety_augmentation,psychosis,llm_proposed,literature,evidence_gap,unresolved,false,0
3,10,psychosis_q007,ncb-scientific-e5b2412738b16335,e5b2412738b16335f55b1518f3aac394c8cfff48e1b39a9dc0d2b64c2cbb5877,e5b2412738b16335f55b1518f3aac394c8cfff48e1b39a9dc0d2b64c2cbb5877,exact_v2.1_reference,aligned,psychosis,llm_proposed,literature,evidence_gap,unresolved,false,0
3,10,psychosis_q008,ncb-scientific-5e9d9106292eb159,5e9d9106292eb159971d41de9ac66f7064ff9c67b369099bff308886a86ec58b,5e9d9106292eb159971d41de9ac66f7064ff9c67b369099bff308886a86ec58b,exact_v2.1_reference,aligned_with_safety_augmentation,psychosis,llm_proposed,literature,provisional,confirm,false,0
3,10,psychosis_q009,ncb-scientific-8366c91b96faf9a6,8366c91b96faf9a6c9557e9120c312676b6be08466de64a2ea5ecb46f08595dc,8366c91b96faf9a6c9557e9120c312676b6be08466de64a2ea5ecb46f08595dc,exact_v2.1_reference,aligned_with_safety_augmentation,psychosis,llm_proposed,literature,evidence_gap,unresolved,false,0
3,10,psychosis_q010,ncb-scientific-822a9e3fd7a9cc40,822a9e3fd7a9cc40dd56cec27d9df1f4b981c6e08141b1a8a2264fd39544ccfa,822a9e3fd7a9cc40dd56cec27d9df1f4b981c6e08141b1a8a2264fd39544ccfa,exact_v2.1_reference,aligned,psychosis,llm_proposed,literature,evidence_gap,unresolved,false,0
3,10,psychosis_q011,ncb-scientific-d4c0b42a60357a5d,d4c0b42a60357a5d939e12105a02798899968bed182f8471def699471bf39842,d4c0b42a60357a5d939e12105a02798899968bed182f8471def699471bf39842,exact_v2.1_reference,aligned_with_safety_augmentation,psychosis,llm_proposed,literature,evidence_gap,unresolved,false,0
3,10,psychosis_q012,ncb-scientific-6c9d8d248e03fd07,6c9d8d248e03fd072175b3155b829fce548d5dc88bffc0dd63db73a27cc1b1f9,6c9d8d248e03fd072175b3155b829fce548d5dc88bffc0dd63db73a27cc1b1f9,exact_v2.1_reference,aligned,psychosis,llm_proposed,literature,strict,confirm,false,0
3,10,psychosis_q013,ncb-scientific-32c06a5e43e74faa,32c06a5e43e74faa24d16e67accf4262d0369671f06216c693238d120d8f16f9,32c06a5e43e74faa24d16e67accf4262d0369671f06216c693238d120d8f16f9,exact_v2.1_reference,aligned_with_safety_augmentation,psychosis,llm_proposed,literature,evidence_gap,unresolved,false,0
3,10,psychosis_q014,ncb-scientific-f0173ff72ee52b5e,f0173ff72ee52b5e1e878ad93b6ab55443639c37100b7a6ff8546daeb9de844a,f0173ff72ee52b5e1e878ad93b6ab55443639c37100b7a6ff8546daeb9de844a,exact_v2.1_reference,aligned,psychosis,llm_proposed,literature,evidence_gap,unresolved,false,0
3,10,psychosis_q015,ncb-scientific-622e97baf8eece3c,622e97baf8eece3cc6a62615addca82592c24a5eb42cd164d81459a0d041eaab,622e97baf8eece3cc6a62615addca82592c24a5eb42cd164d81459a0d041eaab,exact_v2.1_reference,aligned,psychosis,llm_proposed,literature,evidence_gap,unresolved,false,0
3,10,psychosis_q016,ncb-scientific-9066c4a0d3bc2f9f,9066c4a0d3bc2f9f335adcc9e6fce3653c8c38198faedd03436f1aa34da54b25,9066c4a0d3bc2f9f335adcc9e6fce3653c8c38198faedd03436f1aa34da54b25,exact_v2.1_reference,aligned_with_safety_augmentation,psychosis,llm_proposed,literature,strict,confirm,false,0
3,10,psychosis_q017,ncb-scientific-4bafecc6ed3b9d87,4bafecc6ed3b9d87a26b408fcd1dd48f8e80cc184c6f98eb941ab54c48ad2031,4bafecc6ed3b9d87a26b408fcd1dd48f8e80cc184c6f98eb941ab54c48ad2031,exact_v2.1_reference,aligned,psychosis,llm_proposed,literature,evidence_gap,unresolved,false,0
3,10,psychosis_q018,ncb-scientific-6aa47e3b129ad9fb,6aa47e3b129ad9fb3b897f8e59d71e00f8f3abe34d5515c19a65bf8a5c880e1a,6aa47e3b129ad9fb3b897f8e59d71e00f8f3abe34d5515c19a65bf8a5c880e1a,exact_v2.1_reference,aligned_with_safety_augmentation,psychosis,llm_proposed,literature,evidence_gap,unresolved,true,4
3,10,psychosis_q019,ncb-scientific-047feb6835500e20,047feb6835500e20fce6c8866aa5f4319884079d3ece961fffa1950d3f67649b,047feb6835500e20fce6c8866aa5f4319884079d3ece961fffa1950d3f67649b,exact_v2.1_reference,aligned_with_safety_augmentation,psychosis,llm_proposed,literature,evidence_gap,unresolved,true,2
3,10,psychosis_q021,ncb-scientific-675abad09b88a363,675abad09b88a3632ae7d7ac4e199a4a0e5c99415e8c1ac16c601d7e16a98f35,675abad09b88a3632ae7d7ac4e199a4a0e5c99415e8c1ac16c601d7e16a98f35,exact_v2.1_reference,aligned_with_safety_augmentation,psychosis,llm_proposed,literature,evidence_gap,unresolved,false,0
3,10,psychosis_q022,ncb-scientific-49fd02560669f081,49fd02560669f081865a60b8024eb81ebb6dc5834a87820f119def66b35fa233,49fd02560669f081865a60b8024eb81ebb6dc5834a87820f119def66b35fa233,exact_v2.1_reference,aligned,psychosis,llm_proposed,literature,evidence_gap,unresolved,true,2
3,10,psychosis_q023,ncb-scientific-3942bdaedf8efb2a,3942bdaedf8efb2afecb3c2c12045c0014df9f189b66d0de08e09298d10c22ae,3942bdaedf8efb2afecb3c2c12045c0014df9f189b66d0de08e09298d10c22ae,exact_v2.1_reference,aligned_with_safety_augmentation,psychosis,llm_proposed,literature,evidence_gap,unresolved,false,0
3,10,psychosis_q024,ncb-scientific-9181e305d0e360a5,9181e305d0e360a5d17ec43febd9d32a46fc572a1fa87ab8680c7b4cb79abe90,9181e305d0e360a5d17ec43febd9d32a46fc572a1fa87ab8680c7b4cb79abe90,exact_v2.1_reference,aligned_with_safety_augmentation,psychosis,llm_proposed,literature,evidence_gap,unresolved,false,0
3,10,psychosis_q025,ncb-scientific-4ffc0faff41b9d25,4ffc0faff41b9d251ae15c86a5646175e1972970df38a88ccfac126ba34f43b9,4ffc0faff41b9d251ae15c86a5646175e1972970df38a88ccfac126ba34f43b9,exact_v2.1_reference,aligned,psychosis,llm_proposed,literature,evidence_gap,unresolved,true,2
3,10,psychosis_q026,ncb-scientific-e43def8c3b8cb4e9,e43def8c3b8cb4e9401abd45c8e585ca3fb7555ed77364cdacf981560d643998,e43def8c3b8cb4e9401abd45c8e585ca3fb7555ed77364cdacf981560d643998,exact_v2.1_reference,aligned_with_safety_augmentation,psychosis,llm_proposed,literature,evidence_gap,unresolved,false,0
3,10,psychosis_q027,ncb-scientific-9eaf2a23ddb73ea3,9eaf2a23ddb73ea3b9ad8419cc764b871d15a798fea17ac3a71821704466415e,9eaf2a23ddb73ea3b9ad8419cc764b871d15a798fea17ac3a71821704466415e,exact_v2.1_reference,aligned_with_safety_augmentation,psychosis,llm_proposed,literature,provisional,abstain,false,0
3,10,psychosis_q028,ncb-scientific-6130b7ec9d114c16,6130b7ec9d114c162d53c779a173cc930024074dfc2f729afa0cd4fc7c5e3827,6130b7ec9d114c162d53c779a173cc930024074dfc2f729afa0cd4fc7c5e3827,exact_v2.1_reference,aligned,psychosis,llm_proposed,literature,strict,confirm,false,0
3,10,psychosis_q029,ncb-scientific-561d93190dd22ced,561d93190dd22ced60f31e0fd38e0faf5c987fc53b8acf69c6396133d316d230,561d93190dd22ced60f31e0fd38e0faf5c987fc53b8acf69c6396133d316d230,exact_v2.1_reference,aligned_with_safety_augmentation,psychosis,llm_proposed,literature,evidence_gap,unresolved,false,0
3,10,psychosis_q030,ncb-scientific-23a83dcb8dd0287e,23a83dcb8dd0287e82e81be378cb004bce79a5325cd73ba2c55edfee8113d52d,23a83dcb8dd0287e82e81be378cb004bce79a5325cd73ba2c55edfee8113d52d,exact_v2.1_reference,aligned,psychosis,llm_proposed,literature,evidence_gap,unresolved,false,0
3,10,psychosis_q031,ncb-scientific-611e67de29172a34,611e67de29172a34127865843ed7fbb0a3c674cbea476eacda530d3d8c5a9abf,611e67de29172a34127865843ed7fbb0a3c674cbea476eacda530d3d8c5a9abf,exact_v2.1_reference,aligned_with_safety_augmentation,psychosis,llm_proposed,literature,evidence_gap,unresolved,false,0
3,10,psychosis_q032,ncb-scientific-740708798029c58d,740708798029c58d4d6385bc24deca50249908931c23e35c50e771c1555ef475,740708798029c58d4d6385bc24deca50249908931c23e35c50e771c1555ef475,exact_v2.1_reference,aligned_with_safety_augmentation,psychosis,llm_proposed,literature,strict,confirm,false,0
3,10,psychosis_q033,ncb-scientific-23b8d8c0265298fd,23b8d8c0265298fd242715da197614417003ea5efbb70bf6b292cb27ea990f0d,23b8d8c0265298fd242715da197614417003ea5efbb70bf6b292cb27ea990f0d,exact_v2.1_reference,aligned,psychosis,llm_proposed,literature,evidence_gap,unresolved,false,0
3,10,psychosis_q034,ncb-scientific-548d362dc2682286,548d362dc26822867e373f356852faa0ed9fa00f1757c8e4486a1d240506e03e,548d362dc26822867e373f356852faa0ed9fa00f1757c8e4486a1d240506e03e,exact_v2.1_reference,aligned,psychosis,llm_proposed,literature,evidence_gap,unresolved,false,0
3,10,psychosis_q035,ncb-scientific-66560a7fd0e34141,66560a7fd0e34141ba219136468ed4d54ee064cfff748f6d27aa451fbfd80069,66560a7fd0e34141ba219136468ed4d54ee064cfff748f6d27aa451fbfd80069,exact_v2.1_reference,aligned,psychosis,llm_proposed,literature,provisional,abstain,false,0
3,10,psychosis_q036,ncb-scientific-e313edffc6da7a07,e313edffc6da7a074c42d69ed32da20e4642325dccd086815d410b2e3f7babb3,e313edffc6da7a074c42d69ed32da20e4642325dccd086815d410b2e3f7babb3,exact_v2.1_reference,aligned,psychosis,llm_proposed,literature,evidence_gap,unresolved,false,0
3,10,psychosis_q037,ncb-scientific-3b7b2226aa3bb7ce,3b7b2226aa3bb7ce109fe00563be869699e1fef55876cce35355c6941ea873fd,3b7b2226aa3bb7ce109fe00563be869699e1fef55876cce35355c6941ea873fd,exact_v2.1_reference,aligned,psychosis,llm_proposed,literature,evidence_gap,unresolved,false,0
3,10,psychosis_q038,ncb-scientific-51f69ecdfc1f24b2,51f69ecdfc1f24b277984e6877bcaf2b948d82427c5f75a82b8d082ad218f263,51f69ecdfc1f24b277984e6877bcaf2b948d82427c5f75a82b8d082ad218f263,pre_v2_contract_only,ambiguous_unresolved,psychosis,llm_proposed,,,,false,0
3,10,psychosis_q039,ncb-scientific-d0535a6cab6d913b,d0535a6cab6d913b7aae20a3c6e47c1d8b5c21a56abd87a6f45877adf81829e0,d0535a6cab6d913b7aae20a3c6e47c1d8b5c21a56abd87a6f45877adf81829e0,exact_v2.1_reference,aligned,psychosis,llm_proposed,literature,provisional,confirm,false,0
3,10,psychosis_q040,ncb-scientific-80318de11aee33ca,80318de11aee33cafcafc23b40e6d185a412151c5603277794147b1d572df23d,80318de11aee33cafcafc23b40e6d185a412151c5603277794147b1d572df23d,exact_v2.1_reference,aligned,psychosis,llm_proposed,literature,evidence_gap,unresolved,false,0
3,10,psychosis_q042,ncb-scientific-70527a90423a8295,70527a90423a8295ebeae835b0a95e8bc634a4d1611424dbdb775935515a8516,70527a90423a8295ebeae835b0a95e8bc634a4d1611424dbdb775935515a8516,exact_v2.1_reference,aligned,psychosis,llm_proposed,literature,evidence_gap,unresolved,true,6
3,10,psychosis_q043,ncb-scientific-41408a5127ecaa01,41408a5127ecaa01bb16f33bb137977cb589300803b75207c17804f34de42e00,41408a5127ecaa01bb16f33bb137977cb589300803b75207c17804f34de42e00,exact_v2.1_reference,aligned,psychosis,llm_proposed,literature,provisional,abstain,true,6
3,10,psychosis_q045,ncb-scientific-81e24d3b130902a4,81e24d3b130902a46cd52114a0894c5d3052a400c072cda182917e5eb6728851,81e24d3b130902a46cd52114a0894c5d3052a400c072cda182917e5eb6728851,exact_v2.1_reference,aligned,psychosis,llm_proposed,literature,evidence_gap,unresolved,true,5
3,10,psychosis_q046,ncb-scientific-172d75bcc17dcce9,172d75bcc17dcce9c2a8cde3b446b4521935e40d9bee3691b4d574e1b426012d,172d75bcc17dcce9c2a8cde3b446b4521935e40d9bee3691b4d574e1b426012d,exact_v2.1_reference,aligned,psychosis,llm_proposed,literature,evidence_gap,unresolved,false,0
3,10,psychosis_q047,ncb-scientific-58a996a383e72e5b,58a996a383e72e5b79cc802cd41cc61d146ef74faab2650d92112acd832924d8,58a996a383e72e5b79cc802cd41cc61d146ef74faab2650d92112acd832924d8,exact_v2.1_reference,aligned,psychosis,llm_proposed,literature,provisional,confirm,true,1
3,10,psychosis_q048,ncb-scientific-ed8eabb252714493,ed8eabb252714493617a23875b640f41f1af8d9b8826cdbb8845c317adcbc72f,ed8eabb252714493617a23875b640f41f1af8d9b8826cdbb8845c317adcbc72f,exact_v2.1_reference,aligned,psychosis,llm_proposed,literature,evidence_gap,unresolved,false,0
3,10,psychosis_q049,ncb-scientific-a1da46d7f5fa792d,a1da46d7f5fa792d06b40ef905be2163aa10371959c82a12774363e09e80a844,a1da46d7f5fa792d06b40ef905be2163aa10371959c82a12774363e09e80a844,exact_v2.1_reference,aligned_with_safety_augmentation,psychosis,llm_proposed,literature,evidence_gap,unresolved,false,0
3,10,psychosis_q050,ncb-scientific-55b455d152ed1390,55b455d152ed1390382cc96bd36b995f3d6549c65d1710583265325ae547aabe,55b455d152ed1390382cc96bd36b995f3d6549c65d1710583265325ae547aabe,exact_v2.1_reference,aligned,psychosis,llm_proposed,literature,evidence_gap,unresolved,false,0
3,2,pubmed_23333262_pmid23333262_rsfc_aging_1,ncb-scientific-9c418256797d0a86,9c418256797d0a86064d970a3e88ff8457d32310776b1a8297e66c8a796c3e35,9c418256797d0a86064d970a3e88ff8457d32310776b1a8297e66c8a796c3e35,exact_v2.1_reference,aligned,normative_fmri,literature_grounded,literature,evidence_gap,unresolved,false,0
3,2,pubmed_39856610_pmid39856610_1,ncb-scientific-f7c3e84a1cb3480d,f7c3e84a1cb3480df741174bb0e279d66de6682c8fed7217cb12a501ce7abb09,f7c3e84a1cb3480df741174bb0e279d66de6682c8fed7217cb12a501ce7abb09,pre_v2_contract_only,ambiguous_unresolved,adhd,literature_grounded,,,,false,0
3,2,pubmed_35583796_pmid35583796_rsfc_dmn_within,ncb-scientific-9306eed5ac12c7af,9306eed5ac12c7afb5d6c7513192e5e650af6d2ccd09172f90bd0be83b95b662,9306eed5ac12c7afb5d6c7513192e5e650af6d2ccd09172f90bd0be83b95b662,exact_v2.1_reference,aligned,adhd,literature_grounded,literature,provisional,abstain,false,0
3,2,pubmed_35583796_pmid35583796_rsfc_dmn_control_salience,ncb-scientific-060910c2dae3c7c0,060910c2dae3c7c0bc483bb7456953e7717bc55f016c82a246c15256e99ca483,060910c2dae3c7c0bc483bb7456953e7717bc55f016c82a246c15256e99ca483,exact_v2.1_reference,aligned,adhd,literature_grounded,literature,provisional,abstain,false,0
3,2,pubmed_36403658_pmid36403658_adhd_dmn_fc,ncb-scientific-bace4c130b60ece5,bace4c130b60ece50157fd3d6ec0b0e4244cf860559cbcb48aa4a9e499ab497d,bace4c130b60ece50157fd3d6ec0b0e4244cf860559cbcb48aa4a9e499ab497d,pre_v2_contract_only,ambiguous_unresolved,adhd,literature_grounded,,,,false,0
3,2,pubmed_36403658_pmid36403658_adhd_fc_classifier,ncb-scientific-ce9b34e85b1510c7,ce9b34e85b1510c7cdb61caab47224a564c4d18a9d89c72c6952a58e8ed87491,ce9b34e85b1510c7cdb61caab47224a564c4d18a9d89c72c6952a58e8ed87491,pre_v2_contract_only,ambiguous_unresolved,adhd,literature_grounded,,,,false,0
3,2,pubmed_35359026_35359026_1,ncb-scientific-f3636d57e59fc807,f3636d57e59fc80720979dd8e617af6796721000006447ea84631b5fed881c38,f3636d57e59fc80720979dd8e617af6796721000006447ea84631b5fed881c38,exact_v2.1_reference,aligned,adhd,literature_grounded,literature,evidence_gap,unresolved,false,0
3,2,pubmed_34280835_pmid34280835_adhd_smn-fc_01,ncb-scientific-4bec8588ceb4224d,4bec8588ceb4224ddd1ba5d8630aca64bbe57f5c572153bf88b8b92a099e90a4,4bec8588ceb4224ddd1ba5d8630aca64bbe57f5c572153bf88b8b92a099e90a4,exact_v2.1_reference,aligned,adhd,literature_grounded,literature,evidence_gap,unresolved,false,0
3,2,pubmed_31265198_pmid31265198_fc_adhd_vs_tdc,ncb-scientific-c8acae9508ef35fd,c8acae9508ef35fd71e17be422a96ff94cda16d53561647f67cc34bf3fb5e2dc,c8acae9508ef35fd71e17be422a96ff94cda16d53561647f67cc34bf3fb5e2dc,exact_v2.1_reference,aligned,adhd,literature_grounded,literature,provisional,abstain,false,0
3,2,pubmed_35338900_pmid35338900_age_fcsc,ncb-scientific-5640b53a2dfaa1b8,5640b53a2dfaa1b884c99a06c8c8897d97d1155e8f60cc54e4822588eef8e5bc,5640b53a2dfaa1b884c99a06c8c8897d97d1155e8f60cc54e4822588eef8e5bc,pre_v2_contract_only,ambiguous_unresolved,adhd,literature_grounded,,,,false,0
3,2,pubmed_35338900_pmid35338900_boysadhd_limbicdmn,ncb-scientific-de1363fa0a54a318,de1363fa0a54a31857453e1dd873734715696b750931e1ee29d64fb8103b2e58,de1363fa0a54a31857453e1dd873734715696b750931e1ee29d64fb8103b2e58,exact_v2.1_reference,aligned,adhd,literature_grounded,literature,evidence_gap,unresolved,false,0
3,2,pubmed_37121277_pmid37121277_reho_cluster1_vs_td,ncb-scientific-e59b8563fe5abace,e59b8563fe5abace75c175eff2d6c6bc371d7aa0b5053b5fc34317818314bff5,e59b8563fe5abace75c175eff2d6c6bc371d7aa0b5053b5fc34317818314bff5,pre_v2_contract_only,ambiguous_unresolved,asd,literature_grounded,,,,false,0
3,2,pubmed_37121277_pmid37121277_vmhc_cluster1_vs_td,ncb-scientific-f41a8c5978b01125,f41a8c5978b01125b76c9d2800b0f2317936ed7c14759937a1ed14428bc25897,f41a8c5978b01125b76c9d2800b0f2317936ed7c14759937a1ed14428bc25897,pre_v2_contract_only,ambiguous_unresolved,asd,literature_grounded,,,,false,0
3,2,pubmed_37121277_pmid37121277_mccfc_cluster2_vs_td,ncb-scientific-c98428886dd0f1d9,c98428886dd0f1d91c3a75d885826b5fb7726225297f515afa05718599e2996d,c98428886dd0f1d91c3a75d885826b5fb7726225297f515afa05718599e2996d,pre_v2_contract_only,ambiguous_unresolved,asd,literature_grounded,,,,false,0
3,2,pubmed_42141307_pmid42141307_asd_fmri_fc_casecontrol_mixed,ncb-scientific-4f6f45a81e8e3370,4f6f45a81e8e337049763733e2b9871efc22c4d9fc5f5f6d4ccf920cb8a023d6,4f6f45a81e8e337049763733e2b9871efc22c4d9fc5f5f6d4ccf920cb8a023d6,exact_v2.1_reference,aligned,asd,literature_grounded,literature,strict,confirm,false,0
3,2,pubmed_34264028_34264028-1,ncb-scientific-7ab10eca62cc6fc7,7ab10eca62cc6fc7aac3fc6c5d935bbe58e90be3a4850b9956b9d4bb8758e45f,7ab10eca62cc6fc7aac3fc6c5d935bbe58e90be3a4850b9956b9d4bb8758e45f,pre_v2_contract_only,ambiguous_unresolved,asd,literature_grounded,,,,false,0
3,2,pubmed_37741308_pmid37741308_asd_fc_groupdiff,ncb-scientific-55457edaa703fbe4,55457edaa703fbe4b0e3548c6732e7f7dc35b0535beed7336e617f077b9a8172,55457edaa703fbe4b0e3548c6732e7f7dc35b0535beed7336e617f077b9a8172,exact_v2.1_reference,aligned,asd,literature_grounded,literature,evidence_gap,unresolved,false,0
3,2,pubmed_28040544_pmid28040544_asd_fc_kea_corticalnetworks,ncb-scientific-cb86d4103ebb0e0c,cb86d4103ebb0e0cfb84aeae03b006b1b9f5e196a73b165f42e271c167d1f8d0,cb86d4103ebb0e0cfb84aeae03b006b1b9f5e196a73b165f42e271c167d1f8d0,exact_v2.1_reference,aligned,asd,literature_grounded,literature,provisional,confirm,false,0
3,2,pubmed_28040544_pmid28040544_asd_fc_selffacetom,ncb-scientific-08c6866776e43268,08c6866776e432686055fe502dc79eaebce0f6916de3c9ca15c72b7849a8070b,08c6866776e432686055fe502dc79eaebce0f6916de3c9ca15c72b7849a8070b,exact_v2.1_reference,aligned,asd,literature_grounded,literature,provisional,confirm,false,0
3,2,pubmed_30833582_pmid30833582_asd_stepwise_connectivity,ncb-scientific-88422a822641e7cd,88422a822641e7cdcba6f457a4fa41387a32f9f3a60e08260ef9b6a18e716ada,88422a822641e7cdcba6f457a4fa41387a32f9f3a60e08260ef9b6a18e716ada,exact_v2.1_reference,aligned,asd,literature_grounded,literature,strict,confirm,false,0
3,2,pubmed_1431963_pmid1431963_mta_ad_vs_controls,ncb-scientific-e2c8b315d5871123,e2c8b315d58711232df3fb244f289b13f1a98c97f3043bbed5db37f77d0fac0a,e2c8b315d58711232df3fb244f289b13f1a98c97f3043bbed5db37f77d0fac0a,exact_v2.1_reference,aligned,ad_aging,literature_grounded,literature,strict,confirm,true,2
3,2,pubmed_21729419_pmid21729419_2,ncb-scientific-e2c8b315d5871123,e2c8b315d58711232df3fb244f289b13f1a98c97f3043bbed5db37f77d0fac0a,e2c8b315d58711232df3fb244f289b13f1a98c97f3043bbed5db37f77d0fac0a,exact_v2.1_reference,aligned,ad_aging,literature_grounded,literature,strict,confirm,true,3
3,2,pubmed_31313441_31313441-psychosis-rsfc-casecontrol,ncb-scientific-1c4bb13eab05e379,1c4bb13eab05e37903f684a6f8836eb4046bdfd60c0337e4be303461922306ff,1c4bb13eab05e37903f684a6f8836eb4046bdfd60c0337e4be303461922306ff,exact_v2.1_reference,aligned,psychosis,literature_grounded,literature,strict,confirm,false,0
3,2,pubmed_29653095_29653095-psychosis-fc-01,ncb-scientific-c671d3de1b2734cb,c671d3de1b2734cb8e64ccc55fdd15ea4118e551d604845c6f756f7b71f7ba43,c671d3de1b2734cb8e64ccc55fdd15ea4118e551d604845c6f756f7b71f7ba43,exact_v2.1_reference,aligned,psychosis,literature_grounded,literature,provisional,confirm,false,0
3,2,pubmed_29653095_29653095-psychosis-fc-02,ncb-scientific-b336c91ebd2e082c,b336c91ebd2e082c670facfa74d1a9ee136e61e29d1305f2d91cecac8b77f04c,b336c91ebd2e082c670facfa74d1a9ee136e61e29d1305f2d91cecac8b77f04c,pre_v2_contract_only,ambiguous_unresolved,psychosis,literature_grounded,,,,false,0
3,2,pubmed_35753120_pmid35753120_1,ncb-scientific-5d5fd40a49dbf782,5d5fd40a49dbf782645572714c9237709a98147ddd0551217a75c6523f448980,5d5fd40a49dbf782645572714c9237709a98147ddd0551217a75c6523f448980,pre_v2_contract_only,ambiguous_unresolved,psychosis,literature_grounded,,,,false,0
3,2,pubmed_34183210_pmid34183210_1,ncb-scientific-c1112f228bb27f06,c1112f228bb27f06f18f32376d89a4b816fcc7df2f53487617d65faedc726ef5,c1112f228bb27f06f18f32376d89a4b816fcc7df2f53487617d65faedc726ef5,pre_v2_contract_only,ambiguous_unresolved,psychosis,literature_grounded,,,,false,0
3,2,pubmed_34183210_pmid34183210_3,ncb-scientific-67542fa55426a130,67542fa55426a13052157d88d588a5334147c1872c82514b9edcf4651c8ca7b7,67542fa55426a13052157d88d588a5334147c1872c82514b9edcf4651c8ca7b7,pre_v2_contract_only,ambiguous_unresolved,psychosis,literature_grounded,,,,false,0
3,2,pubmed_38422833_pmid38422833_cortical_fnc,ncb-scientific-09903e42ed156c26,09903e42ed156c2690cdbe27471b1d9877a5a23f33b016ead3e1b12870fef1fc,09903e42ed156c2690cdbe27471b1d9877a5a23f33b016ead3e1b12870fef1fc,exact_v2.1_reference,aligned,psychosis,literature_grounded,literature,strict,confirm,false,0
3,2,normative_fmri_001,ncb-scientific-6f07b924f78e762d,6f07b924f78e762dbb04192421df62ac5dd24835b8e50993a3f5c2cdf333e66c,6f07b924f78e762dbb04192421df62ac5dd24835b8e50993a3f5c2cdf333e66c,exact_v2.1_reference,aligned_with_safety_augmentation,normative_fmri,llm_proposed,literature,provisional,confirm,false,0
3,2,normative_fmri_002,ncb-scientific-a1bf69b8f56d46c9,a1bf69b8f56d46c996f93349f5201c8b628f7dd5753a9899ff61c78ed977e658,a1bf69b8f56d46c996f93349f5201c8b628f7dd5753a9899ff61c78ed977e658,exact_v2.1_reference,aligned_with_safety_augmentation,normative_fmri,llm_proposed,literature,evidence_gap,unresolved,false,0
3,2,normative_fmri_003,ncb-scientific-dc6371e72c01cdcd,dc6371e72c01cdcd2e2e176efc8496ba66d5715ea1c8da75ab66be1c67032e07,dc6371e72c01cdcd2e2e176efc8496ba66d5715ea1c8da75ab66be1c67032e07,exact_v2.1_reference,aligned_with_safety_augmentation,normative_fmri,llm_proposed,literature,evidence_gap,unresolved,false,0
3,2,normative_fmri_006,ncb-scientific-42b2c11ed186c2c9,42b2c11ed186c2c9d794dfd42e14b54cf31afc8d70f2f8c136913760977724fb,42b2c11ed186c2c9d794dfd42e14b54cf31afc8d70f2f8c136913760977724fb,exact_v2.1_reference,aligned_with_safety_augmentation,normative_fmri,llm_proposed,literature,evidence_gap,unresolved,false,0
3,2,normative_fmri_007,ncb-scientific-a9e0ba33a876abc0,a9e0ba33a876abc0fa6cbc657ebbfa5b3516bdf998288dcb9ea497f1dd12cfda,a9e0ba33a876abc0fa6cbc657ebbfa5b3516bdf998288dcb9ea497f1dd12cfda,exact_v2.1_reference,aligned_with_safety_augmentation,normative_fmri,llm_proposed,literature,evidence_gap,unresolved,false,0
3,2,normative_fmri_009,ncb-scientific-e7c94f56c83e0651,e7c94f56c83e06518cfb23793f51ccaf963a39435caaaca93bcd7d7166f65091,e7c94f56c83e06518cfb23793f51ccaf963a39435caaaca93bcd7d7166f65091,exact_v2.1_reference,aligned_with_safety_augmentation,normative_fmri,llm_proposed,literature,evidence_gap,unresolved,false,0
3,2,normative_fmri_013,ncb-scientific-8482b5c202e5e323,8482b5c202e5e3235de8c6063dda4b78550e3f9e00df27d431e2d1f0d720b4aa,8482b5c202e5e3235de8c6063dda4b78550e3f9e00df27d431e2d1f0d720b4aa,exact_v2.1_reference,aligned_with_safety_augmentation,normative_fmri,llm_proposed,literature,evidence_gap,unresolved,false,0
3,2,normative_fmri_014,ncb-scientific-43b88d75579673af,43b88d75579673af885b371f0652ded9c324f9b8bf3da288fe57fd77b533156d,43b88d75579673af885b371f0652ded9c324f9b8bf3da288fe57fd77b533156d,exact_v2.1_reference,aligned_with_safety_augmentation,normative_fmri,llm_proposed,literature,evidence_gap,unresolved,false,0
3,2,normative_fmri_015,ncb-scientific-e1c33335981addda,e1c33335981addda2599fe24aa86c62ac3f0c9a159ee7345d23c83e540683619,e1c33335981addda2599fe24aa86c62ac3f0c9a159ee7345d23c83e540683619,exact_v2.1_reference,aligned_with_safety_augmentation,normative_fmri,llm_proposed,literature,evidence_gap,unresolved,false,0
3,2,normative_fmri_016,ncb-scientific-7c173adc5485d7ce,7c173adc5485d7ce2f944c400dd42b6053d003a6972c57de7cbc05bac07157ce,7c173adc5485d7ce2f944c400dd42b6053d003a6972c57de7cbc05bac07157ce,exact_v2.1_reference,aligned_with_safety_augmentation,normative_fmri,llm_proposed,literature,evidence_gap,unresolved,false,0
3,2,normative_fmri_017,ncb-scientific-e9887ba0003df877,e9887ba0003df8779438a68d1005ebb55b6bb49af3d222c23f2ed43541800f4c,e9887ba0003df8779438a68d1005ebb55b6bb49af3d222c23f2ed43541800f4c,exact_v2.1_reference,aligned_with_safety_augmentation,normative_fmri,llm_proposed,literature,evidence_gap,unresolved,false,0
3,2,normative_fmri_021,ncb-scientific-f84fe6980294c120,f84fe6980294c120bccc3de4d0ceb634edd5c41e1166cc53760b2275e4bae482,f84fe6980294c120bccc3de4d0ceb634edd5c41e1166cc53760b2275e4bae482,exact_v2.1_reference,aligned_with_safety_augmentation,normative_fmri,llm_proposed,literature,evidence_gap,unresolved,false,0
3,2,normative_fmri_022,ncb-scientific-704522685c487d81,704522685c487d817c358b1648972cf4b93110fe504eef340f7662e1605fe2af,704522685c487d817c358b1648972cf4b93110fe504eef340f7662e1605fe2af,exact_v2.1_reference,aligned_with_safety_augmentation,normative_fmri,llm_proposed,literature,evidence_gap,unresolved,false,0
3,2,normative_fmri_023,ncb-scientific-05c17620b6ff0817,05c17620b6ff0817912306ae784d68f40f43538421d7a77238304c5941523117,05c17620b6ff0817912306ae784d68f40f43538421d7a77238304c5941523117,exact_v2.1_reference,aligned_with_safety_augmentation,normative_fmri,llm_proposed,literature,evidence_gap,unresolved,false,0
3,2,normative_fmri_025,ncb-scientific-ee627d7a5d823df0,ee627d7a5d823df05e627bdf39c5c62a61d74c6453f8c490dc39a233a4ecf6a1,ee627d7a5d823df05e627bdf39c5c62a61d74c6453f8c490dc39a233a4ecf6a1,exact_v2.1_reference,aligned_with_safety_augmentation,normative_fmri,llm_proposed,literature,evidence_gap,unresolved,false,0
3,2,normative_fmri_026,ncb-scientific-cb339bf30281cede,cb339bf30281cedea3769b3c8ba3c0199ad8889c6569c72e5720af2c4c1b226d,cb339bf30281cedea3769b3c8ba3c0199ad8889c6569c72e5720af2c4c1b226d,exact_v2.1_reference,aligned_with_safety_augmentation,normative_fmri,llm_proposed,literature,evidence_gap,unresolved,false,0
3,2,normative_fmri_027,ncb-scientific-a427d5471566b2cf,a427d5471566b2cf475103489cde2f05ea57bbab09ea9cdd585ccf3a09b6dc00,a427d5471566b2cf475103489cde2f05ea57bbab09ea9cdd585ccf3a09b6dc00,exact_v2.1_reference,aligned_with_safety_augmentation,normative_fmri,llm_proposed,literature,evidence_gap,unresolved,false,0
3,2,normative_fmri_028,ncb-scientific-2a5d5bc83ab86134,2a5d5bc83ab8613499aab2ac0e974ec72a4dd0f1099d99320ee8a8e449b683b6,2a5d5bc83ab8613499aab2ac0e974ec72a4dd0f1099d99320ee8a8e449b683b6,exact_v2.1_reference,aligned_with_safety_augmentation,normative_fmri,llm_proposed,literature,evidence_gap,unresolved,false,0
3,2,normative_fmri_031,ncb-scientific-c9246d08669f6265,c9246d08669f6265e26d6a274208eaff54a2c585d734065f5cd7d4289f86a6ed,c9246d08669f6265e26d6a274208eaff54a2c585d734065f5cd7d4289f86a6ed,exact_v2.1_reference,aligned_with_safety_augmentation,normative_fmri,llm_proposed,literature,evidence_gap,unresolved,false,0
3,2,normative_fmri_032,ncb-scientific-0fba59d9c8075ce0,0fba59d9c8075ce0e6445699e130455b749c5802904fc65688809203764277dd,0fba59d9c8075ce0e6445699e130455b749c5802904fc65688809203764277dd,exact_v2.1_reference,aligned_with_safety_augmentation,normative_fmri,llm_proposed,literature,evidence_gap,unresolved,false,0
3,2,normative_fmri_033,ncb-scientific-c1b8f2bee08cd388,c1b8f2bee08cd3885ae393bad4189abe4f6f306525a43073ef666674c49e6e5a,c1b8f2bee08cd3885ae393bad4189abe4f6f306525a43073ef666674c49e6e5a,exact_v2.1_reference,aligned_with_safety_augmentation,normative_fmri,llm_proposed,literature,evidence_gap,unresolved,false,0
3,2,normative_fmri_034,ncb-scientific-eafa675a2857a0cb,eafa675a2857a0cb78b9514e4388964a9404eeef0cb89fc7b7b10da646cce92b,eafa675a2857a0cb78b9514e4388964a9404eeef0cb89fc7b7b10da646cce92b,exact_v2.1_reference,aligned_with_safety_augmentation,normative_fmri,llm_proposed,literature,evidence_gap,unresolved,false,0
3,2,normative_fmri_035,ncb-scientific-65466f9b282b22be,65466f9b282b22be1e717ceaf51a11a1383878fa6f0987faf8a0e2a126ffa737,65466f9b282b22be1e717ceaf51a11a1383878fa6f0987faf8a0e2a126ffa737,exact_v2.1_reference,aligned_with_safety_augmentation,normative_fmri,llm_proposed,literature,evidence_gap,unresolved,false,0
3,2,normative_fmri_036,ncb-scientific-d6cbeb536d2b0163,d6cbeb536d2b01632b3c753bd865bcb7f96749ca7f83705faf307f82a8ceda07,d6cbeb536d2b01632b3c753bd865bcb7f96749ca7f83705faf307f82a8ceda07,exact_v2.1_reference,aligned_with_safety_augmentation,normative_fmri,llm_proposed,literature,evidence_gap,unresolved,false,0
3,2,normative_fmri_038,ncb-scientific-06e24b7117348843,06e24b71173488433aa6f5a40a6db8bea7b0468cbafdaa0253d8d8563a1b8453,06e24b71173488433aa6f5a40a6db8bea7b0468cbafdaa0253d8d8563a1b8453,exact_v2.1_reference,aligned_with_safety_augmentation,normative_fmri,llm_proposed,literature,evidence_gap,unresolved,false,0
3,2,normative_fmri_039,ncb-scientific-493d1fd9443c1c35,493d1fd9443c1c35a711b47980ace70d89341606b2d943556f40528ed85ce744,493d1fd9443c1c35a711b47980ace70d89341606b2d943556f40528ed85ce744,exact_v2.1_reference,aligned_with_safety_augmentation,normative_fmri,llm_proposed,literature,evidence_gap,unresolved,false,0
3,2,normative_fmri_040,ncb-scientific-86a81a5f3a28d98c,86a81a5f3a28d98c10f2fd88774a049275a6dd3a56fa4e236ed763a643cae1c7,86a81a5f3a28d98c10f2fd88774a049275a6dd3a56fa4e236ed763a643cae1c7,exact_v2.1_reference,aligned_with_safety_augmentation,normative_fmri,llm_proposed,literature,evidence_gap,unresolved,false,0
3,2,normative_fmri_041,ncb-scientific-ea3fb846fbd7533c,ea3fb846fbd7533c676dd161a54428494426f0c6824d09709a81fa30f338b633,ea3fb846fbd7533c676dd161a54428494426f0c6824d09709a81fa30f338b633,pre_v2_contract_only,ambiguous_unresolved,normative_fmri,llm_proposed,,,,false,0
3,2,normative_fmri_042,ncb-scientific-89c7369d95a29475,89c7369d95a294751cf5c375140d9d130dba267d6c01ae06bb839c019ab703a8,89c7369d95a294751cf5c375140d9d130dba267d6c01ae06bb839c019ab703a8,pre_v2_contract_only,ambiguous_unresolved,normative_fmri,llm_proposed,,,,false,0
3,2,normative_fmri_043,ncb-scientific-9b0372d2c93e148a,9b0372d2c93e148a55d818beea55e176baab43b6cdcbb1cadd346c4698342848,9b0372d2c93e148a55d818beea55e176baab43b6cdcbb1cadd346c4698342848,pre_v2_contract_only,ambiguous_unresolved,normative_fmri,llm_proposed,,,,false,0
3,2,normative_fmri_044,ncb-scientific-adc7daee506cca47,adc7daee506cca470db321582aa77b9cc0e7f2abd527b99d4738e32de92f9075,adc7daee506cca470db321582aa77b9cc0e7f2abd527b99d4738e32de92f9075,pre_v2_contract_only,ambiguous_unresolved,normative_fmri,llm_proposed,,,,false,0
3,2,normative_fmri_047,ncb-scientific-319a1462bfdbc89d,319a1462bfdbc89d930616a30480c076432748e170281465818679f30546de86,319a1462bfdbc89d930616a30480c076432748e170281465818679f30546de86,exact_v2.1_reference,aligned_with_safety_augmentation,normative_fmri,llm_proposed,literature,evidence_gap,unresolved,false,0
3,2,normative_fmri_048,ncb-scientific-0efe8c9435d8ffdf,0efe8c9435d8ffdf5e3a10cd931fb791519373a7a547403b10409137517788bb,0efe8c9435d8ffdf5e3a10cd931fb791519373a7a547403b10409137517788bb,exact_v2.1_reference,aligned_with_safety_augmentation,normative_fmri,llm_proposed,literature,evidence_gap,unresolved,false,0
3,2,normative_fmri_049,ncb-scientific-2a373f053e882288,2a373f053e8822881dab40e7c242d78c2c729156c584d8a69c506f7d761a324d,2a373f053e8822881dab40e7c242d78c2c729156c584d8a69c506f7d761a324d,pre_v2_contract_only,ambiguous_unresolved,normative_fmri,llm_proposed,,,,false,0
3,2,normative_fmri_050,ncb-scientific-faaaeb165e293001,faaaeb165e29300168533c3f46df10bc022f709f42e5ae34a3f8f39f6583b00b,faaaeb165e29300168533c3f46df10bc022f709f42e5ae34a3f8f39f6583b00b,pre_v2_contract_only,ambiguous_unresolved,normative_fmri,llm_proposed,,,,false,0
3,2,adhd_q001,ncb-scientific-9ec4c7f2ec1fad99,9ec4c7f2ec1fad994bbafcb3d8260862dc2d3b5829226c0f0c4ea111889d1c08,9ec4c7f2ec1fad994bbafcb3d8260862dc2d3b5829226c0f0c4ea111889d1c08,exact_v2.1_reference,aligned_with_safety_augmentation,adhd,llm_proposed,literature,evidence_gap,unresolved,false,0
3,2,adhd_q002,ncb-scientific-e655e7f3059cc2a2,e655e7f3059cc2a2fa0bfd47f5738215071ffd1c322d56face875667b06330b8,e655e7f3059cc2a2fa0bfd47f5738215071ffd1c322d56face875667b06330b8,exact_v2.1_reference,aligned_with_safety_augmentation,adhd,llm_proposed,literature,provisional,abstain,false,0
3,2,adhd_q003,ncb-scientific-c8faa8d62af041ef,c8faa8d62af041ef89350be38a83cbeb57d551b518e3e17905b78d1b51c85218,c8faa8d62af041ef89350be38a83cbeb57d551b518e3e17905b78d1b51c85218,exact_v2.1_reference,aligned,adhd,llm_proposed,literature,evidence_gap,unresolved,false,0
3,2,adhd_q004,ncb-scientific-6bedac272110f713,6bedac272110f71307ba214166242c783aaabb9d2c90371d6e25cf14b2258297,6bedac272110f71307ba214166242c783aaabb9d2c90371d6e25cf14b2258297,exact_v2.1_reference,aligned_with_safety_augmentation,adhd,llm_proposed,literature,evidence_gap,unresolved,false,0
3,2,adhd_q005,ncb-scientific-73e0f34188f4c613,73e0f34188f4c613bbaf75216cae99010b0947ca6e64f339d66544a75dcdd5d4,73e0f34188f4c613bbaf75216cae99010b0947ca6e64f339d66544a75dcdd5d4,exact_v2.1_reference,aligned_with_safety_augmentation,adhd,llm_proposed,literature,provisional,confirm,false,0
3,2,adhd_q006,ncb-scientific-2b36f4bbee998e56,2b36f4bbee998e56371c67ff67d3eb58cb82ee7ec32ac324f688db7f55016f64,2b36f4bbee998e56371c67ff67d3eb58cb82ee7ec32ac324f688db7f55016f64,exact_v2.1_reference,aligned,adhd,llm_proposed,literature,evidence_gap,unresolved,false,0
3,2,adhd_q007,ncb-scientific-ccf76ee04722df94,ccf76ee04722df945c7c574a27b2da49fc63bef96e9b9b9f3ee1612f4beb0257,ccf76ee04722df945c7c574a27b2da49fc63bef96e9b9b9f3ee1612f4beb0257,exact_v2.1_reference,aligned_with_safety_augmentation,adhd,llm_proposed,literature,evidence_gap,unresolved,false,0
3,2,adhd_q008,ncb-scientific-8875a7bf33df9519,8875a7bf33df951977e26ecd4ecf5885a3a6e08b889d220be4400f20649c8706,8875a7bf33df951977e26ecd4ecf5885a3a6e08b889d220be4400f20649c8706,exact_v2.1_reference,aligned_with_safety_augmentation,adhd,llm_proposed,literature,evidence_gap,unresolved,false,0
3,2,adhd_q009,ncb-scientific-bdc24737aa23b682,bdc24737aa23b68213ee1a77d82e33597f5039ce548624b69e5675e7b1b02b18,bdc24737aa23b68213ee1a77d82e33597f5039ce548624b69e5675e7b1b02b18,exact_v2.1_reference,aligned_with_safety_augmentation,adhd,llm_proposed,literature,evidence_gap,unresolved,false,0
3,2,adhd_q010,ncb-scientific-5b0717b45335d600,5b0717b45335d600cb9bb3a3365f50480541f74ab04b95723d2b163524b995c2,5b0717b45335d600cb9bb3a3365f50480541f74ab04b95723d2b163524b995c2,exact_v2.1_reference,aligned_with_safety_augmentation,adhd,llm_proposed,literature,evidence_gap,unresolved,false,0
3,2,adhd_q012,ncb-scientific-6560b15c380073ca,6560b15c380073caf1f8bfe84bf2978902d6605bfe8aacd3a4262b47295b8f9f,6560b15c380073caf1f8bfe84bf2978902d6605bfe8aacd3a4262b47295b8f9f,exact_v2.1_reference,aligned_with_safety_augmentation,adhd,llm_proposed,literature,evidence_gap,unresolved,false,0
3,2,adhd_q016,ncb-scientific-bdd01753f9ebb90c,bdd01753f9ebb90c217a505dcc5198d851aee4b3c3450e682d1615f35e5dd44c,bdd01753f9ebb90c217a505dcc5198d851aee4b3c3450e682d1615f35e5dd44c,exact_v2.1_reference,aligned,adhd,llm_proposed,literature,evidence_gap,unresolved,false,0
3,2,adhd_q020,ncb-scientific-afe1f83e3d954a8c,afe1f83e3d954a8cea0ae7eceea167af281c6ea8ddce2bc289e93500d6ac2e54,afe1f83e3d954a8cea0ae7eceea167af281c6ea8ddce2bc289e93500d6ac2e54,exact_v2.1_reference,aligned_with_safety_augmentation,adhd,llm_proposed,literature,provisional,confirm,false,0
3,2,adhd_q022,ncb-scientific-2b20954defb2352a,2b20954defb2352adc7058f253db893e9e15a670abc51dcc80c24098106801e4,2b20954defb2352adc7058f253db893e9e15a670abc51dcc80c24098106801e4,pre_v2_contract_only,non_executable,adhd,llm_proposed,,,,false,0
3,2,adhd_q023,ncb-scientific-7c005de1c12b32a7,7c005de1c12b32a7b7a45e61565deb980582119a1b92e7e4f0083c9e8537a1d0,22e9dad3dc77b808e6883b1259492c9cf8f1bb52d57623e5d3afd28fd4ecd81a,pre_v2_contract_only,repairable_contract,adhd,llm_proposed,,,,false,0
3,2,adhd_q025,ncb-scientific-6c7b0f8ae69a2d50,6c7b0f8ae69a2d5037f71bb7af54369267c1d4746b35ba4b0575665297cfaab0,6c7b0f8ae69a2d5037f71bb7af54369267c1d4746b35ba4b0575665297cfaab0,pre_v2_contract_only,non_executable,adhd,llm_proposed,,,,false,0
3,2,adhd_q029,ncb-scientific-672ab5d3a6c11820,672ab5d3a6c11820c5309d195f4983f50a16b545c77a52895353cabd01a16c41,672ab5d3a6c11820c5309d195f4983f50a16b545c77a52895353cabd01a16c41,exact_v2.1_reference,aligned,adhd,llm_proposed,literature,evidence_gap,unresolved,false,0
3,2,adhd_q030,ncb-scientific-d37402dd791a12dc,d37402dd791a12dc5975c0b5a9fc0994be3d63826bdbf317c431e337efa54f61,d37402dd791a12dc5975c0b5a9fc0994be3d63826bdbf317c431e337efa54f61,exact_v2.1_reference,aligned_with_safety_augmentation,adhd,llm_proposed,literature,evidence_gap,unresolved,false,0
3,2,adhd_q031,ncb-scientific-c64dac21d8591104,c64dac21d8591104aa2912c0fc623cb3df7ae2fad45f89683dcc7f18692dc403,c64dac21d8591104aa2912c0fc623cb3df7ae2fad45f89683dcc7f18692dc403,exact_v2.1_reference,aligned_with_safety_augmentation,adhd,llm_proposed,literature,evidence_gap,unresolved,false,0
3,2,adhd_q032,ncb-scientific-6d7bbb66ca61d088,6d7bbb66ca61d088b1b6677f1693112e85a9ec6c6c0e8c82beb93a4244532157,6d7bbb66ca61d088b1b6677f1693112e85a9ec6c6c0e8c82beb93a4244532157,exact_v2.1_reference,aligned_with_safety_augmentation,adhd,llm_proposed,literature,evidence_gap,unresolved,false,0
3,2,adhd_q033,ncb-scientific-b6bcaf52ce24d411,b6bcaf52ce24d41101405c05556ff4df7a5cf370d247fb9fbe590d817921a011,b6bcaf52ce24d41101405c05556ff4df7a5cf370d247fb9fbe590d817921a011,exact_v2.1_reference,aligned,adhd,llm_proposed,literature,evidence_gap,unresolved,false,0
3,2,adhd_q034,ncb-scientific-03136ab7c6bb7990,03136ab7c6bb7990d987f647394f6865d014527a752393660750e24e0cd5b01d,03136ab7c6bb7990d987f647394f6865d014527a752393660750e24e0cd5b01d,exact_v2.1_reference,aligned_with_safety_augmentation,adhd,llm_proposed,literature,evidence_gap,unresolved,false,0
3,2,adhd_q035,ncb-scientific-721c4fa75e038ea4,721c4fa75e038ea4bdb26ce48b91b63d0615507f3c7e11e3dd07f46967efa967,721c4fa75e038ea4bdb26ce48b91b63d0615507f3c7e11e3dd07f46967efa967,exact_v2.1_reference,aligned_with_safety_augmentation,adhd,llm_proposed,literature,evidence_gap,unresolved,false,0
3,2,adhd_q036,ncb-scientific-5af5c999c214ab93,5af5c999c214ab9372f9f2d8ade3dd6da56394efb2231c76129e7a21833959ea,5af5c999c214ab9372f9f2d8ade3dd6da56394efb2231c76129e7a21833959ea,exact_v2.1_reference,aligned_with_safety_augmentation,adhd,llm_proposed,literature,evidence_gap,unresolved,false,0
3,2,adhd_q042,ncb-scientific-579c77d9f61e5f87,579c77d9f61e5f872fb1fae891fba19835a019868aa8a7ef7a47d76233ac7b33,579c77d9f61e5f872fb1fae891fba19835a019868aa8a7ef7a47d76233ac7b33,exact_v2.1_reference,aligned_with_safety_augmentation,adhd,llm_proposed,literature,evidence_gap,unresolved,false,0
3,2,adhd_q043,ncb-scientific-f38d6fdbc4e79d95,f38d6fdbc4e79d95965379c89ad839dad19e0303155a580a4d7bcd26ddf9a32d,f38d6fdbc4e79d95965379c89ad839dad19e0303155a580a4d7bcd26ddf9a32d,exact_v2.1_reference,aligned_with_safety_augmentation,adhd,llm_proposed,literature,evidence_gap,unresolved,false,0
3,2,adhd_q044,ncb-scientific-0d57166941ee6987,0d57166941ee6987a8e94a201d566f6551e2f9cde82cc2d83fe95e4b02d7cf43,0d57166941ee6987a8e94a201d566f6551e2f9cde82cc2d83fe95e4b02d7cf43,exact_v2.1_reference,aligned_with_safety_augmentation,adhd,llm_proposed,literature,evidence_gap,unresolved,false,0
3,2,adhd_q045,ncb-scientific-ad793f2b627c14db,ad793f2b627c14db9571a23bc5ff054129a8af48d092cae596e02c3fbd8ca3e6,ad793f2b627c14db9571a23bc5ff054129a8af48d092cae596e02c3fbd8ca3e6,pre_v2_contract_only,ambiguous_unresolved,adhd,llm_proposed,,,,false,0
3,2,adhd_q046,ncb-scientific-91575e683551f750,91575e683551f75081c4f506c9039447b9776b05e7c95ff1bf81a2323f0c51b9,91575e683551f75081c4f506c9039447b9776b05e7c95ff1bf81a2323f0c51b9,exact_v2.1_reference,aligned,adhd,llm_proposed,literature,evidence_gap,unresolved,false,0
3,2,adhd_q047,ncb-scientific-feb70aa94fa7c90f,feb70aa94fa7c90fa2df8c05f733ba5d944a5de106a49eb36eb63cbfa0415e66,feb70aa94fa7c90fa2df8c05f733ba5d944a5de106a49eb36eb63cbfa0415e66,exact_v2.1_reference,aligned,adhd,llm_proposed,literature,strict,abstain,false,0
3,2,adhd_q048,ncb-scientific-0cdad63325891f3d,0cdad63325891f3d72ae9d25459e2fb0c7ad22a7911a1534b14c6b1dfdc02f28,0cdad63325891f3d72ae9d25459e2fb0c7ad22a7911a1534b14c6b1dfdc02f28,exact_v2.1_reference,aligned,adhd,llm_proposed,literature,provisional,abstain,false,0
3,2,adhd_q049,ncb-scientific-41e14c6dd1c2213b,41e14c6dd1c2213b09c65b85fb99ab48160786245ae19fcdf1dbe6c8a7704fe3,41e14c6dd1c2213b09c65b85fb99ab48160786245ae19fcdf1dbe6c8a7704fe3,exact_v2.1_reference,aligned,adhd,llm_proposed,literature,evidence_gap,unresolved,false,0
3,2,adhd_q050,ncb-scientific-30329250c399e0e1,30329250c399e0e19f0099ec82e0f1abd36cca45c0178fcdc6800cf75650db9e,30329250c399e0e19f0099ec82e0f1abd36cca45c0178fcdc6800cf75650db9e,exact_v2.1_reference,aligned,adhd,llm_proposed,literature,provisional,abstain,false,0
3,2,asd_q001,ncb-scientific-3e1160c83f5950a6,3e1160c83f5950a67cb5f0bbc0478fdf9f1049f9a00563f8ba1bc631c90a9dbf,3e1160c83f5950a67cb5f0bbc0478fdf9f1049f9a00563f8ba1bc631c90a9dbf,exact_v2.1_reference,aligned_with_safety_augmentation,asd,llm_proposed,literature,provisional,confirm,false,0
3,2,asd_q002,ncb-scientific-f6cf8c122d61317c,f6cf8c122d61317c21a1377772ef6ad477761ad1859be149fd5cb4bce5a08ef9,f6cf8c122d61317c21a1377772ef6ad477761ad1859be149fd5cb4bce5a08ef9,exact_v2.1_reference,aligned_with_safety_augmentation,asd,llm_proposed,literature,evidence_gap,unresolved,false,0
3,2,asd_q003,ncb-scientific-b2bc1b3dc8d74234,b2bc1b3dc8d742349867f9f8a7e42fb3186657691ec0e71f041febf9a92913f6,b2bc1b3dc8d742349867f9f8a7e42fb3186657691ec0e71f041febf9a92913f6,exact_v2.1_reference,aligned_with_safety_augmentation,asd,llm_proposed,literature,provisional,abstain,false,0
3,2,asd_q004,ncb-scientific-83e09f86b797842d,83e09f86b797842db14cf907d844db23b34efc9e14034f96c3ccdb763c272e12,83e09f86b797842db14cf907d844db23b34efc9e14034f96c3ccdb763c272e12,exact_v2.1_reference,aligned_with_safety_augmentation,asd,llm_proposed,literature,provisional,abstain,false,0
3,2,asd_q005,ncb-scientific-2aadc4e4de851c0e,2aadc4e4de851c0e2f50ccae550c5f5b5318d46843b677d9fa6b9b8ee0ab5262,2aadc4e4de851c0e2f50ccae550c5f5b5318d46843b677d9fa6b9b8ee0ab5262,exact_v2.1_reference,aligned_with_safety_augmentation,asd,llm_proposed,literature,evidence_gap,unresolved,false,0
3,2,asd_q006,ncb-scientific-31ff42faa1d10211,31ff42faa1d102115303e78160cfa36a14361f7d5ebb5f9c28e43a81eac4e858,31ff42faa1d102115303e78160cfa36a14361f7d5ebb5f9c28e43a81eac4e858,exact_v2.1_reference,aligned_with_safety_augmentation,asd,llm_proposed,literature,evidence_gap,unresolved,false,0
3,2,asd_q007,ncb-scientific-0c04451321f8aa46,0c04451321f8aa463f1d1bfe0e785823e00d716a57d204c1b000827ea22d686c,0c04451321f8aa463f1d1bfe0e785823e00d716a57d204c1b000827ea22d686c,exact_v2.1_reference,aligned_with_safety_augmentation,asd,llm_proposed,literature,evidence_gap,unresolved,false,0
3,2,asd_q008,ncb-scientific-8d7c71367a2043b9,8d7c71367a2043b90fd51104e7c42a5e0fbd4068a2810fc8c3cbff83c8af75e6,8d7c71367a2043b90fd51104e7c42a5e0fbd4068a2810fc8c3cbff83c8af75e6,exact_v2.1_reference,aligned_with_safety_augmentation,asd,llm_proposed,literature,provisional,abstain,false,0
3,2,asd_q009,ncb-scientific-e59e508b9cc05116,e59e508b9cc05116c4cf470f0f1a2f388a2f1589d7452ef3d8199026639608ba,e59e508b9cc05116c4cf470f0f1a2f388a2f1589d7452ef3d8199026639608ba,pre_v2_contract_only,ambiguous_unresolved,asd,llm_proposed,,,,false,0
3,2,asd_q010,ncb-scientific-ff4d46696cfed68a,ff4d46696cfed68a15180d4899c7d603dd7670c50318e776fa4991d2d5e8a6fe,ff4d46696cfed68a15180d4899c7d603dd7670c50318e776fa4991d2d5e8a6fe,exact_v2.1_reference,aligned_with_safety_augmentation,asd,llm_proposed,literature,evidence_gap,unresolved,false,0
3,2,asd_q011,ncb-scientific-548cb9ea8bd9f8de,548cb9ea8bd9f8debed81d65b27010ba68443f8389de280f24e0a60133bfd4ba,548cb9ea8bd9f8debed81d65b27010ba68443f8389de280f24e0a60133bfd4ba,exact_v2.1_reference,aligned_with_safety_augmentation,asd,llm_proposed,literature,evidence_gap,unresolved,false,0
3,2,asd_q012,ncb-scientific-08efd1786e5b448a,08efd1786e5b448a84158f5fd3ce228ce6c198e48d98d9822b46850721e8ef2c,08efd1786e5b448a84158f5fd3ce228ce6c198e48d98d9822b46850721e8ef2c,exact_v2.1_reference,aligned_with_safety_augmentation,asd,llm_proposed,literature,evidence_gap,unresolved,false,0
3,2,asd_q013,ncb-scientific-adc64a42191e17f6,adc64a42191e17f63007bc25281becbf3d5835b1b4907a7c66c7d4875362948d,adc64a42191e17f63007bc25281becbf3d5835b1b4907a7c66c7d4875362948d,exact_v2.1_reference,aligned_with_safety_augmentation,asd,llm_proposed,literature,evidence_gap,unresolved,false,0
3,2,asd_q014,ncb-scientific-3ad601039168835a,3ad601039168835a0aa9153a5d2400c86e8ebb3edd86792e9be32f9545952cb0,3ad601039168835a0aa9153a5d2400c86e8ebb3edd86792e9be32f9545952cb0,exact_v2.1_reference,aligned_with_safety_augmentation,asd,llm_proposed,literature,evidence_gap,unresolved,false,0
3,2,asd_q015,ncb-scientific-7a87a86398becf44,7a87a86398becf44806656c7b8437f675f371fd6f2644ac257e562ca90b86a6a,7a87a86398becf44806656c7b8437f675f371fd6f2644ac257e562ca90b86a6a,exact_v2.1_reference,aligned_with_safety_augmentation,asd,llm_proposed,literature,evidence_gap,unresolved,false,0
3,2,asd_q016,ncb-scientific-67de4555230bc27a,67de4555230bc27a2720a39d25ba2b54acdc13b8df64eb624e3b7162eb249cbf,67de4555230bc27a2720a39d25ba2b54acdc13b8df64eb624e3b7162eb249cbf,exact_v2.1_reference,aligned_with_safety_augmentation,asd,llm_proposed,literature,evidence_gap,unresolved,false,0
3,2,asd_q017,ncb-scientific-30f73b540a076be8,30f73b540a076be8877cbf58acf8e237d4ffaf8c5fa00b91f350eced56d4fe50,30f73b540a076be8877cbf58acf8e237d4ffaf8c5fa00b91f350eced56d4fe50,exact_v2.1_reference,aligned_with_safety_augmentation,asd,llm_proposed,literature,evidence_gap,unresolved,false,0
3,2,asd_q018,ncb-scientific-9c2e4221cf5ca105,9c2e4221cf5ca105c142aa03f1212934ddcc6f3a0b4ae66e5f9d130f892c1d68,9c2e4221cf5ca105c142aa03f1212934ddcc6f3a0b4ae66e5f9d130f892c1d68,exact_v2.1_reference,aligned_with_safety_augmentation,asd,llm_proposed,literature,provisional,abstain,false,0
3,2,asd_q019,ncb-scientific-d3b9d78a966173c6,d3b9d78a966173c6a58a5b8ed01a0316ad73601092701d1310f08cee0928e62e,d3b9d78a966173c6a58a5b8ed01a0316ad73601092701d1310f08cee0928e62e,exact_v2.1_reference,aligned_with_safety_augmentation,asd,llm_proposed,literature,evidence_gap,unresolved,false,0
3,2,asd_q020,ncb-scientific-09bce8d2747a588b,09bce8d2747a588b48e78179d64eef021ef591c62d258c96db87fa1a187763be,09bce8d2747a588b48e78179d64eef021ef591c62d258c96db87fa1a187763be,exact_v2.1_reference,aligned_with_safety_augmentation,asd,llm_proposed,literature,evidence_gap,unresolved,false,0
3,2,asd_q021,ncb-scientific-5e6aa7181e35b605,5e6aa7181e35b6057dcfa0b2ef30e1accaf27ffa30c7110a71e05a7d42cd2bf4,5e6aa7181e35b6057dcfa0b2ef30e1accaf27ffa30c7110a71e05a7d42cd2bf4,exact_v2.1_reference,aligned_with_safety_augmentation,asd,llm_proposed,literature,evidence_gap,unresolved,false,0
3,2,asd_q022,ncb-scientific-7fe9235c8d5841b2,7fe9235c8d5841b21b4e02f5f1ea3da19d265b3dae41e4689eb549064708d519,7fe9235c8d5841b21b4e02f5f1ea3da19d265b3dae41e4689eb549064708d519,exact_v2.1_reference,aligned_with_safety_augmentation,asd,llm_proposed,literature,evidence_gap,unresolved,false,0
3,2,asd_q023,ncb-scientific-2e389c7806389508,2e389c780638950829799320349d8009aea6c3e9e69be08b1982e12b5b434c52,2e389c780638950829799320349d8009aea6c3e9e69be08b1982e12b5b434c52,exact_v2.1_reference,aligned_with_safety_augmentation,asd,llm_proposed,literature,evidence_gap,unresolved,false,0
3,2,asd_q024,ncb-scientific-46c685780a6efe6d,46c685780a6efe6d8000426a098ef58223dceb61be99792eabb6a33e80beadb1,46c685780a6efe6d8000426a098ef58223dceb61be99792eabb6a33e80beadb1,exact_v2.1_reference,aligned_with_safety_augmentation,asd,llm_proposed,literature,evidence_gap,unresolved,false,0
3,2,asd_q025,ncb-scientific-31990e646f54d4e6,31990e646f54d4e694348212341524808d583a3747736b6aec3da643ffe1484e,31990e646f54d4e694348212341524808d583a3747736b6aec3da643ffe1484e,exact_v2.1_reference,aligned_with_safety_augmentation,asd,llm_proposed,literature,evidence_gap,unresolved,false,0
3,2,asd_q026,ncb-scientific-2f6ce6fa5ea95eeb,2f6ce6fa5ea95eeb785ac239b4ff56b118d9d5b5b0e1c76df4fda92bdb52f08c,2f6ce6fa5ea95eeb785ac239b4ff56b118d9d5b5b0e1c76df4fda92bdb52f08c,exact_v2.1_reference,aligned_with_safety_augmentation,asd,llm_proposed,literature,evidence_gap,unresolved,false,0
3,2,asd_q027,ncb-scientific-68bd56b0483a236c,68bd56b0483a236c99db6544b25fa5e81003dd38c2af773be2d3d39b9ad070a6,68bd56b0483a236c99db6544b25fa5e81003dd38c2af773be2d3d39b9ad070a6,exact_v2.1_reference,aligned_with_safety_augmentation,asd,llm_proposed,literature,evidence_gap,unresolved,false,0
3,2,asd_q028,ncb-scientific-83e8c22eb0f4831a,83e8c22eb0f4831ab466f92d33a57545f9a4ac8eb8d3c9af44021b75c7fef4c4,83e8c22eb0f4831ab466f92d33a57545f9a4ac8eb8d3c9af44021b75c7fef4c4,exact_v2.1_reference,aligned_with_safety_augmentation,asd,llm_proposed,literature,evidence_gap,unresolved,false,0
3,2,asd_q029,ncb-scientific-a02841671504d8cd,a02841671504d8cd91f7002bbbc87782b0cb75c4c91c3c75f40930bf0fc27467,a02841671504d8cd91f7002bbbc87782b0cb75c4c91c3c75f40930bf0fc27467,exact_v2.1_reference,aligned_with_safety_augmentation,asd,llm_proposed,literature,evidence_gap,unresolved,false,0
3,2,asd_q030,ncb-scientific-3ba54e0248b29adb,3ba54e0248b29adb223a15306b37f76fc0e2b932fed74e86bd845de4c1fb2ee8,3ba54e0248b29adb223a15306b37f76fc0e2b932fed74e86bd845de4c1fb2ee8,exact_v2.1_reference,aligned_with_safety_augmentation,asd,llm_proposed,literature,evidence_gap,unresolved,false,0
3,2,asd_q031,ncb-scientific-a7bd041be62e2db4,a7bd041be62e2db43aded1d76a6c0b581c7274b1f519b9d483c62e6dc39f3136,a7bd041be62e2db43aded1d76a6c0b581c7274b1f519b9d483c62e6dc39f3136,exact_v2.1_reference,aligned_with_safety_augmentation,asd,llm_proposed,literature,evidence_gap,unresolved,false,0
3,2,asd_q032,ncb-scientific-19802d4080b79f2e,19802d4080b79f2e8f176ede52b798824d854ec76cd44f5f03a2db90b40b33bc,19802d4080b79f2e8f176ede52b798824d854ec76cd44f5f03a2db90b40b33bc,exact_v2.1_reference,aligned_with_safety_augmentation,asd,llm_proposed,literature,evidence_gap,unresolved,false,0
3,2,asd_q033,ncb-scientific-caeb5a6d248ba33c,caeb5a6d248ba33c770c82b3dc6515580c3efad63440adbbb4688d39731a3c41,caeb5a6d248ba33c770c82b3dc6515580c3efad63440adbbb4688d39731a3c41,exact_v2.1_reference,aligned_with_safety_augmentation,asd,llm_proposed,literature,evidence_gap,unresolved,false,0
3,2,asd_q034,ncb-scientific-1f13a7aee9fc1c7d,1f13a7aee9fc1c7dc1187efe86c3068be853653eb4050183fac5bcb492b8bbe3,1f13a7aee9fc1c7dc1187efe86c3068be853653eb4050183fac5bcb492b8bbe3,exact_v2.1_reference,aligned_with_safety_augmentation,asd,llm_proposed,literature,evidence_gap,unresolved,false,0
3,2,asd_q035,ncb-scientific-9b768a7494df75b2,9b768a7494df75b24fdc89ed6f68cee71fad50a0a2b02684368bd092524d7453,9b768a7494df75b24fdc89ed6f68cee71fad50a0a2b02684368bd092524d7453,exact_v2.1_reference,aligned_with_safety_augmentation,asd,llm_proposed,literature,evidence_gap,unresolved,false,0
3,2,asd_q036,ncb-scientific-61274f38e0112edd,61274f38e0112edde8180b2b74bd970e73a3a503b87528dec8547ff8d39e08d3,61274f38e0112edde8180b2b74bd970e73a3a503b87528dec8547ff8d39e08d3,exact_v2.1_reference,aligned_with_safety_augmentation,asd,llm_proposed,literature,evidence_gap,unresolved,false,0
3,2,asd_q037,ncb-scientific-149b1f2aeda4fcb1,149b1f2aeda4fcb1612b5edd3c9ba5d3fdc4cc18d9c5aa1afa53e32c85ed567e,149b1f2aeda4fcb1612b5edd3c9ba5d3fdc4cc18d9c5aa1afa53e32c85ed567e,exact_v2.1_reference,aligned_with_safety_augmentation,asd,llm_proposed,literature,evidence_gap,unresolved,false,0
3,2,asd_q038,ncb-scientific-c631e745a39a4c34,c631e745a39a4c34b7a2b47ee20ac723363fb4d3f247ba63938ada9c0511f640,c631e745a39a4c34b7a2b47ee20ac723363fb4d3f247ba63938ada9c0511f640,exact_v2.1_reference,aligned_with_safety_augmentation,asd,llm_proposed,literature,evidence_gap,unresolved,false,0
3,2,asd_q039,ncb-scientific-3bb5fd92cff87e34,3bb5fd92cff87e343d33e2cd0d6797eaf54d41cfe43a2123a8f42229247ead6c,3bb5fd92cff87e343d33e2cd0d6797eaf54d41cfe43a2123a8f42229247ead6c,exact_v2.1_reference,aligned_with_safety_augmentation,asd,llm_proposed,literature,evidence_gap,unresolved,false,0
3,2,asd_q040,ncb-scientific-cfe09363aec199e4,cfe09363aec199e4d87cfd179508934aa0a694e2ac85f122d79bab05a56bf5ba,cfe09363aec199e4d87cfd179508934aa0a694e2ac85f122d79bab05a56bf5ba,exact_v2.1_reference,aligned,asd,llm_proposed,literature,provisional,confirm,false,0
3,2,asd_q041,ncb-scientific-c823298f5f12df8a,c823298f5f12df8af07efc39e57413ee6b375c5f9f95bf060e712101c70c15cd,c823298f5f12df8af07efc39e57413ee6b375c5f9f95bf060e712101c70c15cd,exact_v2.1_reference,aligned_with_safety_augmentation,asd,llm_proposed,literature,evidence_gap,unresolved,false,0
3,2,asd_q042,ncb-scientific-1f634e71dd689f9b,1f634e71dd689f9bf628ab2462201c44d5996f29424ad3bb244eae08906e402b,1f634e71dd689f9bf628ab2462201c44d5996f29424ad3bb244eae08906e402b,exact_v2.1_reference,aligned_with_safety_augmentation,asd,llm_proposed,literature,evidence_gap,unresolved,false,0
3,2,asd_q043,ncb-scientific-1329501baee4943a,1329501baee4943a8d1925394f1bd0c531b39a4df9d4412f31a9e326f49d547b,1329501baee4943a8d1925394f1bd0c531b39a4df9d4412f31a9e326f49d547b,exact_v2.1_reference,aligned_with_safety_augmentation,asd,llm_proposed,literature,evidence_gap,unresolved,false,0
3,2,asd_q044,ncb-scientific-531f4a09678d2222,531f4a09678d2222e7dfb2b3f2c5e270ea361cb4ff770d5a532b98fb51322082,531f4a09678d2222e7dfb2b3f2c5e270ea361cb4ff770d5a532b98fb51322082,exact_v2.1_reference,aligned_with_safety_augmentation,asd,llm_proposed,literature,evidence_gap,unresolved,false,0
3,2,asd_q045,ncb-scientific-1518a0abab435142,1518a0abab43514213f4d83221121b85df589c0db1f51783ab24f10b187a989c,1518a0abab43514213f4d83221121b85df589c0db1f51783ab24f10b187a989c,exact_v2.1_reference,aligned_with_safety_augmentation,asd,llm_proposed,literature,evidence_gap,unresolved,false,0
3,2,asd_q046,ncb-scientific-afbfd52ab898aa8b,afbfd52ab898aa8b75058616b6193b34892bea7f7d452244ed64defafeede78a,afbfd52ab898aa8b75058616b6193b34892bea7f7d452244ed64defafeede78a,exact_v2.1_reference,aligned,asd,llm_proposed,literature,strict,abstain,false,0
3,2,asd_q047,ncb-scientific-5d4734ea98c9d333,5d4734ea98c9d333507a8f256c939d4c32820705161302d7f9b6dece95787e70,5d4734ea98c9d333507a8f256c939d4c32820705161302d7f9b6dece95787e70,exact_v2.1_reference,aligned_with_safety_augmentation,asd,llm_proposed,literature,evidence_gap,unresolved,false,0
3,2,asd_q048,ncb-scientific-58fd062031fc801e,58fd062031fc801ec995be400539f15fb05609ddaa041a485e24b531f854d19c,58fd062031fc801ec995be400539f15fb05609ddaa041a485e24b531f854d19c,exact_v2.1_reference,aligned_with_safety_augmentation,asd,llm_proposed,literature,evidence_gap,unresolved,false,0
3,2,asd_q049,ncb-scientific-be9238714808b664,be9238714808b66402159f2c45825993dd00eadd147b39f453e2e7e450668e79,be9238714808b66402159f2c45825993dd00eadd147b39f453e2e7e450668e79,exact_v2.1_reference,aligned_with_safety_augmentation,asd,llm_proposed,literature,evidence_gap,unresolved,false,0
3,2,asd_q050,ncb-scientific-206dd8d45a4d9d89,206dd8d45a4d9d891eb2644f5acdf1aeb9a4d894209c6c0c3142e2a74481d2e3,206dd8d45a4d9d891eb2644f5acdf1aeb9a4d894209c6c0c3142e2a74481d2e3,exact_v2.1_reference,aligned_with_safety_augmentation,asd,llm_proposed,literature,evidence_gap,unresolved,false,0
3,2,ad_aging_q027,ncb-scientific-7f4258667f94f44d,7f4258667f94f44d5e73e949aab05c8374dbe1ac010e146956307f30d3201ba2,7f4258667f94f44d5e73e949aab05c8374dbe1ac010e146956307f30d3201ba2,exact_v2.1_reference,aligned_with_safety_augmentation,ad_aging,llm_proposed,literature,evidence_gap,unresolved,false,0
3,2,ad_aging_q028,ncb-scientific-1775e0699f7d950f,1775e0699f7d950fdfe70ffa2494b3427fbca176a2fb9bd01c5bf5329b7dd39e,1775e0699f7d950fdfe70ffa2494b3427fbca176a2fb9bd01c5bf5329b7dd39e,exact_v2.1_reference,aligned_with_safety_augmentation,ad_aging,llm_proposed,literature,evidence_gap,unresolved,false,0
3,2,ad_aging_q029,ncb-scientific-bf6a4a4dabf8357f,bf6a4a4dabf8357f31e6a07ae1504771c332c4ed81929fb895a09609631d5866,bf6a4a4dabf8357f31e6a07ae1504771c332c4ed81929fb895a09609631d5866,exact_v2.1_reference,aligned_with_safety_augmentation,ad_aging,llm_proposed,literature,evidence_gap,unresolved,true,2
3,2,ad_aging_q030,ncb-scientific-75bd3855eddc86c8,75bd3855eddc86c8164fd4b8c788b0d2ff249afef49acbd1c2597bcf3031ee46,75bd3855eddc86c8164fd4b8c788b0d2ff249afef49acbd1c2597bcf3031ee46,exact_v2.1_reference,aligned_with_safety_augmentation,ad_aging,llm_proposed,literature,strict,confirm,true,1
3,2,ad_aging_q032,ncb-scientific-c922885057dbc163,c922885057dbc163bc0da7c09a1f929618f4043b01e964bfbd4ba2d3947e992e,c922885057dbc163bc0da7c09a1f929618f4043b01e964bfbd4ba2d3947e992e,exact_v2.1_reference,aligned_with_safety_augmentation,ad_aging,llm_proposed,literature,evidence_gap,unresolved,true,1
3,2,ad_aging_q034,ncb-scientific-0945ff60b5d68ba8,0945ff60b5d68ba89a298e0d5c7f9a2de1625b057bca524e15324d9708ecf806,0945ff60b5d68ba89a298e0d5c7f9a2de1625b057bca524e15324d9708ecf806,exact_v2.1_reference,aligned_with_safety_augmentation,ad_aging,llm_proposed,literature,evidence_gap,unresolved,true,3
3,2,ad_aging_q035,ncb-scientific-2dcda273dbedc219,2dcda273dbedc219ed9d5d8682aa85ac5f279a5b7efa0b335d1568599836b508,2dcda273dbedc219ed9d5d8682aa85ac5f279a5b7efa0b335d1568599836b508,exact_v2.1_reference,aligned_with_safety_augmentation,ad_aging,llm_proposed,literature,evidence_gap,unresolved,false,0
3,2,ad_aging_q036,ncb-scientific-cc1c11b70cdbc35f,cc1c11b70cdbc35f0fb7b7692822abca760f09315d96cba5c2e0c0d8c07fcfe3,cc1c11b70cdbc35f0fb7b7692822abca760f09315d96cba5c2e0c0d8c07fcfe3,exact_v2.1_reference,aligned_with_safety_augmentation,ad_aging,llm_proposed,literature,evidence_gap,unresolved,false,0
3,2,ad_aging_q037,ncb-scientific-0b054fd85acaa063,0b054fd85acaa06382e368b06e24cb23876d673dda29faac3b690645e449b6d5,0b054fd85acaa06382e368b06e24cb23876d673dda29faac3b690645e449b6d5,exact_v2.1_reference,aligned_with_safety_augmentation,ad_aging,llm_proposed,literature,evidence_gap,unresolved,false,0
3,2,ad_aging_q038,ncb-scientific-1d2a9e0f4f0b8bc3,1d2a9e0f4f0b8bc35fe53e1c18e110f8965f0dbb01897b1aba0cbe4d193e5821,1d2a9e0f4f0b8bc35fe53e1c18e110f8965f0dbb01897b1aba0cbe4d193e5821,exact_v2.1_reference,aligned_with_safety_augmentation,ad_aging,llm_proposed,literature,evidence_gap,unresolved,false,0
3,2,ad_aging_q039,ncb-scientific-a545812912502796,a5458129125027964cfadcefcff0f19c0d3ceed68aede1f9609ffc45247c35e4,a5458129125027964cfadcefcff0f19c0d3ceed68aede1f9609ffc45247c35e4,exact_v2.1_reference,aligned_with_safety_augmentation,ad_aging,llm_proposed,literature,evidence_gap,unresolved,false,0
3,2,ad_aging_q040,ncb-scientific-0b054fd85acaa063,0b054fd85acaa06382e368b06e24cb23876d673dda29faac3b690645e449b6d5,0b054fd85acaa06382e368b06e24cb23876d673dda29faac3b690645e449b6d5,exact_v2.1_reference,aligned_with_safety_augmentation,ad_aging,llm_proposed,literature,evidence_gap,unresolved,false,0
3,2,ad_aging_q041,ncb-scientific-f7956622f7e3eaf8,f7956622f7e3eaf82268d3c6d03184df48ef112532d72822e58c2e3b4eb9abd0,f7956622f7e3eaf82268d3c6d03184df48ef112532d72822e58c2e3b4eb9abd0,exact_v2.1_reference,aligned_with_safety_augmentation,ad_aging,llm_proposed,literature,evidence_gap,unresolved,false,0
3,2,ad_aging_q042,ncb-scientific-24de654ccd87dce2,24de654ccd87dce2402ee3e06841e2aa84bb5b939fe17e0a081e3e3fe8dd97e2,24de654ccd87dce2402ee3e06841e2aa84bb5b939fe17e0a081e3e3fe8dd97e2,exact_v2.1_reference,aligned_with_safety_augmentation,ad_aging,llm_proposed,literature,evidence_gap,unresolved,false,0
3,2,ad_aging_q043,ncb-scientific-f143dbf87a77594f,f143dbf87a77594f45f0c498342b2f4b17215390bf78679a21770bcc782da655,f143dbf87a77594f45f0c498342b2f4b17215390bf78679a21770bcc782da655,exact_v2.1_reference,aligned_with_safety_augmentation,ad_aging,llm_proposed,literature,evidence_gap,unresolved,false,0
3,2,ad_aging_q044,ncb-scientific-0cf9bf17a3cb10a7,0cf9bf17a3cb10a706661b585964be67b5928087882dc93e7b80224dac8a3534,0cf9bf17a3cb10a706661b585964be67b5928087882dc93e7b80224dac8a3534,exact_v2.1_reference,aligned_with_safety_augmentation,ad_aging,llm_proposed,literature,provisional,confirm,false,0
3,2,ad_aging_q045,ncb-scientific-4d6ed37bb9324c72,4d6ed37bb9324c72153b3fa839362f89320d16c7cbd9dd2659db729eb80061bf,4d6ed37bb9324c72153b3fa839362f89320d16c7cbd9dd2659db729eb80061bf,exact_v2.1_reference,aligned_with_safety_augmentation,ad_aging,llm_proposed,literature,evidence_gap,unresolved,false,0
3,2,ad_aging_q046,ncb-scientific-79182620041b5799,79182620041b57998eb9b3eb81cfba653f320fbe529ff0db654dd813626d0e36,79182620041b57998eb9b3eb81cfba653f320fbe529ff0db654dd813626d0e36,exact_v2.1_reference,aligned_with_safety_augmentation,ad_aging,llm_proposed,literature,evidence_gap,unresolved,false,0
3,2,ad_aging_q048,ncb-scientific-a3f4263a0dce56cf,a3f4263a0dce56cf738ebd2d271cf2f786acf25f6ab1432a96784f063e51d349,a3f4263a0dce56cf738ebd2d271cf2f786acf25f6ab1432a96784f063e51d349,exact_v2.1_reference,aligned_with_safety_augmentation,ad_aging,llm_proposed,literature,evidence_gap,unresolved,false,0
3,2,ad_aging_q049,ncb-scientific-24de654ccd87dce2,24de654ccd87dce2402ee3e06841e2aa84bb5b939fe17e0a081e3e3fe8dd97e2,24de654ccd87dce2402ee3e06841e2aa84bb5b939fe17e0a081e3e3fe8dd97e2,exact_v2.1_reference,aligned_with_safety_augmentation,ad_aging,llm_proposed,literature,evidence_gap,unresolved,false,0
3,2,ad_aging_q050,ncb-scientific-693510493058a91a,693510493058a91ac8ead80536de2a54f1331e925b11ad3d69d871fe6c93a395,693510493058a91ac8ead80536de2a54f1331e925b11ad3d69d871fe6c93a395,exact_v2.1_reference,aligned_with_safety_augmentation,ad_aging,llm_proposed,literature,evidence_gap,unresolved,false,0
3,2,psychosis_q001,ncb-scientific-7cb3fe4a5738fae5,7cb3fe4a5738fae59ad565ce7ad320774954e407c9d8edcbc6f05c4bb1287017,7cb3fe4a5738fae59ad565ce7ad320774954e407c9d8edcbc6f05c4bb1287017,exact_v2.1_reference,aligned,psychosis,llm_proposed,literature,evidence_gap,unresolved,false,0
3,2,psychosis_q002,ncb-scientific-266504b3d4e53721,266504b3d4e53721e07a0d77932a5254a3379c3ddf34b0dc44aeea4c4b4cb67d,266504b3d4e53721e07a0d77932a5254a3379c3ddf34b0dc44aeea4c4b4cb67d,exact_v2.1_reference,aligned_with_safety_augmentation,psychosis,llm_proposed,literature,evidence_gap,unresolved,false,0
3,2,psychosis_q003,ncb-scientific-872c426870a43fc0,872c426870a43fc09bee7deefd9487ffedf554184b618cfa1548e9f8d3be8d34,872c426870a43fc09bee7deefd9487ffedf554184b618cfa1548e9f8d3be8d34,exact_v2.1_reference,aligned_with_safety_augmentation,psychosis,llm_proposed,literature,evidence_gap,unresolved,false,0
3,2,psychosis_q004,ncb-scientific-3cd280f660dfbcd4,3cd280f660dfbcd415a0ac5f54af96f2ce8fe1cc897a4a14f869e1ea54467213,3cd280f660dfbcd415a0ac5f54af96f2ce8fe1cc897a4a14f869e1ea54467213,exact_v2.1_reference,aligned_with_safety_augmentation,psychosis,llm_proposed,literature,provisional,confirm,false,0
3,2,psychosis_q005,ncb-scientific-4cedbc48040eac27,4cedbc48040eac27d2eaf9fa5cbc4713fa67c79a232f498107862a2fe7d63e79,4cedbc48040eac27d2eaf9fa5cbc4713fa67c79a232f498107862a2fe7d63e79,exact_v2.1_reference,aligned_with_safety_augmentation,psychosis,llm_proposed,literature,evidence_gap,unresolved,false,0
3,2,psychosis_q006,ncb-scientific-58864dfe748ed623,58864dfe748ed623b1e412e518eb6d075f1280ebe036bb1dc55e56e8a2aca169,58864dfe748ed623b1e412e518eb6d075f1280ebe036bb1dc55e56e8a2aca169,exact_v2.1_reference,aligned_with_safety_augmentation,psychosis,llm_proposed,literature,evidence_gap,unresolved,false,0
3,2,psychosis_q007,ncb-scientific-e5b2412738b16335,e5b2412738b16335f55b1518f3aac394c8cfff48e1b39a9dc0d2b64c2cbb5877,e5b2412738b16335f55b1518f3aac394c8cfff48e1b39a9dc0d2b64c2cbb5877,exact_v2.1_reference,aligned,psychosis,llm_proposed,literature,evidence_gap,unresolved,false,0
3,2,psychosis_q008,ncb-scientific-5e9d9106292eb159,5e9d9106292eb159971d41de9ac66f7064ff9c67b369099bff308886a86ec58b,5e9d9106292eb159971d41de9ac66f7064ff9c67b369099bff308886a86ec58b,exact_v2.1_reference,aligned_with_safety_augmentation,psychosis,llm_proposed,literature,provisional,confirm,false,0
3,2,psychosis_q009,ncb-scientific-8366c91b96faf9a6,8366c91b96faf9a6c9557e9120c312676b6be08466de64a2ea5ecb46f08595dc,8366c91b96faf9a6c9557e9120c312676b6be08466de64a2ea5ecb46f08595dc,exact_v2.1_reference,aligned_with_safety_augmentation,psychosis,llm_proposed,literature,evidence_gap,unresolved,false,0
3,2,psychosis_q010,ncb-scientific-822a9e3fd7a9cc40,822a9e3fd7a9cc40dd56cec27d9df1f4b981c6e08141b1a8a2264fd39544ccfa,822a9e3fd7a9cc40dd56cec27d9df1f4b981c6e08141b1a8a2264fd39544ccfa,exact_v2.1_reference,aligned,psychosis,llm_proposed,literature,evidence_gap,unresolved,false,0
3,2,psychosis_q011,ncb-scientific-d4c0b42a60357a5d,d4c0b42a60357a5d939e12105a02798899968bed182f8471def699471bf39842,d4c0b42a60357a5d939e12105a02798899968bed182f8471def699471bf39842,exact_v2.1_reference,aligned_with_safety_augmentation,psychosis,llm_proposed,literature,evidence_gap,unresolved,false,0
3,2,psychosis_q012,ncb-scientific-6c9d8d248e03fd07,6c9d8d248e03fd072175b3155b829fce548d5dc88bffc0dd63db73a27cc1b1f9,6c9d8d248e03fd072175b3155b829fce548d5dc88bffc0dd63db73a27cc1b1f9,exact_v2.1_reference,aligned,psychosis,llm_proposed,literature,strict,confirm,false,0
3,2,psychosis_q013,ncb-scientific-32c06a5e43e74faa,32c06a5e43e74faa24d16e67accf4262d0369671f06216c693238d120d8f16f9,32c06a5e43e74faa24d16e67accf4262d0369671f06216c693238d120d8f16f9,exact_v2.1_reference,aligned_with_safety_augmentation,psychosis,llm_proposed,literature,evidence_gap,unresolved,false,0
3,2,psychosis_q014,ncb-scientific-f0173ff72ee52b5e,f0173ff72ee52b5e1e878ad93b6ab55443639c37100b7a6ff8546daeb9de844a,f0173ff72ee52b5e1e878ad93b6ab55443639c37100b7a6ff8546daeb9de844a,exact_v2.1_reference,aligned,psychosis,llm_proposed,literature,evidence_gap,unresolved,false,0
3,2,psychosis_q015,ncb-scientific-622e97baf8eece3c,622e97baf8eece3cc6a62615addca82592c24a5eb42cd164d81459a0d041eaab,622e97baf8eece3cc6a62615addca82592c24a5eb42cd164d81459a0d041eaab,exact_v2.1_reference,aligned,psychosis,llm_proposed,literature,evidence_gap,unresolved,false,0
3,2,psychosis_q016,ncb-scientific-9066c4a0d3bc2f9f,9066c4a0d3bc2f9f335adcc9e6fce3653c8c38198faedd03436f1aa34da54b25,9066c4a0d3bc2f9f335adcc9e6fce3653c8c38198faedd03436f1aa34da54b25,exact_v2.1_reference,aligned_with_safety_augmentation,psychosis,llm_proposed,literature,strict,confirm,false,0
3,2,psychosis_q017,ncb-scientific-4bafecc6ed3b9d87,4bafecc6ed3b9d87a26b408fcd1dd48f8e80cc184c6f98eb941ab54c48ad2031,4bafecc6ed3b9d87a26b408fcd1dd48f8e80cc184c6f98eb941ab54c48ad2031,exact_v2.1_reference,aligned,psychosis,llm_proposed,literature,evidence_gap,unresolved,false,0
3,2,psychosis_q018,ncb-scientific-6aa47e3b129ad9fb,6aa47e3b129ad9fb3b897f8e59d71e00f8f3abe34d5515c19a65bf8a5c880e1a,6aa47e3b129ad9fb3b897f8e59d71e00f8f3abe34d5515c19a65bf8a5c880e1a,exact_v2.1_reference,aligned_with_safety_augmentation,psychosis,llm_proposed,literature,evidence_gap,unresolved,true,2
3,2,psychosis_q019,ncb-scientific-047feb6835500e20,047feb6835500e20fce6c8866aa5f4319884079d3ece961fffa1950d3f67649b,047feb6835500e20fce6c8866aa5f4319884079d3ece961fffa1950d3f67649b,exact_v2.1_reference,aligned_with_safety_augmentation,psychosis,llm_proposed,literature,evidence_gap,unresolved,true,2
3,2,psychosis_q021,ncb-scientific-675abad09b88a363,675abad09b88a3632ae7d7ac4e199a4a0e5c99415e8c1ac16c601d7e16a98f35,675abad09b88a3632ae7d7ac4e199a4a0e5c99415e8c1ac16c601d7e16a98f35,exact_v2.1_reference,aligned_with_safety_augmentation,psychosis,llm_proposed,literature,evidence_gap,unresolved,false,0
3,2,psychosis_q022,ncb-scientific-49fd02560669f081,49fd02560669f081865a60b8024eb81ebb6dc5834a87820f119def66b35fa233,49fd02560669f081865a60b8024eb81ebb6dc5834a87820f119def66b35fa233,exact_v2.1_reference,aligned,psychosis,llm_proposed,literature,evidence_gap,unresolved,true,2
3,2,psychosis_q023,ncb-scientific-3942bdaedf8efb2a,3942bdaedf8efb2afecb3c2c12045c0014df9f189b66d0de08e09298d10c22ae,3942bdaedf8efb2afecb3c2c12045c0014df9f189b66d0de08e09298d10c22ae,exact_v2.1_reference,aligned_with_safety_augmentation,psychosis,llm_proposed,literature,evidence_gap,unresolved,true,2
3,2,psychosis_q024,ncb-scientific-9181e305d0e360a5,9181e305d0e360a5d17ec43febd9d32a46fc572a1fa87ab8680c7b4cb79abe90,9181e305d0e360a5d17ec43febd9d32a46fc572a1fa87ab8680c7b4cb79abe90,exact_v2.1_reference,aligned_with_safety_augmentation,psychosis,llm_proposed,literature,evidence_gap,unresolved,false,0
3,2,psychosis_q025,ncb-scientific-4ffc0faff41b9d25,4ffc0faff41b9d251ae15c86a5646175e1972970df38a88ccfac126ba34f43b9,4ffc0faff41b9d251ae15c86a5646175e1972970df38a88ccfac126ba34f43b9,exact_v2.1_reference,aligned,psychosis,llm_proposed,literature,evidence_gap,unresolved,false,0
3,2,psychosis_q026,ncb-scientific-e43def8c3b8cb4e9,e43def8c3b8cb4e9401abd45c8e585ca3fb7555ed77364cdacf981560d643998,e43def8c3b8cb4e9401abd45c8e585ca3fb7555ed77364cdacf981560d643998,exact_v2.1_reference,aligned_with_safety_augmentation,psychosis,llm_proposed,literature,evidence_gap,unresolved,false,0
3,2,psychosis_q027,ncb-scientific-9eaf2a23ddb73ea3,9eaf2a23ddb73ea3b9ad8419cc764b871d15a798fea17ac3a71821704466415e,9eaf2a23ddb73ea3b9ad8419cc764b871d15a798fea17ac3a71821704466415e,exact_v2.1_reference,aligned_with_safety_augmentation,psychosis,llm_proposed,literature,provisional,abstain,false,0
3,2,psychosis_q028,ncb-scientific-6130b7ec9d114c16,6130b7ec9d114c162d53c779a173cc930024074dfc2f729afa0cd4fc7c5e3827,6130b7ec9d114c162d53c779a173cc930024074dfc2f729afa0cd4fc7c5e3827,exact_v2.1_reference,aligned,psychosis,llm_proposed,literature,strict,confirm,false,0
3,2,psychosis_q029,ncb-scientific-561d93190dd22ced,561d93190dd22ced60f31e0fd38e0faf5c987fc53b8acf69c6396133d316d230,561d93190dd22ced60f31e0fd38e0faf5c987fc53b8acf69c6396133d316d230,exact_v2.1_reference,aligned_with_safety_augmentation,psychosis,llm_proposed,literature,evidence_gap,unresolved,false,0
3,2,psychosis_q030,ncb-scientific-23a83dcb8dd0287e,23a83dcb8dd0287e82e81be378cb004bce79a5325cd73ba2c55edfee8113d52d,23a83dcb8dd0287e82e81be378cb004bce79a5325cd73ba2c55edfee8113d52d,exact_v2.1_reference,aligned,psychosis,llm_proposed,literature,evidence_gap,unresolved,false,0
3,2,psychosis_q031,ncb-scientific-611e67de29172a34,611e67de29172a34127865843ed7fbb0a3c674cbea476eacda530d3d8c5a9abf,611e67de29172a34127865843ed7fbb0a3c674cbea476eacda530d3d8c5a9abf,exact_v2.1_reference,aligned_with_safety_augmentation,psychosis,llm_proposed,literature,evidence_gap,unresolved,false,0
3,2,psychosis_q032,ncb-scientific-740708798029c58d,740708798029c58d4d6385bc24deca50249908931c23e35c50e771c1555ef475,740708798029c58d4d6385bc24deca50249908931c23e35c50e771c1555ef475,exact_v2.1_reference,aligned_with_safety_augmentation,psychosis,llm_proposed,literature,strict,confirm,false,0
3,2,psychosis_q033,ncb-scientific-23b8d8c0265298fd,23b8d8c0265298fd242715da197614417003ea5efbb70bf6b292cb27ea990f0d,23b8d8c0265298fd242715da197614417003ea5efbb70bf6b292cb27ea990f0d,exact_v2.1_reference,aligned,psychosis,llm_proposed,literature,evidence_gap,unresolved,false,0
3,2,psychosis_q034,ncb-scientific-548d362dc2682286,548d362dc26822867e373f356852faa0ed9fa00f1757c8e4486a1d240506e03e,548d362dc26822867e373f356852faa0ed9fa00f1757c8e4486a1d240506e03e,exact_v2.1_reference,aligned,psychosis,llm_proposed,literature,evidence_gap,unresolved,false,0
3,2,psychosis_q035,ncb-scientific-66560a7fd0e34141,66560a7fd0e34141ba219136468ed4d54ee064cfff748f6d27aa451fbfd80069,66560a7fd0e34141ba219136468ed4d54ee064cfff748f6d27aa451fbfd80069,exact_v2.1_reference,aligned,psychosis,llm_proposed,literature,provisional,abstain,false,0
3,2,psychosis_q036,ncb-scientific-e313edffc6da7a07,e313edffc6da7a074c42d69ed32da20e4642325dccd086815d410b2e3f7babb3,e313edffc6da7a074c42d69ed32da20e4642325dccd086815d410b2e3f7babb3,exact_v2.1_reference,aligned,psychosis,llm_proposed,literature,evidence_gap,unresolved,false,0
3,2,psychosis_q037,ncb-scientific-3b7b2226aa3bb7ce,3b7b2226aa3bb7ce109fe00563be869699e1fef55876cce35355c6941ea873fd,3b7b2226aa3bb7ce109fe00563be869699e1fef55876cce35355c6941ea873fd,exact_v2.1_reference,aligned,psychosis,llm_proposed,literature,evidence_gap,unresolved,false,0
3,2,psychosis_q038,ncb-scientific-51f69ecdfc1f24b2,51f69ecdfc1f24b277984e6877bcaf2b948d82427c5f75a82b8d082ad218f263,51f69ecdfc1f24b277984e6877bcaf2b948d82427c5f75a82b8d082ad218f263,pre_v2_contract_only,ambiguous_unresolved,psychosis,llm_proposed,,,,false,0
3,2,psychosis_q039,ncb-scientific-d0535a6cab6d913b,d0535a6cab6d913b7aae20a3c6e47c1d8b5c21a56abd87a6f45877adf81829e0,d0535a6cab6d913b7aae20a3c6e47c1d8b5c21a56abd87a6f45877adf81829e0,exact_v2.1_reference,aligned,psychosis,llm_proposed,literature,provisional,confirm,false,0
3,2,psychosis_q040,ncb-scientific-80318de11aee33ca,80318de11aee33cafcafc23b40e6d185a412151c5603277794147b1d572df23d,80318de11aee33cafcafc23b40e6d185a412151c5603277794147b1d572df23d,exact_v2.1_reference,aligned,psychosis,llm_proposed,literature,evidence_gap,unresolved,false,0
3,2,psychosis_q042,ncb-scientific-70527a90423a8295,70527a90423a8295ebeae835b0a95e8bc634a4d1611424dbdb775935515a8516,70527a90423a8295ebeae835b0a95e8bc634a4d1611424dbdb775935515a8516,exact_v2.1_reference,aligned,psychosis,llm_proposed,literature,evidence_gap,unresolved,true,2
3,2,psychosis_q043,ncb-scientific-41408a5127ecaa01,41408a5127ecaa01bb16f33bb137977cb589300803b75207c17804f34de42e00,41408a5127ecaa01bb16f33bb137977cb589300803b75207c17804f34de42e00,exact_v2.1_reference,aligned,psychosis,llm_proposed,literature,provisional,abstain,true,3
3,2,psychosis_q045,ncb-scientific-81e24d3b130902a4,81e24d3b130902a46cd52114a0894c5d3052a400c072cda182917e5eb6728851,81e24d3b130902a46cd52114a0894c5d3052a400c072cda182917e5eb6728851,exact_v2.1_reference,aligned,psychosis,llm_proposed,literature,evidence_gap,unresolved,false,0
3,2,psychosis_q046,ncb-scientific-172d75bcc17dcce9,172d75bcc17dcce9c2a8cde3b446b4521935e40d9bee3691b4d574e1b426012d,172d75bcc17dcce9c2a8cde3b446b4521935e40d9bee3691b4d574e1b426012d,exact_v2.1_reference,aligned,psychosis,llm_proposed,literature,evidence_gap,unresolved,false,0
3,2,psychosis_q047,ncb-scientific-58a996a383e72e5b,58a996a383e72e5b79cc802cd41cc61d146ef74faab2650d92112acd832924d8,58a996a383e72e5b79cc802cd41cc61d146ef74faab2650d92112acd832924d8,exact_v2.1_reference,aligned,psychosis,llm_proposed,literature,provisional,confirm,false,0
3,2,psychosis_q048,ncb-scientific-ed8eabb252714493,ed8eabb252714493617a23875b640f41f1af8d9b8826cdbb8845c317adcbc72f,ed8eabb252714493617a23875b640f41f1af8d9b8826cdbb8845c317adcbc72f,exact_v2.1_reference,aligned,psychosis,llm_proposed,literature,evidence_gap,unresolved,false,0
3,2,psychosis_q049,ncb-scientific-a1da46d7f5fa792d,a1da46d7f5fa792d06b40ef905be2163aa10371959c82a12774363e09e80a844,a1da46d7f5fa792d06b40ef905be2163aa10371959c82a12774363e09e80a844,exact_v2.1_reference,aligned_with_safety_augmentation,psychosis,llm_proposed,literature,evidence_gap,unresolved,false,0
3,2,psychosis_q050,ncb-scientific-55b455d152ed1390,55b455d152ed1390382cc96bd36b995f3d6549c65d1710583265325ae547aabe,55b455d152ed1390382cc96bd36b995f3d6549c65d1710583265325ae547aabe,exact_v2.1_reference,aligned,psychosis,llm_proposed,literature,evidence_gap,unresolved,false,0
3,5,pubmed_23333262_pmid23333262_rsfc_aging_1,ncb-scientific-9c418256797d0a86,9c418256797d0a86064d970a3e88ff8457d32310776b1a8297e66c8a796c3e35,9c418256797d0a86064d970a3e88ff8457d32310776b1a8297e66c8a796c3e35,exact_v2.1_reference,aligned,normative_fmri,literature_grounded,literature,evidence_gap,unresolved,false,0
3,5,pubmed_39856610_pmid39856610_1,ncb-scientific-f7c3e84a1cb3480d,f7c3e84a1cb3480df741174bb0e279d66de6682c8fed7217cb12a501ce7abb09,f7c3e84a1cb3480df741174bb0e279d66de6682c8fed7217cb12a501ce7abb09,pre_v2_contract_only,ambiguous_unresolved,adhd,literature_grounded,,,,false,0
3,5,pubmed_35583796_pmid35583796_rsfc_dmn_within,ncb-scientific-9306eed5ac12c7af,9306eed5ac12c7afb5d6c7513192e5e650af6d2ccd09172f90bd0be83b95b662,9306eed5ac12c7afb5d6c7513192e5e650af6d2ccd09172f90bd0be83b95b662,exact_v2.1_reference,aligned,adhd,literature_grounded,literature,provisional,abstain,false,0
3,5,pubmed_35583796_pmid35583796_rsfc_dmn_control_salience,ncb-scientific-060910c2dae3c7c0,060910c2dae3c7c0bc483bb7456953e7717bc55f016c82a246c15256e99ca483,060910c2dae3c7c0bc483bb7456953e7717bc55f016c82a246c15256e99ca483,exact_v2.1_reference,aligned,adhd,literature_grounded,literature,provisional,abstain,false,0
3,5,pubmed_36403658_pmid36403658_adhd_dmn_fc,ncb-scientific-bace4c130b60ece5,bace4c130b60ece50157fd3d6ec0b0e4244cf860559cbcb48aa4a9e499ab497d,bace4c130b60ece50157fd3d6ec0b0e4244cf860559cbcb48aa4a9e499ab497d,pre_v2_contract_only,ambiguous_unresolved,adhd,literature_grounded,,,,false,0
3,5,pubmed_36403658_pmid36403658_adhd_fc_classifier,ncb-scientific-ce9b34e85b1510c7,ce9b34e85b1510c7cdb61caab47224a564c4d18a9d89c72c6952a58e8ed87491,ce9b34e85b1510c7cdb61caab47224a564c4d18a9d89c72c6952a58e8ed87491,pre_v2_contract_only,ambiguous_unresolved,adhd,literature_grounded,,,,false,0
3,5,pubmed_35359026_35359026_1,ncb-scientific-f3636d57e59fc807,f3636d57e59fc80720979dd8e617af6796721000006447ea84631b5fed881c38,f3636d57e59fc80720979dd8e617af6796721000006447ea84631b5fed881c38,exact_v2.1_reference,aligned,adhd,literature_grounded,literature,evidence_gap,unresolved,false,0
3,5,pubmed_34280835_pmid34280835_adhd_smn-fc_01,ncb-scientific-4bec8588ceb4224d,4bec8588ceb4224ddd1ba5d8630aca64bbe57f5c572153bf88b8b92a099e90a4,4bec8588ceb4224ddd1ba5d8630aca64bbe57f5c572153bf88b8b92a099e90a4,exact_v2.1_reference,aligned,adhd,literature_grounded,literature,evidence_gap,unresolved,false,0
3,5,pubmed_31265198_pmid31265198_fc_adhd_vs_tdc,ncb-scientific-c8acae9508ef35fd,c8acae9508ef35fd71e17be422a96ff94cda16d53561647f67cc34bf3fb5e2dc,c8acae9508ef35fd71e17be422a96ff94cda16d53561647f67cc34bf3fb5e2dc,exact_v2.1_reference,aligned,adhd,literature_grounded,literature,provisional,abstain,false,0
3,5,pubmed_35338900_pmid35338900_age_fcsc,ncb-scientific-5640b53a2dfaa1b8,5640b53a2dfaa1b884c99a06c8c8897d97d1155e8f60cc54e4822588eef8e5bc,5640b53a2dfaa1b884c99a06c8c8897d97d1155e8f60cc54e4822588eef8e5bc,pre_v2_contract_only,ambiguous_unresolved,adhd,literature_grounded,,,,false,0
3,5,pubmed_35338900_pmid35338900_boysadhd_limbicdmn,ncb-scientific-de1363fa0a54a318,de1363fa0a54a31857453e1dd873734715696b750931e1ee29d64fb8103b2e58,de1363fa0a54a31857453e1dd873734715696b750931e1ee29d64fb8103b2e58,exact_v2.1_reference,aligned,adhd,literature_grounded,literature,evidence_gap,unresolved,false,0
3,5,pubmed_37121277_pmid37121277_reho_cluster1_vs_td,ncb-scientific-e59b8563fe5abace,e59b8563fe5abace75c175eff2d6c6bc371d7aa0b5053b5fc34317818314bff5,e59b8563fe5abace75c175eff2d6c6bc371d7aa0b5053b5fc34317818314bff5,pre_v2_contract_only,ambiguous_unresolved,asd,literature_grounded,,,,false,0
3,5,pubmed_37121277_pmid37121277_vmhc_cluster1_vs_td,ncb-scientific-f41a8c5978b01125,f41a8c5978b01125b76c9d2800b0f2317936ed7c14759937a1ed14428bc25897,f41a8c5978b01125b76c9d2800b0f2317936ed7c14759937a1ed14428bc25897,pre_v2_contract_only,ambiguous_unresolved,asd,literature_grounded,,,,false,0
3,5,pubmed_37121277_pmid37121277_mccfc_cluster2_vs_td,ncb-scientific-c98428886dd0f1d9,c98428886dd0f1d91c3a75d885826b5fb7726225297f515afa05718599e2996d,c98428886dd0f1d91c3a75d885826b5fb7726225297f515afa05718599e2996d,pre_v2_contract_only,ambiguous_unresolved,asd,literature_grounded,,,,false,0
3,5,pubmed_42141307_pmid42141307_asd_fmri_fc_casecontrol_mixed,ncb-scientific-4f6f45a81e8e3370,4f6f45a81e8e337049763733e2b9871efc22c4d9fc5f5f6d4ccf920cb8a023d6,4f6f45a81e8e337049763733e2b9871efc22c4d9fc5f5f6d4ccf920cb8a023d6,exact_v2.1_reference,aligned,asd,literature_grounded,literature,strict,confirm,false,0
3,5,pubmed_34264028_34264028-1,ncb-scientific-7ab10eca62cc6fc7,7ab10eca62cc6fc7aac3fc6c5d935bbe58e90be3a4850b9956b9d4bb8758e45f,7ab10eca62cc6fc7aac3fc6c5d935bbe58e90be3a4850b9956b9d4bb8758e45f,pre_v2_contract_only,ambiguous_unresolved,asd,literature_grounded,,,,false,0
3,5,pubmed_37741308_pmid37741308_asd_fc_groupdiff,ncb-scientific-55457edaa703fbe4,55457edaa703fbe4b0e3548c6732e7f7dc35b0535beed7336e617f077b9a8172,55457edaa703fbe4b0e3548c6732e7f7dc35b0535beed7336e617f077b9a8172,exact_v2.1_reference,aligned,asd,literature_grounded,literature,evidence_gap,unresolved,false,0
3,5,pubmed_28040544_pmid28040544_asd_fc_kea_corticalnetworks,ncb-scientific-cb86d4103ebb0e0c,cb86d4103ebb0e0cfb84aeae03b006b1b9f5e196a73b165f42e271c167d1f8d0,cb86d4103ebb0e0cfb84aeae03b006b1b9f5e196a73b165f42e271c167d1f8d0,exact_v2.1_reference,aligned,asd,literature_grounded,literature,provisional,confirm,false,0
3,5,pubmed_28040544_pmid28040544_asd_fc_selffacetom,ncb-scientific-08c6866776e43268,08c6866776e432686055fe502dc79eaebce0f6916de3c9ca15c72b7849a8070b,08c6866776e432686055fe502dc79eaebce0f6916de3c9ca15c72b7849a8070b,exact_v2.1_reference,aligned,asd,literature_grounded,literature,provisional,confirm,false,0
3,5,pubmed_30833582_pmid30833582_asd_stepwise_connectivity,ncb-scientific-88422a822641e7cd,88422a822641e7cdcba6f457a4fa41387a32f9f3a60e08260ef9b6a18e716ada,88422a822641e7cdcba6f457a4fa41387a32f9f3a60e08260ef9b6a18e716ada,exact_v2.1_reference,aligned,asd,literature_grounded,literature,strict,confirm,false,0
3,5,pubmed_1431963_pmid1431963_mta_ad_vs_controls,ncb-scientific-e2c8b315d5871123,e2c8b315d58711232df3fb244f289b13f1a98c97f3043bbed5db37f77d0fac0a,e2c8b315d58711232df3fb244f289b13f1a98c97f3043bbed5db37f77d0fac0a,exact_v2.1_reference,aligned,ad_aging,literature_grounded,literature,strict,confirm,true,5
3,5,pubmed_21729419_pmid21729419_2,ncb-scientific-e2c8b315d5871123,e2c8b315d58711232df3fb244f289b13f1a98c97f3043bbed5db37f77d0fac0a,e2c8b315d58711232df3fb244f289b13f1a98c97f3043bbed5db37f77d0fac0a,exact_v2.1_reference,aligned,ad_aging,literature_grounded,literature,strict,confirm,true,11
3,5,pubmed_31313441_31313441-psychosis-rsfc-casecontrol,ncb-scientific-1c4bb13eab05e379,1c4bb13eab05e37903f684a6f8836eb4046bdfd60c0337e4be303461922306ff,1c4bb13eab05e37903f684a6f8836eb4046bdfd60c0337e4be303461922306ff,exact_v2.1_reference,aligned,psychosis,literature_grounded,literature,strict,confirm,false,0
3,5,pubmed_29653095_29653095-psychosis-fc-01,ncb-scientific-c671d3de1b2734cb,c671d3de1b2734cb8e64ccc55fdd15ea4118e551d604845c6f756f7b71f7ba43,c671d3de1b2734cb8e64ccc55fdd15ea4118e551d604845c6f756f7b71f7ba43,exact_v2.1_reference,aligned,psychosis,literature_grounded,literature,provisional,confirm,false,0
3,5,pubmed_29653095_29653095-psychosis-fc-02,ncb-scientific-b336c91ebd2e082c,b336c91ebd2e082c670facfa74d1a9ee136e61e29d1305f2d91cecac8b77f04c,b336c91ebd2e082c670facfa74d1a9ee136e61e29d1305f2d91cecac8b77f04c,pre_v2_contract_only,ambiguous_unresolved,psychosis,literature_grounded,,,,false,0
3,5,pubmed_35753120_pmid35753120_1,ncb-scientific-5d5fd40a49dbf782,5d5fd40a49dbf782645572714c9237709a98147ddd0551217a75c6523f448980,5d5fd40a49dbf782645572714c9237709a98147ddd0551217a75c6523f448980,pre_v2_contract_only,ambiguous_unresolved,psychosis,literature_grounded,,,,false,0
3,5,pubmed_34183210_pmid34183210_1,ncb-scientific-c1112f228bb27f06,c1112f228bb27f06f18f32376d89a4b816fcc7df2f53487617d65faedc726ef5,c1112f228bb27f06f18f32376d89a4b816fcc7df2f53487617d65faedc726ef5,pre_v2_contract_only,ambiguous_unresolved,psychosis,literature_grounded,,,,false,0
3,5,pubmed_34183210_pmid34183210_3,ncb-scientific-67542fa55426a130,67542fa55426a13052157d88d588a5334147c1872c82514b9edcf4651c8ca7b7,67542fa55426a13052157d88d588a5334147c1872c82514b9edcf4651c8ca7b7,pre_v2_contract_only,ambiguous_unresolved,psychosis,literature_grounded,,,,false,0
3,5,pubmed_38422833_pmid38422833_cortical_fnc,ncb-scientific-09903e42ed156c26,09903e42ed156c2690cdbe27471b1d9877a5a23f33b016ead3e1b12870fef1fc,09903e42ed156c2690cdbe27471b1d9877a5a23f33b016ead3e1b12870fef1fc,exact_v2.1_reference,aligned,psychosis,literature_grounded,literature,strict,confirm,false,0
3,5,normative_fmri_001,ncb-scientific-6f07b924f78e762d,6f07b924f78e762dbb04192421df62ac5dd24835b8e50993a3f5c2cdf333e66c,6f07b924f78e762dbb04192421df62ac5dd24835b8e50993a3f5c2cdf333e66c,exact_v2.1_reference,aligned_with_safety_augmentation,normative_fmri,llm_proposed,literature,provisional,confirm,true,1
3,5,normative_fmri_002,ncb-scientific-a1bf69b8f56d46c9,a1bf69b8f56d46c996f93349f5201c8b628f7dd5753a9899ff61c78ed977e658,a1bf69b8f56d46c996f93349f5201c8b628f7dd5753a9899ff61c78ed977e658,exact_v2.1_reference,aligned_with_safety_augmentation,normative_fmri,llm_proposed,literature,evidence_gap,unresolved,true,1
3,5,normative_fmri_003,ncb-scientific-dc6371e72c01cdcd,dc6371e72c01cdcd2e2e176efc8496ba66d5715ea1c8da75ab66be1c67032e07,dc6371e72c01cdcd2e2e176efc8496ba66d5715ea1c8da75ab66be1c67032e07,exact_v2.1_reference,aligned_with_safety_augmentation,normative_fmri,llm_proposed,literature,evidence_gap,unresolved,true,3
3,5,normative_fmri_006,ncb-scientific-42b2c11ed186c2c9,42b2c11ed186c2c9d794dfd42e14b54cf31afc8d70f2f8c136913760977724fb,42b2c11ed186c2c9d794dfd42e14b54cf31afc8d70f2f8c136913760977724fb,exact_v2.1_reference,aligned_with_safety_augmentation,normative_fmri,llm_proposed,literature,evidence_gap,unresolved,false,0
3,5,normative_fmri_007,ncb-scientific-a9e0ba33a876abc0,a9e0ba33a876abc0fa6cbc657ebbfa5b3516bdf998288dcb9ea497f1dd12cfda,a9e0ba33a876abc0fa6cbc657ebbfa5b3516bdf998288dcb9ea497f1dd12cfda,exact_v2.1_reference,aligned_with_safety_augmentation,normative_fmri,llm_proposed,literature,evidence_gap,unresolved,true,1
3,5,normative_fmri_009,ncb-scientific-e7c94f56c83e0651,e7c94f56c83e06518cfb23793f51ccaf963a39435caaaca93bcd7d7166f65091,e7c94f56c83e06518cfb23793f51ccaf963a39435caaaca93bcd7d7166f65091,exact_v2.1_reference,aligned_with_safety_augmentation,normative_fmri,llm_proposed,literature,evidence_gap,unresolved,false,0
3,5,normative_fmri_013,ncb-scientific-8482b5c202e5e323,8482b5c202e5e3235de8c6063dda4b78550e3f9e00df27d431e2d1f0d720b4aa,8482b5c202e5e3235de8c6063dda4b78550e3f9e00df27d431e2d1f0d720b4aa,exact_v2.1_reference,aligned_with_safety_augmentation,normative_fmri,llm_proposed,literature,evidence_gap,unresolved,false,0
3,5,normative_fmri_014,ncb-scientific-43b88d75579673af,43b88d75579673af885b371f0652ded9c324f9b8bf3da288fe57fd77b533156d,43b88d75579673af885b371f0652ded9c324f9b8bf3da288fe57fd77b533156d,exact_v2.1_reference,aligned_with_safety_augmentation,normative_fmri,llm_proposed,literature,evidence_gap,unresolved,false,0
3,5,normative_fmri_015,ncb-scientific-e1c33335981addda,e1c33335981addda2599fe24aa86c62ac3f0c9a159ee7345d23c83e540683619,e1c33335981addda2599fe24aa86c62ac3f0c9a159ee7345d23c83e540683619,exact_v2.1_reference,aligned_with_safety_augmentation,normative_fmri,llm_proposed,literature,evidence_gap,unresolved,false,0
3,5,normative_fmri_016,ncb-scientific-7c173adc5485d7ce,7c173adc5485d7ce2f944c400dd42b6053d003a6972c57de7cbc05bac07157ce,7c173adc5485d7ce2f944c400dd42b6053d003a6972c57de7cbc05bac07157ce,exact_v2.1_reference,aligned_with_safety_augmentation,normative_fmri,llm_proposed,literature,evidence_gap,unresolved,false,0
3,5,normative_fmri_017,ncb-scientific-e9887ba0003df877,e9887ba0003df8779438a68d1005ebb55b6bb49af3d222c23f2ed43541800f4c,e9887ba0003df8779438a68d1005ebb55b6bb49af3d222c23f2ed43541800f4c,exact_v2.1_reference,aligned_with_safety_augmentation,normative_fmri,llm_proposed,literature,evidence_gap,unresolved,false,0
3,5,normative_fmri_021,ncb-scientific-f84fe6980294c120,f84fe6980294c120bccc3de4d0ceb634edd5c41e1166cc53760b2275e4bae482,f84fe6980294c120bccc3de4d0ceb634edd5c41e1166cc53760b2275e4bae482,exact_v2.1_reference,aligned_with_safety_augmentation,normative_fmri,llm_proposed,literature,evidence_gap,unresolved,false,0
3,5,normative_fmri_022,ncb-scientific-704522685c487d81,704522685c487d817c358b1648972cf4b93110fe504eef340f7662e1605fe2af,704522685c487d817c358b1648972cf4b93110fe504eef340f7662e1605fe2af,exact_v2.1_reference,aligned_with_safety_augmentation,normative_fmri,llm_proposed,literature,evidence_gap,unresolved,false,0
3,5,normative_fmri_023,ncb-scientific-05c17620b6ff0817,05c17620b6ff0817912306ae784d68f40f43538421d7a77238304c5941523117,05c17620b6ff0817912306ae784d68f40f43538421d7a77238304c5941523117,exact_v2.1_reference,aligned_with_safety_augmentation,normative_fmri,llm_proposed,literature,evidence_gap,unresolved,false,0
3,5,normative_fmri_025,ncb-scientific-ee627d7a5d823df0,ee627d7a5d823df05e627bdf39c5c62a61d74c6453f8c490dc39a233a4ecf6a1,ee627d7a5d823df05e627bdf39c5c62a61d74c6453f8c490dc39a233a4ecf6a1,exact_v2.1_reference,aligned_with_safety_augmentation,normative_fmri,llm_proposed,literature,evidence_gap,unresolved,true,1
3,5,normative_fmri_026,ncb-scientific-cb339bf30281cede,cb339bf30281cedea3769b3c8ba3c0199ad8889c6569c72e5720af2c4c1b226d,cb339bf30281cedea3769b3c8ba3c0199ad8889c6569c72e5720af2c4c1b226d,exact_v2.1_reference,aligned_with_safety_augmentation,normative_fmri,llm_proposed,literature,evidence_gap,unresolved,false,0
3,5,normative_fmri_027,ncb-scientific-a427d5471566b2cf,a427d5471566b2cf475103489cde2f05ea57bbab09ea9cdd585ccf3a09b6dc00,a427d5471566b2cf475103489cde2f05ea57bbab09ea9cdd585ccf3a09b6dc00,exact_v2.1_reference,aligned_with_safety_augmentation,normative_fmri,llm_proposed,literature,evidence_gap,unresolved,false,0
3,5,normative_fmri_028,ncb-scientific-2a5d5bc83ab86134,2a5d5bc83ab8613499aab2ac0e974ec72a4dd0f1099d99320ee8a8e449b683b6,2a5d5bc83ab8613499aab2ac0e974ec72a4dd0f1099d99320ee8a8e449b683b6,exact_v2.1_reference,aligned_with_safety_augmentation,normative_fmri,llm_proposed,literature,evidence_gap,unresolved,false,0
3,5,normative_fmri_031,ncb-scientific-c9246d08669f6265,c9246d08669f6265e26d6a274208eaff54a2c585d734065f5cd7d4289f86a6ed,c9246d08669f6265e26d6a274208eaff54a2c585d734065f5cd7d4289f86a6ed,exact_v2.1_reference,aligned_with_safety_augmentation,normative_fmri,llm_proposed,literature,evidence_gap,unresolved,false,0
3,5,normative_fmri_032,ncb-scientific-0fba59d9c8075ce0,0fba59d9c8075ce0e6445699e130455b749c5802904fc65688809203764277dd,0fba59d9c8075ce0e6445699e130455b749c5802904fc65688809203764277dd,exact_v2.1_reference,aligned_with_safety_augmentation,normative_fmri,llm_proposed,literature,evidence_gap,unresolved,false,0
3,5,normative_fmri_033,ncb-scientific-c1b8f2bee08cd388,c1b8f2bee08cd3885ae393bad4189abe4f6f306525a43073ef666674c49e6e5a,c1b8f2bee08cd3885ae393bad4189abe4f6f306525a43073ef666674c49e6e5a,exact_v2.1_reference,aligned_with_safety_augmentation,normative_fmri,llm_proposed,literature,evidence_gap,unresolved,false,0
3,5,normative_fmri_034,ncb-scientific-eafa675a2857a0cb,eafa675a2857a0cb78b9514e4388964a9404eeef0cb89fc7b7b10da646cce92b,eafa675a2857a0cb78b9514e4388964a9404eeef0cb89fc7b7b10da646cce92b,exact_v2.1_reference,aligned_with_safety_augmentation,normative_fmri,llm_proposed,literature,evidence_gap,unresolved,false,0
3,5,normative_fmri_035,ncb-scientific-65466f9b282b22be,65466f9b282b22be1e717ceaf51a11a1383878fa6f0987faf8a0e2a126ffa737,65466f9b282b22be1e717ceaf51a11a1383878fa6f0987faf8a0e2a126ffa737,exact_v2.1_reference,aligned_with_safety_augmentation,normative_fmri,llm_proposed,literature,evidence_gap,unresolved,false,0
3,5,normative_fmri_036,ncb-scientific-d6cbeb536d2b0163,d6cbeb536d2b01632b3c753bd865bcb7f96749ca7f83705faf307f82a8ceda07,d6cbeb536d2b01632b3c753bd865bcb7f96749ca7f83705faf307f82a8ceda07,exact_v2.1_reference,aligned_with_safety_augmentation,normative_fmri,llm_proposed,literature,evidence_gap,unresolved,true,2
3,5,normative_fmri_038,ncb-scientific-06e24b7117348843,06e24b71173488433aa6f5a40a6db8bea7b0468cbafdaa0253d8d8563a1b8453,06e24b71173488433aa6f5a40a6db8bea7b0468cbafdaa0253d8d8563a1b8453,exact_v2.1_reference,aligned_with_safety_augmentation,normative_fmri,llm_proposed,literature,evidence_gap,unresolved,true,1
3,5,normative_fmri_039,ncb-scientific-493d1fd9443c1c35,493d1fd9443c1c35a711b47980ace70d89341606b2d943556f40528ed85ce744,493d1fd9443c1c35a711b47980ace70d89341606b2d943556f40528ed85ce744,exact_v2.1_reference,aligned_with_safety_augmentation,normative_fmri,llm_proposed,literature,evidence_gap,unresolved,true,5
3,5,normative_fmri_040,ncb-scientific-86a81a5f3a28d98c,86a81a5f3a28d98c10f2fd88774a049275a6dd3a56fa4e236ed763a643cae1c7,86a81a5f3a28d98c10f2fd88774a049275a6dd3a56fa4e236ed763a643cae1c7,exact_v2.1_reference,aligned_with_safety_augmentation,normative_fmri,llm_proposed,literature,evidence_gap,unresolved,false,0
3,5,normative_fmri_041,ncb-scientific-ea3fb846fbd7533c,ea3fb846fbd7533c676dd161a54428494426f0c6824d09709a81fa30f338b633,ea3fb846fbd7533c676dd161a54428494426f0c6824d09709a81fa30f338b633,pre_v2_contract_only,ambiguous_unresolved,normative_fmri,llm_proposed,,,,false,0
3,5,normative_fmri_042,ncb-scientific-89c7369d95a29475,89c7369d95a294751cf5c375140d9d130dba267d6c01ae06bb839c019ab703a8,89c7369d95a294751cf5c375140d9d130dba267d6c01ae06bb839c019ab703a8,pre_v2_contract_only,ambiguous_unresolved,normative_fmri,llm_proposed,,,,true,1
3,5,normative_fmri_043,ncb-scientific-9b0372d2c93e148a,9b0372d2c93e148a55d818beea55e176baab43b6cdcbb1cadd346c4698342848,9b0372d2c93e148a55d818beea55e176baab43b6cdcbb1cadd346c4698342848,pre_v2_contract_only,ambiguous_unresolved,normative_fmri,llm_proposed,,,,false,0
3,5,normative_fmri_044,ncb-scientific-adc7daee506cca47,adc7daee506cca470db321582aa77b9cc0e7f2abd527b99d4738e32de92f9075,adc7daee506cca470db321582aa77b9cc0e7f2abd527b99d4738e32de92f9075,pre_v2_contract_only,ambiguous_unresolved,normative_fmri,llm_proposed,,,,false,0
3,5,normative_fmri_047,ncb-scientific-319a1462bfdbc89d,319a1462bfdbc89d930616a30480c076432748e170281465818679f30546de86,319a1462bfdbc89d930616a30480c076432748e170281465818679f30546de86,exact_v2.1_reference,aligned_with_safety_augmentation,normative_fmri,llm_proposed,literature,evidence_gap,unresolved,false,0
3,5,normative_fmri_048,ncb-scientific-0efe8c9435d8ffdf,0efe8c9435d8ffdf5e3a10cd931fb791519373a7a547403b10409137517788bb,0efe8c9435d8ffdf5e3a10cd931fb791519373a7a547403b10409137517788bb,exact_v2.1_reference,aligned_with_safety_augmentation,normative_fmri,llm_proposed,literature,evidence_gap,unresolved,false,0
3,5,normative_fmri_049,ncb-scientific-2a373f053e882288,2a373f053e8822881dab40e7c242d78c2c729156c584d8a69c506f7d761a324d,2a373f053e8822881dab40e7c242d78c2c729156c584d8a69c506f7d761a324d,pre_v2_contract_only,ambiguous_unresolved,normative_fmri,llm_proposed,,,,false,0
3,5,normative_fmri_050,ncb-scientific-faaaeb165e293001,faaaeb165e29300168533c3f46df10bc022f709f42e5ae34a3f8f39f6583b00b,faaaeb165e29300168533c3f46df10bc022f709f42e5ae34a3f8f39f6583b00b,pre_v2_contract_only,ambiguous_unresolved,normative_fmri,llm_proposed,,,,false,0
3,5,adhd_q001,ncb-scientific-9ec4c7f2ec1fad99,9ec4c7f2ec1fad994bbafcb3d8260862dc2d3b5829226c0f0c4ea111889d1c08,9ec4c7f2ec1fad994bbafcb3d8260862dc2d3b5829226c0f0c4ea111889d1c08,exact_v2.1_reference,aligned_with_safety_augmentation,adhd,llm_proposed,literature,evidence_gap,unresolved,false,0
3,5,adhd_q002,ncb-scientific-e655e7f3059cc2a2,e655e7f3059cc2a2fa0bfd47f5738215071ffd1c322d56face875667b06330b8,e655e7f3059cc2a2fa0bfd47f5738215071ffd1c322d56face875667b06330b8,exact_v2.1_reference,aligned_with_safety_augmentation,adhd,llm_proposed,literature,provisional,abstain,false,0
3,5,adhd_q003,ncb-scientific-c8faa8d62af041ef,c8faa8d62af041ef89350be38a83cbeb57d551b518e3e17905b78d1b51c85218,c8faa8d62af041ef89350be38a83cbeb57d551b518e3e17905b78d1b51c85218,exact_v2.1_reference,aligned,adhd,llm_proposed,literature,evidence_gap,unresolved,false,0
3,5,adhd_q004,ncb-scientific-6bedac272110f713,6bedac272110f71307ba214166242c783aaabb9d2c90371d6e25cf14b2258297,6bedac272110f71307ba214166242c783aaabb9d2c90371d6e25cf14b2258297,exact_v2.1_reference,aligned_with_safety_augmentation,adhd,llm_proposed,literature,evidence_gap,unresolved,false,0
3,5,adhd_q005,ncb-scientific-73e0f34188f4c613,73e0f34188f4c613bbaf75216cae99010b0947ca6e64f339d66544a75dcdd5d4,73e0f34188f4c613bbaf75216cae99010b0947ca6e64f339d66544a75dcdd5d4,exact_v2.1_reference,aligned_with_safety_augmentation,adhd,llm_proposed,literature,provisional,confirm,false,0
3,5,adhd_q006,ncb-scientific-2b36f4bbee998e56,2b36f4bbee998e56371c67ff67d3eb58cb82ee7ec32ac324f688db7f55016f64,2b36f4bbee998e56371c67ff67d3eb58cb82ee7ec32ac324f688db7f55016f64,exact_v2.1_reference,aligned,adhd,llm_proposed,literature,evidence_gap,unresolved,false,0
3,5,adhd_q007,ncb-scientific-ccf76ee04722df94,ccf76ee04722df945c7c574a27b2da49fc63bef96e9b9b9f3ee1612f4beb0257,ccf76ee04722df945c7c574a27b2da49fc63bef96e9b9b9f3ee1612f4beb0257,exact_v2.1_reference,aligned_with_safety_augmentation,adhd,llm_proposed,literature,evidence_gap,unresolved,false,0
3,5,adhd_q008,ncb-scientific-8875a7bf33df9519,8875a7bf33df951977e26ecd4ecf5885a3a6e08b889d220be4400f20649c8706,8875a7bf33df951977e26ecd4ecf5885a3a6e08b889d220be4400f20649c8706,exact_v2.1_reference,aligned_with_safety_augmentation,adhd,llm_proposed,literature,evidence_gap,unresolved,false,0
3,5,adhd_q009,ncb-scientific-bdc24737aa23b682,bdc24737aa23b68213ee1a77d82e33597f5039ce548624b69e5675e7b1b02b18,bdc24737aa23b68213ee1a77d82e33597f5039ce548624b69e5675e7b1b02b18,exact_v2.1_reference,aligned_with_safety_augmentation,adhd,llm_proposed,literature,evidence_gap,unresolved,false,0
3,5,adhd_q010,ncb-scientific-5b0717b45335d600,5b0717b45335d600cb9bb3a3365f50480541f74ab04b95723d2b163524b995c2,5b0717b45335d600cb9bb3a3365f50480541f74ab04b95723d2b163524b995c2,exact_v2.1_reference,aligned_with_safety_augmentation,adhd,llm_proposed,literature,evidence_gap,unresolved,false,0
3,5,adhd_q012,ncb-scientific-6560b15c380073ca,6560b15c380073caf1f8bfe84bf2978902d6605bfe8aacd3a4262b47295b8f9f,6560b15c380073caf1f8bfe84bf2978902d6605bfe8aacd3a4262b47295b8f9f,exact_v2.1_reference,aligned_with_safety_augmentation,adhd,llm_proposed,literature,evidence_gap,unresolved,false,0
3,5,adhd_q016,ncb-scientific-bdd01753f9ebb90c,bdd01753f9ebb90c217a505dcc5198d851aee4b3c3450e682d1615f35e5dd44c,bdd01753f9ebb90c217a505dcc5198d851aee4b3c3450e682d1615f35e5dd44c,exact_v2.1_reference,aligned,adhd,llm_proposed,literature,evidence_gap,unresolved,true,1
3,5,adhd_q020,ncb-scientific-afe1f83e3d954a8c,afe1f83e3d954a8cea0ae7eceea167af281c6ea8ddce2bc289e93500d6ac2e54,afe1f83e3d954a8cea0ae7eceea167af281c6ea8ddce2bc289e93500d6ac2e54,exact_v2.1_reference,aligned_with_safety_augmentation,adhd,llm_proposed,literature,provisional,confirm,false,0
3,5,adhd_q022,ncb-scientific-2b20954defb2352a,2b20954defb2352adc7058f253db893e9e15a670abc51dcc80c24098106801e4,2b20954defb2352adc7058f253db893e9e15a670abc51dcc80c24098106801e4,pre_v2_contract_only,non_executable,adhd,llm_proposed,,,,false,0
3,5,adhd_q023,ncb-scientific-7c005de1c12b32a7,7c005de1c12b32a7b7a45e61565deb980582119a1b92e7e4f0083c9e8537a1d0,22e9dad3dc77b808e6883b1259492c9cf8f1bb52d57623e5d3afd28fd4ecd81a,pre_v2_contract_only,repairable_contract,adhd,llm_proposed,,,,false,0
3,5,adhd_q025,ncb-scientific-6c7b0f8ae69a2d50,6c7b0f8ae69a2d5037f71bb7af54369267c1d4746b35ba4b0575665297cfaab0,6c7b0f8ae69a2d5037f71bb7af54369267c1d4746b35ba4b0575665297cfaab0,pre_v2_contract_only,non_executable,adhd,llm_proposed,,,,false,0
3,5,adhd_q029,ncb-scientific-672ab5d3a6c11820,672ab5d3a6c11820c5309d195f4983f50a16b545c77a52895353cabd01a16c41,672ab5d3a6c11820c5309d195f4983f50a16b545c77a52895353cabd01a16c41,exact_v2.1_reference,aligned,adhd,llm_proposed,literature,evidence_gap,unresolved,false,0
3,5,adhd_q030,ncb-scientific-d37402dd791a12dc,d37402dd791a12dc5975c0b5a9fc0994be3d63826bdbf317c431e337efa54f61,d37402dd791a12dc5975c0b5a9fc0994be3d63826bdbf317c431e337efa54f61,exact_v2.1_reference,aligned_with_safety_augmentation,adhd,llm_proposed,literature,evidence_gap,unresolved,false,0
3,5,adhd_q031,ncb-scientific-c64dac21d8591104,c64dac21d8591104aa2912c0fc623cb3df7ae2fad45f89683dcc7f18692dc403,c64dac21d8591104aa2912c0fc623cb3df7ae2fad45f89683dcc7f18692dc403,exact_v2.1_reference,aligned_with_safety_augmentation,adhd,llm_proposed,literature,evidence_gap,unresolved,false,0
3,5,adhd_q032,ncb-scientific-6d7bbb66ca61d088,6d7bbb66ca61d088b1b6677f1693112e85a9ec6c6c0e8c82beb93a4244532157,6d7bbb66ca61d088b1b6677f1693112e85a9ec6c6c0e8c82beb93a4244532157,exact_v2.1_reference,aligned_with_safety_augmentation,adhd,llm_proposed,literature,evidence_gap,unresolved,false,0
3,5,adhd_q033,ncb-scientific-b6bcaf52ce24d411,b6bcaf52ce24d41101405c05556ff4df7a5cf370d247fb9fbe590d817921a011,b6bcaf52ce24d41101405c05556ff4df7a5cf370d247fb9fbe590d817921a011,exact_v2.1_reference,aligned,adhd,llm_proposed,literature,evidence_gap,unresolved,false,0
3,5,adhd_q034,ncb-scientific-03136ab7c6bb7990,03136ab7c6bb7990d987f647394f6865d014527a752393660750e24e0cd5b01d,03136ab7c6bb7990d987f647394f6865d014527a752393660750e24e0cd5b01d,exact_v2.1_reference,aligned_with_safety_augmentation,adhd,llm_proposed,literature,evidence_gap,unresolved,false,0
3,5,adhd_q035,ncb-scientific-721c4fa75e038ea4,721c4fa75e038ea4bdb26ce48b91b63d0615507f3c7e11e3dd07f46967efa967,721c4fa75e038ea4bdb26ce48b91b63d0615507f3c7e11e3dd07f46967efa967,exact_v2.1_reference,aligned_with_safety_augmentation,adhd,llm_proposed,literature,evidence_gap,unresolved,false,0
3,5,adhd_q036,ncb-scientific-5af5c999c214ab93,5af5c999c214ab9372f9f2d8ade3dd6da56394efb2231c76129e7a21833959ea,5af5c999c214ab9372f9f2d8ade3dd6da56394efb2231c76129e7a21833959ea,exact_v2.1_reference,aligned_with_safety_augmentation,adhd,llm_proposed,literature,evidence_gap,unresolved,false,0
3,5,adhd_q042,ncb-scientific-579c77d9f61e5f87,579c77d9f61e5f872fb1fae891fba19835a019868aa8a7ef7a47d76233ac7b33,579c77d9f61e5f872fb1fae891fba19835a019868aa8a7ef7a47d76233ac7b33,exact_v2.1_reference,aligned_with_safety_augmentation,adhd,llm_proposed,literature,evidence_gap,unresolved,false,0
3,5,adhd_q043,ncb-scientific-f38d6fdbc4e79d95,f38d6fdbc4e79d95965379c89ad839dad19e0303155a580a4d7bcd26ddf9a32d,f38d6fdbc4e79d95965379c89ad839dad19e0303155a580a4d7bcd26ddf9a32d,exact_v2.1_reference,aligned_with_safety_augmentation,adhd,llm_proposed,literature,evidence_gap,unresolved,false,0
3,5,adhd_q044,ncb-scientific-0d57166941ee6987,0d57166941ee6987a8e94a201d566f6551e2f9cde82cc2d83fe95e4b02d7cf43,0d57166941ee6987a8e94a201d566f6551e2f9cde82cc2d83fe95e4b02d7cf43,exact_v2.1_reference,aligned_with_safety_augmentation,adhd,llm_proposed,literature,evidence_gap,unresolved,false,0
3,5,adhd_q045,ncb-scientific-ad793f2b627c14db,ad793f2b627c14db9571a23bc5ff054129a8af48d092cae596e02c3fbd8ca3e6,ad793f2b627c14db9571a23bc5ff054129a8af48d092cae596e02c3fbd8ca3e6,pre_v2_contract_only,ambiguous_unresolved,adhd,llm_proposed,,,,false,0
3,5,adhd_q046,ncb-scientific-91575e683551f750,91575e683551f75081c4f506c9039447b9776b05e7c95ff1bf81a2323f0c51b9,91575e683551f75081c4f506c9039447b9776b05e7c95ff1bf81a2323f0c51b9,exact_v2.1_reference,aligned,adhd,llm_proposed,literature,evidence_gap,unresolved,true,2
3,5,adhd_q047,ncb-scientific-feb70aa94fa7c90f,feb70aa94fa7c90fa2df8c05f733ba5d944a5de106a49eb36eb63cbfa0415e66,feb70aa94fa7c90fa2df8c05f733ba5d944a5de106a49eb36eb63cbfa0415e66,exact_v2.1_reference,aligned,adhd,llm_proposed,literature,strict,abstain,false,0
3,5,adhd_q048,ncb-scientific-0cdad63325891f3d,0cdad63325891f3d72ae9d25459e2fb0c7ad22a7911a1534b14c6b1dfdc02f28,0cdad63325891f3d72ae9d25459e2fb0c7ad22a7911a1534b14c6b1dfdc02f28,exact_v2.1_reference,aligned,adhd,llm_proposed,literature,provisional,abstain,false,0
3,5,adhd_q049,ncb-scientific-41e14c6dd1c2213b,41e14c6dd1c2213b09c65b85fb99ab48160786245ae19fcdf1dbe6c8a7704fe3,41e14c6dd1c2213b09c65b85fb99ab48160786245ae19fcdf1dbe6c8a7704fe3,exact_v2.1_reference,aligned,adhd,llm_proposed,literature,evidence_gap,unresolved,false,0
3,5,adhd_q050,ncb-scientific-30329250c399e0e1,30329250c399e0e19f0099ec82e0f1abd36cca45c0178fcdc6800cf75650db9e,30329250c399e0e19f0099ec82e0f1abd36cca45c0178fcdc6800cf75650db9e,exact_v2.1_reference,aligned,adhd,llm_proposed,literature,provisional,abstain,false,0
3,5,asd_q001,ncb-scientific-3e1160c83f5950a6,3e1160c83f5950a67cb5f0bbc0478fdf9f1049f9a00563f8ba1bc631c90a9dbf,3e1160c83f5950a67cb5f0bbc0478fdf9f1049f9a00563f8ba1bc631c90a9dbf,exact_v2.1_reference,aligned_with_safety_augmentation,asd,llm_proposed,literature,provisional,confirm,false,0
3,5,asd_q002,ncb-scientific-f6cf8c122d61317c,f6cf8c122d61317c21a1377772ef6ad477761ad1859be149fd5cb4bce5a08ef9,f6cf8c122d61317c21a1377772ef6ad477761ad1859be149fd5cb4bce5a08ef9,exact_v2.1_reference,aligned_with_safety_augmentation,asd,llm_proposed,literature,evidence_gap,unresolved,false,0
3,5,asd_q003,ncb-scientific-b2bc1b3dc8d74234,b2bc1b3dc8d742349867f9f8a7e42fb3186657691ec0e71f041febf9a92913f6,b2bc1b3dc8d742349867f9f8a7e42fb3186657691ec0e71f041febf9a92913f6,exact_v2.1_reference,aligned_with_safety_augmentation,asd,llm_proposed,literature,provisional,abstain,false,0
3,5,asd_q004,ncb-scientific-83e09f86b797842d,83e09f86b797842db14cf907d844db23b34efc9e14034f96c3ccdb763c272e12,83e09f86b797842db14cf907d844db23b34efc9e14034f96c3ccdb763c272e12,exact_v2.1_reference,aligned_with_safety_augmentation,asd,llm_proposed,literature,provisional,abstain,false,0
3,5,asd_q005,ncb-scientific-2aadc4e4de851c0e,2aadc4e4de851c0e2f50ccae550c5f5b5318d46843b677d9fa6b9b8ee0ab5262,2aadc4e4de851c0e2f50ccae550c5f5b5318d46843b677d9fa6b9b8ee0ab5262,exact_v2.1_reference,aligned_with_safety_augmentation,asd,llm_proposed,literature,evidence_gap,unresolved,false,0
3,5,asd_q006,ncb-scientific-31ff42faa1d10211,31ff42faa1d102115303e78160cfa36a14361f7d5ebb5f9c28e43a81eac4e858,31ff42faa1d102115303e78160cfa36a14361f7d5ebb5f9c28e43a81eac4e858,exact_v2.1_reference,aligned_with_safety_augmentation,asd,llm_proposed,literature,evidence_gap,unresolved,false,0
3,5,asd_q007,ncb-scientific-0c04451321f8aa46,0c04451321f8aa463f1d1bfe0e785823e00d716a57d204c1b000827ea22d686c,0c04451321f8aa463f1d1bfe0e785823e00d716a57d204c1b000827ea22d686c,exact_v2.1_reference,aligned_with_safety_augmentation,asd,llm_proposed,literature,evidence_gap,unresolved,false,0
3,5,asd_q008,ncb-scientific-8d7c71367a2043b9,8d7c71367a2043b90fd51104e7c42a5e0fbd4068a2810fc8c3cbff83c8af75e6,8d7c71367a2043b90fd51104e7c42a5e0fbd4068a2810fc8c3cbff83c8af75e6,exact_v2.1_reference,aligned_with_safety_augmentation,asd,llm_proposed,literature,provisional,abstain,false,0
3,5,asd_q009,ncb-scientific-e59e508b9cc05116,e59e508b9cc05116c4cf470f0f1a2f388a2f1589d7452ef3d8199026639608ba,e59e508b9cc05116c4cf470f0f1a2f388a2f1589d7452ef3d8199026639608ba,pre_v2_contract_only,ambiguous_unresolved,asd,llm_proposed,,,,false,0
3,5,asd_q010,ncb-scientific-ff4d46696cfed68a,ff4d46696cfed68a15180d4899c7d603dd7670c50318e776fa4991d2d5e8a6fe,ff4d46696cfed68a15180d4899c7d603dd7670c50318e776fa4991d2d5e8a6fe,exact_v2.1_reference,aligned_with_safety_augmentation,asd,llm_proposed,literature,evidence_gap,unresolved,false,0
3,5,asd_q011,ncb-scientific-548cb9ea8bd9f8de,548cb9ea8bd9f8debed81d65b27010ba68443f8389de280f24e0a60133bfd4ba,548cb9ea8bd9f8debed81d65b27010ba68443f8389de280f24e0a60133bfd4ba,exact_v2.1_reference,aligned_with_safety_augmentation,asd,llm_proposed,literature,evidence_gap,unresolved,false,0
3,5,asd_q012,ncb-scientific-08efd1786e5b448a,08efd1786e5b448a84158f5fd3ce228ce6c198e48d98d9822b46850721e8ef2c,08efd1786e5b448a84158f5fd3ce228ce6c198e48d98d9822b46850721e8ef2c,exact_v2.1_reference,aligned_with_safety_augmentation,asd,llm_proposed,literature,evidence_gap,unresolved,false,0
3,5,asd_q013,ncb-scientific-adc64a42191e17f6,adc64a42191e17f63007bc25281becbf3d5835b1b4907a7c66c7d4875362948d,adc64a42191e17f63007bc25281becbf3d5835b1b4907a7c66c7d4875362948d,exact_v2.1_reference,aligned_with_safety_augmentation,asd,llm_proposed,literature,evidence_gap,unresolved,false,0
3,5,asd_q014,ncb-scientific-3ad601039168835a,3ad601039168835a0aa9153a5d2400c86e8ebb3edd86792e9be32f9545952cb0,3ad601039168835a0aa9153a5d2400c86e8ebb3edd86792e9be32f9545952cb0,exact_v2.1_reference,aligned_with_safety_augmentation,asd,llm_proposed,literature,evidence_gap,unresolved,false,0
3,5,asd_q015,ncb-scientific-7a87a86398becf44,7a87a86398becf44806656c7b8437f675f371fd6f2644ac257e562ca90b86a6a,7a87a86398becf44806656c7b8437f675f371fd6f2644ac257e562ca90b86a6a,exact_v2.1_reference,aligned_with_safety_augmentation,asd,llm_proposed,literature,evidence_gap,unresolved,false,0
3,5,asd_q016,ncb-scientific-67de4555230bc27a,67de4555230bc27a2720a39d25ba2b54acdc13b8df64eb624e3b7162eb249cbf,67de4555230bc27a2720a39d25ba2b54acdc13b8df64eb624e3b7162eb249cbf,exact_v2.1_reference,aligned_with_safety_augmentation,asd,llm_proposed,literature,evidence_gap,unresolved,false,0
3,5,asd_q017,ncb-scientific-30f73b540a076be8,30f73b540a076be8877cbf58acf8e237d4ffaf8c5fa00b91f350eced56d4fe50,30f73b540a076be8877cbf58acf8e237d4ffaf8c5fa00b91f350eced56d4fe50,exact_v2.1_reference,aligned_with_safety_augmentation,asd,llm_proposed,literature,evidence_gap,unresolved,false,0
3,5,asd_q018,ncb-scientific-9c2e4221cf5ca105,9c2e4221cf5ca105c142aa03f1212934ddcc6f3a0b4ae66e5f9d130f892c1d68,9c2e4221cf5ca105c142aa03f1212934ddcc6f3a0b4ae66e5f9d130f892c1d68,exact_v2.1_reference,aligned_with_safety_augmentation,asd,llm_proposed,literature,provisional,abstain,false,0
3,5,asd_q019,ncb-scientific-d3b9d78a966173c6,d3b9d78a966173c6a58a5b8ed01a0316ad73601092701d1310f08cee0928e62e,d3b9d78a966173c6a58a5b8ed01a0316ad73601092701d1310f08cee0928e62e,exact_v2.1_reference,aligned_with_safety_augmentation,asd,llm_proposed,literature,evidence_gap,unresolved,false,0
3,5,asd_q020,ncb-scientific-09bce8d2747a588b,09bce8d2747a588b48e78179d64eef021ef591c62d258c96db87fa1a187763be,09bce8d2747a588b48e78179d64eef021ef591c62d258c96db87fa1a187763be,exact_v2.1_reference,aligned_with_safety_augmentation,asd,llm_proposed,literature,evidence_gap,unresolved,false,0
3,5,asd_q021,ncb-scientific-5e6aa7181e35b605,5e6aa7181e35b6057dcfa0b2ef30e1accaf27ffa30c7110a71e05a7d42cd2bf4,5e6aa7181e35b6057dcfa0b2ef30e1accaf27ffa30c7110a71e05a7d42cd2bf4,exact_v2.1_reference,aligned_with_safety_augmentation,asd,llm_proposed,literature,evidence_gap,unresolved,false,0
3,5,asd_q022,ncb-scientific-7fe9235c8d5841b2,7fe9235c8d5841b21b4e02f5f1ea3da19d265b3dae41e4689eb549064708d519,7fe9235c8d5841b21b4e02f5f1ea3da19d265b3dae41e4689eb549064708d519,exact_v2.1_reference,aligned_with_safety_augmentation,asd,llm_proposed,literature,evidence_gap,unresolved,false,0
3,5,asd_q023,ncb-scientific-2e389c7806389508,2e389c780638950829799320349d8009aea6c3e9e69be08b1982e12b5b434c52,2e389c780638950829799320349d8009aea6c3e9e69be08b1982e12b5b434c52,exact_v2.1_reference,aligned_with_safety_augmentation,asd,llm_proposed,literature,evidence_gap,unresolved,false,0
3,5,asd_q024,ncb-scientific-46c685780a6efe6d,46c685780a6efe6d8000426a098ef58223dceb61be99792eabb6a33e80beadb1,46c685780a6efe6d8000426a098ef58223dceb61be99792eabb6a33e80beadb1,exact_v2.1_reference,aligned_with_safety_augmentation,asd,llm_proposed,literature,evidence_gap,unresolved,false,0
3,5,asd_q025,ncb-scientific-31990e646f54d4e6,31990e646f54d4e694348212341524808d583a3747736b6aec3da643ffe1484e,31990e646f54d4e694348212341524808d583a3747736b6aec3da643ffe1484e,exact_v2.1_reference,aligned_with_safety_augmentation,asd,llm_proposed,literature,evidence_gap,unresolved,false,0
3,5,asd_q026,ncb-scientific-2f6ce6fa5ea95eeb,2f6ce6fa5ea95eeb785ac239b4ff56b118d9d5b5b0e1c76df4fda92bdb52f08c,2f6ce6fa5ea95eeb785ac239b4ff56b118d9d5b5b0e1c76df4fda92bdb52f08c,exact_v2.1_reference,aligned_with_safety_augmentation,asd,llm_proposed,literature,evidence_gap,unresolved,false,0
3,5,asd_q027,ncb-scientific-68bd56b0483a236c,68bd56b0483a236c99db6544b25fa5e81003dd38c2af773be2d3d39b9ad070a6,68bd56b0483a236c99db6544b25fa5e81003dd38c2af773be2d3d39b9ad070a6,exact_v2.1_reference,aligned_with_safety_augmentation,asd,llm_proposed,literature,evidence_gap,unresolved,false,0
3,5,asd_q028,ncb-scientific-83e8c22eb0f4831a,83e8c22eb0f4831ab466f92d33a57545f9a4ac8eb8d3c9af44021b75c7fef4c4,83e8c22eb0f4831ab466f92d33a57545f9a4ac8eb8d3c9af44021b75c7fef4c4,exact_v2.1_reference,aligned_with_safety_augmentation,asd,llm_proposed,literature,evidence_gap,unresolved,false,0
3,5,asd_q029,ncb-scientific-a02841671504d8cd,a02841671504d8cd91f7002bbbc87782b0cb75c4c91c3c75f40930bf0fc27467,a02841671504d8cd91f7002bbbc87782b0cb75c4c91c3c75f40930bf0fc27467,exact_v2.1_reference,aligned_with_safety_augmentation,asd,llm_proposed,literature,evidence_gap,unresolved,false,0
3,5,asd_q030,ncb-scientific-3ba54e0248b29adb,3ba54e0248b29adb223a15306b37f76fc0e2b932fed74e86bd845de4c1fb2ee8,3ba54e0248b29adb223a15306b37f76fc0e2b932fed74e86bd845de4c1fb2ee8,exact_v2.1_reference,aligned_with_safety_augmentation,asd,llm_proposed,literature,evidence_gap,unresolved,false,0
3,5,asd_q031,ncb-scientific-a7bd041be62e2db4,a7bd041be62e2db43aded1d76a6c0b581c7274b1f519b9d483c62e6dc39f3136,a7bd041be62e2db43aded1d76a6c0b581c7274b1f519b9d483c62e6dc39f3136,exact_v2.1_reference,aligned_with_safety_augmentation,asd,llm_proposed,literature,evidence_gap,unresolved,false,0
3,5,asd_q032,ncb-scientific-19802d4080b79f2e,19802d4080b79f2e8f176ede52b798824d854ec76cd44f5f03a2db90b40b33bc,19802d4080b79f2e8f176ede52b798824d854ec76cd44f5f03a2db90b40b33bc,exact_v2.1_reference,aligned_with_safety_augmentation,asd,llm_proposed,literature,evidence_gap,unresolved,false,0
3,5,asd_q033,ncb-scientific-caeb5a6d248ba33c,caeb5a6d248ba33c770c82b3dc6515580c3efad63440adbbb4688d39731a3c41,caeb5a6d248ba33c770c82b3dc6515580c3efad63440adbbb4688d39731a3c41,exact_v2.1_reference,aligned_with_safety_augmentation,asd,llm_proposed,literature,evidence_gap,unresolved,false,0
3,5,asd_q034,ncb-scientific-1f13a7aee9fc1c7d,1f13a7aee9fc1c7dc1187efe86c3068be853653eb4050183fac5bcb492b8bbe3,1f13a7aee9fc1c7dc1187efe86c3068be853653eb4050183fac5bcb492b8bbe3,exact_v2.1_reference,aligned_with_safety_augmentation,asd,llm_proposed,literature,evidence_gap,unresolved,false,0
3,5,asd_q035,ncb-scientific-9b768a7494df75b2,9b768a7494df75b24fdc89ed6f68cee71fad50a0a2b02684368bd092524d7453,9b768a7494df75b24fdc89ed6f68cee71fad50a0a2b02684368bd092524d7453,exact_v2.1_reference,aligned_with_safety_augmentation,asd,llm_proposed,literature,evidence_gap,unresolved,false,0
3,5,asd_q036,ncb-scientific-61274f38e0112edd,61274f38e0112edde8180b2b74bd970e73a3a503b87528dec8547ff8d39e08d3,61274f38e0112edde8180b2b74bd970e73a3a503b87528dec8547ff8d39e08d3,exact_v2.1_reference,aligned_with_safety_augmentation,asd,llm_proposed,literature,evidence_gap,unresolved,false,0
3,5,asd_q037,ncb-scientific-149b1f2aeda4fcb1,149b1f2aeda4fcb1612b5edd3c9ba5d3fdc4cc18d9c5aa1afa53e32c85ed567e,149b1f2aeda4fcb1612b5edd3c9ba5d3fdc4cc18d9c5aa1afa53e32c85ed567e,exact_v2.1_reference,aligned_with_safety_augmentation,asd,llm_proposed,literature,evidence_gap,unresolved,false,0
3,5,asd_q038,ncb-scientific-c631e745a39a4c34,c631e745a39a4c34b7a2b47ee20ac723363fb4d3f247ba63938ada9c0511f640,c631e745a39a4c34b7a2b47ee20ac723363fb4d3f247ba63938ada9c0511f640,exact_v2.1_reference,aligned_with_safety_augmentation,asd,llm_proposed,literature,evidence_gap,unresolved,false,0
3,5,asd_q039,ncb-scientific-3bb5fd92cff87e34,3bb5fd92cff87e343d33e2cd0d6797eaf54d41cfe43a2123a8f42229247ead6c,3bb5fd92cff87e343d33e2cd0d6797eaf54d41cfe43a2123a8f42229247ead6c,exact_v2.1_reference,aligned_with_safety_augmentation,asd,llm_proposed,literature,evidence_gap,unresolved,false,0
3,5,asd_q040,ncb-scientific-cfe09363aec199e4,cfe09363aec199e4d87cfd179508934aa0a694e2ac85f122d79bab05a56bf5ba,cfe09363aec199e4d87cfd179508934aa0a694e2ac85f122d79bab05a56bf5ba,exact_v2.1_reference,aligned,asd,llm_proposed,literature,provisional,confirm,false,0
3,5,asd_q041,ncb-scientific-c823298f5f12df8a,c823298f5f12df8af07efc39e57413ee6b375c5f9f95bf060e712101c70c15cd,c823298f5f12df8af07efc39e57413ee6b375c5f9f95bf060e712101c70c15cd,exact_v2.1_reference,aligned_with_safety_augmentation,asd,llm_proposed,literature,evidence_gap,unresolved,false,0
3,5,asd_q042,ncb-scientific-1f634e71dd689f9b,1f634e71dd689f9bf628ab2462201c44d5996f29424ad3bb244eae08906e402b,1f634e71dd689f9bf628ab2462201c44d5996f29424ad3bb244eae08906e402b,exact_v2.1_reference,aligned_with_safety_augmentation,asd,llm_proposed,literature,evidence_gap,unresolved,false,0
3,5,asd_q043,ncb-scientific-1329501baee4943a,1329501baee4943a8d1925394f1bd0c531b39a4df9d4412f31a9e326f49d547b,1329501baee4943a8d1925394f1bd0c531b39a4df9d4412f31a9e326f49d547b,exact_v2.1_reference,aligned_with_safety_augmentation,asd,llm_proposed,literature,evidence_gap,unresolved,false,0
3,5,asd_q044,ncb-scientific-531f4a09678d2222,531f4a09678d2222e7dfb2b3f2c5e270ea361cb4ff770d5a532b98fb51322082,531f4a09678d2222e7dfb2b3f2c5e270ea361cb4ff770d5a532b98fb51322082,exact_v2.1_reference,aligned_with_safety_augmentation,asd,llm_proposed,literature,evidence_gap,unresolved,false,0
3,5,asd_q045,ncb-scientific-1518a0abab435142,1518a0abab43514213f4d83221121b85df589c0db1f51783ab24f10b187a989c,1518a0abab43514213f4d83221121b85df589c0db1f51783ab24f10b187a989c,exact_v2.1_reference,aligned_with_safety_augmentation,asd,llm_proposed,literature,evidence_gap,unresolved,false,0
3,5,asd_q046,ncb-scientific-afbfd52ab898aa8b,afbfd52ab898aa8b75058616b6193b34892bea7f7d452244ed64defafeede78a,afbfd52ab898aa8b75058616b6193b34892bea7f7d452244ed64defafeede78a,exact_v2.1_reference,aligned,asd,llm_proposed,literature,strict,abstain,false,0
3,5,asd_q047,ncb-scientific-5d4734ea98c9d333,5d4734ea98c9d333507a8f256c939d4c32820705161302d7f9b6dece95787e70,5d4734ea98c9d333507a8f256c939d4c32820705161302d7f9b6dece95787e70,exact_v2.1_reference,aligned_with_safety_augmentation,asd,llm_proposed,literature,evidence_gap,unresolved,false,0
3,5,asd_q048,ncb-scientific-58fd062031fc801e,58fd062031fc801ec995be400539f15fb05609ddaa041a485e24b531f854d19c,58fd062031fc801ec995be400539f15fb05609ddaa041a485e24b531f854d19c,exact_v2.1_reference,aligned_with_safety_augmentation,asd,llm_proposed,literature,evidence_gap,unresolved,false,0
3,5,asd_q049,ncb-scientific-be9238714808b664,be9238714808b66402159f2c45825993dd00eadd147b39f453e2e7e450668e79,be9238714808b66402159f2c45825993dd00eadd147b39f453e2e7e450668e79,exact_v2.1_reference,aligned_with_safety_augmentation,asd,llm_proposed,literature,evidence_gap,unresolved,false,0
3,5,asd_q050,ncb-scientific-206dd8d45a4d9d89,206dd8d45a4d9d891eb2644f5acdf1aeb9a4d894209c6c0c3142e2a74481d2e3,206dd8d45a4d9d891eb2644f5acdf1aeb9a4d894209c6c0c3142e2a74481d2e3,exact_v2.1_reference,aligned_with_safety_augmentation,asd,llm_proposed,literature,evidence_gap,unresolved,false,0
3,5,ad_aging_q027,ncb-scientific-7f4258667f94f44d,7f4258667f94f44d5e73e949aab05c8374dbe1ac010e146956307f30d3201ba2,7f4258667f94f44d5e73e949aab05c8374dbe1ac010e146956307f30d3201ba2,exact_v2.1_reference,aligned_with_safety_augmentation,ad_aging,llm_proposed,literature,evidence_gap,unresolved,false,0
3,5,ad_aging_q028,ncb-scientific-1775e0699f7d950f,1775e0699f7d950fdfe70ffa2494b3427fbca176a2fb9bd01c5bf5329b7dd39e,1775e0699f7d950fdfe70ffa2494b3427fbca176a2fb9bd01c5bf5329b7dd39e,exact_v2.1_reference,aligned_with_safety_augmentation,ad_aging,llm_proposed,literature,evidence_gap,unresolved,true,2
3,5,ad_aging_q029,ncb-scientific-bf6a4a4dabf8357f,bf6a4a4dabf8357f31e6a07ae1504771c332c4ed81929fb895a09609631d5866,bf6a4a4dabf8357f31e6a07ae1504771c332c4ed81929fb895a09609631d5866,exact_v2.1_reference,aligned_with_safety_augmentation,ad_aging,llm_proposed,literature,evidence_gap,unresolved,false,0
3,5,ad_aging_q030,ncb-scientific-75bd3855eddc86c8,75bd3855eddc86c8164fd4b8c788b0d2ff249afef49acbd1c2597bcf3031ee46,75bd3855eddc86c8164fd4b8c788b0d2ff249afef49acbd1c2597bcf3031ee46,exact_v2.1_reference,aligned_with_safety_augmentation,ad_aging,llm_proposed,literature,strict,confirm,true,3
3,5,ad_aging_q032,ncb-scientific-c922885057dbc163,c922885057dbc163bc0da7c09a1f929618f4043b01e964bfbd4ba2d3947e992e,c922885057dbc163bc0da7c09a1f929618f4043b01e964bfbd4ba2d3947e992e,exact_v2.1_reference,aligned_with_safety_augmentation,ad_aging,llm_proposed,literature,evidence_gap,unresolved,true,5
3,5,ad_aging_q034,ncb-scientific-0945ff60b5d68ba8,0945ff60b5d68ba89a298e0d5c7f9a2de1625b057bca524e15324d9708ecf806,0945ff60b5d68ba89a298e0d5c7f9a2de1625b057bca524e15324d9708ecf806,exact_v2.1_reference,aligned_with_safety_augmentation,ad_aging,llm_proposed,literature,evidence_gap,unresolved,true,6
3,5,ad_aging_q035,ncb-scientific-2dcda273dbedc219,2dcda273dbedc219ed9d5d8682aa85ac5f279a5b7efa0b335d1568599836b508,2dcda273dbedc219ed9d5d8682aa85ac5f279a5b7efa0b335d1568599836b508,exact_v2.1_reference,aligned_with_safety_augmentation,ad_aging,llm_proposed,literature,evidence_gap,unresolved,false,0
3,5,ad_aging_q036,ncb-scientific-cc1c11b70cdbc35f,cc1c11b70cdbc35f0fb7b7692822abca760f09315d96cba5c2e0c0d8c07fcfe3,cc1c11b70cdbc35f0fb7b7692822abca760f09315d96cba5c2e0c0d8c07fcfe3,exact_v2.1_reference,aligned_with_safety_augmentation,ad_aging,llm_proposed,literature,evidence_gap,unresolved,false,0
3,5,ad_aging_q037,ncb-scientific-0b054fd85acaa063,0b054fd85acaa06382e368b06e24cb23876d673dda29faac3b690645e449b6d5,0b054fd85acaa06382e368b06e24cb23876d673dda29faac3b690645e449b6d5,exact_v2.1_reference,aligned_with_safety_augmentation,ad_aging,llm_proposed,literature,evidence_gap,unresolved,false,0
3,5,ad_aging_q038,ncb-scientific-1d2a9e0f4f0b8bc3,1d2a9e0f4f0b8bc35fe53e1c18e110f8965f0dbb01897b1aba0cbe4d193e5821,1d2a9e0f4f0b8bc35fe53e1c18e110f8965f0dbb01897b1aba0cbe4d193e5821,exact_v2.1_reference,aligned_with_safety_augmentation,ad_aging,llm_proposed,literature,evidence_gap,unresolved,false,0
3,5,ad_aging_q039,ncb-scientific-a545812912502796,a5458129125027964cfadcefcff0f19c0d3ceed68aede1f9609ffc45247c35e4,a5458129125027964cfadcefcff0f19c0d3ceed68aede1f9609ffc45247c35e4,exact_v2.1_reference,aligned_with_safety_augmentation,ad_aging,llm_proposed,literature,evidence_gap,unresolved,false,0
3,5,ad_aging_q040,ncb-scientific-0b054fd85acaa063,0b054fd85acaa06382e368b06e24cb23876d673dda29faac3b690645e449b6d5,0b054fd85acaa06382e368b06e24cb23876d673dda29faac3b690645e449b6d5,exact_v2.1_reference,aligned_with_safety_augmentation,ad_aging,llm_proposed,literature,evidence_gap,unresolved,false,0
3,5,ad_aging_q041,ncb-scientific-f7956622f7e3eaf8,f7956622f7e3eaf82268d3c6d03184df48ef112532d72822e58c2e3b4eb9abd0,f7956622f7e3eaf82268d3c6d03184df48ef112532d72822e58c2e3b4eb9abd0,exact_v2.1_reference,aligned_with_safety_augmentation,ad_aging,llm_proposed,literature,evidence_gap,unresolved,false,0
3,5,ad_aging_q042,ncb-scientific-24de654ccd87dce2,24de654ccd87dce2402ee3e06841e2aa84bb5b939fe17e0a081e3e3fe8dd97e2,24de654ccd87dce2402ee3e06841e2aa84bb5b939fe17e0a081e3e3fe8dd97e2,exact_v2.1_reference,aligned_with_safety_augmentation,ad_aging,llm_proposed,literature,evidence_gap,unresolved,false,0
3,5,ad_aging_q043,ncb-scientific-f143dbf87a77594f,f143dbf87a77594f45f0c498342b2f4b17215390bf78679a21770bcc782da655,f143dbf87a77594f45f0c498342b2f4b17215390bf78679a21770bcc782da655,exact_v2.1_reference,aligned_with_safety_augmentation,ad_aging,llm_proposed,literature,evidence_gap,unresolved,false,0
3,5,ad_aging_q044,ncb-scientific-0cf9bf17a3cb10a7,0cf9bf17a3cb10a706661b585964be67b5928087882dc93e7b80224dac8a3534,0cf9bf17a3cb10a706661b585964be67b5928087882dc93e7b80224dac8a3534,exact_v2.1_reference,aligned_with_safety_augmentation,ad_aging,llm_proposed,literature,provisional,confirm,false,0
3,5,ad_aging_q045,ncb-scientific-4d6ed37bb9324c72,4d6ed37bb9324c72153b3fa839362f89320d16c7cbd9dd2659db729eb80061bf,4d6ed37bb9324c72153b3fa839362f89320d16c7cbd9dd2659db729eb80061bf,exact_v2.1_reference,aligned_with_safety_augmentation,ad_aging,llm_proposed,literature,evidence_gap,unresolved,false,0
3,5,ad_aging_q046,ncb-scientific-79182620041b5799,79182620041b57998eb9b3eb81cfba653f320fbe529ff0db654dd813626d0e36,79182620041b57998eb9b3eb81cfba653f320fbe529ff0db654dd813626d0e36,exact_v2.1_reference,aligned_with_safety_augmentation,ad_aging,llm_proposed,literature,evidence_gap,unresolved,false,0
3,5,ad_aging_q048,ncb-scientific-a3f4263a0dce56cf,a3f4263a0dce56cf738ebd2d271cf2f786acf25f6ab1432a96784f063e51d349,a3f4263a0dce56cf738ebd2d271cf2f786acf25f6ab1432a96784f063e51d349,exact_v2.1_reference,aligned_with_safety_augmentation,ad_aging,llm_proposed,literature,evidence_gap,unresolved,false,0
3,5,ad_aging_q049,ncb-scientific-24de654ccd87dce2,24de654ccd87dce2402ee3e06841e2aa84bb5b939fe17e0a081e3e3fe8dd97e2,24de654ccd87dce2402ee3e06841e2aa84bb5b939fe17e0a081e3e3fe8dd97e2,exact_v2.1_reference,aligned_with_safety_augmentation,ad_aging,llm_proposed,literature,evidence_gap,unresolved,false,0
3,5,ad_aging_q050,ncb-scientific-693510493058a91a,693510493058a91ac8ead80536de2a54f1331e925b11ad3d69d871fe6c93a395,693510493058a91ac8ead80536de2a54f1331e925b11ad3d69d871fe6c93a395,exact_v2.1_reference,aligned_with_safety_augmentation,ad_aging,llm_proposed,literature,evidence_gap,unresolved,false,0
3,5,psychosis_q001,ncb-scientific-7cb3fe4a5738fae5,7cb3fe4a5738fae59ad565ce7ad320774954e407c9d8edcbc6f05c4bb1287017,7cb3fe4a5738fae59ad565ce7ad320774954e407c9d8edcbc6f05c4bb1287017,exact_v2.1_reference,aligned,psychosis,llm_proposed,literature,evidence_gap,unresolved,false,0
3,5,psychosis_q002,ncb-scientific-266504b3d4e53721,266504b3d4e53721e07a0d77932a5254a3379c3ddf34b0dc44aeea4c4b4cb67d,266504b3d4e53721e07a0d77932a5254a3379c3ddf34b0dc44aeea4c4b4cb67d,exact_v2.1_reference,aligned_with_safety_augmentation,psychosis,llm_proposed,literature,evidence_gap,unresolved,false,0
3,5,psychosis_q003,ncb-scientific-872c426870a43fc0,872c426870a43fc09bee7deefd9487ffedf554184b618cfa1548e9f8d3be8d34,872c426870a43fc09bee7deefd9487ffedf554184b618cfa1548e9f8d3be8d34,exact_v2.1_reference,aligned_with_safety_augmentation,psychosis,llm_proposed,literature,evidence_gap,unresolved,false,0
3,5,psychosis_q004,ncb-scientific-3cd280f660dfbcd4,3cd280f660dfbcd415a0ac5f54af96f2ce8fe1cc897a4a14f869e1ea54467213,3cd280f660dfbcd415a0ac5f54af96f2ce8fe1cc897a4a14f869e1ea54467213,exact_v2.1_reference,aligned_with_safety_augmentation,psychosis,llm_proposed,literature,provisional,confirm,false,0
3,5,psychosis_q005,ncb-scientific-4cedbc48040eac27,4cedbc48040eac27d2eaf9fa5cbc4713fa67c79a232f498107862a2fe7d63e79,4cedbc48040eac27d2eaf9fa5cbc4713fa67c79a232f498107862a2fe7d63e79,exact_v2.1_reference,aligned_with_safety_augmentation,psychosis,llm_proposed,literature,evidence_gap,unresolved,false,0
3,5,psychosis_q006,ncb-scientific-58864dfe748ed623,58864dfe748ed623b1e412e518eb6d075f1280ebe036bb1dc55e56e8a2aca169,58864dfe748ed623b1e412e518eb6d075f1280ebe036bb1dc55e56e8a2aca169,exact_v2.1_reference,aligned_with_safety_augmentation,psychosis,llm_proposed,literature,evidence_gap,unresolved,false,0
3,5,psychosis_q007,ncb-scientific-e5b2412738b16335,e5b2412738b16335f55b1518f3aac394c8cfff48e1b39a9dc0d2b64c2cbb5877,e5b2412738b16335f55b1518f3aac394c8cfff48e1b39a9dc0d2b64c2cbb5877,exact_v2.1_reference,aligned,psychosis,llm_proposed,literature,evidence_gap,unresolved,false,0
3,5,psychosis_q008,ncb-scientific-5e9d9106292eb159,5e9d9106292eb159971d41de9ac66f7064ff9c67b369099bff308886a86ec58b,5e9d9106292eb159971d41de9ac66f7064ff9c67b369099bff308886a86ec58b,exact_v2.1_reference,aligned_with_safety_augmentation,psychosis,llm_proposed,literature,provisional,confirm,false,0
3,5,psychosis_q009,ncb-scientific-8366c91b96faf9a6,8366c91b96faf9a6c9557e9120c312676b6be08466de64a2ea5ecb46f08595dc,8366c91b96faf9a6c9557e9120c312676b6be08466de64a2ea5ecb46f08595dc,exact_v2.1_reference,aligned_with_safety_augmentation,psychosis,llm_proposed,literature,evidence_gap,unresolved,false,0
3,5,psychosis_q010,ncb-scientific-822a9e3fd7a9cc40,822a9e3fd7a9cc40dd56cec27d9df1f4b981c6e08141b1a8a2264fd39544ccfa,822a9e3fd7a9cc40dd56cec27d9df1f4b981c6e08141b1a8a2264fd39544ccfa,exact_v2.1_reference,aligned,psychosis,llm_proposed,literature,evidence_gap,unresolved,false,0
3,5,psychosis_q011,ncb-scientific-d4c0b42a60357a5d,d4c0b42a60357a5d939e12105a02798899968bed182f8471def699471bf39842,d4c0b42a60357a5d939e12105a02798899968bed182f8471def699471bf39842,exact_v2.1_reference,aligned_with_safety_augmentation,psychosis,llm_proposed,literature,evidence_gap,unresolved,false,0
3,5,psychosis_q012,ncb-scientific-6c9d8d248e03fd07,6c9d8d248e03fd072175b3155b829fce548d5dc88bffc0dd63db73a27cc1b1f9,6c9d8d248e03fd072175b3155b829fce548d5dc88bffc0dd63db73a27cc1b1f9,exact_v2.1_reference,aligned,psychosis,llm_proposed,literature,strict,confirm,false,0
3,5,psychosis_q013,ncb-scientific-32c06a5e43e74faa,32c06a5e43e74faa24d16e67accf4262d0369671f06216c693238d120d8f16f9,32c06a5e43e74faa24d16e67accf4262d0369671f06216c693238d120d8f16f9,exact_v2.1_reference,aligned_with_safety_augmentation,psychosis,llm_proposed,literature,evidence_gap,unresolved,false,0
3,5,psychosis_q014,ncb-scientific-f0173ff72ee52b5e,f0173ff72ee52b5e1e878ad93b6ab55443639c37100b7a6ff8546daeb9de844a,f0173ff72ee52b5e1e878ad93b6ab55443639c37100b7a6ff8546daeb9de844a,exact_v2.1_reference,aligned,psychosis,llm_proposed,literature,evidence_gap,unresolved,false,0
3,5,psychosis_q015,ncb-scientific-622e97baf8eece3c,622e97baf8eece3cc6a62615addca82592c24a5eb42cd164d81459a0d041eaab,622e97baf8eece3cc6a62615addca82592c24a5eb42cd164d81459a0d041eaab,exact_v2.1_reference,aligned,psychosis,llm_proposed,literature,evidence_gap,unresolved,false,0
3,5,psychosis_q016,ncb-scientific-9066c4a0d3bc2f9f,9066c4a0d3bc2f9f335adcc9e6fce3653c8c38198faedd03436f1aa34da54b25,9066c4a0d3bc2f9f335adcc9e6fce3653c8c38198faedd03436f1aa34da54b25,exact_v2.1_reference,aligned_with_safety_augmentation,psychosis,llm_proposed,literature,strict,confirm,false,0
3,5,psychosis_q017,ncb-scientific-4bafecc6ed3b9d87,4bafecc6ed3b9d87a26b408fcd1dd48f8e80cc184c6f98eb941ab54c48ad2031,4bafecc6ed3b9d87a26b408fcd1dd48f8e80cc184c6f98eb941ab54c48ad2031,exact_v2.1_reference,aligned,psychosis,llm_proposed,literature,evidence_gap,unresolved,false,0
3,5,psychosis_q018,ncb-scientific-6aa47e3b129ad9fb,6aa47e3b129ad9fb3b897f8e59d71e00f8f3abe34d5515c19a65bf8a5c880e1a,6aa47e3b129ad9fb3b897f8e59d71e00f8f3abe34d5515c19a65bf8a5c880e1a,exact_v2.1_reference,aligned_with_safety_augmentation,psychosis,llm_proposed,literature,evidence_gap,unresolved,true,4
3,5,psychosis_q019,ncb-scientific-047feb6835500e20,047feb6835500e20fce6c8866aa5f4319884079d3ece961fffa1950d3f67649b,047feb6835500e20fce6c8866aa5f4319884079d3ece961fffa1950d3f67649b,exact_v2.1_reference,aligned_with_safety_augmentation,psychosis,llm_proposed,literature,evidence_gap,unresolved,true,2
3,5,psychosis_q021,ncb-scientific-675abad09b88a363,675abad09b88a3632ae7d7ac4e199a4a0e5c99415e8c1ac16c601d7e16a98f35,675abad09b88a3632ae7d7ac4e199a4a0e5c99415e8c1ac16c601d7e16a98f35,exact_v2.1_reference,aligned_with_safety_augmentation,psychosis,llm_proposed,literature,evidence_gap,unresolved,false,0
3,5,psychosis_q022,ncb-scientific-49fd02560669f081,49fd02560669f081865a60b8024eb81ebb6dc5834a87820f119def66b35fa233,49fd02560669f081865a60b8024eb81ebb6dc5834a87820f119def66b35fa233,exact_v2.1_reference,aligned,psychosis,llm_proposed,literature,evidence_gap,unresolved,true,2
3,5,psychosis_q023,ncb-scientific-3942bdaedf8efb2a,3942bdaedf8efb2afecb3c2c12045c0014df9f189b66d0de08e09298d10c22ae,3942bdaedf8efb2afecb3c2c12045c0014df9f189b66d0de08e09298d10c22ae,exact_v2.1_reference,aligned_with_safety_augmentation,psychosis,llm_proposed,literature,evidence_gap,unresolved,false,0
3,5,psychosis_q024,ncb-scientific-9181e305d0e360a5,9181e305d0e360a5d17ec43febd9d32a46fc572a1fa87ab8680c7b4cb79abe90,9181e305d0e360a5d17ec43febd9d32a46fc572a1fa87ab8680c7b4cb79abe90,exact_v2.1_reference,aligned_with_safety_augmentation,psychosis,llm_proposed,literature,evidence_gap,unresolved,false,0
3,5,psychosis_q025,ncb-scientific-4ffc0faff41b9d25,4ffc0faff41b9d251ae15c86a5646175e1972970df38a88ccfac126ba34f43b9,4ffc0faff41b9d251ae15c86a5646175e1972970df38a88ccfac126ba34f43b9,exact_v2.1_reference,aligned,psychosis,llm_proposed,literature,evidence_gap,unresolved,true,1
3,5,psychosis_q026,ncb-scientific-e43def8c3b8cb4e9,e43def8c3b8cb4e9401abd45c8e585ca3fb7555ed77364cdacf981560d643998,e43def8c3b8cb4e9401abd45c8e585ca3fb7555ed77364cdacf981560d643998,exact_v2.1_reference,aligned_with_safety_augmentation,psychosis,llm_proposed,literature,evidence_gap,unresolved,false,0
3,5,psychosis_q027,ncb-scientific-9eaf2a23ddb73ea3,9eaf2a23ddb73ea3b9ad8419cc764b871d15a798fea17ac3a71821704466415e,9eaf2a23ddb73ea3b9ad8419cc764b871d15a798fea17ac3a71821704466415e,exact_v2.1_reference,aligned_with_safety_augmentation,psychosis,llm_proposed,literature,provisional,abstain,false,0
3,5,psychosis_q028,ncb-scientific-6130b7ec9d114c16,6130b7ec9d114c162d53c779a173cc930024074dfc2f729afa0cd4fc7c5e3827,6130b7ec9d114c162d53c779a173cc930024074dfc2f729afa0cd4fc7c5e3827,exact_v2.1_reference,aligned,psychosis,llm_proposed,literature,strict,confirm,false,0
3,5,psychosis_q029,ncb-scientific-561d93190dd22ced,561d93190dd22ced60f31e0fd38e0faf5c987fc53b8acf69c6396133d316d230,561d93190dd22ced60f31e0fd38e0faf5c987fc53b8acf69c6396133d316d230,exact_v2.1_reference,aligned_with_safety_augmentation,psychosis,llm_proposed,literature,evidence_gap,unresolved,false,0
3,5,psychosis_q030,ncb-scientific-23a83dcb8dd0287e,23a83dcb8dd0287e82e81be378cb004bce79a5325cd73ba2c55edfee8113d52d,23a83dcb8dd0287e82e81be378cb004bce79a5325cd73ba2c55edfee8113d52d,exact_v2.1_reference,aligned,psychosis,llm_proposed,literature,evidence_gap,unresolved,false,0
3,5,psychosis_q031,ncb-scientific-611e67de29172a34,611e67de29172a34127865843ed7fbb0a3c674cbea476eacda530d3d8c5a9abf,611e67de29172a34127865843ed7fbb0a3c674cbea476eacda530d3d8c5a9abf,exact_v2.1_reference,aligned_with_safety_augmentation,psychosis,llm_proposed,literature,evidence_gap,unresolved,false,0
3,5,psychosis_q032,ncb-scientific-740708798029c58d,740708798029c58d4d6385bc24deca50249908931c23e35c50e771c1555ef475,740708798029c58d4d6385bc24deca50249908931c23e35c50e771c1555ef475,exact_v2.1_reference,aligned_with_safety_augmentation,psychosis,llm_proposed,literature,strict,confirm,false,0
3,5,psychosis_q033,ncb-scientific-23b8d8c0265298fd,23b8d8c0265298fd242715da197614417003ea5efbb70bf6b292cb27ea990f0d,23b8d8c0265298fd242715da197614417003ea5efbb70bf6b292cb27ea990f0d,exact_v2.1_reference,aligned,psychosis,llm_proposed,literature,evidence_gap,unresolved,false,0
3,5,psychosis_q034,ncb-scientific-548d362dc2682286,548d362dc26822867e373f356852faa0ed9fa00f1757c8e4486a1d240506e03e,548d362dc26822867e373f356852faa0ed9fa00f1757c8e4486a1d240506e03e,exact_v2.1_reference,aligned,psychosis,llm_proposed,literature,evidence_gap,unresolved,false,0
3,5,psychosis_q035,ncb-scientific-66560a7fd0e34141,66560a7fd0e34141ba219136468ed4d54ee064cfff748f6d27aa451fbfd80069,66560a7fd0e34141ba219136468ed4d54ee064cfff748f6d27aa451fbfd80069,exact_v2.1_reference,aligned,psychosis,llm_proposed,literature,provisional,abstain,false,0
3,5,psychosis_q036,ncb-scientific-e313edffc6da7a07,e313edffc6da7a074c42d69ed32da20e4642325dccd086815d410b2e3f7babb3,e313edffc6da7a074c42d69ed32da20e4642325dccd086815d410b2e3f7babb3,exact_v2.1_reference,aligned,psychosis,llm_proposed,literature,evidence_gap,unresolved,false,0
3,5,psychosis_q037,ncb-scientific-3b7b2226aa3bb7ce,3b7b2226aa3bb7ce109fe00563be869699e1fef55876cce35355c6941ea873fd,3b7b2226aa3bb7ce109fe00563be869699e1fef55876cce35355c6941ea873fd,exact_v2.1_reference,aligned,psychosis,llm_proposed,literature,evidence_gap,unresolved,false,0
3,5,psychosis_q038,ncb-scientific-51f69ecdfc1f24b2,51f69ecdfc1f24b277984e6877bcaf2b948d82427c5f75a82b8d082ad218f263,51f69ecdfc1f24b277984e6877bcaf2b948d82427c5f75a82b8d082ad218f263,pre_v2_contract_only,ambiguous_unresolved,psychosis,llm_proposed,,,,false,0
3,5,psychosis_q039,ncb-scientific-d0535a6cab6d913b,d0535a6cab6d913b7aae20a3c6e47c1d8b5c21a56abd87a6f45877adf81829e0,d0535a6cab6d913b7aae20a3c6e47c1d8b5c21a56abd87a6f45877adf81829e0,exact_v2.1_reference,aligned,psychosis,llm_proposed,literature,provisional,confirm,false,0
3,5,psychosis_q040,ncb-scientific-80318de11aee33ca,80318de11aee33cafcafc23b40e6d185a412151c5603277794147b1d572df23d,80318de11aee33cafcafc23b40e6d185a412151c5603277794147b1d572df23d,exact_v2.1_reference,aligned,psychosis,llm_proposed,literature,evidence_gap,unresolved,false,0
3,5,psychosis_q042,ncb-scientific-70527a90423a8295,70527a90423a8295ebeae835b0a95e8bc634a4d1611424dbdb775935515a8516,70527a90423a8295ebeae835b0a95e8bc634a4d1611424dbdb775935515a8516,exact_v2.1_reference,aligned,psychosis,llm_proposed,literature,evidence_gap,unresolved,true,5
3,5,psychosis_q043,ncb-scientific-41408a5127ecaa01,41408a5127ecaa01bb16f33bb137977cb589300803b75207c17804f34de42e00,41408a5127ecaa01bb16f33bb137977cb589300803b75207c17804f34de42e00,exact_v2.1_reference,aligned,psychosis,llm_proposed,literature,provisional,abstain,true,4
3,5,psychosis_q045,ncb-scientific-81e24d3b130902a4,81e24d3b130902a46cd52114a0894c5d3052a400c072cda182917e5eb6728851,81e24d3b130902a46cd52114a0894c5d3052a400c072cda182917e5eb6728851,exact_v2.1_reference,aligned,psychosis,llm_proposed,literature,evidence_gap,unresolved,false,0
3,5,psychosis_q046,ncb-scientific-172d75bcc17dcce9,172d75bcc17dcce9c2a8cde3b446b4521935e40d9bee3691b4d574e1b426012d,172d75bcc17dcce9c2a8cde3b446b4521935e40d9bee3691b4d574e1b426012d,exact_v2.1_reference,aligned,psychosis,llm_proposed,literature,evidence_gap,unresolved,false,0
3,5,psychosis_q047,ncb-scientific-58a996a383e72e5b,58a996a383e72e5b79cc802cd41cc61d146ef74faab2650d92112acd832924d8,58a996a383e72e5b79cc802cd41cc61d146ef74faab2650d92112acd832924d8,exact_v2.1_reference,aligned,psychosis,llm_proposed,literature,provisional,confirm,true,1
3,5,psychosis_q048,ncb-scientific-ed8eabb252714493,ed8eabb252714493617a23875b640f41f1af8d9b8826cdbb8845c317adcbc72f,ed8eabb252714493617a23875b640f41f1af8d9b8826cdbb8845c317adcbc72f,exact_v2.1_reference,aligned,psychosis,llm_proposed,literature,evidence_gap,unresolved,false,0
3,5,psychosis_q049,ncb-scientific-a1da46d7f5fa792d,a1da46d7f5fa792d06b40ef905be2163aa10371959c82a12774363e09e80a844,a1da46d7f5fa792d06b40ef905be2163aa10371959c82a12774363e09e80a844,exact_v2.1_reference,aligned_with_safety_augmentation,psychosis,llm_proposed,literature,evidence_gap,unresolved,false,0
3,5,psychosis_q050,ncb-scientific-55b455d152ed1390,55b455d152ed1390382cc96bd36b995f3d6549c65d1710583265325ae547aabe,55b455d152ed1390382cc96bd36b995f3d6549c65d1710583265325ae547aabe,exact_v2.1_reference,aligned,psychosis,llm_proposed,literature,evidence_gap,unresolved,false,0
5,10,pubmed_23333262_pmid23333262_rsfc_aging_1,ncb-scientific-9c418256797d0a86,9c418256797d0a86064d970a3e88ff8457d32310776b1a8297e66c8a796c3e35,9c418256797d0a86064d970a3e88ff8457d32310776b1a8297e66c8a796c3e35,exact_v2.1_reference,aligned,normative_fmri,literature_grounded,literature,evidence_gap,unresolved,false,0
5,10,pubmed_39856610_pmid39856610_1,ncb-scientific-f7c3e84a1cb3480d,f7c3e84a1cb3480df741174bb0e279d66de6682c8fed7217cb12a501ce7abb09,f7c3e84a1cb3480df741174bb0e279d66de6682c8fed7217cb12a501ce7abb09,pre_v2_contract_only,ambiguous_unresolved,adhd,literature_grounded,,,,false,0
5,10,pubmed_35583796_pmid35583796_rsfc_dmn_within,ncb-scientific-9306eed5ac12c7af,9306eed5ac12c7afb5d6c7513192e5e650af6d2ccd09172f90bd0be83b95b662,9306eed5ac12c7afb5d6c7513192e5e650af6d2ccd09172f90bd0be83b95b662,exact_v2.1_reference,aligned,adhd,literature_grounded,literature,provisional,abstain,false,0
5,10,pubmed_35583796_pmid35583796_rsfc_dmn_control_salience,ncb-scientific-060910c2dae3c7c0,060910c2dae3c7c0bc483bb7456953e7717bc55f016c82a246c15256e99ca483,060910c2dae3c7c0bc483bb7456953e7717bc55f016c82a246c15256e99ca483,exact_v2.1_reference,aligned,adhd,literature_grounded,literature,provisional,abstain,false,0
5,10,pubmed_36403658_pmid36403658_adhd_dmn_fc,ncb-scientific-bace4c130b60ece5,bace4c130b60ece50157fd3d6ec0b0e4244cf860559cbcb48aa4a9e499ab497d,bace4c130b60ece50157fd3d6ec0b0e4244cf860559cbcb48aa4a9e499ab497d,pre_v2_contract_only,ambiguous_unresolved,adhd,literature_grounded,,,,false,0
5,10,pubmed_36403658_pmid36403658_adhd_fc_classifier,ncb-scientific-ce9b34e85b1510c7,ce9b34e85b1510c7cdb61caab47224a564c4d18a9d89c72c6952a58e8ed87491,ce9b34e85b1510c7cdb61caab47224a564c4d18a9d89c72c6952a58e8ed87491,pre_v2_contract_only,ambiguous_unresolved,adhd,literature_grounded,,,,false,0
5,10,pubmed_35359026_35359026_1,ncb-scientific-f3636d57e59fc807,f3636d57e59fc80720979dd8e617af6796721000006447ea84631b5fed881c38,f3636d57e59fc80720979dd8e617af6796721000006447ea84631b5fed881c38,exact_v2.1_reference,aligned,adhd,literature_grounded,literature,evidence_gap,unresolved,false,0
5,10,pubmed_34280835_pmid34280835_adhd_smn-fc_01,ncb-scientific-4bec8588ceb4224d,4bec8588ceb4224ddd1ba5d8630aca64bbe57f5c572153bf88b8b92a099e90a4,4bec8588ceb4224ddd1ba5d8630aca64bbe57f5c572153bf88b8b92a099e90a4,exact_v2.1_reference,aligned,adhd,literature_grounded,literature,evidence_gap,unresolved,false,0
5,10,pubmed_31265198_pmid31265198_fc_adhd_vs_tdc,ncb-scientific-c8acae9508ef35fd,c8acae9508ef35fd71e17be422a96ff94cda16d53561647f67cc34bf3fb5e2dc,c8acae9508ef35fd71e17be422a96ff94cda16d53561647f67cc34bf3fb5e2dc,exact_v2.1_reference,aligned,adhd,literature_grounded,literature,provisional,abstain,false,0
5,10,pubmed_35338900_pmid35338900_age_fcsc,ncb-scientific-5640b53a2dfaa1b8,5640b53a2dfaa1b884c99a06c8c8897d97d1155e8f60cc54e4822588eef8e5bc,5640b53a2dfaa1b884c99a06c8c8897d97d1155e8f60cc54e4822588eef8e5bc,pre_v2_contract_only,ambiguous_unresolved,adhd,literature_grounded,,,,false,0
5,10,pubmed_35338900_pmid35338900_boysadhd_limbicdmn,ncb-scientific-de1363fa0a54a318,de1363fa0a54a31857453e1dd873734715696b750931e1ee29d64fb8103b2e58,de1363fa0a54a31857453e1dd873734715696b750931e1ee29d64fb8103b2e58,exact_v2.1_reference,aligned,adhd,literature_grounded,literature,evidence_gap,unresolved,false,0
5,10,pubmed_37121277_pmid37121277_reho_cluster1_vs_td,ncb-scientific-e59b8563fe5abace,e59b8563fe5abace75c175eff2d6c6bc371d7aa0b5053b5fc34317818314bff5,e59b8563fe5abace75c175eff2d6c6bc371d7aa0b5053b5fc34317818314bff5,pre_v2_contract_only,ambiguous_unresolved,asd,literature_grounded,,,,false,0
5,10,pubmed_37121277_pmid37121277_vmhc_cluster1_vs_td,ncb-scientific-f41a8c5978b01125,f41a8c5978b01125b76c9d2800b0f2317936ed7c14759937a1ed14428bc25897,f41a8c5978b01125b76c9d2800b0f2317936ed7c14759937a1ed14428bc25897,pre_v2_contract_only,ambiguous_unresolved,asd,literature_grounded,,,,false,0
5,10,pubmed_37121277_pmid37121277_mccfc_cluster2_vs_td,ncb-scientific-c98428886dd0f1d9,c98428886dd0f1d91c3a75d885826b5fb7726225297f515afa05718599e2996d,c98428886dd0f1d91c3a75d885826b5fb7726225297f515afa05718599e2996d,pre_v2_contract_only,ambiguous_unresolved,asd,literature_grounded,,,,false,0
5,10,pubmed_42141307_pmid42141307_asd_fmri_fc_casecontrol_mixed,ncb-scientific-4f6f45a81e8e3370,4f6f45a81e8e337049763733e2b9871efc22c4d9fc5f5f6d4ccf920cb8a023d6,4f6f45a81e8e337049763733e2b9871efc22c4d9fc5f5f6d4ccf920cb8a023d6,exact_v2.1_reference,aligned,asd,literature_grounded,literature,strict,confirm,false,0
5,10,pubmed_34264028_34264028-1,ncb-scientific-7ab10eca62cc6fc7,7ab10eca62cc6fc7aac3fc6c5d935bbe58e90be3a4850b9956b9d4bb8758e45f,7ab10eca62cc6fc7aac3fc6c5d935bbe58e90be3a4850b9956b9d4bb8758e45f,pre_v2_contract_only,ambiguous_unresolved,asd,literature_grounded,,,,false,0
5,10,pubmed_37741308_pmid37741308_asd_fc_groupdiff,ncb-scientific-55457edaa703fbe4,55457edaa703fbe4b0e3548c6732e7f7dc35b0535beed7336e617f077b9a8172,55457edaa703fbe4b0e3548c6732e7f7dc35b0535beed7336e617f077b9a8172,exact_v2.1_reference,aligned,asd,literature_grounded,literature,evidence_gap,unresolved,false,0
5,10,pubmed_28040544_pmid28040544_asd_fc_kea_corticalnetworks,ncb-scientific-cb86d4103ebb0e0c,cb86d4103ebb0e0cfb84aeae03b006b1b9f5e196a73b165f42e271c167d1f8d0,cb86d4103ebb0e0cfb84aeae03b006b1b9f5e196a73b165f42e271c167d1f8d0,exact_v2.1_reference,aligned,asd,literature_grounded,literature,provisional,confirm,false,0
5,10,pubmed_28040544_pmid28040544_asd_fc_selffacetom,ncb-scientific-08c6866776e43268,08c6866776e432686055fe502dc79eaebce0f6916de3c9ca15c72b7849a8070b,08c6866776e432686055fe502dc79eaebce0f6916de3c9ca15c72b7849a8070b,exact_v2.1_reference,aligned,asd,literature_grounded,literature,provisional,confirm,false,0
5,10,pubmed_30833582_pmid30833582_asd_stepwise_connectivity,ncb-scientific-88422a822641e7cd,88422a822641e7cdcba6f457a4fa41387a32f9f3a60e08260ef9b6a18e716ada,88422a822641e7cdcba6f457a4fa41387a32f9f3a60e08260ef9b6a18e716ada,exact_v2.1_reference,aligned,asd,literature_grounded,literature,strict,confirm,false,0
5,10,pubmed_1431963_pmid1431963_mta_ad_vs_controls,ncb-scientific-e2c8b315d5871123,e2c8b315d58711232df3fb244f289b13f1a98c97f3043bbed5db37f77d0fac0a,e2c8b315d58711232df3fb244f289b13f1a98c97f3043bbed5db37f77d0fac0a,exact_v2.1_reference,aligned,ad_aging,literature_grounded,literature,strict,confirm,true,10
5,10,pubmed_21729419_pmid21729419_2,ncb-scientific-e2c8b315d5871123,e2c8b315d58711232df3fb244f289b13f1a98c97f3043bbed5db37f77d0fac0a,e2c8b315d58711232df3fb244f289b13f1a98c97f3043bbed5db37f77d0fac0a,exact_v2.1_reference,aligned,ad_aging,literature_grounded,literature,strict,confirm,true,24
5,10,pubmed_31313441_31313441-psychosis-rsfc-casecontrol,ncb-scientific-1c4bb13eab05e379,1c4bb13eab05e37903f684a6f8836eb4046bdfd60c0337e4be303461922306ff,1c4bb13eab05e37903f684a6f8836eb4046bdfd60c0337e4be303461922306ff,exact_v2.1_reference,aligned,psychosis,literature_grounded,literature,strict,confirm,false,0
5,10,pubmed_29653095_29653095-psychosis-fc-01,ncb-scientific-c671d3de1b2734cb,c671d3de1b2734cb8e64ccc55fdd15ea4118e551d604845c6f756f7b71f7ba43,c671d3de1b2734cb8e64ccc55fdd15ea4118e551d604845c6f756f7b71f7ba43,exact_v2.1_reference,aligned,psychosis,literature_grounded,literature,provisional,confirm,false,0
5,10,pubmed_29653095_29653095-psychosis-fc-02,ncb-scientific-b336c91ebd2e082c,b336c91ebd2e082c670facfa74d1a9ee136e61e29d1305f2d91cecac8b77f04c,b336c91ebd2e082c670facfa74d1a9ee136e61e29d1305f2d91cecac8b77f04c,pre_v2_contract_only,ambiguous_unresolved,psychosis,literature_grounded,,,,false,0
5,10,pubmed_35753120_pmid35753120_1,ncb-scientific-5d5fd40a49dbf782,5d5fd40a49dbf782645572714c9237709a98147ddd0551217a75c6523f448980,5d5fd40a49dbf782645572714c9237709a98147ddd0551217a75c6523f448980,pre_v2_contract_only,ambiguous_unresolved,psychosis,literature_grounded,,,,false,0
5,10,pubmed_34183210_pmid34183210_1,ncb-scientific-c1112f228bb27f06,c1112f228bb27f06f18f32376d89a4b816fcc7df2f53487617d65faedc726ef5,c1112f228bb27f06f18f32376d89a4b816fcc7df2f53487617d65faedc726ef5,pre_v2_contract_only,ambiguous_unresolved,psychosis,literature_grounded,,,,false,0
5,10,pubmed_34183210_pmid34183210_3,ncb-scientific-67542fa55426a130,67542fa55426a13052157d88d588a5334147c1872c82514b9edcf4651c8ca7b7,67542fa55426a13052157d88d588a5334147c1872c82514b9edcf4651c8ca7b7,pre_v2_contract_only,ambiguous_unresolved,psychosis,literature_grounded,,,,false,0
5,10,pubmed_38422833_pmid38422833_cortical_fnc,ncb-scientific-09903e42ed156c26,09903e42ed156c2690cdbe27471b1d9877a5a23f33b016ead3e1b12870fef1fc,09903e42ed156c2690cdbe27471b1d9877a5a23f33b016ead3e1b12870fef1fc,exact_v2.1_reference,aligned,psychosis,literature_grounded,literature,strict,confirm,false,0
5,10,normative_fmri_001,ncb-scientific-6f07b924f78e762d,6f07b924f78e762dbb04192421df62ac5dd24835b8e50993a3f5c2cdf333e66c,6f07b924f78e762dbb04192421df62ac5dd24835b8e50993a3f5c2cdf333e66c,exact_v2.1_reference,aligned_with_safety_augmentation,normative_fmri,llm_proposed,literature,provisional,confirm,true,11
5,10,normative_fmri_002,ncb-scientific-a1bf69b8f56d46c9,a1bf69b8f56d46c996f93349f5201c8b628f7dd5753a9899ff61c78ed977e658,a1bf69b8f56d46c996f93349f5201c8b628f7dd5753a9899ff61c78ed977e658,exact_v2.1_reference,aligned_with_safety_augmentation,normative_fmri,llm_proposed,literature,evidence_gap,unresolved,true,5
5,10,normative_fmri_003,ncb-scientific-dc6371e72c01cdcd,dc6371e72c01cdcd2e2e176efc8496ba66d5715ea1c8da75ab66be1c67032e07,dc6371e72c01cdcd2e2e176efc8496ba66d5715ea1c8da75ab66be1c67032e07,exact_v2.1_reference,aligned_with_safety_augmentation,normative_fmri,llm_proposed,literature,evidence_gap,unresolved,true,13
5,10,normative_fmri_006,ncb-scientific-42b2c11ed186c2c9,42b2c11ed186c2c9d794dfd42e14b54cf31afc8d70f2f8c136913760977724fb,42b2c11ed186c2c9d794dfd42e14b54cf31afc8d70f2f8c136913760977724fb,exact_v2.1_reference,aligned_with_safety_augmentation,normative_fmri,llm_proposed,literature,evidence_gap,unresolved,true,10
5,10,normative_fmri_007,ncb-scientific-a9e0ba33a876abc0,a9e0ba33a876abc0fa6cbc657ebbfa5b3516bdf998288dcb9ea497f1dd12cfda,a9e0ba33a876abc0fa6cbc657ebbfa5b3516bdf998288dcb9ea497f1dd12cfda,exact_v2.1_reference,aligned_with_safety_augmentation,normative_fmri,llm_proposed,literature,evidence_gap,unresolved,true,17
5,10,normative_fmri_009,ncb-scientific-e7c94f56c83e0651,e7c94f56c83e06518cfb23793f51ccaf963a39435caaaca93bcd7d7166f65091,e7c94f56c83e06518cfb23793f51ccaf963a39435caaaca93bcd7d7166f65091,exact_v2.1_reference,aligned_with_safety_augmentation,normative_fmri,llm_proposed,literature,evidence_gap,unresolved,true,13
5,10,normative_fmri_013,ncb-scientific-8482b5c202e5e323,8482b5c202e5e3235de8c6063dda4b78550e3f9e00df27d431e2d1f0d720b4aa,8482b5c202e5e3235de8c6063dda4b78550e3f9e00df27d431e2d1f0d720b4aa,exact_v2.1_reference,aligned_with_safety_augmentation,normative_fmri,llm_proposed,literature,evidence_gap,unresolved,false,0
5,10,normative_fmri_014,ncb-scientific-43b88d75579673af,43b88d75579673af885b371f0652ded9c324f9b8bf3da288fe57fd77b533156d,43b88d75579673af885b371f0652ded9c324f9b8bf3da288fe57fd77b533156d,exact_v2.1_reference,aligned_with_safety_augmentation,normative_fmri,llm_proposed,literature,evidence_gap,unresolved,false,0
5,10,normative_fmri_015,ncb-scientific-e1c33335981addda,e1c33335981addda2599fe24aa86c62ac3f0c9a159ee7345d23c83e540683619,e1c33335981addda2599fe24aa86c62ac3f0c9a159ee7345d23c83e540683619,exact_v2.1_reference,aligned_with_safety_augmentation,normative_fmri,llm_proposed,literature,evidence_gap,unresolved,false,0
5,10,normative_fmri_016,ncb-scientific-7c173adc5485d7ce,7c173adc5485d7ce2f944c400dd42b6053d003a6972c57de7cbc05bac07157ce,7c173adc5485d7ce2f944c400dd42b6053d003a6972c57de7cbc05bac07157ce,exact_v2.1_reference,aligned_with_safety_augmentation,normative_fmri,llm_proposed,literature,evidence_gap,unresolved,false,0
5,10,normative_fmri_017,ncb-scientific-e9887ba0003df877,e9887ba0003df8779438a68d1005ebb55b6bb49af3d222c23f2ed43541800f4c,e9887ba0003df8779438a68d1005ebb55b6bb49af3d222c23f2ed43541800f4c,exact_v2.1_reference,aligned_with_safety_augmentation,normative_fmri,llm_proposed,literature,evidence_gap,unresolved,false,0
5,10,normative_fmri_021,ncb-scientific-f84fe6980294c120,f84fe6980294c120bccc3de4d0ceb634edd5c41e1166cc53760b2275e4bae482,f84fe6980294c120bccc3de4d0ceb634edd5c41e1166cc53760b2275e4bae482,exact_v2.1_reference,aligned_with_safety_augmentation,normative_fmri,llm_proposed,literature,evidence_gap,unresolved,false,0
5,10,normative_fmri_022,ncb-scientific-704522685c487d81,704522685c487d817c358b1648972cf4b93110fe504eef340f7662e1605fe2af,704522685c487d817c358b1648972cf4b93110fe504eef340f7662e1605fe2af,exact_v2.1_reference,aligned_with_safety_augmentation,normative_fmri,llm_proposed,literature,evidence_gap,unresolved,false,0
5,10,normative_fmri_023,ncb-scientific-05c17620b6ff0817,05c17620b6ff0817912306ae784d68f40f43538421d7a77238304c5941523117,05c17620b6ff0817912306ae784d68f40f43538421d7a77238304c5941523117,exact_v2.1_reference,aligned_with_safety_augmentation,normative_fmri,llm_proposed,literature,evidence_gap,unresolved,true,2
5,10,normative_fmri_025,ncb-scientific-ee627d7a5d823df0,ee627d7a5d823df05e627bdf39c5c62a61d74c6453f8c490dc39a233a4ecf6a1,ee627d7a5d823df05e627bdf39c5c62a61d74c6453f8c490dc39a233a4ecf6a1,exact_v2.1_reference,aligned_with_safety_augmentation,normative_fmri,llm_proposed,literature,evidence_gap,unresolved,true,2
5,10,normative_fmri_026,ncb-scientific-cb339bf30281cede,cb339bf30281cedea3769b3c8ba3c0199ad8889c6569c72e5720af2c4c1b226d,cb339bf30281cedea3769b3c8ba3c0199ad8889c6569c72e5720af2c4c1b226d,exact_v2.1_reference,aligned_with_safety_augmentation,normative_fmri,llm_proposed,literature,evidence_gap,unresolved,true,1
5,10,normative_fmri_027,ncb-scientific-a427d5471566b2cf,a427d5471566b2cf475103489cde2f05ea57bbab09ea9cdd585ccf3a09b6dc00,a427d5471566b2cf475103489cde2f05ea57bbab09ea9cdd585ccf3a09b6dc00,exact_v2.1_reference,aligned_with_safety_augmentation,normative_fmri,llm_proposed,literature,evidence_gap,unresolved,false,0
5,10,normative_fmri_028,ncb-scientific-2a5d5bc83ab86134,2a5d5bc83ab8613499aab2ac0e974ec72a4dd0f1099d99320ee8a8e449b683b6,2a5d5bc83ab8613499aab2ac0e974ec72a4dd0f1099d99320ee8a8e449b683b6,exact_v2.1_reference,aligned_with_safety_augmentation,normative_fmri,llm_proposed,literature,evidence_gap,unresolved,false,0
5,10,normative_fmri_031,ncb-scientific-c9246d08669f6265,c9246d08669f6265e26d6a274208eaff54a2c585d734065f5cd7d4289f86a6ed,c9246d08669f6265e26d6a274208eaff54a2c585d734065f5cd7d4289f86a6ed,exact_v2.1_reference,aligned_with_safety_augmentation,normative_fmri,llm_proposed,literature,evidence_gap,unresolved,false,0
5,10,normative_fmri_032,ncb-scientific-0fba59d9c8075ce0,0fba59d9c8075ce0e6445699e130455b749c5802904fc65688809203764277dd,0fba59d9c8075ce0e6445699e130455b749c5802904fc65688809203764277dd,exact_v2.1_reference,aligned_with_safety_augmentation,normative_fmri,llm_proposed,literature,evidence_gap,unresolved,false,0
5,10,normative_fmri_033,ncb-scientific-c1b8f2bee08cd388,c1b8f2bee08cd3885ae393bad4189abe4f6f306525a43073ef666674c49e6e5a,c1b8f2bee08cd3885ae393bad4189abe4f6f306525a43073ef666674c49e6e5a,exact_v2.1_reference,aligned_with_safety_augmentation,normative_fmri,llm_proposed,literature,evidence_gap,unresolved,false,0
5,10,normative_fmri_034,ncb-scientific-eafa675a2857a0cb,eafa675a2857a0cb78b9514e4388964a9404eeef0cb89fc7b7b10da646cce92b,eafa675a2857a0cb78b9514e4388964a9404eeef0cb89fc7b7b10da646cce92b,exact_v2.1_reference,aligned_with_safety_augmentation,normative_fmri,llm_proposed,literature,evidence_gap,unresolved,false,0
5,10,normative_fmri_035,ncb-scientific-65466f9b282b22be,65466f9b282b22be1e717ceaf51a11a1383878fa6f0987faf8a0e2a126ffa737,65466f9b282b22be1e717ceaf51a11a1383878fa6f0987faf8a0e2a126ffa737,exact_v2.1_reference,aligned_with_safety_augmentation,normative_fmri,llm_proposed,literature,evidence_gap,unresolved,true,3
5,10,normative_fmri_036,ncb-scientific-d6cbeb536d2b0163,d6cbeb536d2b01632b3c753bd865bcb7f96749ca7f83705faf307f82a8ceda07,d6cbeb536d2b01632b3c753bd865bcb7f96749ca7f83705faf307f82a8ceda07,exact_v2.1_reference,aligned_with_safety_augmentation,normative_fmri,llm_proposed,literature,evidence_gap,unresolved,true,8
5,10,normative_fmri_038,ncb-scientific-06e24b7117348843,06e24b71173488433aa6f5a40a6db8bea7b0468cbafdaa0253d8d8563a1b8453,06e24b71173488433aa6f5a40a6db8bea7b0468cbafdaa0253d8d8563a1b8453,exact_v2.1_reference,aligned_with_safety_augmentation,normative_fmri,llm_proposed,literature,evidence_gap,unresolved,true,2
5,10,normative_fmri_039,ncb-scientific-493d1fd9443c1c35,493d1fd9443c1c35a711b47980ace70d89341606b2d943556f40528ed85ce744,493d1fd9443c1c35a711b47980ace70d89341606b2d943556f40528ed85ce744,exact_v2.1_reference,aligned_with_safety_augmentation,normative_fmri,llm_proposed,literature,evidence_gap,unresolved,true,6
5,10,normative_fmri_040,ncb-scientific-86a81a5f3a28d98c,86a81a5f3a28d98c10f2fd88774a049275a6dd3a56fa4e236ed763a643cae1c7,86a81a5f3a28d98c10f2fd88774a049275a6dd3a56fa4e236ed763a643cae1c7,exact_v2.1_reference,aligned_with_safety_augmentation,normative_fmri,llm_proposed,literature,evidence_gap,unresolved,true,3
5,10,normative_fmri_041,ncb-scientific-ea3fb846fbd7533c,ea3fb846fbd7533c676dd161a54428494426f0c6824d09709a81fa30f338b633,ea3fb846fbd7533c676dd161a54428494426f0c6824d09709a81fa30f338b633,pre_v2_contract_only,ambiguous_unresolved,normative_fmri,llm_proposed,,,,true,6
5,10,normative_fmri_042,ncb-scientific-89c7369d95a29475,89c7369d95a294751cf5c375140d9d130dba267d6c01ae06bb839c019ab703a8,89c7369d95a294751cf5c375140d9d130dba267d6c01ae06bb839c019ab703a8,pre_v2_contract_only,ambiguous_unresolved,normative_fmri,llm_proposed,,,,true,3
5,10,normative_fmri_043,ncb-scientific-9b0372d2c93e148a,9b0372d2c93e148a55d818beea55e176baab43b6cdcbb1cadd346c4698342848,9b0372d2c93e148a55d818beea55e176baab43b6cdcbb1cadd346c4698342848,pre_v2_contract_only,ambiguous_unresolved,normative_fmri,llm_proposed,,,,true,4
5,10,normative_fmri_044,ncb-scientific-adc7daee506cca47,adc7daee506cca470db321582aa77b9cc0e7f2abd527b99d4738e32de92f9075,adc7daee506cca470db321582aa77b9cc0e7f2abd527b99d4738e32de92f9075,pre_v2_contract_only,ambiguous_unresolved,normative_fmri,llm_proposed,,,,true,3
5,10,normative_fmri_047,ncb-scientific-319a1462bfdbc89d,319a1462bfdbc89d930616a30480c076432748e170281465818679f30546de86,319a1462bfdbc89d930616a30480c076432748e170281465818679f30546de86,exact_v2.1_reference,aligned_with_safety_augmentation,normative_fmri,llm_proposed,literature,evidence_gap,unresolved,false,0
5,10,normative_fmri_048,ncb-scientific-0efe8c9435d8ffdf,0efe8c9435d8ffdf5e3a10cd931fb791519373a7a547403b10409137517788bb,0efe8c9435d8ffdf5e3a10cd931fb791519373a7a547403b10409137517788bb,exact_v2.1_reference,aligned_with_safety_augmentation,normative_fmri,llm_proposed,literature,evidence_gap,unresolved,false,0
5,10,normative_fmri_049,ncb-scientific-2a373f053e882288,2a373f053e8822881dab40e7c242d78c2c729156c584d8a69c506f7d761a324d,2a373f053e8822881dab40e7c242d78c2c729156c584d8a69c506f7d761a324d,pre_v2_contract_only,ambiguous_unresolved,normative_fmri,llm_proposed,,,,false,0
5,10,normative_fmri_050,ncb-scientific-faaaeb165e293001,faaaeb165e29300168533c3f46df10bc022f709f42e5ae34a3f8f39f6583b00b,faaaeb165e29300168533c3f46df10bc022f709f42e5ae34a3f8f39f6583b00b,pre_v2_contract_only,ambiguous_unresolved,normative_fmri,llm_proposed,,,,false,0
5,10,adhd_q001,ncb-scientific-9ec4c7f2ec1fad99,9ec4c7f2ec1fad994bbafcb3d8260862dc2d3b5829226c0f0c4ea111889d1c08,9ec4c7f2ec1fad994bbafcb3d8260862dc2d3b5829226c0f0c4ea111889d1c08,exact_v2.1_reference,aligned_with_safety_augmentation,adhd,llm_proposed,literature,evidence_gap,unresolved,false,0
5,10,adhd_q002,ncb-scientific-e655e7f3059cc2a2,e655e7f3059cc2a2fa0bfd47f5738215071ffd1c322d56face875667b06330b8,e655e7f3059cc2a2fa0bfd47f5738215071ffd1c322d56face875667b06330b8,exact_v2.1_reference,aligned_with_safety_augmentation,adhd,llm_proposed,literature,provisional,abstain,false,0
5,10,adhd_q003,ncb-scientific-c8faa8d62af041ef,c8faa8d62af041ef89350be38a83cbeb57d551b518e3e17905b78d1b51c85218,c8faa8d62af041ef89350be38a83cbeb57d551b518e3e17905b78d1b51c85218,exact_v2.1_reference,aligned,adhd,llm_proposed,literature,evidence_gap,unresolved,false,0
5,10,adhd_q004,ncb-scientific-6bedac272110f713,6bedac272110f71307ba214166242c783aaabb9d2c90371d6e25cf14b2258297,6bedac272110f71307ba214166242c783aaabb9d2c90371d6e25cf14b2258297,exact_v2.1_reference,aligned_with_safety_augmentation,adhd,llm_proposed,literature,evidence_gap,unresolved,false,0
5,10,adhd_q005,ncb-scientific-73e0f34188f4c613,73e0f34188f4c613bbaf75216cae99010b0947ca6e64f339d66544a75dcdd5d4,73e0f34188f4c613bbaf75216cae99010b0947ca6e64f339d66544a75dcdd5d4,exact_v2.1_reference,aligned_with_safety_augmentation,adhd,llm_proposed,literature,provisional,confirm,false,0
5,10,adhd_q006,ncb-scientific-2b36f4bbee998e56,2b36f4bbee998e56371c67ff67d3eb58cb82ee7ec32ac324f688db7f55016f64,2b36f4bbee998e56371c67ff67d3eb58cb82ee7ec32ac324f688db7f55016f64,exact_v2.1_reference,aligned,adhd,llm_proposed,literature,evidence_gap,unresolved,false,0
5,10,adhd_q007,ncb-scientific-ccf76ee04722df94,ccf76ee04722df945c7c574a27b2da49fc63bef96e9b9b9f3ee1612f4beb0257,ccf76ee04722df945c7c574a27b2da49fc63bef96e9b9b9f3ee1612f4beb0257,exact_v2.1_reference,aligned_with_safety_augmentation,adhd,llm_proposed,literature,evidence_gap,unresolved,false,0
5,10,adhd_q008,ncb-scientific-8875a7bf33df9519,8875a7bf33df951977e26ecd4ecf5885a3a6e08b889d220be4400f20649c8706,8875a7bf33df951977e26ecd4ecf5885a3a6e08b889d220be4400f20649c8706,exact_v2.1_reference,aligned_with_safety_augmentation,adhd,llm_proposed,literature,evidence_gap,unresolved,false,0
5,10,adhd_q009,ncb-scientific-bdc24737aa23b682,bdc24737aa23b68213ee1a77d82e33597f5039ce548624b69e5675e7b1b02b18,bdc24737aa23b68213ee1a77d82e33597f5039ce548624b69e5675e7b1b02b18,exact_v2.1_reference,aligned_with_safety_augmentation,adhd,llm_proposed,literature,evidence_gap,unresolved,false,0
5,10,adhd_q010,ncb-scientific-5b0717b45335d600,5b0717b45335d600cb9bb3a3365f50480541f74ab04b95723d2b163524b995c2,5b0717b45335d600cb9bb3a3365f50480541f74ab04b95723d2b163524b995c2,exact_v2.1_reference,aligned_with_safety_augmentation,adhd,llm_proposed,literature,evidence_gap,unresolved,false,0
5,10,adhd_q012,ncb-scientific-6560b15c380073ca,6560b15c380073caf1f8bfe84bf2978902d6605bfe8aacd3a4262b47295b8f9f,6560b15c380073caf1f8bfe84bf2978902d6605bfe8aacd3a4262b47295b8f9f,exact_v2.1_reference,aligned_with_safety_augmentation,adhd,llm_proposed,literature,evidence_gap,unresolved,false,0
5,10,adhd_q016,ncb-scientific-bdd01753f9ebb90c,bdd01753f9ebb90c217a505dcc5198d851aee4b3c3450e682d1615f35e5dd44c,bdd01753f9ebb90c217a505dcc5198d851aee4b3c3450e682d1615f35e5dd44c,exact_v2.1_reference,aligned,adhd,llm_proposed,literature,evidence_gap,unresolved,true,4
5,10,adhd_q020,ncb-scientific-afe1f83e3d954a8c,afe1f83e3d954a8cea0ae7eceea167af281c6ea8ddce2bc289e93500d6ac2e54,afe1f83e3d954a8cea0ae7eceea167af281c6ea8ddce2bc289e93500d6ac2e54,exact_v2.1_reference,aligned_with_safety_augmentation,adhd,llm_proposed,literature,provisional,confirm,false,0
5,10,adhd_q022,ncb-scientific-2b20954defb2352a,2b20954defb2352adc7058f253db893e9e15a670abc51dcc80c24098106801e4,2b20954defb2352adc7058f253db893e9e15a670abc51dcc80c24098106801e4,pre_v2_contract_only,non_executable,adhd,llm_proposed,,,,false,0
5,10,adhd_q023,ncb-scientific-7c005de1c12b32a7,7c005de1c12b32a7b7a45e61565deb980582119a1b92e7e4f0083c9e8537a1d0,22e9dad3dc77b808e6883b1259492c9cf8f1bb52d57623e5d3afd28fd4ecd81a,pre_v2_contract_only,repairable_contract,adhd,llm_proposed,,,,false,0
5,10,adhd_q025,ncb-scientific-6c7b0f8ae69a2d50,6c7b0f8ae69a2d5037f71bb7af54369267c1d4746b35ba4b0575665297cfaab0,6c7b0f8ae69a2d5037f71bb7af54369267c1d4746b35ba4b0575665297cfaab0,pre_v2_contract_only,non_executable,adhd,llm_proposed,,,,true,5
5,10,adhd_q029,ncb-scientific-672ab5d3a6c11820,672ab5d3a6c11820c5309d195f4983f50a16b545c77a52895353cabd01a16c41,672ab5d3a6c11820c5309d195f4983f50a16b545c77a52895353cabd01a16c41,exact_v2.1_reference,aligned,adhd,llm_proposed,literature,evidence_gap,unresolved,false,0
5,10,adhd_q030,ncb-scientific-d37402dd791a12dc,d37402dd791a12dc5975c0b5a9fc0994be3d63826bdbf317c431e337efa54f61,d37402dd791a12dc5975c0b5a9fc0994be3d63826bdbf317c431e337efa54f61,exact_v2.1_reference,aligned_with_safety_augmentation,adhd,llm_proposed,literature,evidence_gap,unresolved,false,0
5,10,adhd_q031,ncb-scientific-c64dac21d8591104,c64dac21d8591104aa2912c0fc623cb3df7ae2fad45f89683dcc7f18692dc403,c64dac21d8591104aa2912c0fc623cb3df7ae2fad45f89683dcc7f18692dc403,exact_v2.1_reference,aligned_with_safety_augmentation,adhd,llm_proposed,literature,evidence_gap,unresolved,false,0
5,10,adhd_q032,ncb-scientific-6d7bbb66ca61d088,6d7bbb66ca61d088b1b6677f1693112e85a9ec6c6c0e8c82beb93a4244532157,6d7bbb66ca61d088b1b6677f1693112e85a9ec6c6c0e8c82beb93a4244532157,exact_v2.1_reference,aligned_with_safety_augmentation,adhd,llm_proposed,literature,evidence_gap,unresolved,false,0
5,10,adhd_q033,ncb-scientific-b6bcaf52ce24d411,b6bcaf52ce24d41101405c05556ff4df7a5cf370d247fb9fbe590d817921a011,b6bcaf52ce24d41101405c05556ff4df7a5cf370d247fb9fbe590d817921a011,exact_v2.1_reference,aligned,adhd,llm_proposed,literature,evidence_gap,unresolved,false,0
5,10,adhd_q034,ncb-scientific-03136ab7c6bb7990,03136ab7c6bb7990d987f647394f6865d014527a752393660750e24e0cd5b01d,03136ab7c6bb7990d987f647394f6865d014527a752393660750e24e0cd5b01d,exact_v2.1_reference,aligned_with_safety_augmentation,adhd,llm_proposed,literature,evidence_gap,unresolved,false,0
5,10,adhd_q035,ncb-scientific-721c4fa75e038ea4,721c4fa75e038ea4bdb26ce48b91b63d0615507f3c7e11e3dd07f46967efa967,721c4fa75e038ea4bdb26ce48b91b63d0615507f3c7e11e3dd07f46967efa967,exact_v2.1_reference,aligned_with_safety_augmentation,adhd,llm_proposed,literature,evidence_gap,unresolved,false,0
5,10,adhd_q036,ncb-scientific-5af5c999c214ab93,5af5c999c214ab9372f9f2d8ade3dd6da56394efb2231c76129e7a21833959ea,5af5c999c214ab9372f9f2d8ade3dd6da56394efb2231c76129e7a21833959ea,exact_v2.1_reference,aligned_with_safety_augmentation,adhd,llm_proposed,literature,evidence_gap,unresolved,false,0
5,10,adhd_q042,ncb-scientific-579c77d9f61e5f87,579c77d9f61e5f872fb1fae891fba19835a019868aa8a7ef7a47d76233ac7b33,579c77d9f61e5f872fb1fae891fba19835a019868aa8a7ef7a47d76233ac7b33,exact_v2.1_reference,aligned_with_safety_augmentation,adhd,llm_proposed,literature,evidence_gap,unresolved,false,0
5,10,adhd_q043,ncb-scientific-f38d6fdbc4e79d95,f38d6fdbc4e79d95965379c89ad839dad19e0303155a580a4d7bcd26ddf9a32d,f38d6fdbc4e79d95965379c89ad839dad19e0303155a580a4d7bcd26ddf9a32d,exact_v2.1_reference,aligned_with_safety_augmentation,adhd,llm_proposed,literature,evidence_gap,unresolved,false,0
5,10,adhd_q044,ncb-scientific-0d57166941ee6987,0d57166941ee6987a8e94a201d566f6551e2f9cde82cc2d83fe95e4b02d7cf43,0d57166941ee6987a8e94a201d566f6551e2f9cde82cc2d83fe95e4b02d7cf43,exact_v2.1_reference,aligned_with_safety_augmentation,adhd,llm_proposed,literature,evidence_gap,unresolved,false,0
5,10,adhd_q045,ncb-scientific-ad793f2b627c14db,ad793f2b627c14db9571a23bc5ff054129a8af48d092cae596e02c3fbd8ca3e6,ad793f2b627c14db9571a23bc5ff054129a8af48d092cae596e02c3fbd8ca3e6,pre_v2_contract_only,ambiguous_unresolved,adhd,llm_proposed,,,,false,0
5,10,adhd_q046,ncb-scientific-91575e683551f750,91575e683551f75081c4f506c9039447b9776b05e7c95ff1bf81a2323f0c51b9,91575e683551f75081c4f506c9039447b9776b05e7c95ff1bf81a2323f0c51b9,exact_v2.1_reference,aligned,adhd,llm_proposed,literature,evidence_gap,unresolved,true,2
5,10,adhd_q047,ncb-scientific-feb70aa94fa7c90f,feb70aa94fa7c90fa2df8c05f733ba5d944a5de106a49eb36eb63cbfa0415e66,feb70aa94fa7c90fa2df8c05f733ba5d944a5de106a49eb36eb63cbfa0415e66,exact_v2.1_reference,aligned,adhd,llm_proposed,literature,strict,abstain,false,0
5,10,adhd_q048,ncb-scientific-0cdad63325891f3d,0cdad63325891f3d72ae9d25459e2fb0c7ad22a7911a1534b14c6b1dfdc02f28,0cdad63325891f3d72ae9d25459e2fb0c7ad22a7911a1534b14c6b1dfdc02f28,exact_v2.1_reference,aligned,adhd,llm_proposed,literature,provisional,abstain,false,0
5,10,adhd_q049,ncb-scientific-41e14c6dd1c2213b,41e14c6dd1c2213b09c65b85fb99ab48160786245ae19fcdf1dbe6c8a7704fe3,41e14c6dd1c2213b09c65b85fb99ab48160786245ae19fcdf1dbe6c8a7704fe3,exact_v2.1_reference,aligned,adhd,llm_proposed,literature,evidence_gap,unresolved,false,0
5,10,adhd_q050,ncb-scientific-30329250c399e0e1,30329250c399e0e19f0099ec82e0f1abd36cca45c0178fcdc6800cf75650db9e,30329250c399e0e19f0099ec82e0f1abd36cca45c0178fcdc6800cf75650db9e,exact_v2.1_reference,aligned,adhd,llm_proposed,literature,provisional,abstain,false,0
5,10,asd_q001,ncb-scientific-3e1160c83f5950a6,3e1160c83f5950a67cb5f0bbc0478fdf9f1049f9a00563f8ba1bc631c90a9dbf,3e1160c83f5950a67cb5f0bbc0478fdf9f1049f9a00563f8ba1bc631c90a9dbf,exact_v2.1_reference,aligned_with_safety_augmentation,asd,llm_proposed,literature,provisional,confirm,false,0
5,10,asd_q002,ncb-scientific-f6cf8c122d61317c,f6cf8c122d61317c21a1377772ef6ad477761ad1859be149fd5cb4bce5a08ef9,f6cf8c122d61317c21a1377772ef6ad477761ad1859be149fd5cb4bce5a08ef9,exact_v2.1_reference,aligned_with_safety_augmentation,asd,llm_proposed,literature,evidence_gap,unresolved,false,0
5,10,asd_q003,ncb-scientific-b2bc1b3dc8d74234,b2bc1b3dc8d742349867f9f8a7e42fb3186657691ec0e71f041febf9a92913f6,b2bc1b3dc8d742349867f9f8a7e42fb3186657691ec0e71f041febf9a92913f6,exact_v2.1_reference,aligned_with_safety_augmentation,asd,llm_proposed,literature,provisional,abstain,false,0
5,10,asd_q004,ncb-scientific-83e09f86b797842d,83e09f86b797842db14cf907d844db23b34efc9e14034f96c3ccdb763c272e12,83e09f86b797842db14cf907d844db23b34efc9e14034f96c3ccdb763c272e12,exact_v2.1_reference,aligned_with_safety_augmentation,asd,llm_proposed,literature,provisional,abstain,false,0
5,10,asd_q005,ncb-scientific-2aadc4e4de851c0e,2aadc4e4de851c0e2f50ccae550c5f5b5318d46843b677d9fa6b9b8ee0ab5262,2aadc4e4de851c0e2f50ccae550c5f5b5318d46843b677d9fa6b9b8ee0ab5262,exact_v2.1_reference,aligned_with_safety_augmentation,asd,llm_proposed,literature,evidence_gap,unresolved,false,0
5,10,asd_q006,ncb-scientific-31ff42faa1d10211,31ff42faa1d102115303e78160cfa36a14361f7d5ebb5f9c28e43a81eac4e858,31ff42faa1d102115303e78160cfa36a14361f7d5ebb5f9c28e43a81eac4e858,exact_v2.1_reference,aligned_with_safety_augmentation,asd,llm_proposed,literature,evidence_gap,unresolved,false,0
5,10,asd_q007,ncb-scientific-0c04451321f8aa46,0c04451321f8aa463f1d1bfe0e785823e00d716a57d204c1b000827ea22d686c,0c04451321f8aa463f1d1bfe0e785823e00d716a57d204c1b000827ea22d686c,exact_v2.1_reference,aligned_with_safety_augmentation,asd,llm_proposed,literature,evidence_gap,unresolved,false,0
5,10,asd_q008,ncb-scientific-8d7c71367a2043b9,8d7c71367a2043b90fd51104e7c42a5e0fbd4068a2810fc8c3cbff83c8af75e6,8d7c71367a2043b90fd51104e7c42a5e0fbd4068a2810fc8c3cbff83c8af75e6,exact_v2.1_reference,aligned_with_safety_augmentation,asd,llm_proposed,literature,provisional,abstain,false,0
5,10,asd_q009,ncb-scientific-e59e508b9cc05116,e59e508b9cc05116c4cf470f0f1a2f388a2f1589d7452ef3d8199026639608ba,e59e508b9cc05116c4cf470f0f1a2f388a2f1589d7452ef3d8199026639608ba,pre_v2_contract_only,ambiguous_unresolved,asd,llm_proposed,,,,false,0
5,10,asd_q010,ncb-scientific-ff4d46696cfed68a,ff4d46696cfed68a15180d4899c7d603dd7670c50318e776fa4991d2d5e8a6fe,ff4d46696cfed68a15180d4899c7d603dd7670c50318e776fa4991d2d5e8a6fe,exact_v2.1_reference,aligned_with_safety_augmentation,asd,llm_proposed,literature,evidence_gap,unresolved,false,0
5,10,asd_q011,ncb-scientific-548cb9ea8bd9f8de,548cb9ea8bd9f8debed81d65b27010ba68443f8389de280f24e0a60133bfd4ba,548cb9ea8bd9f8debed81d65b27010ba68443f8389de280f24e0a60133bfd4ba,exact_v2.1_reference,aligned_with_safety_augmentation,asd,llm_proposed,literature,evidence_gap,unresolved,false,0
5,10,asd_q012,ncb-scientific-08efd1786e5b448a,08efd1786e5b448a84158f5fd3ce228ce6c198e48d98d9822b46850721e8ef2c,08efd1786e5b448a84158f5fd3ce228ce6c198e48d98d9822b46850721e8ef2c,exact_v2.1_reference,aligned_with_safety_augmentation,asd,llm_proposed,literature,evidence_gap,unresolved,false,0
5,10,asd_q013,ncb-scientific-adc64a42191e17f6,adc64a42191e17f63007bc25281becbf3d5835b1b4907a7c66c7d4875362948d,adc64a42191e17f63007bc25281becbf3d5835b1b4907a7c66c7d4875362948d,exact_v2.1_reference,aligned_with_safety_augmentation,asd,llm_proposed,literature,evidence_gap,unresolved,false,0
5,10,asd_q014,ncb-scientific-3ad601039168835a,3ad601039168835a0aa9153a5d2400c86e8ebb3edd86792e9be32f9545952cb0,3ad601039168835a0aa9153a5d2400c86e8ebb3edd86792e9be32f9545952cb0,exact_v2.1_reference,aligned_with_safety_augmentation,asd,llm_proposed,literature,evidence_gap,unresolved,false,0
5,10,asd_q015,ncb-scientific-7a87a86398becf44,7a87a86398becf44806656c7b8437f675f371fd6f2644ac257e562ca90b86a6a,7a87a86398becf44806656c7b8437f675f371fd6f2644ac257e562ca90b86a6a,exact_v2.1_reference,aligned_with_safety_augmentation,asd,llm_proposed,literature,evidence_gap,unresolved,false,0
5,10,asd_q016,ncb-scientific-67de4555230bc27a,67de4555230bc27a2720a39d25ba2b54acdc13b8df64eb624e3b7162eb249cbf,67de4555230bc27a2720a39d25ba2b54acdc13b8df64eb624e3b7162eb249cbf,exact_v2.1_reference,aligned_with_safety_augmentation,asd,llm_proposed,literature,evidence_gap,unresolved,false,0
5,10,asd_q017,ncb-scientific-30f73b540a076be8,30f73b540a076be8877cbf58acf8e237d4ffaf8c5fa00b91f350eced56d4fe50,30f73b540a076be8877cbf58acf8e237d4ffaf8c5fa00b91f350eced56d4fe50,exact_v2.1_reference,aligned_with_safety_augmentation,asd,llm_proposed,literature,evidence_gap,unresolved,false,0
5,10,asd_q018,ncb-scientific-9c2e4221cf5ca105,9c2e4221cf5ca105c142aa03f1212934ddcc6f3a0b4ae66e5f9d130f892c1d68,9c2e4221cf5ca105c142aa03f1212934ddcc6f3a0b4ae66e5f9d130f892c1d68,exact_v2.1_reference,aligned_with_safety_augmentation,asd,llm_proposed,literature,provisional,abstain,false,0
5,10,asd_q019,ncb-scientific-d3b9d78a966173c6,d3b9d78a966173c6a58a5b8ed01a0316ad73601092701d1310f08cee0928e62e,d3b9d78a966173c6a58a5b8ed01a0316ad73601092701d1310f08cee0928e62e,exact_v2.1_reference,aligned_with_safety_augmentation,asd,llm_proposed,literature,evidence_gap,unresolved,false,0
5,10,asd_q020,ncb-scientific-09bce8d2747a588b,09bce8d2747a588b48e78179d64eef021ef591c62d258c96db87fa1a187763be,09bce8d2747a588b48e78179d64eef021ef591c62d258c96db87fa1a187763be,exact_v2.1_reference,aligned_with_safety_augmentation,asd,llm_proposed,literature,evidence_gap,unresolved,false,0
5,10,asd_q021,ncb-scientific-5e6aa7181e35b605,5e6aa7181e35b6057dcfa0b2ef30e1accaf27ffa30c7110a71e05a7d42cd2bf4,5e6aa7181e35b6057dcfa0b2ef30e1accaf27ffa30c7110a71e05a7d42cd2bf4,exact_v2.1_reference,aligned_with_safety_augmentation,asd,llm_proposed,literature,evidence_gap,unresolved,false,0
5,10,asd_q022,ncb-scientific-7fe9235c8d5841b2,7fe9235c8d5841b21b4e02f5f1ea3da19d265b3dae41e4689eb549064708d519,7fe9235c8d5841b21b4e02f5f1ea3da19d265b3dae41e4689eb549064708d519,exact_v2.1_reference,aligned_with_safety_augmentation,asd,llm_proposed,literature,evidence_gap,unresolved,false,0
5,10,asd_q023,ncb-scientific-2e389c7806389508,2e389c780638950829799320349d8009aea6c3e9e69be08b1982e12b5b434c52,2e389c780638950829799320349d8009aea6c3e9e69be08b1982e12b5b434c52,exact_v2.1_reference,aligned_with_safety_augmentation,asd,llm_proposed,literature,evidence_gap,unresolved,false,0
5,10,asd_q024,ncb-scientific-46c685780a6efe6d,46c685780a6efe6d8000426a098ef58223dceb61be99792eabb6a33e80beadb1,46c685780a6efe6d8000426a098ef58223dceb61be99792eabb6a33e80beadb1,exact_v2.1_reference,aligned_with_safety_augmentation,asd,llm_proposed,literature,evidence_gap,unresolved,false,0
5,10,asd_q025,ncb-scientific-31990e646f54d4e6,31990e646f54d4e694348212341524808d583a3747736b6aec3da643ffe1484e,31990e646f54d4e694348212341524808d583a3747736b6aec3da643ffe1484e,exact_v2.1_reference,aligned_with_safety_augmentation,asd,llm_proposed,literature,evidence_gap,unresolved,false,0
5,10,asd_q026,ncb-scientific-2f6ce6fa5ea95eeb,2f6ce6fa5ea95eeb785ac239b4ff56b118d9d5b5b0e1c76df4fda92bdb52f08c,2f6ce6fa5ea95eeb785ac239b4ff56b118d9d5b5b0e1c76df4fda92bdb52f08c,exact_v2.1_reference,aligned_with_safety_augmentation,asd,llm_proposed,literature,evidence_gap,unresolved,false,0
5,10,asd_q027,ncb-scientific-68bd56b0483a236c,68bd56b0483a236c99db6544b25fa5e81003dd38c2af773be2d3d39b9ad070a6,68bd56b0483a236c99db6544b25fa5e81003dd38c2af773be2d3d39b9ad070a6,exact_v2.1_reference,aligned_with_safety_augmentation,asd,llm_proposed,literature,evidence_gap,unresolved,false,0
5,10,asd_q028,ncb-scientific-83e8c22eb0f4831a,83e8c22eb0f4831ab466f92d33a57545f9a4ac8eb8d3c9af44021b75c7fef4c4,83e8c22eb0f4831ab466f92d33a57545f9a4ac8eb8d3c9af44021b75c7fef4c4,exact_v2.1_reference,aligned_with_safety_augmentation,asd,llm_proposed,literature,evidence_gap,unresolved,false,0
5,10,asd_q029,ncb-scientific-a02841671504d8cd,a02841671504d8cd91f7002bbbc87782b0cb75c4c91c3c75f40930bf0fc27467,a02841671504d8cd91f7002bbbc87782b0cb75c4c91c3c75f40930bf0fc27467,exact_v2.1_reference,aligned_with_safety_augmentation,asd,llm_proposed,literature,evidence_gap,unresolved,false,0
5,10,asd_q030,ncb-scientific-3ba54e0248b29adb,3ba54e0248b29adb223a15306b37f76fc0e2b932fed74e86bd845de4c1fb2ee8,3ba54e0248b29adb223a15306b37f76fc0e2b932fed74e86bd845de4c1fb2ee8,exact_v2.1_reference,aligned_with_safety_augmentation,asd,llm_proposed,literature,evidence_gap,unresolved,false,0
5,10,asd_q031,ncb-scientific-a7bd041be62e2db4,a7bd041be62e2db43aded1d76a6c0b581c7274b1f519b9d483c62e6dc39f3136,a7bd041be62e2db43aded1d76a6c0b581c7274b1f519b9d483c62e6dc39f3136,exact_v2.1_reference,aligned_with_safety_augmentation,asd,llm_proposed,literature,evidence_gap,unresolved,false,0
5,10,asd_q032,ncb-scientific-19802d4080b79f2e,19802d4080b79f2e8f176ede52b798824d854ec76cd44f5f03a2db90b40b33bc,19802d4080b79f2e8f176ede52b798824d854ec76cd44f5f03a2db90b40b33bc,exact_v2.1_reference,aligned_with_safety_augmentation,asd,llm_proposed,literature,evidence_gap,unresolved,false,0
5,10,asd_q033,ncb-scientific-caeb5a6d248ba33c,caeb5a6d248ba33c770c82b3dc6515580c3efad63440adbbb4688d39731a3c41,caeb5a6d248ba33c770c82b3dc6515580c3efad63440adbbb4688d39731a3c41,exact_v2.1_reference,aligned_with_safety_augmentation,asd,llm_proposed,literature,evidence_gap,unresolved,false,0
5,10,asd_q034,ncb-scientific-1f13a7aee9fc1c7d,1f13a7aee9fc1c7dc1187efe86c3068be853653eb4050183fac5bcb492b8bbe3,1f13a7aee9fc1c7dc1187efe86c3068be853653eb4050183fac5bcb492b8bbe3,exact_v2.1_reference,aligned_with_safety_augmentation,asd,llm_proposed,literature,evidence_gap,unresolved,false,0
5,10,asd_q035,ncb-scientific-9b768a7494df75b2,9b768a7494df75b24fdc89ed6f68cee71fad50a0a2b02684368bd092524d7453,9b768a7494df75b24fdc89ed6f68cee71fad50a0a2b02684368bd092524d7453,exact_v2.1_reference,aligned_with_safety_augmentation,asd,llm_proposed,literature,evidence_gap,unresolved,false,0
5,10,asd_q036,ncb-scientific-61274f38e0112edd,61274f38e0112edde8180b2b74bd970e73a3a503b87528dec8547ff8d39e08d3,61274f38e0112edde8180b2b74bd970e73a3a503b87528dec8547ff8d39e08d3,exact_v2.1_reference,aligned_with_safety_augmentation,asd,llm_proposed,literature,evidence_gap,unresolved,false,0
5,10,asd_q037,ncb-scientific-149b1f2aeda4fcb1,149b1f2aeda4fcb1612b5edd3c9ba5d3fdc4cc18d9c5aa1afa53e32c85ed567e,149b1f2aeda4fcb1612b5edd3c9ba5d3fdc4cc18d9c5aa1afa53e32c85ed567e,exact_v2.1_reference,aligned_with_safety_augmentation,asd,llm_proposed,literature,evidence_gap,unresolved,false,0
5,10,asd_q038,ncb-scientific-c631e745a39a4c34,c631e745a39a4c34b7a2b47ee20ac723363fb4d3f247ba63938ada9c0511f640,c631e745a39a4c34b7a2b47ee20ac723363fb4d3f247ba63938ada9c0511f640,exact_v2.1_reference,aligned_with_safety_augmentation,asd,llm_proposed,literature,evidence_gap,unresolved,false,0
5,10,asd_q039,ncb-scientific-3bb5fd92cff87e34,3bb5fd92cff87e343d33e2cd0d6797eaf54d41cfe43a2123a8f42229247ead6c,3bb5fd92cff87e343d33e2cd0d6797eaf54d41cfe43a2123a8f42229247ead6c,exact_v2.1_reference,aligned_with_safety_augmentation,asd,llm_proposed,literature,evidence_gap,unresolved,false,0
5,10,asd_q040,ncb-scientific-cfe09363aec199e4,cfe09363aec199e4d87cfd179508934aa0a694e2ac85f122d79bab05a56bf5ba,cfe09363aec199e4d87cfd179508934aa0a694e2ac85f122d79bab05a56bf5ba,exact_v2.1_reference,aligned,asd,llm_proposed,literature,provisional,confirm,false,0
5,10,asd_q041,ncb-scientific-c823298f5f12df8a,c823298f5f12df8af07efc39e57413ee6b375c5f9f95bf060e712101c70c15cd,c823298f5f12df8af07efc39e57413ee6b375c5f9f95bf060e712101c70c15cd,exact_v2.1_reference,aligned_with_safety_augmentation,asd,llm_proposed,literature,evidence_gap,unresolved,false,0
5,10,asd_q042,ncb-scientific-1f634e71dd689f9b,1f634e71dd689f9bf628ab2462201c44d5996f29424ad3bb244eae08906e402b,1f634e71dd689f9bf628ab2462201c44d5996f29424ad3bb244eae08906e402b,exact_v2.1_reference,aligned_with_safety_augmentation,asd,llm_proposed,literature,evidence_gap,unresolved,false,0
5,10,asd_q043,ncb-scientific-1329501baee4943a,1329501baee4943a8d1925394f1bd0c531b39a4df9d4412f31a9e326f49d547b,1329501baee4943a8d1925394f1bd0c531b39a4df9d4412f31a9e326f49d547b,exact_v2.1_reference,aligned_with_safety_augmentation,asd,llm_proposed,literature,evidence_gap,unresolved,false,0
5,10,asd_q044,ncb-scientific-531f4a09678d2222,531f4a09678d2222e7dfb2b3f2c5e270ea361cb4ff770d5a532b98fb51322082,531f4a09678d2222e7dfb2b3f2c5e270ea361cb4ff770d5a532b98fb51322082,exact_v2.1_reference,aligned_with_safety_augmentation,asd,llm_proposed,literature,evidence_gap,unresolved,false,0
5,10,asd_q045,ncb-scientific-1518a0abab435142,1518a0abab43514213f4d83221121b85df589c0db1f51783ab24f10b187a989c,1518a0abab43514213f4d83221121b85df589c0db1f51783ab24f10b187a989c,exact_v2.1_reference,aligned_with_safety_augmentation,asd,llm_proposed,literature,evidence_gap,unresolved,false,0
5,10,asd_q046,ncb-scientific-afbfd52ab898aa8b,afbfd52ab898aa8b75058616b6193b34892bea7f7d452244ed64defafeede78a,afbfd52ab898aa8b75058616b6193b34892bea7f7d452244ed64defafeede78a,exact_v2.1_reference,aligned,asd,llm_proposed,literature,strict,abstain,false,0
5,10,asd_q047,ncb-scientific-5d4734ea98c9d333,5d4734ea98c9d333507a8f256c939d4c32820705161302d7f9b6dece95787e70,5d4734ea98c9d333507a8f256c939d4c32820705161302d7f9b6dece95787e70,exact_v2.1_reference,aligned_with_safety_augmentation,asd,llm_proposed,literature,evidence_gap,unresolved,false,0
5,10,asd_q048,ncb-scientific-58fd062031fc801e,58fd062031fc801ec995be400539f15fb05609ddaa041a485e24b531f854d19c,58fd062031fc801ec995be400539f15fb05609ddaa041a485e24b531f854d19c,exact_v2.1_reference,aligned_with_safety_augmentation,asd,llm_proposed,literature,evidence_gap,unresolved,false,0
5,10,asd_q049,ncb-scientific-be9238714808b664,be9238714808b66402159f2c45825993dd00eadd147b39f453e2e7e450668e79,be9238714808b66402159f2c45825993dd00eadd147b39f453e2e7e450668e79,exact_v2.1_reference,aligned_with_safety_augmentation,asd,llm_proposed,literature,evidence_gap,unresolved,false,0
5,10,asd_q050,ncb-scientific-206dd8d45a4d9d89,206dd8d45a4d9d891eb2644f5acdf1aeb9a4d894209c6c0c3142e2a74481d2e3,206dd8d45a4d9d891eb2644f5acdf1aeb9a4d894209c6c0c3142e2a74481d2e3,exact_v2.1_reference,aligned_with_safety_augmentation,asd,llm_proposed,literature,evidence_gap,unresolved,false,0
5,10,ad_aging_q027,ncb-scientific-7f4258667f94f44d,7f4258667f94f44d5e73e949aab05c8374dbe1ac010e146956307f30d3201ba2,7f4258667f94f44d5e73e949aab05c8374dbe1ac010e146956307f30d3201ba2,exact_v2.1_reference,aligned_with_safety_augmentation,ad_aging,llm_proposed,literature,evidence_gap,unresolved,false,0
5,10,ad_aging_q028,ncb-scientific-1775e0699f7d950f,1775e0699f7d950fdfe70ffa2494b3427fbca176a2fb9bd01c5bf5329b7dd39e,1775e0699f7d950fdfe70ffa2494b3427fbca176a2fb9bd01c5bf5329b7dd39e,exact_v2.1_reference,aligned_with_safety_augmentation,ad_aging,llm_proposed,literature,evidence_gap,unresolved,false,0
5,10,ad_aging_q029,ncb-scientific-bf6a4a4dabf8357f,bf6a4a4dabf8357f31e6a07ae1504771c332c4ed81929fb895a09609631d5866,bf6a4a4dabf8357f31e6a07ae1504771c332c4ed81929fb895a09609631d5866,exact_v2.1_reference,aligned_with_safety_augmentation,ad_aging,llm_proposed,literature,evidence_gap,unresolved,true,1
5,10,ad_aging_q030,ncb-scientific-75bd3855eddc86c8,75bd3855eddc86c8164fd4b8c788b0d2ff249afef49acbd1c2597bcf3031ee46,75bd3855eddc86c8164fd4b8c788b0d2ff249afef49acbd1c2597bcf3031ee46,exact_v2.1_reference,aligned_with_safety_augmentation,ad_aging,llm_proposed,literature,strict,confirm,true,8
5,10,ad_aging_q032,ncb-scientific-c922885057dbc163,c922885057dbc163bc0da7c09a1f929618f4043b01e964bfbd4ba2d3947e992e,c922885057dbc163bc0da7c09a1f929618f4043b01e964bfbd4ba2d3947e992e,exact_v2.1_reference,aligned_with_safety_augmentation,ad_aging,llm_proposed,literature,evidence_gap,unresolved,true,20
5,10,ad_aging_q034,ncb-scientific-0945ff60b5d68ba8,0945ff60b5d68ba89a298e0d5c7f9a2de1625b057bca524e15324d9708ecf806,0945ff60b5d68ba89a298e0d5c7f9a2de1625b057bca524e15324d9708ecf806,exact_v2.1_reference,aligned_with_safety_augmentation,ad_aging,llm_proposed,literature,evidence_gap,unresolved,true,9
5,10,ad_aging_q035,ncb-scientific-2dcda273dbedc219,2dcda273dbedc219ed9d5d8682aa85ac5f279a5b7efa0b335d1568599836b508,2dcda273dbedc219ed9d5d8682aa85ac5f279a5b7efa0b335d1568599836b508,exact_v2.1_reference,aligned_with_safety_augmentation,ad_aging,llm_proposed,literature,evidence_gap,unresolved,false,0
5,10,ad_aging_q036,ncb-scientific-cc1c11b70cdbc35f,cc1c11b70cdbc35f0fb7b7692822abca760f09315d96cba5c2e0c0d8c07fcfe3,cc1c11b70cdbc35f0fb7b7692822abca760f09315d96cba5c2e0c0d8c07fcfe3,exact_v2.1_reference,aligned_with_safety_augmentation,ad_aging,llm_proposed,literature,evidence_gap,unresolved,false,0
5,10,ad_aging_q037,ncb-scientific-0b054fd85acaa063,0b054fd85acaa06382e368b06e24cb23876d673dda29faac3b690645e449b6d5,0b054fd85acaa06382e368b06e24cb23876d673dda29faac3b690645e449b6d5,exact_v2.1_reference,aligned_with_safety_augmentation,ad_aging,llm_proposed,literature,evidence_gap,unresolved,false,0
5,10,ad_aging_q038,ncb-scientific-1d2a9e0f4f0b8bc3,1d2a9e0f4f0b8bc35fe53e1c18e110f8965f0dbb01897b1aba0cbe4d193e5821,1d2a9e0f4f0b8bc35fe53e1c18e110f8965f0dbb01897b1aba0cbe4d193e5821,exact_v2.1_reference,aligned_with_safety_augmentation,ad_aging,llm_proposed,literature,evidence_gap,unresolved,false,0
5,10,ad_aging_q039,ncb-scientific-a545812912502796,a5458129125027964cfadcefcff0f19c0d3ceed68aede1f9609ffc45247c35e4,a5458129125027964cfadcefcff0f19c0d3ceed68aede1f9609ffc45247c35e4,exact_v2.1_reference,aligned_with_safety_augmentation,ad_aging,llm_proposed,literature,evidence_gap,unresolved,false,0
5,10,ad_aging_q040,ncb-scientific-0b054fd85acaa063,0b054fd85acaa06382e368b06e24cb23876d673dda29faac3b690645e449b6d5,0b054fd85acaa06382e368b06e24cb23876d673dda29faac3b690645e449b6d5,exact_v2.1_reference,aligned_with_safety_augmentation,ad_aging,llm_proposed,literature,evidence_gap,unresolved,false,0
5,10,ad_aging_q041,ncb-scientific-f7956622f7e3eaf8,f7956622f7e3eaf82268d3c6d03184df48ef112532d72822e58c2e3b4eb9abd0,f7956622f7e3eaf82268d3c6d03184df48ef112532d72822e58c2e3b4eb9abd0,exact_v2.1_reference,aligned_with_safety_augmentation,ad_aging,llm_proposed,literature,evidence_gap,unresolved,false,0
5,10,ad_aging_q042,ncb-scientific-24de654ccd87dce2,24de654ccd87dce2402ee3e06841e2aa84bb5b939fe17e0a081e3e3fe8dd97e2,24de654ccd87dce2402ee3e06841e2aa84bb5b939fe17e0a081e3e3fe8dd97e2,exact_v2.1_reference,aligned_with_safety_augmentation,ad_aging,llm_proposed,literature,evidence_gap,unresolved,false,0
5,10,ad_aging_q043,ncb-scientific-f143dbf87a77594f,f143dbf87a77594f45f0c498342b2f4b17215390bf78679a21770bcc782da655,f143dbf87a77594f45f0c498342b2f4b17215390bf78679a21770bcc782da655,exact_v2.1_reference,aligned_with_safety_augmentation,ad_aging,llm_proposed,literature,evidence_gap,unresolved,false,0
5,10,ad_aging_q044,ncb-scientific-0cf9bf17a3cb10a7,0cf9bf17a3cb10a706661b585964be67b5928087882dc93e7b80224dac8a3534,0cf9bf17a3cb10a706661b585964be67b5928087882dc93e7b80224dac8a3534,exact_v2.1_reference,aligned_with_safety_augmentation,ad_aging,llm_proposed,literature,provisional,confirm,true,3
5,10,ad_aging_q045,ncb-scientific-4d6ed37bb9324c72,4d6ed37bb9324c72153b3fa839362f89320d16c7cbd9dd2659db729eb80061bf,4d6ed37bb9324c72153b3fa839362f89320d16c7cbd9dd2659db729eb80061bf,exact_v2.1_reference,aligned_with_safety_augmentation,ad_aging,llm_proposed,literature,evidence_gap,unresolved,false,0
5,10,ad_aging_q046,ncb-scientific-79182620041b5799,79182620041b57998eb9b3eb81cfba653f320fbe529ff0db654dd813626d0e36,79182620041b57998eb9b3eb81cfba653f320fbe529ff0db654dd813626d0e36,exact_v2.1_reference,aligned_with_safety_augmentation,ad_aging,llm_proposed,literature,evidence_gap,unresolved,false,0
5,10,ad_aging_q048,ncb-scientific-a3f4263a0dce56cf,a3f4263a0dce56cf738ebd2d271cf2f786acf25f6ab1432a96784f063e51d349,a3f4263a0dce56cf738ebd2d271cf2f786acf25f6ab1432a96784f063e51d349,exact_v2.1_reference,aligned_with_safety_augmentation,ad_aging,llm_proposed,literature,evidence_gap,unresolved,false,0
5,10,ad_aging_q049,ncb-scientific-24de654ccd87dce2,24de654ccd87dce2402ee3e06841e2aa84bb5b939fe17e0a081e3e3fe8dd97e2,24de654ccd87dce2402ee3e06841e2aa84bb5b939fe17e0a081e3e3fe8dd97e2,exact_v2.1_reference,aligned_with_safety_augmentation,ad_aging,llm_proposed,literature,evidence_gap,unresolved,false,0
5,10,ad_aging_q050,ncb-scientific-693510493058a91a,693510493058a91ac8ead80536de2a54f1331e925b11ad3d69d871fe6c93a395,693510493058a91ac8ead80536de2a54f1331e925b11ad3d69d871fe6c93a395,exact_v2.1_reference,aligned_with_safety_augmentation,ad_aging,llm_proposed,literature,evidence_gap,unresolved,false,0
5,10,psychosis_q001,ncb-scientific-7cb3fe4a5738fae5,7cb3fe4a5738fae59ad565ce7ad320774954e407c9d8edcbc6f05c4bb1287017,7cb3fe4a5738fae59ad565ce7ad320774954e407c9d8edcbc6f05c4bb1287017,exact_v2.1_reference,aligned,psychosis,llm_proposed,literature,evidence_gap,unresolved,false,0
5,10,psychosis_q002,ncb-scientific-266504b3d4e53721,266504b3d4e53721e07a0d77932a5254a3379c3ddf34b0dc44aeea4c4b4cb67d,266504b3d4e53721e07a0d77932a5254a3379c3ddf34b0dc44aeea4c4b4cb67d,exact_v2.1_reference,aligned_with_safety_augmentation,psychosis,llm_proposed,literature,evidence_gap,unresolved,false,0
5,10,psychosis_q003,ncb-scientific-872c426870a43fc0,872c426870a43fc09bee7deefd9487ffedf554184b618cfa1548e9f8d3be8d34,872c426870a43fc09bee7deefd9487ffedf554184b618cfa1548e9f8d3be8d34,exact_v2.1_reference,aligned_with_safety_augmentation,psychosis,llm_proposed,literature,evidence_gap,unresolved,false,0
5,10,psychosis_q004,ncb-scientific-3cd280f660dfbcd4,3cd280f660dfbcd415a0ac5f54af96f2ce8fe1cc897a4a14f869e1ea54467213,3cd280f660dfbcd415a0ac5f54af96f2ce8fe1cc897a4a14f869e1ea54467213,exact_v2.1_reference,aligned_with_safety_augmentation,psychosis,llm_proposed,literature,provisional,confirm,false,0
5,10,psychosis_q005,ncb-scientific-4cedbc48040eac27,4cedbc48040eac27d2eaf9fa5cbc4713fa67c79a232f498107862a2fe7d63e79,4cedbc48040eac27d2eaf9fa5cbc4713fa67c79a232f498107862a2fe7d63e79,exact_v2.1_reference,aligned_with_safety_augmentation,psychosis,llm_proposed,literature,evidence_gap,unresolved,false,0
5,10,psychosis_q006,ncb-scientific-58864dfe748ed623,58864dfe748ed623b1e412e518eb6d075f1280ebe036bb1dc55e56e8a2aca169,58864dfe748ed623b1e412e518eb6d075f1280ebe036bb1dc55e56e8a2aca169,exact_v2.1_reference,aligned_with_safety_augmentation,psychosis,llm_proposed,literature,evidence_gap,unresolved,false,0
5,10,psychosis_q007,ncb-scientific-e5b2412738b16335,e5b2412738b16335f55b1518f3aac394c8cfff48e1b39a9dc0d2b64c2cbb5877,e5b2412738b16335f55b1518f3aac394c8cfff48e1b39a9dc0d2b64c2cbb5877,exact_v2.1_reference,aligned,psychosis,llm_proposed,literature,evidence_gap,unresolved,false,0
5,10,psychosis_q008,ncb-scientific-5e9d9106292eb159,5e9d9106292eb159971d41de9ac66f7064ff9c67b369099bff308886a86ec58b,5e9d9106292eb159971d41de9ac66f7064ff9c67b369099bff308886a86ec58b,exact_v2.1_reference,aligned_with_safety_augmentation,psychosis,llm_proposed,literature,provisional,confirm,false,0
5,10,psychosis_q009,ncb-scientific-8366c91b96faf9a6,8366c91b96faf9a6c9557e9120c312676b6be08466de64a2ea5ecb46f08595dc,8366c91b96faf9a6c9557e9120c312676b6be08466de64a2ea5ecb46f08595dc,exact_v2.1_reference,aligned_with_safety_augmentation,psychosis,llm_proposed,literature,evidence_gap,unresolved,false,0
5,10,psychosis_q010,ncb-scientific-822a9e3fd7a9cc40,822a9e3fd7a9cc40dd56cec27d9df1f4b981c6e08141b1a8a2264fd39544ccfa,822a9e3fd7a9cc40dd56cec27d9df1f4b981c6e08141b1a8a2264fd39544ccfa,exact_v2.1_reference,aligned,psychosis,llm_proposed,literature,evidence_gap,unresolved,false,0
5,10,psychosis_q011,ncb-scientific-d4c0b42a60357a5d,d4c0b42a60357a5d939e12105a02798899968bed182f8471def699471bf39842,d4c0b42a60357a5d939e12105a02798899968bed182f8471def699471bf39842,exact_v2.1_reference,aligned_with_safety_augmentation,psychosis,llm_proposed,literature,evidence_gap,unresolved,false,0
5,10,psychosis_q012,ncb-scientific-6c9d8d248e03fd07,6c9d8d248e03fd072175b3155b829fce548d5dc88bffc0dd63db73a27cc1b1f9,6c9d8d248e03fd072175b3155b829fce548d5dc88bffc0dd63db73a27cc1b1f9,exact_v2.1_reference,aligned,psychosis,llm_proposed,literature,strict,confirm,false,0
5,10,psychosis_q013,ncb-scientific-32c06a5e43e74faa,32c06a5e43e74faa24d16e67accf4262d0369671f06216c693238d120d8f16f9,32c06a5e43e74faa24d16e67accf4262d0369671f06216c693238d120d8f16f9,exact_v2.1_reference,aligned_with_safety_augmentation,psychosis,llm_proposed,literature,evidence_gap,unresolved,false,0
5,10,psychosis_q014,ncb-scientific-f0173ff72ee52b5e,f0173ff72ee52b5e1e878ad93b6ab55443639c37100b7a6ff8546daeb9de844a,f0173ff72ee52b5e1e878ad93b6ab55443639c37100b7a6ff8546daeb9de844a,exact_v2.1_reference,aligned,psychosis,llm_proposed,literature,evidence_gap,unresolved,false,0
5,10,psychosis_q015,ncb-scientific-622e97baf8eece3c,622e97baf8eece3cc6a62615addca82592c24a5eb42cd164d81459a0d041eaab,622e97baf8eece3cc6a62615addca82592c24a5eb42cd164d81459a0d041eaab,exact_v2.1_reference,aligned,psychosis,llm_proposed,literature,evidence_gap,unresolved,false,0
5,10,psychosis_q016,ncb-scientific-9066c4a0d3bc2f9f,9066c4a0d3bc2f9f335adcc9e6fce3653c8c38198faedd03436f1aa34da54b25,9066c4a0d3bc2f9f335adcc9e6fce3653c8c38198faedd03436f1aa34da54b25,exact_v2.1_reference,aligned_with_safety_augmentation,psychosis,llm_proposed,literature,strict,confirm,false,0
5,10,psychosis_q017,ncb-scientific-4bafecc6ed3b9d87,4bafecc6ed3b9d87a26b408fcd1dd48f8e80cc184c6f98eb941ab54c48ad2031,4bafecc6ed3b9d87a26b408fcd1dd48f8e80cc184c6f98eb941ab54c48ad2031,exact_v2.1_reference,aligned,psychosis,llm_proposed,literature,evidence_gap,unresolved,false,0
5,10,psychosis_q018,ncb-scientific-6aa47e3b129ad9fb,6aa47e3b129ad9fb3b897f8e59d71e00f8f3abe34d5515c19a65bf8a5c880e1a,6aa47e3b129ad9fb3b897f8e59d71e00f8f3abe34d5515c19a65bf8a5c880e1a,exact_v2.1_reference,aligned_with_safety_augmentation,psychosis,llm_proposed,literature,evidence_gap,unresolved,true,4
5,10,psychosis_q019,ncb-scientific-047feb6835500e20,047feb6835500e20fce6c8866aa5f4319884079d3ece961fffa1950d3f67649b,047feb6835500e20fce6c8866aa5f4319884079d3ece961fffa1950d3f67649b,exact_v2.1_reference,aligned_with_safety_augmentation,psychosis,llm_proposed,literature,evidence_gap,unresolved,true,4
5,10,psychosis_q021,ncb-scientific-675abad09b88a363,675abad09b88a3632ae7d7ac4e199a4a0e5c99415e8c1ac16c601d7e16a98f35,675abad09b88a3632ae7d7ac4e199a4a0e5c99415e8c1ac16c601d7e16a98f35,exact_v2.1_reference,aligned_with_safety_augmentation,psychosis,llm_proposed,literature,evidence_gap,unresolved,false,0
5,10,psychosis_q022,ncb-scientific-49fd02560669f081,49fd02560669f081865a60b8024eb81ebb6dc5834a87820f119def66b35fa233,49fd02560669f081865a60b8024eb81ebb6dc5834a87820f119def66b35fa233,exact_v2.1_reference,aligned,psychosis,llm_proposed,literature,evidence_gap,unresolved,false,0
5,10,psychosis_q023,ncb-scientific-3942bdaedf8efb2a,3942bdaedf8efb2afecb3c2c12045c0014df9f189b66d0de08e09298d10c22ae,3942bdaedf8efb2afecb3c2c12045c0014df9f189b66d0de08e09298d10c22ae,exact_v2.1_reference,aligned_with_safety_augmentation,psychosis,llm_proposed,literature,evidence_gap,unresolved,false,0
5,10,psychosis_q024,ncb-scientific-9181e305d0e360a5,9181e305d0e360a5d17ec43febd9d32a46fc572a1fa87ab8680c7b4cb79abe90,9181e305d0e360a5d17ec43febd9d32a46fc572a1fa87ab8680c7b4cb79abe90,exact_v2.1_reference,aligned_with_safety_augmentation,psychosis,llm_proposed,literature,evidence_gap,unresolved,false,0
5,10,psychosis_q025,ncb-scientific-4ffc0faff41b9d25,4ffc0faff41b9d251ae15c86a5646175e1972970df38a88ccfac126ba34f43b9,4ffc0faff41b9d251ae15c86a5646175e1972970df38a88ccfac126ba34f43b9,exact_v2.1_reference,aligned,psychosis,llm_proposed,literature,evidence_gap,unresolved,true,1
5,10,psychosis_q026,ncb-scientific-e43def8c3b8cb4e9,e43def8c3b8cb4e9401abd45c8e585ca3fb7555ed77364cdacf981560d643998,e43def8c3b8cb4e9401abd45c8e585ca3fb7555ed77364cdacf981560d643998,exact_v2.1_reference,aligned_with_safety_augmentation,psychosis,llm_proposed,literature,evidence_gap,unresolved,false,0
5,10,psychosis_q027,ncb-scientific-9eaf2a23ddb73ea3,9eaf2a23ddb73ea3b9ad8419cc764b871d15a798fea17ac3a71821704466415e,9eaf2a23ddb73ea3b9ad8419cc764b871d15a798fea17ac3a71821704466415e,exact_v2.1_reference,aligned_with_safety_augmentation,psychosis,llm_proposed,literature,provisional,abstain,false,0
5,10,psychosis_q028,ncb-scientific-6130b7ec9d114c16,6130b7ec9d114c162d53c779a173cc930024074dfc2f729afa0cd4fc7c5e3827,6130b7ec9d114c162d53c779a173cc930024074dfc2f729afa0cd4fc7c5e3827,exact_v2.1_reference,aligned,psychosis,llm_proposed,literature,strict,confirm,false,0
5,10,psychosis_q029,ncb-scientific-561d93190dd22ced,561d93190dd22ced60f31e0fd38e0faf5c987fc53b8acf69c6396133d316d230,561d93190dd22ced60f31e0fd38e0faf5c987fc53b8acf69c6396133d316d230,exact_v2.1_reference,aligned_with_safety_augmentation,psychosis,llm_proposed,literature,evidence_gap,unresolved,false,0
5,10,psychosis_q030,ncb-scientific-23a83dcb8dd0287e,23a83dcb8dd0287e82e81be378cb004bce79a5325cd73ba2c55edfee8113d52d,23a83dcb8dd0287e82e81be378cb004bce79a5325cd73ba2c55edfee8113d52d,exact_v2.1_reference,aligned,psychosis,llm_proposed,literature,evidence_gap,unresolved,false,0
5,10,psychosis_q031,ncb-scientific-611e67de29172a34,611e67de29172a34127865843ed7fbb0a3c674cbea476eacda530d3d8c5a9abf,611e67de29172a34127865843ed7fbb0a3c674cbea476eacda530d3d8c5a9abf,exact_v2.1_reference,aligned_with_safety_augmentation,psychosis,llm_proposed,literature,evidence_gap,unresolved,false,0
5,10,psychosis_q032,ncb-scientific-740708798029c58d,740708798029c58d4d6385bc24deca50249908931c23e35c50e771c1555ef475,740708798029c58d4d6385bc24deca50249908931c23e35c50e771c1555ef475,exact_v2.1_reference,aligned_with_safety_augmentation,psychosis,llm_proposed,literature,strict,confirm,false,0
5,10,psychosis_q033,ncb-scientific-23b8d8c0265298fd,23b8d8c0265298fd242715da197614417003ea5efbb70bf6b292cb27ea990f0d,23b8d8c0265298fd242715da197614417003ea5efbb70bf6b292cb27ea990f0d,exact_v2.1_reference,aligned,psychosis,llm_proposed,literature,evidence_gap,unresolved,false,0
5,10,psychosis_q034,ncb-scientific-548d362dc2682286,548d362dc26822867e373f356852faa0ed9fa00f1757c8e4486a1d240506e03e,548d362dc26822867e373f356852faa0ed9fa00f1757c8e4486a1d240506e03e,exact_v2.1_reference,aligned,psychosis,llm_proposed,literature,evidence_gap,unresolved,false,0
5,10,psychosis_q035,ncb-scientific-66560a7fd0e34141,66560a7fd0e34141ba219136468ed4d54ee064cfff748f6d27aa451fbfd80069,66560a7fd0e34141ba219136468ed4d54ee064cfff748f6d27aa451fbfd80069,exact_v2.1_reference,aligned,psychosis,llm_proposed,literature,provisional,abstain,false,0
5,10,psychosis_q036,ncb-scientific-e313edffc6da7a07,e313edffc6da7a074c42d69ed32da20e4642325dccd086815d410b2e3f7babb3,e313edffc6da7a074c42d69ed32da20e4642325dccd086815d410b2e3f7babb3,exact_v2.1_reference,aligned,psychosis,llm_proposed,literature,evidence_gap,unresolved,false,0
5,10,psychosis_q037,ncb-scientific-3b7b2226aa3bb7ce,3b7b2226aa3bb7ce109fe00563be869699e1fef55876cce35355c6941ea873fd,3b7b2226aa3bb7ce109fe00563be869699e1fef55876cce35355c6941ea873fd,exact_v2.1_reference,aligned,psychosis,llm_proposed,literature,evidence_gap,unresolved,false,0
5,10,psychosis_q038,ncb-scientific-51f69ecdfc1f24b2,51f69ecdfc1f24b277984e6877bcaf2b948d82427c5f75a82b8d082ad218f263,51f69ecdfc1f24b277984e6877bcaf2b948d82427c5f75a82b8d082ad218f263,pre_v2_contract_only,ambiguous_unresolved,psychosis,llm_proposed,,,,false,0
5,10,psychosis_q039,ncb-scientific-d0535a6cab6d913b,d0535a6cab6d913b7aae20a3c6e47c1d8b5c21a56abd87a6f45877adf81829e0,d0535a6cab6d913b7aae20a3c6e47c1d8b5c21a56abd87a6f45877adf81829e0,exact_v2.1_reference,aligned,psychosis,llm_proposed,literature,provisional,confirm,false,0
5,10,psychosis_q040,ncb-scientific-80318de11aee33ca,80318de11aee33cafcafc23b40e6d185a412151c5603277794147b1d572df23d,80318de11aee33cafcafc23b40e6d185a412151c5603277794147b1d572df23d,exact_v2.1_reference,aligned,psychosis,llm_proposed,literature,evidence_gap,unresolved,false,0
5,10,psychosis_q042,ncb-scientific-70527a90423a8295,70527a90423a8295ebeae835b0a95e8bc634a4d1611424dbdb775935515a8516,70527a90423a8295ebeae835b0a95e8bc634a4d1611424dbdb775935515a8516,exact_v2.1_reference,aligned,psychosis,llm_proposed,literature,evidence_gap,unresolved,true,7
5,10,psychosis_q043,ncb-scientific-41408a5127ecaa01,41408a5127ecaa01bb16f33bb137977cb589300803b75207c17804f34de42e00,41408a5127ecaa01bb16f33bb137977cb589300803b75207c17804f34de42e00,exact_v2.1_reference,aligned,psychosis,llm_proposed,literature,provisional,abstain,true,4
5,10,psychosis_q045,ncb-scientific-81e24d3b130902a4,81e24d3b130902a46cd52114a0894c5d3052a400c072cda182917e5eb6728851,81e24d3b130902a46cd52114a0894c5d3052a400c072cda182917e5eb6728851,exact_v2.1_reference,aligned,psychosis,llm_proposed,literature,evidence_gap,unresolved,true,2
5,10,psychosis_q046,ncb-scientific-172d75bcc17dcce9,172d75bcc17dcce9c2a8cde3b446b4521935e40d9bee3691b4d574e1b426012d,172d75bcc17dcce9c2a8cde3b446b4521935e40d9bee3691b4d574e1b426012d,exact_v2.1_reference,aligned,psychosis,llm_proposed,literature,evidence_gap,unresolved,false,0
5,10,psychosis_q047,ncb-scientific-58a996a383e72e5b,58a996a383e72e5b79cc802cd41cc61d146ef74faab2650d92112acd832924d8,58a996a383e72e5b79cc802cd41cc61d146ef74faab2650d92112acd832924d8,exact_v2.1_reference,aligned,psychosis,llm_proposed,literature,provisional,confirm,true,7
5,10,psychosis_q048,ncb-scientific-ed8eabb252714493,ed8eabb252714493617a23875b640f41f1af8d9b8826cdbb8845c317adcbc72f,ed8eabb252714493617a23875b640f41f1af8d9b8826cdbb8845c317adcbc72f,exact_v2.1_reference,aligned,psychosis,llm_proposed,literature,evidence_gap,unresolved,false,0
5,10,psychosis_q049,ncb-scientific-a1da46d7f5fa792d,a1da46d7f5fa792d06b40ef905be2163aa10371959c82a12774363e09e80a844,a1da46d7f5fa792d06b40ef905be2163aa10371959c82a12774363e09e80a844,exact_v2.1_reference,aligned_with_safety_augmentation,psychosis,llm_proposed,literature,evidence_gap,unresolved,false,0
5,10,psychosis_q050,ncb-scientific-55b455d152ed1390,55b455d152ed1390382cc96bd36b995f3d6549c65d1710583265325ae547aabe,55b455d152ed1390382cc96bd36b995f3d6549c65d1710583265325ae547aabe,exact_v2.1_reference,aligned,psychosis,llm_proposed,literature,evidence_gap,unresolved,false,0
5,2,pubmed_23333262_pmid23333262_rsfc_aging_1,ncb-scientific-9c418256797d0a86,9c418256797d0a86064d970a3e88ff8457d32310776b1a8297e66c8a796c3e35,9c418256797d0a86064d970a3e88ff8457d32310776b1a8297e66c8a796c3e35,exact_v2.1_reference,aligned,normative_fmri,literature_grounded,literature,evidence_gap,unresolved,false,0
5,2,pubmed_39856610_pmid39856610_1,ncb-scientific-f7c3e84a1cb3480d,f7c3e84a1cb3480df741174bb0e279d66de6682c8fed7217cb12a501ce7abb09,f7c3e84a1cb3480df741174bb0e279d66de6682c8fed7217cb12a501ce7abb09,pre_v2_contract_only,ambiguous_unresolved,adhd,literature_grounded,,,,false,0
5,2,pubmed_35583796_pmid35583796_rsfc_dmn_within,ncb-scientific-9306eed5ac12c7af,9306eed5ac12c7afb5d6c7513192e5e650af6d2ccd09172f90bd0be83b95b662,9306eed5ac12c7afb5d6c7513192e5e650af6d2ccd09172f90bd0be83b95b662,exact_v2.1_reference,aligned,adhd,literature_grounded,literature,provisional,abstain,false,0
5,2,pubmed_35583796_pmid35583796_rsfc_dmn_control_salience,ncb-scientific-060910c2dae3c7c0,060910c2dae3c7c0bc483bb7456953e7717bc55f016c82a246c15256e99ca483,060910c2dae3c7c0bc483bb7456953e7717bc55f016c82a246c15256e99ca483,exact_v2.1_reference,aligned,adhd,literature_grounded,literature,provisional,abstain,false,0
5,2,pubmed_36403658_pmid36403658_adhd_dmn_fc,ncb-scientific-bace4c130b60ece5,bace4c130b60ece50157fd3d6ec0b0e4244cf860559cbcb48aa4a9e499ab497d,bace4c130b60ece50157fd3d6ec0b0e4244cf860559cbcb48aa4a9e499ab497d,pre_v2_contract_only,ambiguous_unresolved,adhd,literature_grounded,,,,false,0
5,2,pubmed_36403658_pmid36403658_adhd_fc_classifier,ncb-scientific-ce9b34e85b1510c7,ce9b34e85b1510c7cdb61caab47224a564c4d18a9d89c72c6952a58e8ed87491,ce9b34e85b1510c7cdb61caab47224a564c4d18a9d89c72c6952a58e8ed87491,pre_v2_contract_only,ambiguous_unresolved,adhd,literature_grounded,,,,false,0
5,2,pubmed_35359026_35359026_1,ncb-scientific-f3636d57e59fc807,f3636d57e59fc80720979dd8e617af6796721000006447ea84631b5fed881c38,f3636d57e59fc80720979dd8e617af6796721000006447ea84631b5fed881c38,exact_v2.1_reference,aligned,adhd,literature_grounded,literature,evidence_gap,unresolved,false,0
5,2,pubmed_34280835_pmid34280835_adhd_smn-fc_01,ncb-scientific-4bec8588ceb4224d,4bec8588ceb4224ddd1ba5d8630aca64bbe57f5c572153bf88b8b92a099e90a4,4bec8588ceb4224ddd1ba5d8630aca64bbe57f5c572153bf88b8b92a099e90a4,exact_v2.1_reference,aligned,adhd,literature_grounded,literature,evidence_gap,unresolved,false,0
5,2,pubmed_31265198_pmid31265198_fc_adhd_vs_tdc,ncb-scientific-c8acae9508ef35fd,c8acae9508ef35fd71e17be422a96ff94cda16d53561647f67cc34bf3fb5e2dc,c8acae9508ef35fd71e17be422a96ff94cda16d53561647f67cc34bf3fb5e2dc,exact_v2.1_reference,aligned,adhd,literature_grounded,literature,provisional,abstain,false,0
5,2,pubmed_35338900_pmid35338900_age_fcsc,ncb-scientific-5640b53a2dfaa1b8,5640b53a2dfaa1b884c99a06c8c8897d97d1155e8f60cc54e4822588eef8e5bc,5640b53a2dfaa1b884c99a06c8c8897d97d1155e8f60cc54e4822588eef8e5bc,pre_v2_contract_only,ambiguous_unresolved,adhd,literature_grounded,,,,false,0
5,2,pubmed_35338900_pmid35338900_boysadhd_limbicdmn,ncb-scientific-de1363fa0a54a318,de1363fa0a54a31857453e1dd873734715696b750931e1ee29d64fb8103b2e58,de1363fa0a54a31857453e1dd873734715696b750931e1ee29d64fb8103b2e58,exact_v2.1_reference,aligned,adhd,literature_grounded,literature,evidence_gap,unresolved,false,0
5,2,pubmed_37121277_pmid37121277_reho_cluster1_vs_td,ncb-scientific-e59b8563fe5abace,e59b8563fe5abace75c175eff2d6c6bc371d7aa0b5053b5fc34317818314bff5,e59b8563fe5abace75c175eff2d6c6bc371d7aa0b5053b5fc34317818314bff5,pre_v2_contract_only,ambiguous_unresolved,asd,literature_grounded,,,,false,0
5,2,pubmed_37121277_pmid37121277_vmhc_cluster1_vs_td,ncb-scientific-f41a8c5978b01125,f41a8c5978b01125b76c9d2800b0f2317936ed7c14759937a1ed14428bc25897,f41a8c5978b01125b76c9d2800b0f2317936ed7c14759937a1ed14428bc25897,pre_v2_contract_only,ambiguous_unresolved,asd,literature_grounded,,,,false,0
5,2,pubmed_37121277_pmid37121277_mccfc_cluster2_vs_td,ncb-scientific-c98428886dd0f1d9,c98428886dd0f1d91c3a75d885826b5fb7726225297f515afa05718599e2996d,c98428886dd0f1d91c3a75d885826b5fb7726225297f515afa05718599e2996d,pre_v2_contract_only,ambiguous_unresolved,asd,literature_grounded,,,,false,0
5,2,pubmed_42141307_pmid42141307_asd_fmri_fc_casecontrol_mixed,ncb-scientific-4f6f45a81e8e3370,4f6f45a81e8e337049763733e2b9871efc22c4d9fc5f5f6d4ccf920cb8a023d6,4f6f45a81e8e337049763733e2b9871efc22c4d9fc5f5f6d4ccf920cb8a023d6,exact_v2.1_reference,aligned,asd,literature_grounded,literature,strict,confirm,false,0
5,2,pubmed_34264028_34264028-1,ncb-scientific-7ab10eca62cc6fc7,7ab10eca62cc6fc7aac3fc6c5d935bbe58e90be3a4850b9956b9d4bb8758e45f,7ab10eca62cc6fc7aac3fc6c5d935bbe58e90be3a4850b9956b9d4bb8758e45f,pre_v2_contract_only,ambiguous_unresolved,asd,literature_grounded,,,,false,0
5,2,pubmed_37741308_pmid37741308_asd_fc_groupdiff,ncb-scientific-55457edaa703fbe4,55457edaa703fbe4b0e3548c6732e7f7dc35b0535beed7336e617f077b9a8172,55457edaa703fbe4b0e3548c6732e7f7dc35b0535beed7336e617f077b9a8172,exact_v2.1_reference,aligned,asd,literature_grounded,literature,evidence_gap,unresolved,false,0
5,2,pubmed_28040544_pmid28040544_asd_fc_kea_corticalnetworks,ncb-scientific-cb86d4103ebb0e0c,cb86d4103ebb0e0cfb84aeae03b006b1b9f5e196a73b165f42e271c167d1f8d0,cb86d4103ebb0e0cfb84aeae03b006b1b9f5e196a73b165f42e271c167d1f8d0,exact_v2.1_reference,aligned,asd,literature_grounded,literature,provisional,confirm,false,0
5,2,pubmed_28040544_pmid28040544_asd_fc_selffacetom,ncb-scientific-08c6866776e43268,08c6866776e432686055fe502dc79eaebce0f6916de3c9ca15c72b7849a8070b,08c6866776e432686055fe502dc79eaebce0f6916de3c9ca15c72b7849a8070b,exact_v2.1_reference,aligned,asd,literature_grounded,literature,provisional,confirm,false,0
5,2,pubmed_30833582_pmid30833582_asd_stepwise_connectivity,ncb-scientific-88422a822641e7cd,88422a822641e7cdcba6f457a4fa41387a32f9f3a60e08260ef9b6a18e716ada,88422a822641e7cdcba6f457a4fa41387a32f9f3a60e08260ef9b6a18e716ada,exact_v2.1_reference,aligned,asd,literature_grounded,literature,strict,confirm,false,0
5,2,pubmed_1431963_pmid1431963_mta_ad_vs_controls,ncb-scientific-e2c8b315d5871123,e2c8b315d58711232df3fb244f289b13f1a98c97f3043bbed5db37f77d0fac0a,e2c8b315d58711232df3fb244f289b13f1a98c97f3043bbed5db37f77d0fac0a,exact_v2.1_reference,aligned,ad_aging,literature_grounded,literature,strict,confirm,true,4
5,2,pubmed_21729419_pmid21729419_2,ncb-scientific-e2c8b315d5871123,e2c8b315d58711232df3fb244f289b13f1a98c97f3043bbed5db37f77d0fac0a,e2c8b315d58711232df3fb244f289b13f1a98c97f3043bbed5db37f77d0fac0a,exact_v2.1_reference,aligned,ad_aging,literature_grounded,literature,strict,confirm,true,6
5,2,pubmed_31313441_31313441-psychosis-rsfc-casecontrol,ncb-scientific-1c4bb13eab05e379,1c4bb13eab05e37903f684a6f8836eb4046bdfd60c0337e4be303461922306ff,1c4bb13eab05e37903f684a6f8836eb4046bdfd60c0337e4be303461922306ff,exact_v2.1_reference,aligned,psychosis,literature_grounded,literature,strict,confirm,false,0
5,2,pubmed_29653095_29653095-psychosis-fc-01,ncb-scientific-c671d3de1b2734cb,c671d3de1b2734cb8e64ccc55fdd15ea4118e551d604845c6f756f7b71f7ba43,c671d3de1b2734cb8e64ccc55fdd15ea4118e551d604845c6f756f7b71f7ba43,exact_v2.1_reference,aligned,psychosis,literature_grounded,literature,provisional,confirm,false,0
5,2,pubmed_29653095_29653095-psychosis-fc-02,ncb-scientific-b336c91ebd2e082c,b336c91ebd2e082c670facfa74d1a9ee136e61e29d1305f2d91cecac8b77f04c,b336c91ebd2e082c670facfa74d1a9ee136e61e29d1305f2d91cecac8b77f04c,pre_v2_contract_only,ambiguous_unresolved,psychosis,literature_grounded,,,,false,0
5,2,pubmed_35753120_pmid35753120_1,ncb-scientific-5d5fd40a49dbf782,5d5fd40a49dbf782645572714c9237709a98147ddd0551217a75c6523f448980,5d5fd40a49dbf782645572714c9237709a98147ddd0551217a75c6523f448980,pre_v2_contract_only,ambiguous_unresolved,psychosis,literature_grounded,,,,false,0
5,2,pubmed_34183210_pmid34183210_1,ncb-scientific-c1112f228bb27f06,c1112f228bb27f06f18f32376d89a4b816fcc7df2f53487617d65faedc726ef5,c1112f228bb27f06f18f32376d89a4b816fcc7df2f53487617d65faedc726ef5,pre_v2_contract_only,ambiguous_unresolved,psychosis,literature_grounded,,,,false,0
5,2,pubmed_34183210_pmid34183210_3,ncb-scientific-67542fa55426a130,67542fa55426a13052157d88d588a5334147c1872c82514b9edcf4651c8ca7b7,67542fa55426a13052157d88d588a5334147c1872c82514b9edcf4651c8ca7b7,pre_v2_contract_only,ambiguous_unresolved,psychosis,literature_grounded,,,,false,0
5,2,pubmed_38422833_pmid38422833_cortical_fnc,ncb-scientific-09903e42ed156c26,09903e42ed156c2690cdbe27471b1d9877a5a23f33b016ead3e1b12870fef1fc,09903e42ed156c2690cdbe27471b1d9877a5a23f33b016ead3e1b12870fef1fc,exact_v2.1_reference,aligned,psychosis,literature_grounded,literature,strict,confirm,false,0
5,2,normative_fmri_001,ncb-scientific-6f07b924f78e762d,6f07b924f78e762dbb04192421df62ac5dd24835b8e50993a3f5c2cdf333e66c,6f07b924f78e762dbb04192421df62ac5dd24835b8e50993a3f5c2cdf333e66c,exact_v2.1_reference,aligned_with_safety_augmentation,normative_fmri,llm_proposed,literature,provisional,confirm,false,0
5,2,normative_fmri_002,ncb-scientific-a1bf69b8f56d46c9,a1bf69b8f56d46c996f93349f5201c8b628f7dd5753a9899ff61c78ed977e658,a1bf69b8f56d46c996f93349f5201c8b628f7dd5753a9899ff61c78ed977e658,exact_v2.1_reference,aligned_with_safety_augmentation,normative_fmri,llm_proposed,literature,evidence_gap,unresolved,false,0
5,2,normative_fmri_003,ncb-scientific-dc6371e72c01cdcd,dc6371e72c01cdcd2e2e176efc8496ba66d5715ea1c8da75ab66be1c67032e07,dc6371e72c01cdcd2e2e176efc8496ba66d5715ea1c8da75ab66be1c67032e07,exact_v2.1_reference,aligned_with_safety_augmentation,normative_fmri,llm_proposed,literature,evidence_gap,unresolved,true,2
5,2,normative_fmri_006,ncb-scientific-42b2c11ed186c2c9,42b2c11ed186c2c9d794dfd42e14b54cf31afc8d70f2f8c136913760977724fb,42b2c11ed186c2c9d794dfd42e14b54cf31afc8d70f2f8c136913760977724fb,exact_v2.1_reference,aligned_with_safety_augmentation,normative_fmri,llm_proposed,literature,evidence_gap,unresolved,false,0
5,2,normative_fmri_007,ncb-scientific-a9e0ba33a876abc0,a9e0ba33a876abc0fa6cbc657ebbfa5b3516bdf998288dcb9ea497f1dd12cfda,a9e0ba33a876abc0fa6cbc657ebbfa5b3516bdf998288dcb9ea497f1dd12cfda,exact_v2.1_reference,aligned_with_safety_augmentation,normative_fmri,llm_proposed,literature,evidence_gap,unresolved,true,1
5,2,normative_fmri_009,ncb-scientific-e7c94f56c83e0651,e7c94f56c83e06518cfb23793f51ccaf963a39435caaaca93bcd7d7166f65091,e7c94f56c83e06518cfb23793f51ccaf963a39435caaaca93bcd7d7166f65091,exact_v2.1_reference,aligned_with_safety_augmentation,normative_fmri,llm_proposed,literature,evidence_gap,unresolved,false,0
5,2,normative_fmri_013,ncb-scientific-8482b5c202e5e323,8482b5c202e5e3235de8c6063dda4b78550e3f9e00df27d431e2d1f0d720b4aa,8482b5c202e5e3235de8c6063dda4b78550e3f9e00df27d431e2d1f0d720b4aa,exact_v2.1_reference,aligned_with_safety_augmentation,normative_fmri,llm_proposed,literature,evidence_gap,unresolved,false,0
5,2,normative_fmri_014,ncb-scientific-43b88d75579673af,43b88d75579673af885b371f0652ded9c324f9b8bf3da288fe57fd77b533156d,43b88d75579673af885b371f0652ded9c324f9b8bf3da288fe57fd77b533156d,exact_v2.1_reference,aligned_with_safety_augmentation,normative_fmri,llm_proposed,literature,evidence_gap,unresolved,false,0
5,2,normative_fmri_015,ncb-scientific-e1c33335981addda,e1c33335981addda2599fe24aa86c62ac3f0c9a159ee7345d23c83e540683619,e1c33335981addda2599fe24aa86c62ac3f0c9a159ee7345d23c83e540683619,exact_v2.1_reference,aligned_with_safety_augmentation,normative_fmri,llm_proposed,literature,evidence_gap,unresolved,false,0
5,2,normative_fmri_016,ncb-scientific-7c173adc5485d7ce,7c173adc5485d7ce2f944c400dd42b6053d003a6972c57de7cbc05bac07157ce,7c173adc5485d7ce2f944c400dd42b6053d003a6972c57de7cbc05bac07157ce,exact_v2.1_reference,aligned_with_safety_augmentation,normative_fmri,llm_proposed,literature,evidence_gap,unresolved,false,0
5,2,normative_fmri_017,ncb-scientific-e9887ba0003df877,e9887ba0003df8779438a68d1005ebb55b6bb49af3d222c23f2ed43541800f4c,e9887ba0003df8779438a68d1005ebb55b6bb49af3d222c23f2ed43541800f4c,exact_v2.1_reference,aligned_with_safety_augmentation,normative_fmri,llm_proposed,literature,evidence_gap,unresolved,false,0
5,2,normative_fmri_021,ncb-scientific-f84fe6980294c120,f84fe6980294c120bccc3de4d0ceb634edd5c41e1166cc53760b2275e4bae482,f84fe6980294c120bccc3de4d0ceb634edd5c41e1166cc53760b2275e4bae482,exact_v2.1_reference,aligned_with_safety_augmentation,normative_fmri,llm_proposed,literature,evidence_gap,unresolved,false,0
5,2,normative_fmri_022,ncb-scientific-704522685c487d81,704522685c487d817c358b1648972cf4b93110fe504eef340f7662e1605fe2af,704522685c487d817c358b1648972cf4b93110fe504eef340f7662e1605fe2af,exact_v2.1_reference,aligned_with_safety_augmentation,normative_fmri,llm_proposed,literature,evidence_gap,unresolved,false,0
5,2,normative_fmri_023,ncb-scientific-05c17620b6ff0817,05c17620b6ff0817912306ae784d68f40f43538421d7a77238304c5941523117,05c17620b6ff0817912306ae784d68f40f43538421d7a77238304c5941523117,exact_v2.1_reference,aligned_with_safety_augmentation,normative_fmri,llm_proposed,literature,evidence_gap,unresolved,false,0
5,2,normative_fmri_025,ncb-scientific-ee627d7a5d823df0,ee627d7a5d823df05e627bdf39c5c62a61d74c6453f8c490dc39a233a4ecf6a1,ee627d7a5d823df05e627bdf39c5c62a61d74c6453f8c490dc39a233a4ecf6a1,exact_v2.1_reference,aligned_with_safety_augmentation,normative_fmri,llm_proposed,literature,evidence_gap,unresolved,false,0
5,2,normative_fmri_026,ncb-scientific-cb339bf30281cede,cb339bf30281cedea3769b3c8ba3c0199ad8889c6569c72e5720af2c4c1b226d,cb339bf30281cedea3769b3c8ba3c0199ad8889c6569c72e5720af2c4c1b226d,exact_v2.1_reference,aligned_with_safety_augmentation,normative_fmri,llm_proposed,literature,evidence_gap,unresolved,false,0
5,2,normative_fmri_027,ncb-scientific-a427d5471566b2cf,a427d5471566b2cf475103489cde2f05ea57bbab09ea9cdd585ccf3a09b6dc00,a427d5471566b2cf475103489cde2f05ea57bbab09ea9cdd585ccf3a09b6dc00,exact_v2.1_reference,aligned_with_safety_augmentation,normative_fmri,llm_proposed,literature,evidence_gap,unresolved,false,0
5,2,normative_fmri_028,ncb-scientific-2a5d5bc83ab86134,2a5d5bc83ab8613499aab2ac0e974ec72a4dd0f1099d99320ee8a8e449b683b6,2a5d5bc83ab8613499aab2ac0e974ec72a4dd0f1099d99320ee8a8e449b683b6,exact_v2.1_reference,aligned_with_safety_augmentation,normative_fmri,llm_proposed,literature,evidence_gap,unresolved,false,0
5,2,normative_fmri_031,ncb-scientific-c9246d08669f6265,c9246d08669f6265e26d6a274208eaff54a2c585d734065f5cd7d4289f86a6ed,c9246d08669f6265e26d6a274208eaff54a2c585d734065f5cd7d4289f86a6ed,exact_v2.1_reference,aligned_with_safety_augmentation,normative_fmri,llm_proposed,literature,evidence_gap,unresolved,false,0
5,2,normative_fmri_032,ncb-scientific-0fba59d9c8075ce0,0fba59d9c8075ce0e6445699e130455b749c5802904fc65688809203764277dd,0fba59d9c8075ce0e6445699e130455b749c5802904fc65688809203764277dd,exact_v2.1_reference,aligned_with_safety_augmentation,normative_fmri,llm_proposed,literature,evidence_gap,unresolved,false,0
5,2,normative_fmri_033,ncb-scientific-c1b8f2bee08cd388,c1b8f2bee08cd3885ae393bad4189abe4f6f306525a43073ef666674c49e6e5a,c1b8f2bee08cd3885ae393bad4189abe4f6f306525a43073ef666674c49e6e5a,exact_v2.1_reference,aligned_with_safety_augmentation,normative_fmri,llm_proposed,literature,evidence_gap,unresolved,false,0
5,2,normative_fmri_034,ncb-scientific-eafa675a2857a0cb,eafa675a2857a0cb78b9514e4388964a9404eeef0cb89fc7b7b10da646cce92b,eafa675a2857a0cb78b9514e4388964a9404eeef0cb89fc7b7b10da646cce92b,exact_v2.1_reference,aligned_with_safety_augmentation,normative_fmri,llm_proposed,literature,evidence_gap,unresolved,false,0
5,2,normative_fmri_035,ncb-scientific-65466f9b282b22be,65466f9b282b22be1e717ceaf51a11a1383878fa6f0987faf8a0e2a126ffa737,65466f9b282b22be1e717ceaf51a11a1383878fa6f0987faf8a0e2a126ffa737,exact_v2.1_reference,aligned_with_safety_augmentation,normative_fmri,llm_proposed,literature,evidence_gap,unresolved,false,0
5,2,normative_fmri_036,ncb-scientific-d6cbeb536d2b0163,d6cbeb536d2b01632b3c753bd865bcb7f96749ca7f83705faf307f82a8ceda07,d6cbeb536d2b01632b3c753bd865bcb7f96749ca7f83705faf307f82a8ceda07,exact_v2.1_reference,aligned_with_safety_augmentation,normative_fmri,llm_proposed,literature,evidence_gap,unresolved,false,0
5,2,normative_fmri_038,ncb-scientific-06e24b7117348843,06e24b71173488433aa6f5a40a6db8bea7b0468cbafdaa0253d8d8563a1b8453,06e24b71173488433aa6f5a40a6db8bea7b0468cbafdaa0253d8d8563a1b8453,exact_v2.1_reference,aligned_with_safety_augmentation,normative_fmri,llm_proposed,literature,evidence_gap,unresolved,true,1
5,2,normative_fmri_039,ncb-scientific-493d1fd9443c1c35,493d1fd9443c1c35a711b47980ace70d89341606b2d943556f40528ed85ce744,493d1fd9443c1c35a711b47980ace70d89341606b2d943556f40528ed85ce744,exact_v2.1_reference,aligned_with_safety_augmentation,normative_fmri,llm_proposed,literature,evidence_gap,unresolved,false,0
5,2,normative_fmri_040,ncb-scientific-86a81a5f3a28d98c,86a81a5f3a28d98c10f2fd88774a049275a6dd3a56fa4e236ed763a643cae1c7,86a81a5f3a28d98c10f2fd88774a049275a6dd3a56fa4e236ed763a643cae1c7,exact_v2.1_reference,aligned_with_safety_augmentation,normative_fmri,llm_proposed,literature,evidence_gap,unresolved,false,0
5,2,normative_fmri_041,ncb-scientific-ea3fb846fbd7533c,ea3fb846fbd7533c676dd161a54428494426f0c6824d09709a81fa30f338b633,ea3fb846fbd7533c676dd161a54428494426f0c6824d09709a81fa30f338b633,pre_v2_contract_only,ambiguous_unresolved,normative_fmri,llm_proposed,,,,false,0
5,2,normative_fmri_042,ncb-scientific-89c7369d95a29475,89c7369d95a294751cf5c375140d9d130dba267d6c01ae06bb839c019ab703a8,89c7369d95a294751cf5c375140d9d130dba267d6c01ae06bb839c019ab703a8,pre_v2_contract_only,ambiguous_unresolved,normative_fmri,llm_proposed,,,,true,2
5,2,normative_fmri_043,ncb-scientific-9b0372d2c93e148a,9b0372d2c93e148a55d818beea55e176baab43b6cdcbb1cadd346c4698342848,9b0372d2c93e148a55d818beea55e176baab43b6cdcbb1cadd346c4698342848,pre_v2_contract_only,ambiguous_unresolved,normative_fmri,llm_proposed,,,,true,1
5,2,normative_fmri_044,ncb-scientific-adc7daee506cca47,adc7daee506cca470db321582aa77b9cc0e7f2abd527b99d4738e32de92f9075,adc7daee506cca470db321582aa77b9cc0e7f2abd527b99d4738e32de92f9075,pre_v2_contract_only,ambiguous_unresolved,normative_fmri,llm_proposed,,,,false,0
5,2,normative_fmri_047,ncb-scientific-319a1462bfdbc89d,319a1462bfdbc89d930616a30480c076432748e170281465818679f30546de86,319a1462bfdbc89d930616a30480c076432748e170281465818679f30546de86,exact_v2.1_reference,aligned_with_safety_augmentation,normative_fmri,llm_proposed,literature,evidence_gap,unresolved,false,0
5,2,normative_fmri_048,ncb-scientific-0efe8c9435d8ffdf,0efe8c9435d8ffdf5e3a10cd931fb791519373a7a547403b10409137517788bb,0efe8c9435d8ffdf5e3a10cd931fb791519373a7a547403b10409137517788bb,exact_v2.1_reference,aligned_with_safety_augmentation,normative_fmri,llm_proposed,literature,evidence_gap,unresolved,false,0
5,2,normative_fmri_049,ncb-scientific-2a373f053e882288,2a373f053e8822881dab40e7c242d78c2c729156c584d8a69c506f7d761a324d,2a373f053e8822881dab40e7c242d78c2c729156c584d8a69c506f7d761a324d,pre_v2_contract_only,ambiguous_unresolved,normative_fmri,llm_proposed,,,,false,0
5,2,normative_fmri_050,ncb-scientific-faaaeb165e293001,faaaeb165e29300168533c3f46df10bc022f709f42e5ae34a3f8f39f6583b00b,faaaeb165e29300168533c3f46df10bc022f709f42e5ae34a3f8f39f6583b00b,pre_v2_contract_only,ambiguous_unresolved,normative_fmri,llm_proposed,,,,false,0
5,2,adhd_q001,ncb-scientific-9ec4c7f2ec1fad99,9ec4c7f2ec1fad994bbafcb3d8260862dc2d3b5829226c0f0c4ea111889d1c08,9ec4c7f2ec1fad994bbafcb3d8260862dc2d3b5829226c0f0c4ea111889d1c08,exact_v2.1_reference,aligned_with_safety_augmentation,adhd,llm_proposed,literature,evidence_gap,unresolved,false,0
5,2,adhd_q002,ncb-scientific-e655e7f3059cc2a2,e655e7f3059cc2a2fa0bfd47f5738215071ffd1c322d56face875667b06330b8,e655e7f3059cc2a2fa0bfd47f5738215071ffd1c322d56face875667b06330b8,exact_v2.1_reference,aligned_with_safety_augmentation,adhd,llm_proposed,literature,provisional,abstain,false,0
5,2,adhd_q003,ncb-scientific-c8faa8d62af041ef,c8faa8d62af041ef89350be38a83cbeb57d551b518e3e17905b78d1b51c85218,c8faa8d62af041ef89350be38a83cbeb57d551b518e3e17905b78d1b51c85218,exact_v2.1_reference,aligned,adhd,llm_proposed,literature,evidence_gap,unresolved,false,0
5,2,adhd_q004,ncb-scientific-6bedac272110f713,6bedac272110f71307ba214166242c783aaabb9d2c90371d6e25cf14b2258297,6bedac272110f71307ba214166242c783aaabb9d2c90371d6e25cf14b2258297,exact_v2.1_reference,aligned_with_safety_augmentation,adhd,llm_proposed,literature,evidence_gap,unresolved,false,0
5,2,adhd_q005,ncb-scientific-73e0f34188f4c613,73e0f34188f4c613bbaf75216cae99010b0947ca6e64f339d66544a75dcdd5d4,73e0f34188f4c613bbaf75216cae99010b0947ca6e64f339d66544a75dcdd5d4,exact_v2.1_reference,aligned_with_safety_augmentation,adhd,llm_proposed,literature,provisional,confirm,false,0
5,2,adhd_q006,ncb-scientific-2b36f4bbee998e56,2b36f4bbee998e56371c67ff67d3eb58cb82ee7ec32ac324f688db7f55016f64,2b36f4bbee998e56371c67ff67d3eb58cb82ee7ec32ac324f688db7f55016f64,exact_v2.1_reference,aligned,adhd,llm_proposed,literature,evidence_gap,unresolved,false,0
5,2,adhd_q007,ncb-scientific-ccf76ee04722df94,ccf76ee04722df945c7c574a27b2da49fc63bef96e9b9b9f3ee1612f4beb0257,ccf76ee04722df945c7c574a27b2da49fc63bef96e9b9b9f3ee1612f4beb0257,exact_v2.1_reference,aligned_with_safety_augmentation,adhd,llm_proposed,literature,evidence_gap,unresolved,false,0
5,2,adhd_q008,ncb-scientific-8875a7bf33df9519,8875a7bf33df951977e26ecd4ecf5885a3a6e08b889d220be4400f20649c8706,8875a7bf33df951977e26ecd4ecf5885a3a6e08b889d220be4400f20649c8706,exact_v2.1_reference,aligned_with_safety_augmentation,adhd,llm_proposed,literature,evidence_gap,unresolved,false,0
5,2,adhd_q009,ncb-scientific-bdc24737aa23b682,bdc24737aa23b68213ee1a77d82e33597f5039ce548624b69e5675e7b1b02b18,bdc24737aa23b68213ee1a77d82e33597f5039ce548624b69e5675e7b1b02b18,exact_v2.1_reference,aligned_with_safety_augmentation,adhd,llm_proposed,literature,evidence_gap,unresolved,false,0
5,2,adhd_q010,ncb-scientific-5b0717b45335d600,5b0717b45335d600cb9bb3a3365f50480541f74ab04b95723d2b163524b995c2,5b0717b45335d600cb9bb3a3365f50480541f74ab04b95723d2b163524b995c2,exact_v2.1_reference,aligned_with_safety_augmentation,adhd,llm_proposed,literature,evidence_gap,unresolved,false,0
5,2,adhd_q012,ncb-scientific-6560b15c380073ca,6560b15c380073caf1f8bfe84bf2978902d6605bfe8aacd3a4262b47295b8f9f,6560b15c380073caf1f8bfe84bf2978902d6605bfe8aacd3a4262b47295b8f9f,exact_v2.1_reference,aligned_with_safety_augmentation,adhd,llm_proposed,literature,evidence_gap,unresolved,false,0
5,2,adhd_q016,ncb-scientific-bdd01753f9ebb90c,bdd01753f9ebb90c217a505dcc5198d851aee4b3c3450e682d1615f35e5dd44c,bdd01753f9ebb90c217a505dcc5198d851aee4b3c3450e682d1615f35e5dd44c,exact_v2.1_reference,aligned,adhd,llm_proposed,literature,evidence_gap,unresolved,false,0
5,2,adhd_q020,ncb-scientific-afe1f83e3d954a8c,afe1f83e3d954a8cea0ae7eceea167af281c6ea8ddce2bc289e93500d6ac2e54,afe1f83e3d954a8cea0ae7eceea167af281c6ea8ddce2bc289e93500d6ac2e54,exact_v2.1_reference,aligned_with_safety_augmentation,adhd,llm_proposed,literature,provisional,confirm,false,0
5,2,adhd_q022,ncb-scientific-2b20954defb2352a,2b20954defb2352adc7058f253db893e9e15a670abc51dcc80c24098106801e4,2b20954defb2352adc7058f253db893e9e15a670abc51dcc80c24098106801e4,pre_v2_contract_only,non_executable,adhd,llm_proposed,,,,false,0
5,2,adhd_q023,ncb-scientific-7c005de1c12b32a7,7c005de1c12b32a7b7a45e61565deb980582119a1b92e7e4f0083c9e8537a1d0,22e9dad3dc77b808e6883b1259492c9cf8f1bb52d57623e5d3afd28fd4ecd81a,pre_v2_contract_only,repairable_contract,adhd,llm_proposed,,,,false,0
5,2,adhd_q025,ncb-scientific-6c7b0f8ae69a2d50,6c7b0f8ae69a2d5037f71bb7af54369267c1d4746b35ba4b0575665297cfaab0,6c7b0f8ae69a2d5037f71bb7af54369267c1d4746b35ba4b0575665297cfaab0,pre_v2_contract_only,non_executable,adhd,llm_proposed,,,,false,0
5,2,adhd_q029,ncb-scientific-672ab5d3a6c11820,672ab5d3a6c11820c5309d195f4983f50a16b545c77a52895353cabd01a16c41,672ab5d3a6c11820c5309d195f4983f50a16b545c77a52895353cabd01a16c41,exact_v2.1_reference,aligned,adhd,llm_proposed,literature,evidence_gap,unresolved,false,0
5,2,adhd_q030,ncb-scientific-d37402dd791a12dc,d37402dd791a12dc5975c0b5a9fc0994be3d63826bdbf317c431e337efa54f61,d37402dd791a12dc5975c0b5a9fc0994be3d63826bdbf317c431e337efa54f61,exact_v2.1_reference,aligned_with_safety_augmentation,adhd,llm_proposed,literature,evidence_gap,unresolved,false,0
5,2,adhd_q031,ncb-scientific-c64dac21d8591104,c64dac21d8591104aa2912c0fc623cb3df7ae2fad45f89683dcc7f18692dc403,c64dac21d8591104aa2912c0fc623cb3df7ae2fad45f89683dcc7f18692dc403,exact_v2.1_reference,aligned_with_safety_augmentation,adhd,llm_proposed,literature,evidence_gap,unresolved,false,0
5,2,adhd_q032,ncb-scientific-6d7bbb66ca61d088,6d7bbb66ca61d088b1b6677f1693112e85a9ec6c6c0e8c82beb93a4244532157,6d7bbb66ca61d088b1b6677f1693112e85a9ec6c6c0e8c82beb93a4244532157,exact_v2.1_reference,aligned_with_safety_augmentation,adhd,llm_proposed,literature,evidence_gap,unresolved,false,0
5,2,adhd_q033,ncb-scientific-b6bcaf52ce24d411,b6bcaf52ce24d41101405c05556ff4df7a5cf370d247fb9fbe590d817921a011,b6bcaf52ce24d41101405c05556ff4df7a5cf370d247fb9fbe590d817921a011,exact_v2.1_reference,aligned,adhd,llm_proposed,literature,evidence_gap,unresolved,false,0
5,2,adhd_q034,ncb-scientific-03136ab7c6bb7990,03136ab7c6bb7990d987f647394f6865d014527a752393660750e24e0cd5b01d,03136ab7c6bb7990d987f647394f6865d014527a752393660750e24e0cd5b01d,exact_v2.1_reference,aligned_with_safety_augmentation,adhd,llm_proposed,literature,evidence_gap,unresolved,false,0
5,2,adhd_q035,ncb-scientific-721c4fa75e038ea4,721c4fa75e038ea4bdb26ce48b91b63d0615507f3c7e11e3dd07f46967efa967,721c4fa75e038ea4bdb26ce48b91b63d0615507f3c7e11e3dd07f46967efa967,exact_v2.1_reference,aligned_with_safety_augmentation,adhd,llm_proposed,literature,evidence_gap,unresolved,false,0
5,2,adhd_q036,ncb-scientific-5af5c999c214ab93,5af5c999c214ab9372f9f2d8ade3dd6da56394efb2231c76129e7a21833959ea,5af5c999c214ab9372f9f2d8ade3dd6da56394efb2231c76129e7a21833959ea,exact_v2.1_reference,aligned_with_safety_augmentation,adhd,llm_proposed,literature,evidence_gap,unresolved,false,0
5,2,adhd_q042,ncb-scientific-579c77d9f61e5f87,579c77d9f61e5f872fb1fae891fba19835a019868aa8a7ef7a47d76233ac7b33,579c77d9f61e5f872fb1fae891fba19835a019868aa8a7ef7a47d76233ac7b33,exact_v2.1_reference,aligned_with_safety_augmentation,adhd,llm_proposed,literature,evidence_gap,unresolved,false,0
5,2,adhd_q043,ncb-scientific-f38d6fdbc4e79d95,f38d6fdbc4e79d95965379c89ad839dad19e0303155a580a4d7bcd26ddf9a32d,f38d6fdbc4e79d95965379c89ad839dad19e0303155a580a4d7bcd26ddf9a32d,exact_v2.1_reference,aligned_with_safety_augmentation,adhd,llm_proposed,literature,evidence_gap,unresolved,true,1
5,2,adhd_q044,ncb-scientific-0d57166941ee6987,0d57166941ee6987a8e94a201d566f6551e2f9cde82cc2d83fe95e4b02d7cf43,0d57166941ee6987a8e94a201d566f6551e2f9cde82cc2d83fe95e4b02d7cf43,exact_v2.1_reference,aligned_with_safety_augmentation,adhd,llm_proposed,literature,evidence_gap,unresolved,false,0
5,2,adhd_q045,ncb-scientific-ad793f2b627c14db,ad793f2b627c14db9571a23bc5ff054129a8af48d092cae596e02c3fbd8ca3e6,ad793f2b627c14db9571a23bc5ff054129a8af48d092cae596e02c3fbd8ca3e6,pre_v2_contract_only,ambiguous_unresolved,adhd,llm_proposed,,,,false,0
5,2,adhd_q046,ncb-scientific-91575e683551f750,91575e683551f75081c4f506c9039447b9776b05e7c95ff1bf81a2323f0c51b9,91575e683551f75081c4f506c9039447b9776b05e7c95ff1bf81a2323f0c51b9,exact_v2.1_reference,aligned,adhd,llm_proposed,literature,evidence_gap,unresolved,true,2
5,2,adhd_q047,ncb-scientific-feb70aa94fa7c90f,feb70aa94fa7c90fa2df8c05f733ba5d944a5de106a49eb36eb63cbfa0415e66,feb70aa94fa7c90fa2df8c05f733ba5d944a5de106a49eb36eb63cbfa0415e66,exact_v2.1_reference,aligned,adhd,llm_proposed,literature,strict,abstain,false,0
5,2,adhd_q048,ncb-scientific-0cdad63325891f3d,0cdad63325891f3d72ae9d25459e2fb0c7ad22a7911a1534b14c6b1dfdc02f28,0cdad63325891f3d72ae9d25459e2fb0c7ad22a7911a1534b14c6b1dfdc02f28,exact_v2.1_reference,aligned,adhd,llm_proposed,literature,provisional,abstain,false,0
5,2,adhd_q049,ncb-scientific-41e14c6dd1c2213b,41e14c6dd1c2213b09c65b85fb99ab48160786245ae19fcdf1dbe6c8a7704fe3,41e14c6dd1c2213b09c65b85fb99ab48160786245ae19fcdf1dbe6c8a7704fe3,exact_v2.1_reference,aligned,adhd,llm_proposed,literature,evidence_gap,unresolved,false,0
5,2,adhd_q050,ncb-scientific-30329250c399e0e1,30329250c399e0e19f0099ec82e0f1abd36cca45c0178fcdc6800cf75650db9e,30329250c399e0e19f0099ec82e0f1abd36cca45c0178fcdc6800cf75650db9e,exact_v2.1_reference,aligned,adhd,llm_proposed,literature,provisional,abstain,false,0
5,2,asd_q001,ncb-scientific-3e1160c83f5950a6,3e1160c83f5950a67cb5f0bbc0478fdf9f1049f9a00563f8ba1bc631c90a9dbf,3e1160c83f5950a67cb5f0bbc0478fdf9f1049f9a00563f8ba1bc631c90a9dbf,exact_v2.1_reference,aligned_with_safety_augmentation,asd,llm_proposed,literature,provisional,confirm,false,0
5,2,asd_q002,ncb-scientific-f6cf8c122d61317c,f6cf8c122d61317c21a1377772ef6ad477761ad1859be149fd5cb4bce5a08ef9,f6cf8c122d61317c21a1377772ef6ad477761ad1859be149fd5cb4bce5a08ef9,exact_v2.1_reference,aligned_with_safety_augmentation,asd,llm_proposed,literature,evidence_gap,unresolved,false,0
5,2,asd_q003,ncb-scientific-b2bc1b3dc8d74234,b2bc1b3dc8d742349867f9f8a7e42fb3186657691ec0e71f041febf9a92913f6,b2bc1b3dc8d742349867f9f8a7e42fb3186657691ec0e71f041febf9a92913f6,exact_v2.1_reference,aligned_with_safety_augmentation,asd,llm_proposed,literature,provisional,abstain,false,0
5,2,asd_q004,ncb-scientific-83e09f86b797842d,83e09f86b797842db14cf907d844db23b34efc9e14034f96c3ccdb763c272e12,83e09f86b797842db14cf907d844db23b34efc9e14034f96c3ccdb763c272e12,exact_v2.1_reference,aligned_with_safety_augmentation,asd,llm_proposed,literature,provisional,abstain,false,0
5,2,asd_q005,ncb-scientific-2aadc4e4de851c0e,2aadc4e4de851c0e2f50ccae550c5f5b5318d46843b677d9fa6b9b8ee0ab5262,2aadc4e4de851c0e2f50ccae550c5f5b5318d46843b677d9fa6b9b8ee0ab5262,exact_v2.1_reference,aligned_with_safety_augmentation,asd,llm_proposed,literature,evidence_gap,unresolved,false,0
5,2,asd_q006,ncb-scientific-31ff42faa1d10211,31ff42faa1d102115303e78160cfa36a14361f7d5ebb5f9c28e43a81eac4e858,31ff42faa1d102115303e78160cfa36a14361f7d5ebb5f9c28e43a81eac4e858,exact_v2.1_reference,aligned_with_safety_augmentation,asd,llm_proposed,literature,evidence_gap,unresolved,false,0
5,2,asd_q007,ncb-scientific-0c04451321f8aa46,0c04451321f8aa463f1d1bfe0e785823e00d716a57d204c1b000827ea22d686c,0c04451321f8aa463f1d1bfe0e785823e00d716a57d204c1b000827ea22d686c,exact_v2.1_reference,aligned_with_safety_augmentation,asd,llm_proposed,literature,evidence_gap,unresolved,false,0
5,2,asd_q008,ncb-scientific-8d7c71367a2043b9,8d7c71367a2043b90fd51104e7c42a5e0fbd4068a2810fc8c3cbff83c8af75e6,8d7c71367a2043b90fd51104e7c42a5e0fbd4068a2810fc8c3cbff83c8af75e6,exact_v2.1_reference,aligned_with_safety_augmentation,asd,llm_proposed,literature,provisional,abstain,false,0
5,2,asd_q009,ncb-scientific-e59e508b9cc05116,e59e508b9cc05116c4cf470f0f1a2f388a2f1589d7452ef3d8199026639608ba,e59e508b9cc05116c4cf470f0f1a2f388a2f1589d7452ef3d8199026639608ba,pre_v2_contract_only,ambiguous_unresolved,asd,llm_proposed,,,,false,0
5,2,asd_q010,ncb-scientific-ff4d46696cfed68a,ff4d46696cfed68a15180d4899c7d603dd7670c50318e776fa4991d2d5e8a6fe,ff4d46696cfed68a15180d4899c7d603dd7670c50318e776fa4991d2d5e8a6fe,exact_v2.1_reference,aligned_with_safety_augmentation,asd,llm_proposed,literature,evidence_gap,unresolved,false,0
5,2,asd_q011,ncb-scientific-548cb9ea8bd9f8de,548cb9ea8bd9f8debed81d65b27010ba68443f8389de280f24e0a60133bfd4ba,548cb9ea8bd9f8debed81d65b27010ba68443f8389de280f24e0a60133bfd4ba,exact_v2.1_reference,aligned_with_safety_augmentation,asd,llm_proposed,literature,evidence_gap,unresolved,false,0
5,2,asd_q012,ncb-scientific-08efd1786e5b448a,08efd1786e5b448a84158f5fd3ce228ce6c198e48d98d9822b46850721e8ef2c,08efd1786e5b448a84158f5fd3ce228ce6c198e48d98d9822b46850721e8ef2c,exact_v2.1_reference,aligned_with_safety_augmentation,asd,llm_proposed,literature,evidence_gap,unresolved,false,0
5,2,asd_q013,ncb-scientific-adc64a42191e17f6,adc64a42191e17f63007bc25281becbf3d5835b1b4907a7c66c7d4875362948d,adc64a42191e17f63007bc25281becbf3d5835b1b4907a7c66c7d4875362948d,exact_v2.1_reference,aligned_with_safety_augmentation,asd,llm_proposed,literature,evidence_gap,unresolved,false,0
5,2,asd_q014,ncb-scientific-3ad601039168835a,3ad601039168835a0aa9153a5d2400c86e8ebb3edd86792e9be32f9545952cb0,3ad601039168835a0aa9153a5d2400c86e8ebb3edd86792e9be32f9545952cb0,exact_v2.1_reference,aligned_with_safety_augmentation,asd,llm_proposed,literature,evidence_gap,unresolved,false,0
5,2,asd_q015,ncb-scientific-7a87a86398becf44,7a87a86398becf44806656c7b8437f675f371fd6f2644ac257e562ca90b86a6a,7a87a86398becf44806656c7b8437f675f371fd6f2644ac257e562ca90b86a6a,exact_v2.1_reference,aligned_with_safety_augmentation,asd,llm_proposed,literature,evidence_gap,unresolved,false,0
5,2,asd_q016,ncb-scientific-67de4555230bc27a,67de4555230bc27a2720a39d25ba2b54acdc13b8df64eb624e3b7162eb249cbf,67de4555230bc27a2720a39d25ba2b54acdc13b8df64eb624e3b7162eb249cbf,exact_v2.1_reference,aligned_with_safety_augmentation,asd,llm_proposed,literature,evidence_gap,unresolved,false,0
5,2,asd_q017,ncb-scientific-30f73b540a076be8,30f73b540a076be8877cbf58acf8e237d4ffaf8c5fa00b91f350eced56d4fe50,30f73b540a076be8877cbf58acf8e237d4ffaf8c5fa00b91f350eced56d4fe50,exact_v2.1_reference,aligned_with_safety_augmentation,asd,llm_proposed,literature,evidence_gap,unresolved,false,0
5,2,asd_q018,ncb-scientific-9c2e4221cf5ca105,9c2e4221cf5ca105c142aa03f1212934ddcc6f3a0b4ae66e5f9d130f892c1d68,9c2e4221cf5ca105c142aa03f1212934ddcc6f3a0b4ae66e5f9d130f892c1d68,exact_v2.1_reference,aligned_with_safety_augmentation,asd,llm_proposed,literature,provisional,abstain,false,0
5,2,asd_q019,ncb-scientific-d3b9d78a966173c6,d3b9d78a966173c6a58a5b8ed01a0316ad73601092701d1310f08cee0928e62e,d3b9d78a966173c6a58a5b8ed01a0316ad73601092701d1310f08cee0928e62e,exact_v2.1_reference,aligned_with_safety_augmentation,asd,llm_proposed,literature,evidence_gap,unresolved,false,0
5,2,asd_q020,ncb-scientific-09bce8d2747a588b,09bce8d2747a588b48e78179d64eef021ef591c62d258c96db87fa1a187763be,09bce8d2747a588b48e78179d64eef021ef591c62d258c96db87fa1a187763be,exact_v2.1_reference,aligned_with_safety_augmentation,asd,llm_proposed,literature,evidence_gap,unresolved,false,0
5,2,asd_q021,ncb-scientific-5e6aa7181e35b605,5e6aa7181e35b6057dcfa0b2ef30e1accaf27ffa30c7110a71e05a7d42cd2bf4,5e6aa7181e35b6057dcfa0b2ef30e1accaf27ffa30c7110a71e05a7d42cd2bf4,exact_v2.1_reference,aligned_with_safety_augmentation,asd,llm_proposed,literature,evidence_gap,unresolved,false,0
5,2,asd_q022,ncb-scientific-7fe9235c8d5841b2,7fe9235c8d5841b21b4e02f5f1ea3da19d265b3dae41e4689eb549064708d519,7fe9235c8d5841b21b4e02f5f1ea3da19d265b3dae41e4689eb549064708d519,exact_v2.1_reference,aligned_with_safety_augmentation,asd,llm_proposed,literature,evidence_gap,unresolved,false,0
5,2,asd_q023,ncb-scientific-2e389c7806389508,2e389c780638950829799320349d8009aea6c3e9e69be08b1982e12b5b434c52,2e389c780638950829799320349d8009aea6c3e9e69be08b1982e12b5b434c52,exact_v2.1_reference,aligned_with_safety_augmentation,asd,llm_proposed,literature,evidence_gap,unresolved,false,0
5,2,asd_q024,ncb-scientific-46c685780a6efe6d,46c685780a6efe6d8000426a098ef58223dceb61be99792eabb6a33e80beadb1,46c685780a6efe6d8000426a098ef58223dceb61be99792eabb6a33e80beadb1,exact_v2.1_reference,aligned_with_safety_augmentation,asd,llm_proposed,literature,evidence_gap,unresolved,false,0
5,2,asd_q025,ncb-scientific-31990e646f54d4e6,31990e646f54d4e694348212341524808d583a3747736b6aec3da643ffe1484e,31990e646f54d4e694348212341524808d583a3747736b6aec3da643ffe1484e,exact_v2.1_reference,aligned_with_safety_augmentation,asd,llm_proposed,literature,evidence_gap,unresolved,false,0
5,2,asd_q026,ncb-scientific-2f6ce6fa5ea95eeb,2f6ce6fa5ea95eeb785ac239b4ff56b118d9d5b5b0e1c76df4fda92bdb52f08c,2f6ce6fa5ea95eeb785ac239b4ff56b118d9d5b5b0e1c76df4fda92bdb52f08c,exact_v2.1_reference,aligned_with_safety_augmentation,asd,llm_proposed,literature,evidence_gap,unresolved,false,0
5,2,asd_q027,ncb-scientific-68bd56b0483a236c,68bd56b0483a236c99db6544b25fa5e81003dd38c2af773be2d3d39b9ad070a6,68bd56b0483a236c99db6544b25fa5e81003dd38c2af773be2d3d39b9ad070a6,exact_v2.1_reference,aligned_with_safety_augmentation,asd,llm_proposed,literature,evidence_gap,unresolved,false,0
5,2,asd_q028,ncb-scientific-83e8c22eb0f4831a,83e8c22eb0f4831ab466f92d33a57545f9a4ac8eb8d3c9af44021b75c7fef4c4,83e8c22eb0f4831ab466f92d33a57545f9a4ac8eb8d3c9af44021b75c7fef4c4,exact_v2.1_reference,aligned_with_safety_augmentation,asd,llm_proposed,literature,evidence_gap,unresolved,false,0
5,2,asd_q029,ncb-scientific-a02841671504d8cd,a02841671504d8cd91f7002bbbc87782b0cb75c4c91c3c75f40930bf0fc27467,a02841671504d8cd91f7002bbbc87782b0cb75c4c91c3c75f40930bf0fc27467,exact_v2.1_reference,aligned_with_safety_augmentation,asd,llm_proposed,literature,evidence_gap,unresolved,false,0
5,2,asd_q030,ncb-scientific-3ba54e0248b29adb,3ba54e0248b29adb223a15306b37f76fc0e2b932fed74e86bd845de4c1fb2ee8,3ba54e0248b29adb223a15306b37f76fc0e2b932fed74e86bd845de4c1fb2ee8,exact_v2.1_reference,aligned_with_safety_augmentation,asd,llm_proposed,literature,evidence_gap,unresolved,false,0
5,2,asd_q031,ncb-scientific-a7bd041be62e2db4,a7bd041be62e2db43aded1d76a6c0b581c7274b1f519b9d483c62e6dc39f3136,a7bd041be62e2db43aded1d76a6c0b581c7274b1f519b9d483c62e6dc39f3136,exact_v2.1_reference,aligned_with_safety_augmentation,asd,llm_proposed,literature,evidence_gap,unresolved,false,0
5,2,asd_q032,ncb-scientific-19802d4080b79f2e,19802d4080b79f2e8f176ede52b798824d854ec76cd44f5f03a2db90b40b33bc,19802d4080b79f2e8f176ede52b798824d854ec76cd44f5f03a2db90b40b33bc,exact_v2.1_reference,aligned_with_safety_augmentation,asd,llm_proposed,literature,evidence_gap,unresolved,false,0
5,2,asd_q033,ncb-scientific-caeb5a6d248ba33c,caeb5a6d248ba33c770c82b3dc6515580c3efad63440adbbb4688d39731a3c41,caeb5a6d248ba33c770c82b3dc6515580c3efad63440adbbb4688d39731a3c41,exact_v2.1_reference,aligned_with_safety_augmentation,asd,llm_proposed,literature,evidence_gap,unresolved,false,0
5,2,asd_q034,ncb-scientific-1f13a7aee9fc1c7d,1f13a7aee9fc1c7dc1187efe86c3068be853653eb4050183fac5bcb492b8bbe3,1f13a7aee9fc1c7dc1187efe86c3068be853653eb4050183fac5bcb492b8bbe3,exact_v2.1_reference,aligned_with_safety_augmentation,asd,llm_proposed,literature,evidence_gap,unresolved,false,0
5,2,asd_q035,ncb-scientific-9b768a7494df75b2,9b768a7494df75b24fdc89ed6f68cee71fad50a0a2b02684368bd092524d7453,9b768a7494df75b24fdc89ed6f68cee71fad50a0a2b02684368bd092524d7453,exact_v2.1_reference,aligned_with_safety_augmentation,asd,llm_proposed,literature,evidence_gap,unresolved,false,0
5,2,asd_q036,ncb-scientific-61274f38e0112edd,61274f38e0112edde8180b2b74bd970e73a3a503b87528dec8547ff8d39e08d3,61274f38e0112edde8180b2b74bd970e73a3a503b87528dec8547ff8d39e08d3,exact_v2.1_reference,aligned_with_safety_augmentation,asd,llm_proposed,literature,evidence_gap,unresolved,false,0
5,2,asd_q037,ncb-scientific-149b1f2aeda4fcb1,149b1f2aeda4fcb1612b5edd3c9ba5d3fdc4cc18d9c5aa1afa53e32c85ed567e,149b1f2aeda4fcb1612b5edd3c9ba5d3fdc4cc18d9c5aa1afa53e32c85ed567e,exact_v2.1_reference,aligned_with_safety_augmentation,asd,llm_proposed,literature,evidence_gap,unresolved,false,0
5,2,asd_q038,ncb-scientific-c631e745a39a4c34,c631e745a39a4c34b7a2b47ee20ac723363fb4d3f247ba63938ada9c0511f640,c631e745a39a4c34b7a2b47ee20ac723363fb4d3f247ba63938ada9c0511f640,exact_v2.1_reference,aligned_with_safety_augmentation,asd,llm_proposed,literature,evidence_gap,unresolved,false,0
5,2,asd_q039,ncb-scientific-3bb5fd92cff87e34,3bb5fd92cff87e343d33e2cd0d6797eaf54d41cfe43a2123a8f42229247ead6c,3bb5fd92cff87e343d33e2cd0d6797eaf54d41cfe43a2123a8f42229247ead6c,exact_v2.1_reference,aligned_with_safety_augmentation,asd,llm_proposed,literature,evidence_gap,unresolved,false,0
5,2,asd_q040,ncb-scientific-cfe09363aec199e4,cfe09363aec199e4d87cfd179508934aa0a694e2ac85f122d79bab05a56bf5ba,cfe09363aec199e4d87cfd179508934aa0a694e2ac85f122d79bab05a56bf5ba,exact_v2.1_reference,aligned,asd,llm_proposed,literature,provisional,confirm,false,0
5,2,asd_q041,ncb-scientific-c823298f5f12df8a,c823298f5f12df8af07efc39e57413ee6b375c5f9f95bf060e712101c70c15cd,c823298f5f12df8af07efc39e57413ee6b375c5f9f95bf060e712101c70c15cd,exact_v2.1_reference,aligned_with_safety_augmentation,asd,llm_proposed,literature,evidence_gap,unresolved,false,0
5,2,asd_q042,ncb-scientific-1f634e71dd689f9b,1f634e71dd689f9bf628ab2462201c44d5996f29424ad3bb244eae08906e402b,1f634e71dd689f9bf628ab2462201c44d5996f29424ad3bb244eae08906e402b,exact_v2.1_reference,aligned_with_safety_augmentation,asd,llm_proposed,literature,evidence_gap,unresolved,false,0
5,2,asd_q043,ncb-scientific-1329501baee4943a,1329501baee4943a8d1925394f1bd0c531b39a4df9d4412f31a9e326f49d547b,1329501baee4943a8d1925394f1bd0c531b39a4df9d4412f31a9e326f49d547b,exact_v2.1_reference,aligned_with_safety_augmentation,asd,llm_proposed,literature,evidence_gap,unresolved,false,0
5,2,asd_q044,ncb-scientific-531f4a09678d2222,531f4a09678d2222e7dfb2b3f2c5e270ea361cb4ff770d5a532b98fb51322082,531f4a09678d2222e7dfb2b3f2c5e270ea361cb4ff770d5a532b98fb51322082,exact_v2.1_reference,aligned_with_safety_augmentation,asd,llm_proposed,literature,evidence_gap,unresolved,false,0
5,2,asd_q045,ncb-scientific-1518a0abab435142,1518a0abab43514213f4d83221121b85df589c0db1f51783ab24f10b187a989c,1518a0abab43514213f4d83221121b85df589c0db1f51783ab24f10b187a989c,exact_v2.1_reference,aligned_with_safety_augmentation,asd,llm_proposed,literature,evidence_gap,unresolved,false,0
5,2,asd_q046,ncb-scientific-afbfd52ab898aa8b,afbfd52ab898aa8b75058616b6193b34892bea7f7d452244ed64defafeede78a,afbfd52ab898aa8b75058616b6193b34892bea7f7d452244ed64defafeede78a,exact_v2.1_reference,aligned,asd,llm_proposed,literature,strict,abstain,false,0
5,2,asd_q047,ncb-scientific-5d4734ea98c9d333,5d4734ea98c9d333507a8f256c939d4c32820705161302d7f9b6dece95787e70,5d4734ea98c9d333507a8f256c939d4c32820705161302d7f9b6dece95787e70,exact_v2.1_reference,aligned_with_safety_augmentation,asd,llm_proposed,literature,evidence_gap,unresolved,false,0
5,2,asd_q048,ncb-scientific-58fd062031fc801e,58fd062031fc801ec995be400539f15fb05609ddaa041a485e24b531f854d19c,58fd062031fc801ec995be400539f15fb05609ddaa041a485e24b531f854d19c,exact_v2.1_reference,aligned_with_safety_augmentation,asd,llm_proposed,literature,evidence_gap,unresolved,false,0
5,2,asd_q049,ncb-scientific-be9238714808b664,be9238714808b66402159f2c45825993dd00eadd147b39f453e2e7e450668e79,be9238714808b66402159f2c45825993dd00eadd147b39f453e2e7e450668e79,exact_v2.1_reference,aligned_with_safety_augmentation,asd,llm_proposed,literature,evidence_gap,unresolved,false,0
5,2,asd_q050,ncb-scientific-206dd8d45a4d9d89,206dd8d45a4d9d891eb2644f5acdf1aeb9a4d894209c6c0c3142e2a74481d2e3,206dd8d45a4d9d891eb2644f5acdf1aeb9a4d894209c6c0c3142e2a74481d2e3,exact_v2.1_reference,aligned_with_safety_augmentation,asd,llm_proposed,literature,evidence_gap,unresolved,false,0
5,2,ad_aging_q027,ncb-scientific-7f4258667f94f44d,7f4258667f94f44d5e73e949aab05c8374dbe1ac010e146956307f30d3201ba2,7f4258667f94f44d5e73e949aab05c8374dbe1ac010e146956307f30d3201ba2,exact_v2.1_reference,aligned_with_safety_augmentation,ad_aging,llm_proposed,literature,evidence_gap,unresolved,false,0
5,2,ad_aging_q028,ncb-scientific-1775e0699f7d950f,1775e0699f7d950fdfe70ffa2494b3427fbca176a2fb9bd01c5bf5329b7dd39e,1775e0699f7d950fdfe70ffa2494b3427fbca176a2fb9bd01c5bf5329b7dd39e,exact_v2.1_reference,aligned_with_safety_augmentation,ad_aging,llm_proposed,literature,evidence_gap,unresolved,true,1
5,2,ad_aging_q029,ncb-scientific-bf6a4a4dabf8357f,bf6a4a4dabf8357f31e6a07ae1504771c332c4ed81929fb895a09609631d5866,bf6a4a4dabf8357f31e6a07ae1504771c332c4ed81929fb895a09609631d5866,exact_v2.1_reference,aligned_with_safety_augmentation,ad_aging,llm_proposed,literature,evidence_gap,unresolved,true,2
5,2,ad_aging_q030,ncb-scientific-75bd3855eddc86c8,75bd3855eddc86c8164fd4b8c788b0d2ff249afef49acbd1c2597bcf3031ee46,75bd3855eddc86c8164fd4b8c788b0d2ff249afef49acbd1c2597bcf3031ee46,exact_v2.1_reference,aligned_with_safety_augmentation,ad_aging,llm_proposed,literature,strict,confirm,true,3
5,2,ad_aging_q032,ncb-scientific-c922885057dbc163,c922885057dbc163bc0da7c09a1f929618f4043b01e964bfbd4ba2d3947e992e,c922885057dbc163bc0da7c09a1f929618f4043b01e964bfbd4ba2d3947e992e,exact_v2.1_reference,aligned_with_safety_augmentation,ad_aging,llm_proposed,literature,evidence_gap,unresolved,true,1
5,2,ad_aging_q034,ncb-scientific-0945ff60b5d68ba8,0945ff60b5d68ba89a298e0d5c7f9a2de1625b057bca524e15324d9708ecf806,0945ff60b5d68ba89a298e0d5c7f9a2de1625b057bca524e15324d9708ecf806,exact_v2.1_reference,aligned_with_safety_augmentation,ad_aging,llm_proposed,literature,evidence_gap,unresolved,true,4
5,2,ad_aging_q035,ncb-scientific-2dcda273dbedc219,2dcda273dbedc219ed9d5d8682aa85ac5f279a5b7efa0b335d1568599836b508,2dcda273dbedc219ed9d5d8682aa85ac5f279a5b7efa0b335d1568599836b508,exact_v2.1_reference,aligned_with_safety_augmentation,ad_aging,llm_proposed,literature,evidence_gap,unresolved,false,0
5,2,ad_aging_q036,ncb-scientific-cc1c11b70cdbc35f,cc1c11b70cdbc35f0fb7b7692822abca760f09315d96cba5c2e0c0d8c07fcfe3,cc1c11b70cdbc35f0fb7b7692822abca760f09315d96cba5c2e0c0d8c07fcfe3,exact_v2.1_reference,aligned_with_safety_augmentation,ad_aging,llm_proposed,literature,evidence_gap,unresolved,false,0
5,2,ad_aging_q037,ncb-scientific-0b054fd85acaa063,0b054fd85acaa06382e368b06e24cb23876d673dda29faac3b690645e449b6d5,0b054fd85acaa06382e368b06e24cb23876d673dda29faac3b690645e449b6d5,exact_v2.1_reference,aligned_with_safety_augmentation,ad_aging,llm_proposed,literature,evidence_gap,unresolved,false,0
5,2,ad_aging_q038,ncb-scientific-1d2a9e0f4f0b8bc3,1d2a9e0f4f0b8bc35fe53e1c18e110f8965f0dbb01897b1aba0cbe4d193e5821,1d2a9e0f4f0b8bc35fe53e1c18e110f8965f0dbb01897b1aba0cbe4d193e5821,exact_v2.1_reference,aligned_with_safety_augmentation,ad_aging,llm_proposed,literature,evidence_gap,unresolved,false,0
5,2,ad_aging_q039,ncb-scientific-a545812912502796,a5458129125027964cfadcefcff0f19c0d3ceed68aede1f9609ffc45247c35e4,a5458129125027964cfadcefcff0f19c0d3ceed68aede1f9609ffc45247c35e4,exact_v2.1_reference,aligned_with_safety_augmentation,ad_aging,llm_proposed,literature,evidence_gap,unresolved,false,0
5,2,ad_aging_q040,ncb-scientific-0b054fd85acaa063,0b054fd85acaa06382e368b06e24cb23876d673dda29faac3b690645e449b6d5,0b054fd85acaa06382e368b06e24cb23876d673dda29faac3b690645e449b6d5,exact_v2.1_reference,aligned_with_safety_augmentation,ad_aging,llm_proposed,literature,evidence_gap,unresolved,false,0
5,2,ad_aging_q041,ncb-scientific-f7956622f7e3eaf8,f7956622f7e3eaf82268d3c6d03184df48ef112532d72822e58c2e3b4eb9abd0,f7956622f7e3eaf82268d3c6d03184df48ef112532d72822e58c2e3b4eb9abd0,exact_v2.1_reference,aligned_with_safety_augmentation,ad_aging,llm_proposed,literature,evidence_gap,unresolved,false,0
5,2,ad_aging_q042,ncb-scientific-24de654ccd87dce2,24de654ccd87dce2402ee3e06841e2aa84bb5b939fe17e0a081e3e3fe8dd97e2,24de654ccd87dce2402ee3e06841e2aa84bb5b939fe17e0a081e3e3fe8dd97e2,exact_v2.1_reference,aligned_with_safety_augmentation,ad_aging,llm_proposed,literature,evidence_gap,unresolved,false,0
5,2,ad_aging_q043,ncb-scientific-f143dbf87a77594f,f143dbf87a77594f45f0c498342b2f4b17215390bf78679a21770bcc782da655,f143dbf87a77594f45f0c498342b2f4b17215390bf78679a21770bcc782da655,exact_v2.1_reference,aligned_with_safety_augmentation,ad_aging,llm_proposed,literature,evidence_gap,unresolved,false,0
5,2,ad_aging_q044,ncb-scientific-0cf9bf17a3cb10a7,0cf9bf17a3cb10a706661b585964be67b5928087882dc93e7b80224dac8a3534,0cf9bf17a3cb10a706661b585964be67b5928087882dc93e7b80224dac8a3534,exact_v2.1_reference,aligned_with_safety_augmentation,ad_aging,llm_proposed,literature,provisional,confirm,false,0
5,2,ad_aging_q045,ncb-scientific-4d6ed37bb9324c72,4d6ed37bb9324c72153b3fa839362f89320d16c7cbd9dd2659db729eb80061bf,4d6ed37bb9324c72153b3fa839362f89320d16c7cbd9dd2659db729eb80061bf,exact_v2.1_reference,aligned_with_safety_augmentation,ad_aging,llm_proposed,literature,evidence_gap,unresolved,false,0
5,2,ad_aging_q046,ncb-scientific-79182620041b5799,79182620041b57998eb9b3eb81cfba653f320fbe529ff0db654dd813626d0e36,79182620041b57998eb9b3eb81cfba653f320fbe529ff0db654dd813626d0e36,exact_v2.1_reference,aligned_with_safety_augmentation,ad_aging,llm_proposed,literature,evidence_gap,unresolved,false,0
5,2,ad_aging_q048,ncb-scientific-a3f4263a0dce56cf,a3f4263a0dce56cf738ebd2d271cf2f786acf25f6ab1432a96784f063e51d349,a3f4263a0dce56cf738ebd2d271cf2f786acf25f6ab1432a96784f063e51d349,exact_v2.1_reference,aligned_with_safety_augmentation,ad_aging,llm_proposed,literature,evidence_gap,unresolved,false,0
5,2,ad_aging_q049,ncb-scientific-24de654ccd87dce2,24de654ccd87dce2402ee3e06841e2aa84bb5b939fe17e0a081e3e3fe8dd97e2,24de654ccd87dce2402ee3e06841e2aa84bb5b939fe17e0a081e3e3fe8dd97e2,exact_v2.1_reference,aligned_with_safety_augmentation,ad_aging,llm_proposed,literature,evidence_gap,unresolved,false,0
5,2,ad_aging_q050,ncb-scientific-693510493058a91a,693510493058a91ac8ead80536de2a54f1331e925b11ad3d69d871fe6c93a395,693510493058a91ac8ead80536de2a54f1331e925b11ad3d69d871fe6c93a395,exact_v2.1_reference,aligned_with_safety_augmentation,ad_aging,llm_proposed,literature,evidence_gap,unresolved,false,0
5,2,psychosis_q001,ncb-scientific-7cb3fe4a5738fae5,7cb3fe4a5738fae59ad565ce7ad320774954e407c9d8edcbc6f05c4bb1287017,7cb3fe4a5738fae59ad565ce7ad320774954e407c9d8edcbc6f05c4bb1287017,exact_v2.1_reference,aligned,psychosis,llm_proposed,literature,evidence_gap,unresolved,false,0
5,2,psychosis_q002,ncb-scientific-266504b3d4e53721,266504b3d4e53721e07a0d77932a5254a3379c3ddf34b0dc44aeea4c4b4cb67d,266504b3d4e53721e07a0d77932a5254a3379c3ddf34b0dc44aeea4c4b4cb67d,exact_v2.1_reference,aligned_with_safety_augmentation,psychosis,llm_proposed,literature,evidence_gap,unresolved,false,0
5,2,psychosis_q003,ncb-scientific-872c426870a43fc0,872c426870a43fc09bee7deefd9487ffedf554184b618cfa1548e9f8d3be8d34,872c426870a43fc09bee7deefd9487ffedf554184b618cfa1548e9f8d3be8d34,exact_v2.1_reference,aligned_with_safety_augmentation,psychosis,llm_proposed,literature,evidence_gap,unresolved,false,0
5,2,psychosis_q004,ncb-scientific-3cd280f660dfbcd4,3cd280f660dfbcd415a0ac5f54af96f2ce8fe1cc897a4a14f869e1ea54467213,3cd280f660dfbcd415a0ac5f54af96f2ce8fe1cc897a4a14f869e1ea54467213,exact_v2.1_reference,aligned_with_safety_augmentation,psychosis,llm_proposed,literature,provisional,confirm,false,0
5,2,psychosis_q005,ncb-scientific-4cedbc48040eac27,4cedbc48040eac27d2eaf9fa5cbc4713fa67c79a232f498107862a2fe7d63e79,4cedbc48040eac27d2eaf9fa5cbc4713fa67c79a232f498107862a2fe7d63e79,exact_v2.1_reference,aligned_with_safety_augmentation,psychosis,llm_proposed,literature,evidence_gap,unresolved,false,0
5,2,psychosis_q006,ncb-scientific-58864dfe748ed623,58864dfe748ed623b1e412e518eb6d075f1280ebe036bb1dc55e56e8a2aca169,58864dfe748ed623b1e412e518eb6d075f1280ebe036bb1dc55e56e8a2aca169,exact_v2.1_reference,aligned_with_safety_augmentation,psychosis,llm_proposed,literature,evidence_gap,unresolved,false,0
5,2,psychosis_q007,ncb-scientific-e5b2412738b16335,e5b2412738b16335f55b1518f3aac394c8cfff48e1b39a9dc0d2b64c2cbb5877,e5b2412738b16335f55b1518f3aac394c8cfff48e1b39a9dc0d2b64c2cbb5877,exact_v2.1_reference,aligned,psychosis,llm_proposed,literature,evidence_gap,unresolved,false,0
5,2,psychosis_q008,ncb-scientific-5e9d9106292eb159,5e9d9106292eb159971d41de9ac66f7064ff9c67b369099bff308886a86ec58b,5e9d9106292eb159971d41de9ac66f7064ff9c67b369099bff308886a86ec58b,exact_v2.1_reference,aligned_with_safety_augmentation,psychosis,llm_proposed,literature,provisional,confirm,false,0
5,2,psychosis_q009,ncb-scientific-8366c91b96faf9a6,8366c91b96faf9a6c9557e9120c312676b6be08466de64a2ea5ecb46f08595dc,8366c91b96faf9a6c9557e9120c312676b6be08466de64a2ea5ecb46f08595dc,exact_v2.1_reference,aligned_with_safety_augmentation,psychosis,llm_proposed,literature,evidence_gap,unresolved,false,0
5,2,psychosis_q010,ncb-scientific-822a9e3fd7a9cc40,822a9e3fd7a9cc40dd56cec27d9df1f4b981c6e08141b1a8a2264fd39544ccfa,822a9e3fd7a9cc40dd56cec27d9df1f4b981c6e08141b1a8a2264fd39544ccfa,exact_v2.1_reference,aligned,psychosis,llm_proposed,literature,evidence_gap,unresolved,false,0
5,2,psychosis_q011,ncb-scientific-d4c0b42a60357a5d,d4c0b42a60357a5d939e12105a02798899968bed182f8471def699471bf39842,d4c0b42a60357a5d939e12105a02798899968bed182f8471def699471bf39842,exact_v2.1_reference,aligned_with_safety_augmentation,psychosis,llm_proposed,literature,evidence_gap,unresolved,false,0
5,2,psychosis_q012,ncb-scientific-6c9d8d248e03fd07,6c9d8d248e03fd072175b3155b829fce548d5dc88bffc0dd63db73a27cc1b1f9,6c9d8d248e03fd072175b3155b829fce548d5dc88bffc0dd63db73a27cc1b1f9,exact_v2.1_reference,aligned,psychosis,llm_proposed,literature,strict,confirm,false,0
5,2,psychosis_q013,ncb-scientific-32c06a5e43e74faa,32c06a5e43e74faa24d16e67accf4262d0369671f06216c693238d120d8f16f9,32c06a5e43e74faa24d16e67accf4262d0369671f06216c693238d120d8f16f9,exact_v2.1_reference,aligned_with_safety_augmentation,psychosis,llm_proposed,literature,evidence_gap,unresolved,false,0
5,2,psychosis_q014,ncb-scientific-f0173ff72ee52b5e,f0173ff72ee52b5e1e878ad93b6ab55443639c37100b7a6ff8546daeb9de844a,f0173ff72ee52b5e1e878ad93b6ab55443639c37100b7a6ff8546daeb9de844a,exact_v2.1_reference,aligned,psychosis,llm_proposed,literature,evidence_gap,unresolved,false,0
5,2,psychosis_q015,ncb-scientific-622e97baf8eece3c,622e97baf8eece3cc6a62615addca82592c24a5eb42cd164d81459a0d041eaab,622e97baf8eece3cc6a62615addca82592c24a5eb42cd164d81459a0d041eaab,exact_v2.1_reference,aligned,psychosis,llm_proposed,literature,evidence_gap,unresolved,false,0
5,2,psychosis_q016,ncb-scientific-9066c4a0d3bc2f9f,9066c4a0d3bc2f9f335adcc9e6fce3653c8c38198faedd03436f1aa34da54b25,9066c4a0d3bc2f9f335adcc9e6fce3653c8c38198faedd03436f1aa34da54b25,exact_v2.1_reference,aligned_with_safety_augmentation,psychosis,llm_proposed,literature,strict,confirm,false,0
5,2,psychosis_q017,ncb-scientific-4bafecc6ed3b9d87,4bafecc6ed3b9d87a26b408fcd1dd48f8e80cc184c6f98eb941ab54c48ad2031,4bafecc6ed3b9d87a26b408fcd1dd48f8e80cc184c6f98eb941ab54c48ad2031,exact_v2.1_reference,aligned,psychosis,llm_proposed,literature,evidence_gap,unresolved,false,0
5,2,psychosis_q018,ncb-scientific-6aa47e3b129ad9fb,6aa47e3b129ad9fb3b897f8e59d71e00f8f3abe34d5515c19a65bf8a5c880e1a,6aa47e3b129ad9fb3b897f8e59d71e00f8f3abe34d5515c19a65bf8a5c880e1a,exact_v2.1_reference,aligned_with_safety_augmentation,psychosis,llm_proposed,literature,evidence_gap,unresolved,true,4
5,2,psychosis_q019,ncb-scientific-047feb6835500e20,047feb6835500e20fce6c8866aa5f4319884079d3ece961fffa1950d3f67649b,047feb6835500e20fce6c8866aa5f4319884079d3ece961fffa1950d3f67649b,exact_v2.1_reference,aligned_with_safety_augmentation,psychosis,llm_proposed,literature,evidence_gap,unresolved,true,2
5,2,psychosis_q021,ncb-scientific-675abad09b88a363,675abad09b88a3632ae7d7ac4e199a4a0e5c99415e8c1ac16c601d7e16a98f35,675abad09b88a3632ae7d7ac4e199a4a0e5c99415e8c1ac16c601d7e16a98f35,exact_v2.1_reference,aligned_with_safety_augmentation,psychosis,llm_proposed,literature,evidence_gap,unresolved,false,0
5,2,psychosis_q022,ncb-scientific-49fd02560669f081,49fd02560669f081865a60b8024eb81ebb6dc5834a87820f119def66b35fa233,49fd02560669f081865a60b8024eb81ebb6dc5834a87820f119def66b35fa233,exact_v2.1_reference,aligned,psychosis,llm_proposed,literature,evidence_gap,unresolved,true,2
5,2,psychosis_q023,ncb-scientific-3942bdaedf8efb2a,3942bdaedf8efb2afecb3c2c12045c0014df9f189b66d0de08e09298d10c22ae,3942bdaedf8efb2afecb3c2c12045c0014df9f189b66d0de08e09298d10c22ae,exact_v2.1_reference,aligned_with_safety_augmentation,psychosis,llm_proposed,literature,evidence_gap,unresolved,true,1
5,2,psychosis_q024,ncb-scientific-9181e305d0e360a5,9181e305d0e360a5d17ec43febd9d32a46fc572a1fa87ab8680c7b4cb79abe90,9181e305d0e360a5d17ec43febd9d32a46fc572a1fa87ab8680c7b4cb79abe90,exact_v2.1_reference,aligned_with_safety_augmentation,psychosis,llm_proposed,literature,evidence_gap,unresolved,false,0
5,2,psychosis_q025,ncb-scientific-4ffc0faff41b9d25,4ffc0faff41b9d251ae15c86a5646175e1972970df38a88ccfac126ba34f43b9,4ffc0faff41b9d251ae15c86a5646175e1972970df38a88ccfac126ba34f43b9,exact_v2.1_reference,aligned,psychosis,llm_proposed,literature,evidence_gap,unresolved,false,0
5,2,psychosis_q026,ncb-scientific-e43def8c3b8cb4e9,e43def8c3b8cb4e9401abd45c8e585ca3fb7555ed77364cdacf981560d643998,e43def8c3b8cb4e9401abd45c8e585ca3fb7555ed77364cdacf981560d643998,exact_v2.1_reference,aligned_with_safety_augmentation,psychosis,llm_proposed,literature,evidence_gap,unresolved,false,0
5,2,psychosis_q027,ncb-scientific-9eaf2a23ddb73ea3,9eaf2a23ddb73ea3b9ad8419cc764b871d15a798fea17ac3a71821704466415e,9eaf2a23ddb73ea3b9ad8419cc764b871d15a798fea17ac3a71821704466415e,exact_v2.1_reference,aligned_with_safety_augmentation,psychosis,llm_proposed,literature,provisional,abstain,false,0
5,2,psychosis_q028,ncb-scientific-6130b7ec9d114c16,6130b7ec9d114c162d53c779a173cc930024074dfc2f729afa0cd4fc7c5e3827,6130b7ec9d114c162d53c779a173cc930024074dfc2f729afa0cd4fc7c5e3827,exact_v2.1_reference,aligned,psychosis,llm_proposed,literature,strict,confirm,false,0
5,2,psychosis_q029,ncb-scientific-561d93190dd22ced,561d93190dd22ced60f31e0fd38e0faf5c987fc53b8acf69c6396133d316d230,561d93190dd22ced60f31e0fd38e0faf5c987fc53b8acf69c6396133d316d230,exact_v2.1_reference,aligned_with_safety_augmentation,psychosis,llm_proposed,literature,evidence_gap,unresolved,false,0
5,2,psychosis_q030,ncb-scientific-23a83dcb8dd0287e,23a83dcb8dd0287e82e81be378cb004bce79a5325cd73ba2c55edfee8113d52d,23a83dcb8dd0287e82e81be378cb004bce79a5325cd73ba2c55edfee8113d52d,exact_v2.1_reference,aligned,psychosis,llm_proposed,literature,evidence_gap,unresolved,false,0
5,2,psychosis_q031,ncb-scientific-611e67de29172a34,611e67de29172a34127865843ed7fbb0a3c674cbea476eacda530d3d8c5a9abf,611e67de29172a34127865843ed7fbb0a3c674cbea476eacda530d3d8c5a9abf,exact_v2.1_reference,aligned_with_safety_augmentation,psychosis,llm_proposed,literature,evidence_gap,unresolved,false,0
5,2,psychosis_q032,ncb-scientific-740708798029c58d,740708798029c58d4d6385bc24deca50249908931c23e35c50e771c1555ef475,740708798029c58d4d6385bc24deca50249908931c23e35c50e771c1555ef475,exact_v2.1_reference,aligned_with_safety_augmentation,psychosis,llm_proposed,literature,strict,confirm,false,0
5,2,psychosis_q033,ncb-scientific-23b8d8c0265298fd,23b8d8c0265298fd242715da197614417003ea5efbb70bf6b292cb27ea990f0d,23b8d8c0265298fd242715da197614417003ea5efbb70bf6b292cb27ea990f0d,exact_v2.1_reference,aligned,psychosis,llm_proposed,literature,evidence_gap,unresolved,false,0
5,2,psychosis_q034,ncb-scientific-548d362dc2682286,548d362dc26822867e373f356852faa0ed9fa00f1757c8e4486a1d240506e03e,548d362dc26822867e373f356852faa0ed9fa00f1757c8e4486a1d240506e03e,exact_v2.1_reference,aligned,psychosis,llm_proposed,literature,evidence_gap,unresolved,false,0
5,2,psychosis_q035,ncb-scientific-66560a7fd0e34141,66560a7fd0e34141ba219136468ed4d54ee064cfff748f6d27aa451fbfd80069,66560a7fd0e34141ba219136468ed4d54ee064cfff748f6d27aa451fbfd80069,exact_v2.1_reference,aligned,psychosis,llm_proposed,literature,provisional,abstain,false,0
5,2,psychosis_q036,ncb-scientific-e313edffc6da7a07,e313edffc6da7a074c42d69ed32da20e4642325dccd086815d410b2e3f7babb3,e313edffc6da7a074c42d69ed32da20e4642325dccd086815d410b2e3f7babb3,exact_v2.1_reference,aligned,psychosis,llm_proposed,literature,evidence_gap,unresolved,false,0
5,2,psychosis_q037,ncb-scientific-3b7b2226aa3bb7ce,3b7b2226aa3bb7ce109fe00563be869699e1fef55876cce35355c6941ea873fd,3b7b2226aa3bb7ce109fe00563be869699e1fef55876cce35355c6941ea873fd,exact_v2.1_reference,aligned,psychosis,llm_proposed,literature,evidence_gap,unresolved,false,0
5,2,psychosis_q038,ncb-scientific-51f69ecdfc1f24b2,51f69ecdfc1f24b277984e6877bcaf2b948d82427c5f75a82b8d082ad218f263,51f69ecdfc1f24b277984e6877bcaf2b948d82427c5f75a82b8d082ad218f263,pre_v2_contract_only,ambiguous_unresolved,psychosis,llm_proposed,,,,false,0
5,2,psychosis_q039,ncb-scientific-d0535a6cab6d913b,d0535a6cab6d913b7aae20a3c6e47c1d8b5c21a56abd87a6f45877adf81829e0,d0535a6cab6d913b7aae20a3c6e47c1d8b5c21a56abd87a6f45877adf81829e0,exact_v2.1_reference,aligned,psychosis,llm_proposed,literature,provisional,confirm,false,0
5,2,psychosis_q040,ncb-scientific-80318de11aee33ca,80318de11aee33cafcafc23b40e6d185a412151c5603277794147b1d572df23d,80318de11aee33cafcafc23b40e6d185a412151c5603277794147b1d572df23d,exact_v2.1_reference,aligned,psychosis,llm_proposed,literature,evidence_gap,unresolved,false,0
5,2,psychosis_q042,ncb-scientific-70527a90423a8295,70527a90423a8295ebeae835b0a95e8bc634a4d1611424dbdb775935515a8516,70527a90423a8295ebeae835b0a95e8bc634a4d1611424dbdb775935515a8516,exact_v2.1_reference,aligned,psychosis,llm_proposed,literature,evidence_gap,unresolved,true,4
5,2,psychosis_q043,ncb-scientific-41408a5127ecaa01,41408a5127ecaa01bb16f33bb137977cb589300803b75207c17804f34de42e00,41408a5127ecaa01bb16f33bb137977cb589300803b75207c17804f34de42e00,exact_v2.1_reference,aligned,psychosis,llm_proposed,literature,provisional,abstain,true,3
5,2,psychosis_q045,ncb-scientific-81e24d3b130902a4,81e24d3b130902a46cd52114a0894c5d3052a400c072cda182917e5eb6728851,81e24d3b130902a46cd52114a0894c5d3052a400c072cda182917e5eb6728851,exact_v2.1_reference,aligned,psychosis,llm_proposed,literature,evidence_gap,unresolved,false,0
5,2,psychosis_q046,ncb-scientific-172d75bcc17dcce9,172d75bcc17dcce9c2a8cde3b446b4521935e40d9bee3691b4d574e1b426012d,172d75bcc17dcce9c2a8cde3b446b4521935e40d9bee3691b4d574e1b426012d,exact_v2.1_reference,aligned,psychosis,llm_proposed,literature,evidence_gap,unresolved,false,0
5,2,psychosis_q047,ncb-scientific-58a996a383e72e5b,58a996a383e72e5b79cc802cd41cc61d146ef74faab2650d92112acd832924d8,58a996a383e72e5b79cc802cd41cc61d146ef74faab2650d92112acd832924d8,exact_v2.1_reference,aligned,psychosis,llm_proposed,literature,provisional,confirm,true,1
5,2,psychosis_q048,ncb-scientific-ed8eabb252714493,ed8eabb252714493617a23875b640f41f1af8d9b8826cdbb8845c317adcbc72f,ed8eabb252714493617a23875b640f41f1af8d9b8826cdbb8845c317adcbc72f,exact_v2.1_reference,aligned,psychosis,llm_proposed,literature,evidence_gap,unresolved,false,0
5,2,psychosis_q049,ncb-scientific-a1da46d7f5fa792d,a1da46d7f5fa792d06b40ef905be2163aa10371959c82a12774363e09e80a844,a1da46d7f5fa792d06b40ef905be2163aa10371959c82a12774363e09e80a844,exact_v2.1_reference,aligned_with_safety_augmentation,psychosis,llm_proposed,literature,evidence_gap,unresolved,false,0
5,2,psychosis_q050,ncb-scientific-55b455d152ed1390,55b455d152ed1390382cc96bd36b995f3d6549c65d1710583265325ae547aabe,55b455d152ed1390382cc96bd36b995f3d6549c65d1710583265325ae547aabe,exact_v2.1_reference,aligned,psychosis,llm_proposed,literature,evidence_gap,unresolved,false,0
5,5,pubmed_23333262_pmid23333262_rsfc_aging_1,ncb-scientific-9c418256797d0a86,9c418256797d0a86064d970a3e88ff8457d32310776b1a8297e66c8a796c3e35,9c418256797d0a86064d970a3e88ff8457d32310776b1a8297e66c8a796c3e35,exact_v2.1_reference,aligned,normative_fmri,literature_grounded,literature,evidence_gap,unresolved,false,0
5,5,pubmed_39856610_pmid39856610_1,ncb-scientific-f7c3e84a1cb3480d,f7c3e84a1cb3480df741174bb0e279d66de6682c8fed7217cb12a501ce7abb09,f7c3e84a1cb3480df741174bb0e279d66de6682c8fed7217cb12a501ce7abb09,pre_v2_contract_only,ambiguous_unresolved,adhd,literature_grounded,,,,false,0
5,5,pubmed_35583796_pmid35583796_rsfc_dmn_within,ncb-scientific-9306eed5ac12c7af,9306eed5ac12c7afb5d6c7513192e5e650af6d2ccd09172f90bd0be83b95b662,9306eed5ac12c7afb5d6c7513192e5e650af6d2ccd09172f90bd0be83b95b662,exact_v2.1_reference,aligned,adhd,literature_grounded,literature,provisional,abstain,false,0
5,5,pubmed_35583796_pmid35583796_rsfc_dmn_control_salience,ncb-scientific-060910c2dae3c7c0,060910c2dae3c7c0bc483bb7456953e7717bc55f016c82a246c15256e99ca483,060910c2dae3c7c0bc483bb7456953e7717bc55f016c82a246c15256e99ca483,exact_v2.1_reference,aligned,adhd,literature_grounded,literature,provisional,abstain,false,0
5,5,pubmed_36403658_pmid36403658_adhd_dmn_fc,ncb-scientific-bace4c130b60ece5,bace4c130b60ece50157fd3d6ec0b0e4244cf860559cbcb48aa4a9e499ab497d,bace4c130b60ece50157fd3d6ec0b0e4244cf860559cbcb48aa4a9e499ab497d,pre_v2_contract_only,ambiguous_unresolved,adhd,literature_grounded,,,,false,0
5,5,pubmed_36403658_pmid36403658_adhd_fc_classifier,ncb-scientific-ce9b34e85b1510c7,ce9b34e85b1510c7cdb61caab47224a564c4d18a9d89c72c6952a58e8ed87491,ce9b34e85b1510c7cdb61caab47224a564c4d18a9d89c72c6952a58e8ed87491,pre_v2_contract_only,ambiguous_unresolved,adhd,literature_grounded,,,,false,0
5,5,pubmed_35359026_35359026_1,ncb-scientific-f3636d57e59fc807,f3636d57e59fc80720979dd8e617af6796721000006447ea84631b5fed881c38,f3636d57e59fc80720979dd8e617af6796721000006447ea84631b5fed881c38,exact_v2.1_reference,aligned,adhd,literature_grounded,literature,evidence_gap,unresolved,false,0
5,5,pubmed_34280835_pmid34280835_adhd_smn-fc_01,ncb-scientific-4bec8588ceb4224d,4bec8588ceb4224ddd1ba5d8630aca64bbe57f5c572153bf88b8b92a099e90a4,4bec8588ceb4224ddd1ba5d8630aca64bbe57f5c572153bf88b8b92a099e90a4,exact_v2.1_reference,aligned,adhd,literature_grounded,literature,evidence_gap,unresolved,false,0
5,5,pubmed_31265198_pmid31265198_fc_adhd_vs_tdc,ncb-scientific-c8acae9508ef35fd,c8acae9508ef35fd71e17be422a96ff94cda16d53561647f67cc34bf3fb5e2dc,c8acae9508ef35fd71e17be422a96ff94cda16d53561647f67cc34bf3fb5e2dc,exact_v2.1_reference,aligned,adhd,literature_grounded,literature,provisional,abstain,false,0
5,5,pubmed_35338900_pmid35338900_age_fcsc,ncb-scientific-5640b53a2dfaa1b8,5640b53a2dfaa1b884c99a06c8c8897d97d1155e8f60cc54e4822588eef8e5bc,5640b53a2dfaa1b884c99a06c8c8897d97d1155e8f60cc54e4822588eef8e5bc,pre_v2_contract_only,ambiguous_unresolved,adhd,literature_grounded,,,,false,0
5,5,pubmed_35338900_pmid35338900_boysadhd_limbicdmn,ncb-scientific-de1363fa0a54a318,de1363fa0a54a31857453e1dd873734715696b750931e1ee29d64fb8103b2e58,de1363fa0a54a31857453e1dd873734715696b750931e1ee29d64fb8103b2e58,exact_v2.1_reference,aligned,adhd,literature_grounded,literature,evidence_gap,unresolved,false,0
5,5,pubmed_37121277_pmid37121277_reho_cluster1_vs_td,ncb-scientific-e59b8563fe5abace,e59b8563fe5abace75c175eff2d6c6bc371d7aa0b5053b5fc34317818314bff5,e59b8563fe5abace75c175eff2d6c6bc371d7aa0b5053b5fc34317818314bff5,pre_v2_contract_only,ambiguous_unresolved,asd,literature_grounded,,,,false,0
5,5,pubmed_37121277_pmid37121277_vmhc_cluster1_vs_td,ncb-scientific-f41a8c5978b01125,f41a8c5978b01125b76c9d2800b0f2317936ed7c14759937a1ed14428bc25897,f41a8c5978b01125b76c9d2800b0f2317936ed7c14759937a1ed14428bc25897,pre_v2_contract_only,ambiguous_unresolved,asd,literature_grounded,,,,false,0
5,5,pubmed_37121277_pmid37121277_mccfc_cluster2_vs_td,ncb-scientific-c98428886dd0f1d9,c98428886dd0f1d91c3a75d885826b5fb7726225297f515afa05718599e2996d,c98428886dd0f1d91c3a75d885826b5fb7726225297f515afa05718599e2996d,pre_v2_contract_only,ambiguous_unresolved,asd,literature_grounded,,,,false,0
5,5,pubmed_42141307_pmid42141307_asd_fmri_fc_casecontrol_mixed,ncb-scientific-4f6f45a81e8e3370,4f6f45a81e8e337049763733e2b9871efc22c4d9fc5f5f6d4ccf920cb8a023d6,4f6f45a81e8e337049763733e2b9871efc22c4d9fc5f5f6d4ccf920cb8a023d6,exact_v2.1_reference,aligned,asd,literature_grounded,literature,strict,confirm,false,0
5,5,pubmed_34264028_34264028-1,ncb-scientific-7ab10eca62cc6fc7,7ab10eca62cc6fc7aac3fc6c5d935bbe58e90be3a4850b9956b9d4bb8758e45f,7ab10eca62cc6fc7aac3fc6c5d935bbe58e90be3a4850b9956b9d4bb8758e45f,pre_v2_contract_only,ambiguous_unresolved,asd,literature_grounded,,,,false,0
5,5,pubmed_37741308_pmid37741308_asd_fc_groupdiff,ncb-scientific-55457edaa703fbe4,55457edaa703fbe4b0e3548c6732e7f7dc35b0535beed7336e617f077b9a8172,55457edaa703fbe4b0e3548c6732e7f7dc35b0535beed7336e617f077b9a8172,exact_v2.1_reference,aligned,asd,literature_grounded,literature,evidence_gap,unresolved,false,0
5,5,pubmed_28040544_pmid28040544_asd_fc_kea_corticalnetworks,ncb-scientific-cb86d4103ebb0e0c,cb86d4103ebb0e0cfb84aeae03b006b1b9f5e196a73b165f42e271c167d1f8d0,cb86d4103ebb0e0cfb84aeae03b006b1b9f5e196a73b165f42e271c167d1f8d0,exact_v2.1_reference,aligned,asd,literature_grounded,literature,provisional,confirm,false,0
5,5,pubmed_28040544_pmid28040544_asd_fc_selffacetom,ncb-scientific-08c6866776e43268,08c6866776e432686055fe502dc79eaebce0f6916de3c9ca15c72b7849a8070b,08c6866776e432686055fe502dc79eaebce0f6916de3c9ca15c72b7849a8070b,exact_v2.1_reference,aligned,asd,literature_grounded,literature,provisional,confirm,false,0
5,5,pubmed_30833582_pmid30833582_asd_stepwise_connectivity,ncb-scientific-88422a822641e7cd,88422a822641e7cdcba6f457a4fa41387a32f9f3a60e08260ef9b6a18e716ada,88422a822641e7cdcba6f457a4fa41387a32f9f3a60e08260ef9b6a18e716ada,exact_v2.1_reference,aligned,asd,literature_grounded,literature,strict,confirm,false,0
5,5,pubmed_1431963_pmid1431963_mta_ad_vs_controls,ncb-scientific-e2c8b315d5871123,e2c8b315d58711232df3fb244f289b13f1a98c97f3043bbed5db37f77d0fac0a,e2c8b315d58711232df3fb244f289b13f1a98c97f3043bbed5db37f77d0fac0a,exact_v2.1_reference,aligned,ad_aging,literature_grounded,literature,strict,confirm,true,10
5,5,pubmed_21729419_pmid21729419_2,ncb-scientific-e2c8b315d5871123,e2c8b315d58711232df3fb244f289b13f1a98c97f3043bbed5db37f77d0fac0a,e2c8b315d58711232df3fb244f289b13f1a98c97f3043bbed5db37f77d0fac0a,exact_v2.1_reference,aligned,ad_aging,literature_grounded,literature,strict,confirm,true,9
5,5,pubmed_31313441_31313441-psychosis-rsfc-casecontrol,ncb-scientific-1c4bb13eab05e379,1c4bb13eab05e37903f684a6f8836eb4046bdfd60c0337e4be303461922306ff,1c4bb13eab05e37903f684a6f8836eb4046bdfd60c0337e4be303461922306ff,exact_v2.1_reference,aligned,psychosis,literature_grounded,literature,strict,confirm,false,0
5,5,pubmed_29653095_29653095-psychosis-fc-01,ncb-scientific-c671d3de1b2734cb,c671d3de1b2734cb8e64ccc55fdd15ea4118e551d604845c6f756f7b71f7ba43,c671d3de1b2734cb8e64ccc55fdd15ea4118e551d604845c6f756f7b71f7ba43,exact_v2.1_reference,aligned,psychosis,literature_grounded,literature,provisional,confirm,false,0
5,5,pubmed_29653095_29653095-psychosis-fc-02,ncb-scientific-b336c91ebd2e082c,b336c91ebd2e082c670facfa74d1a9ee136e61e29d1305f2d91cecac8b77f04c,b336c91ebd2e082c670facfa74d1a9ee136e61e29d1305f2d91cecac8b77f04c,pre_v2_contract_only,ambiguous_unresolved,psychosis,literature_grounded,,,,false,0
5,5,pubmed_35753120_pmid35753120_1,ncb-scientific-5d5fd40a49dbf782,5d5fd40a49dbf782645572714c9237709a98147ddd0551217a75c6523f448980,5d5fd40a49dbf782645572714c9237709a98147ddd0551217a75c6523f448980,pre_v2_contract_only,ambiguous_unresolved,psychosis,literature_grounded,,,,false,0
5,5,pubmed_34183210_pmid34183210_1,ncb-scientific-c1112f228bb27f06,c1112f228bb27f06f18f32376d89a4b816fcc7df2f53487617d65faedc726ef5,c1112f228bb27f06f18f32376d89a4b816fcc7df2f53487617d65faedc726ef5,pre_v2_contract_only,ambiguous_unresolved,psychosis,literature_grounded,,,,false,0
5,5,pubmed_34183210_pmid34183210_3,ncb-scientific-67542fa55426a130,67542fa55426a13052157d88d588a5334147c1872c82514b9edcf4651c8ca7b7,67542fa55426a13052157d88d588a5334147c1872c82514b9edcf4651c8ca7b7,pre_v2_contract_only,ambiguous_unresolved,psychosis,literature_grounded,,,,false,0
5,5,pubmed_38422833_pmid38422833_cortical_fnc,ncb-scientific-09903e42ed156c26,09903e42ed156c2690cdbe27471b1d9877a5a23f33b016ead3e1b12870fef1fc,09903e42ed156c2690cdbe27471b1d9877a5a23f33b016ead3e1b12870fef1fc,exact_v2.1_reference,aligned,psychosis,literature_grounded,literature,strict,confirm,false,0
5,5,normative_fmri_001,ncb-scientific-6f07b924f78e762d,6f07b924f78e762dbb04192421df62ac5dd24835b8e50993a3f5c2cdf333e66c,6f07b924f78e762dbb04192421df62ac5dd24835b8e50993a3f5c2cdf333e66c,exact_v2.1_reference,aligned_with_safety_augmentation,normative_fmri,llm_proposed,literature,provisional,confirm,true,10
5,5,normative_fmri_002,ncb-scientific-a1bf69b8f56d46c9,a1bf69b8f56d46c996f93349f5201c8b628f7dd5753a9899ff61c78ed977e658,a1bf69b8f56d46c996f93349f5201c8b628f7dd5753a9899ff61c78ed977e658,exact_v2.1_reference,aligned_with_safety_augmentation,normative_fmri,llm_proposed,literature,evidence_gap,unresolved,true,3
5,5,normative_fmri_003,ncb-scientific-dc6371e72c01cdcd,dc6371e72c01cdcd2e2e176efc8496ba66d5715ea1c8da75ab66be1c67032e07,dc6371e72c01cdcd2e2e176efc8496ba66d5715ea1c8da75ab66be1c67032e07,exact_v2.1_reference,aligned_with_safety_augmentation,normative_fmri,llm_proposed,literature,evidence_gap,unresolved,false,0
5,5,normative_fmri_006,ncb-scientific-42b2c11ed186c2c9,42b2c11ed186c2c9d794dfd42e14b54cf31afc8d70f2f8c136913760977724fb,42b2c11ed186c2c9d794dfd42e14b54cf31afc8d70f2f8c136913760977724fb,exact_v2.1_reference,aligned_with_safety_augmentation,normative_fmri,llm_proposed,literature,evidence_gap,unresolved,true,4
5,5,normative_fmri_007,ncb-scientific-a9e0ba33a876abc0,a9e0ba33a876abc0fa6cbc657ebbfa5b3516bdf998288dcb9ea497f1dd12cfda,a9e0ba33a876abc0fa6cbc657ebbfa5b3516bdf998288dcb9ea497f1dd12cfda,exact_v2.1_reference,aligned_with_safety_augmentation,normative_fmri,llm_proposed,literature,evidence_gap,unresolved,true,13
5,5,normative_fmri_009,ncb-scientific-e7c94f56c83e0651,e7c94f56c83e06518cfb23793f51ccaf963a39435caaaca93bcd7d7166f65091,e7c94f56c83e06518cfb23793f51ccaf963a39435caaaca93bcd7d7166f65091,exact_v2.1_reference,aligned_with_safety_augmentation,normative_fmri,llm_proposed,literature,evidence_gap,unresolved,true,2
5,5,normative_fmri_013,ncb-scientific-8482b5c202e5e323,8482b5c202e5e3235de8c6063dda4b78550e3f9e00df27d431e2d1f0d720b4aa,8482b5c202e5e3235de8c6063dda4b78550e3f9e00df27d431e2d1f0d720b4aa,exact_v2.1_reference,aligned_with_safety_augmentation,normative_fmri,llm_proposed,literature,evidence_gap,unresolved,false,0
5,5,normative_fmri_014,ncb-scientific-43b88d75579673af,43b88d75579673af885b371f0652ded9c324f9b8bf3da288fe57fd77b533156d,43b88d75579673af885b371f0652ded9c324f9b8bf3da288fe57fd77b533156d,exact_v2.1_reference,aligned_with_safety_augmentation,normative_fmri,llm_proposed,literature,evidence_gap,unresolved,false,0
5,5,normative_fmri_015,ncb-scientific-e1c33335981addda,e1c33335981addda2599fe24aa86c62ac3f0c9a159ee7345d23c83e540683619,e1c33335981addda2599fe24aa86c62ac3f0c9a159ee7345d23c83e540683619,exact_v2.1_reference,aligned_with_safety_augmentation,normative_fmri,llm_proposed,literature,evidence_gap,unresolved,false,0
5,5,normative_fmri_016,ncb-scientific-7c173adc5485d7ce,7c173adc5485d7ce2f944c400dd42b6053d003a6972c57de7cbc05bac07157ce,7c173adc5485d7ce2f944c400dd42b6053d003a6972c57de7cbc05bac07157ce,exact_v2.1_reference,aligned_with_safety_augmentation,normative_fmri,llm_proposed,literature,evidence_gap,unresolved,false,0
5,5,normative_fmri_017,ncb-scientific-e9887ba0003df877,e9887ba0003df8779438a68d1005ebb55b6bb49af3d222c23f2ed43541800f4c,e9887ba0003df8779438a68d1005ebb55b6bb49af3d222c23f2ed43541800f4c,exact_v2.1_reference,aligned_with_safety_augmentation,normative_fmri,llm_proposed,literature,evidence_gap,unresolved,false,0
5,5,normative_fmri_021,ncb-scientific-f84fe6980294c120,f84fe6980294c120bccc3de4d0ceb634edd5c41e1166cc53760b2275e4bae482,f84fe6980294c120bccc3de4d0ceb634edd5c41e1166cc53760b2275e4bae482,exact_v2.1_reference,aligned_with_safety_augmentation,normative_fmri,llm_proposed,literature,evidence_gap,unresolved,false,0
5,5,normative_fmri_022,ncb-scientific-704522685c487d81,704522685c487d817c358b1648972cf4b93110fe504eef340f7662e1605fe2af,704522685c487d817c358b1648972cf4b93110fe504eef340f7662e1605fe2af,exact_v2.1_reference,aligned_with_safety_augmentation,normative_fmri,llm_proposed,literature,evidence_gap,unresolved,false,0
5,5,normative_fmri_023,ncb-scientific-05c17620b6ff0817,05c17620b6ff0817912306ae784d68f40f43538421d7a77238304c5941523117,05c17620b6ff0817912306ae784d68f40f43538421d7a77238304c5941523117,exact_v2.1_reference,aligned_with_safety_augmentation,normative_fmri,llm_proposed,literature,evidence_gap,unresolved,false,0
5,5,normative_fmri_025,ncb-scientific-ee627d7a5d823df0,ee627d7a5d823df05e627bdf39c5c62a61d74c6453f8c490dc39a233a4ecf6a1,ee627d7a5d823df05e627bdf39c5c62a61d74c6453f8c490dc39a233a4ecf6a1,exact_v2.1_reference,aligned_with_safety_augmentation,normative_fmri,llm_proposed,literature,evidence_gap,unresolved,false,0
5,5,normative_fmri_026,ncb-scientific-cb339bf30281cede,cb339bf30281cedea3769b3c8ba3c0199ad8889c6569c72e5720af2c4c1b226d,cb339bf30281cedea3769b3c8ba3c0199ad8889c6569c72e5720af2c4c1b226d,exact_v2.1_reference,aligned_with_safety_augmentation,normative_fmri,llm_proposed,literature,evidence_gap,unresolved,false,0
5,5,normative_fmri_027,ncb-scientific-a427d5471566b2cf,a427d5471566b2cf475103489cde2f05ea57bbab09ea9cdd585ccf3a09b6dc00,a427d5471566b2cf475103489cde2f05ea57bbab09ea9cdd585ccf3a09b6dc00,exact_v2.1_reference,aligned_with_safety_augmentation,normative_fmri,llm_proposed,literature,evidence_gap,unresolved,false,0
5,5,normative_fmri_028,ncb-scientific-2a5d5bc83ab86134,2a5d5bc83ab8613499aab2ac0e974ec72a4dd0f1099d99320ee8a8e449b683b6,2a5d5bc83ab8613499aab2ac0e974ec72a4dd0f1099d99320ee8a8e449b683b6,exact_v2.1_reference,aligned_with_safety_augmentation,normative_fmri,llm_proposed,literature,evidence_gap,unresolved,false,0
5,5,normative_fmri_031,ncb-scientific-c9246d08669f6265,c9246d08669f6265e26d6a274208eaff54a2c585d734065f5cd7d4289f86a6ed,c9246d08669f6265e26d6a274208eaff54a2c585d734065f5cd7d4289f86a6ed,exact_v2.1_reference,aligned_with_safety_augmentation,normative_fmri,llm_proposed,literature,evidence_gap,unresolved,false,0
5,5,normative_fmri_032,ncb-scientific-0fba59d9c8075ce0,0fba59d9c8075ce0e6445699e130455b749c5802904fc65688809203764277dd,0fba59d9c8075ce0e6445699e130455b749c5802904fc65688809203764277dd,exact_v2.1_reference,aligned_with_safety_augmentation,normative_fmri,llm_proposed,literature,evidence_gap,unresolved,false,0
5,5,normative_fmri_033,ncb-scientific-c1b8f2bee08cd388,c1b8f2bee08cd3885ae393bad4189abe4f6f306525a43073ef666674c49e6e5a,c1b8f2bee08cd3885ae393bad4189abe4f6f306525a43073ef666674c49e6e5a,exact_v2.1_reference,aligned_with_safety_augmentation,normative_fmri,llm_proposed,literature,evidence_gap,unresolved,false,0
5,5,normative_fmri_034,ncb-scientific-eafa675a2857a0cb,eafa675a2857a0cb78b9514e4388964a9404eeef0cb89fc7b7b10da646cce92b,eafa675a2857a0cb78b9514e4388964a9404eeef0cb89fc7b7b10da646cce92b,exact_v2.1_reference,aligned_with_safety_augmentation,normative_fmri,llm_proposed,literature,evidence_gap,unresolved,false,0
5,5,normative_fmri_035,ncb-scientific-65466f9b282b22be,65466f9b282b22be1e717ceaf51a11a1383878fa6f0987faf8a0e2a126ffa737,65466f9b282b22be1e717ceaf51a11a1383878fa6f0987faf8a0e2a126ffa737,exact_v2.1_reference,aligned_with_safety_augmentation,normative_fmri,llm_proposed,literature,evidence_gap,unresolved,false,0
5,5,normative_fmri_036,ncb-scientific-d6cbeb536d2b0163,d6cbeb536d2b01632b3c753bd865bcb7f96749ca7f83705faf307f82a8ceda07,d6cbeb536d2b01632b3c753bd865bcb7f96749ca7f83705faf307f82a8ceda07,exact_v2.1_reference,aligned_with_safety_augmentation,normative_fmri,llm_proposed,literature,evidence_gap,unresolved,false,0
5,5,normative_fmri_038,ncb-scientific-06e24b7117348843,06e24b71173488433aa6f5a40a6db8bea7b0468cbafdaa0253d8d8563a1b8453,06e24b71173488433aa6f5a40a6db8bea7b0468cbafdaa0253d8d8563a1b8453,exact_v2.1_reference,aligned_with_safety_augmentation,normative_fmri,llm_proposed,literature,evidence_gap,unresolved,true,12
5,5,normative_fmri_039,ncb-scientific-493d1fd9443c1c35,493d1fd9443c1c35a711b47980ace70d89341606b2d943556f40528ed85ce744,493d1fd9443c1c35a711b47980ace70d89341606b2d943556f40528ed85ce744,exact_v2.1_reference,aligned_with_safety_augmentation,normative_fmri,llm_proposed,literature,evidence_gap,unresolved,true,11
5,5,normative_fmri_040,ncb-scientific-86a81a5f3a28d98c,86a81a5f3a28d98c10f2fd88774a049275a6dd3a56fa4e236ed763a643cae1c7,86a81a5f3a28d98c10f2fd88774a049275a6dd3a56fa4e236ed763a643cae1c7,exact_v2.1_reference,aligned_with_safety_augmentation,normative_fmri,llm_proposed,literature,evidence_gap,unresolved,false,0
5,5,normative_fmri_041,ncb-scientific-ea3fb846fbd7533c,ea3fb846fbd7533c676dd161a54428494426f0c6824d09709a81fa30f338b633,ea3fb846fbd7533c676dd161a54428494426f0c6824d09709a81fa30f338b633,pre_v2_contract_only,ambiguous_unresolved,normative_fmri,llm_proposed,,,,true,3
5,5,normative_fmri_042,ncb-scientific-89c7369d95a29475,89c7369d95a294751cf5c375140d9d130dba267d6c01ae06bb839c019ab703a8,89c7369d95a294751cf5c375140d9d130dba267d6c01ae06bb839c019ab703a8,pre_v2_contract_only,ambiguous_unresolved,normative_fmri,llm_proposed,,,,true,2
5,5,normative_fmri_043,ncb-scientific-9b0372d2c93e148a,9b0372d2c93e148a55d818beea55e176baab43b6cdcbb1cadd346c4698342848,9b0372d2c93e148a55d818beea55e176baab43b6cdcbb1cadd346c4698342848,pre_v2_contract_only,ambiguous_unresolved,normative_fmri,llm_proposed,,,,false,0
5,5,normative_fmri_044,ncb-scientific-adc7daee506cca47,adc7daee506cca470db321582aa77b9cc0e7f2abd527b99d4738e32de92f9075,adc7daee506cca470db321582aa77b9cc0e7f2abd527b99d4738e32de92f9075,pre_v2_contract_only,ambiguous_unresolved,normative_fmri,llm_proposed,,,,false,0
5,5,normative_fmri_047,ncb-scientific-319a1462bfdbc89d,319a1462bfdbc89d930616a30480c076432748e170281465818679f30546de86,319a1462bfdbc89d930616a30480c076432748e170281465818679f30546de86,exact_v2.1_reference,aligned_with_safety_augmentation,normative_fmri,llm_proposed,literature,evidence_gap,unresolved,false,0
5,5,normative_fmri_048,ncb-scientific-0efe8c9435d8ffdf,0efe8c9435d8ffdf5e3a10cd931fb791519373a7a547403b10409137517788bb,0efe8c9435d8ffdf5e3a10cd931fb791519373a7a547403b10409137517788bb,exact_v2.1_reference,aligned_with_safety_augmentation,normative_fmri,llm_proposed,literature,evidence_gap,unresolved,false,0
5,5,normative_fmri_049,ncb-scientific-2a373f053e882288,2a373f053e8822881dab40e7c242d78c2c729156c584d8a69c506f7d761a324d,2a373f053e8822881dab40e7c242d78c2c729156c584d8a69c506f7d761a324d,pre_v2_contract_only,ambiguous_unresolved,normative_fmri,llm_proposed,,,,false,0
5,5,normative_fmri_050,ncb-scientific-faaaeb165e293001,faaaeb165e29300168533c3f46df10bc022f709f42e5ae34a3f8f39f6583b00b,faaaeb165e29300168533c3f46df10bc022f709f42e5ae34a3f8f39f6583b00b,pre_v2_contract_only,ambiguous_unresolved,normative_fmri,llm_proposed,,,,false,0
5,5,adhd_q001,ncb-scientific-9ec4c7f2ec1fad99,9ec4c7f2ec1fad994bbafcb3d8260862dc2d3b5829226c0f0c4ea111889d1c08,9ec4c7f2ec1fad994bbafcb3d8260862dc2d3b5829226c0f0c4ea111889d1c08,exact_v2.1_reference,aligned_with_safety_augmentation,adhd,llm_proposed,literature,evidence_gap,unresolved,false,0
5,5,adhd_q002,ncb-scientific-e655e7f3059cc2a2,e655e7f3059cc2a2fa0bfd47f5738215071ffd1c322d56face875667b06330b8,e655e7f3059cc2a2fa0bfd47f5738215071ffd1c322d56face875667b06330b8,exact_v2.1_reference,aligned_with_safety_augmentation,adhd,llm_proposed,literature,provisional,abstain,false,0
5,5,adhd_q003,ncb-scientific-c8faa8d62af041ef,c8faa8d62af041ef89350be38a83cbeb57d551b518e3e17905b78d1b51c85218,c8faa8d62af041ef89350be38a83cbeb57d551b518e3e17905b78d1b51c85218,exact_v2.1_reference,aligned,adhd,llm_proposed,literature,evidence_gap,unresolved,false,0
5,5,adhd_q004,ncb-scientific-6bedac272110f713,6bedac272110f71307ba214166242c783aaabb9d2c90371d6e25cf14b2258297,6bedac272110f71307ba214166242c783aaabb9d2c90371d6e25cf14b2258297,exact_v2.1_reference,aligned_with_safety_augmentation,adhd,llm_proposed,literature,evidence_gap,unresolved,false,0
5,5,adhd_q005,ncb-scientific-73e0f34188f4c613,73e0f34188f4c613bbaf75216cae99010b0947ca6e64f339d66544a75dcdd5d4,73e0f34188f4c613bbaf75216cae99010b0947ca6e64f339d66544a75dcdd5d4,exact_v2.1_reference,aligned_with_safety_augmentation,adhd,llm_proposed,literature,provisional,confirm,false,0
5,5,adhd_q006,ncb-scientific-2b36f4bbee998e56,2b36f4bbee998e56371c67ff67d3eb58cb82ee7ec32ac324f688db7f55016f64,2b36f4bbee998e56371c67ff67d3eb58cb82ee7ec32ac324f688db7f55016f64,exact_v2.1_reference,aligned,adhd,llm_proposed,literature,evidence_gap,unresolved,false,0
5,5,adhd_q007,ncb-scientific-ccf76ee04722df94,ccf76ee04722df945c7c574a27b2da49fc63bef96e9b9b9f3ee1612f4beb0257,ccf76ee04722df945c7c574a27b2da49fc63bef96e9b9b9f3ee1612f4beb0257,exact_v2.1_reference,aligned_with_safety_augmentation,adhd,llm_proposed,literature,evidence_gap,unresolved,false,0
5,5,adhd_q008,ncb-scientific-8875a7bf33df9519,8875a7bf33df951977e26ecd4ecf5885a3a6e08b889d220be4400f20649c8706,8875a7bf33df951977e26ecd4ecf5885a3a6e08b889d220be4400f20649c8706,exact_v2.1_reference,aligned_with_safety_augmentation,adhd,llm_proposed,literature,evidence_gap,unresolved,false,0
5,5,adhd_q009,ncb-scientific-bdc24737aa23b682,bdc24737aa23b68213ee1a77d82e33597f5039ce548624b69e5675e7b1b02b18,bdc24737aa23b68213ee1a77d82e33597f5039ce548624b69e5675e7b1b02b18,exact_v2.1_reference,aligned_with_safety_augmentation,adhd,llm_proposed,literature,evidence_gap,unresolved,false,0
5,5,adhd_q010,ncb-scientific-5b0717b45335d600,5b0717b45335d600cb9bb3a3365f50480541f74ab04b95723d2b163524b995c2,5b0717b45335d600cb9bb3a3365f50480541f74ab04b95723d2b163524b995c2,exact_v2.1_reference,aligned_with_safety_augmentation,adhd,llm_proposed,literature,evidence_gap,unresolved,false,0
5,5,adhd_q012,ncb-scientific-6560b15c380073ca,6560b15c380073caf1f8bfe84bf2978902d6605bfe8aacd3a4262b47295b8f9f,6560b15c380073caf1f8bfe84bf2978902d6605bfe8aacd3a4262b47295b8f9f,exact_v2.1_reference,aligned_with_safety_augmentation,adhd,llm_proposed,literature,evidence_gap,unresolved,false,0
5,5,adhd_q016,ncb-scientific-bdd01753f9ebb90c,bdd01753f9ebb90c217a505dcc5198d851aee4b3c3450e682d1615f35e5dd44c,bdd01753f9ebb90c217a505dcc5198d851aee4b3c3450e682d1615f35e5dd44c,exact_v2.1_reference,aligned,adhd,llm_proposed,literature,evidence_gap,unresolved,true,3
5,5,adhd_q020,ncb-scientific-afe1f83e3d954a8c,afe1f83e3d954a8cea0ae7eceea167af281c6ea8ddce2bc289e93500d6ac2e54,afe1f83e3d954a8cea0ae7eceea167af281c6ea8ddce2bc289e93500d6ac2e54,exact_v2.1_reference,aligned_with_safety_augmentation,adhd,llm_proposed,literature,provisional,confirm,true,3
5,5,adhd_q022,ncb-scientific-2b20954defb2352a,2b20954defb2352adc7058f253db893e9e15a670abc51dcc80c24098106801e4,2b20954defb2352adc7058f253db893e9e15a670abc51dcc80c24098106801e4,pre_v2_contract_only,non_executable,adhd,llm_proposed,,,,false,0
5,5,adhd_q023,ncb-scientific-7c005de1c12b32a7,7c005de1c12b32a7b7a45e61565deb980582119a1b92e7e4f0083c9e8537a1d0,22e9dad3dc77b808e6883b1259492c9cf8f1bb52d57623e5d3afd28fd4ecd81a,pre_v2_contract_only,repairable_contract,adhd,llm_proposed,,,,false,0
5,5,adhd_q025,ncb-scientific-6c7b0f8ae69a2d50,6c7b0f8ae69a2d5037f71bb7af54369267c1d4746b35ba4b0575665297cfaab0,6c7b0f8ae69a2d5037f71bb7af54369267c1d4746b35ba4b0575665297cfaab0,pre_v2_contract_only,non_executable,adhd,llm_proposed,,,,false,0
5,5,adhd_q029,ncb-scientific-672ab5d3a6c11820,672ab5d3a6c11820c5309d195f4983f50a16b545c77a52895353cabd01a16c41,672ab5d3a6c11820c5309d195f4983f50a16b545c77a52895353cabd01a16c41,exact_v2.1_reference,aligned,adhd,llm_proposed,literature,evidence_gap,unresolved,false,0
5,5,adhd_q030,ncb-scientific-d37402dd791a12dc,d37402dd791a12dc5975c0b5a9fc0994be3d63826bdbf317c431e337efa54f61,d37402dd791a12dc5975c0b5a9fc0994be3d63826bdbf317c431e337efa54f61,exact_v2.1_reference,aligned_with_safety_augmentation,adhd,llm_proposed,literature,evidence_gap,unresolved,false,0
5,5,adhd_q031,ncb-scientific-c64dac21d8591104,c64dac21d8591104aa2912c0fc623cb3df7ae2fad45f89683dcc7f18692dc403,c64dac21d8591104aa2912c0fc623cb3df7ae2fad45f89683dcc7f18692dc403,exact_v2.1_reference,aligned_with_safety_augmentation,adhd,llm_proposed,literature,evidence_gap,unresolved,false,0
5,5,adhd_q032,ncb-scientific-6d7bbb66ca61d088,6d7bbb66ca61d088b1b6677f1693112e85a9ec6c6c0e8c82beb93a4244532157,6d7bbb66ca61d088b1b6677f1693112e85a9ec6c6c0e8c82beb93a4244532157,exact_v2.1_reference,aligned_with_safety_augmentation,adhd,llm_proposed,literature,evidence_gap,unresolved,false,0
5,5,adhd_q033,ncb-scientific-b6bcaf52ce24d411,b6bcaf52ce24d41101405c05556ff4df7a5cf370d247fb9fbe590d817921a011,b6bcaf52ce24d41101405c05556ff4df7a5cf370d247fb9fbe590d817921a011,exact_v2.1_reference,aligned,adhd,llm_proposed,literature,evidence_gap,unresolved,false,0
5,5,adhd_q034,ncb-scientific-03136ab7c6bb7990,03136ab7c6bb7990d987f647394f6865d014527a752393660750e24e0cd5b01d,03136ab7c6bb7990d987f647394f6865d014527a752393660750e24e0cd5b01d,exact_v2.1_reference,aligned_with_safety_augmentation,adhd,llm_proposed,literature,evidence_gap,unresolved,false,0
5,5,adhd_q035,ncb-scientific-721c4fa75e038ea4,721c4fa75e038ea4bdb26ce48b91b63d0615507f3c7e11e3dd07f46967efa967,721c4fa75e038ea4bdb26ce48b91b63d0615507f3c7e11e3dd07f46967efa967,exact_v2.1_reference,aligned_with_safety_augmentation,adhd,llm_proposed,literature,evidence_gap,unresolved,false,0
5,5,adhd_q036,ncb-scientific-5af5c999c214ab93,5af5c999c214ab9372f9f2d8ade3dd6da56394efb2231c76129e7a21833959ea,5af5c999c214ab9372f9f2d8ade3dd6da56394efb2231c76129e7a21833959ea,exact_v2.1_reference,aligned_with_safety_augmentation,adhd,llm_proposed,literature,evidence_gap,unresolved,false,0
5,5,adhd_q042,ncb-scientific-579c77d9f61e5f87,579c77d9f61e5f872fb1fae891fba19835a019868aa8a7ef7a47d76233ac7b33,579c77d9f61e5f872fb1fae891fba19835a019868aa8a7ef7a47d76233ac7b33,exact_v2.1_reference,aligned_with_safety_augmentation,adhd,llm_proposed,literature,evidence_gap,unresolved,false,0
5,5,adhd_q043,ncb-scientific-f38d6fdbc4e79d95,f38d6fdbc4e79d95965379c89ad839dad19e0303155a580a4d7bcd26ddf9a32d,f38d6fdbc4e79d95965379c89ad839dad19e0303155a580a4d7bcd26ddf9a32d,exact_v2.1_reference,aligned_with_safety_augmentation,adhd,llm_proposed,literature,evidence_gap,unresolved,false,0
5,5,adhd_q044,ncb-scientific-0d57166941ee6987,0d57166941ee6987a8e94a201d566f6551e2f9cde82cc2d83fe95e4b02d7cf43,0d57166941ee6987a8e94a201d566f6551e2f9cde82cc2d83fe95e4b02d7cf43,exact_v2.1_reference,aligned_with_safety_augmentation,adhd,llm_proposed,literature,evidence_gap,unresolved,false,0
5,5,adhd_q045,ncb-scientific-ad793f2b627c14db,ad793f2b627c14db9571a23bc5ff054129a8af48d092cae596e02c3fbd8ca3e6,ad793f2b627c14db9571a23bc5ff054129a8af48d092cae596e02c3fbd8ca3e6,pre_v2_contract_only,ambiguous_unresolved,adhd,llm_proposed,,,,false,0
5,5,adhd_q046,ncb-scientific-91575e683551f750,91575e683551f75081c4f506c9039447b9776b05e7c95ff1bf81a2323f0c51b9,91575e683551f75081c4f506c9039447b9776b05e7c95ff1bf81a2323f0c51b9,exact_v2.1_reference,aligned,adhd,llm_proposed,literature,evidence_gap,unresolved,false,0
5,5,adhd_q047,ncb-scientific-feb70aa94fa7c90f,feb70aa94fa7c90fa2df8c05f733ba5d944a5de106a49eb36eb63cbfa0415e66,feb70aa94fa7c90fa2df8c05f733ba5d944a5de106a49eb36eb63cbfa0415e66,exact_v2.1_reference,aligned,adhd,llm_proposed,literature,strict,abstain,false,0
5,5,adhd_q048,ncb-scientific-0cdad63325891f3d,0cdad63325891f3d72ae9d25459e2fb0c7ad22a7911a1534b14c6b1dfdc02f28,0cdad63325891f3d72ae9d25459e2fb0c7ad22a7911a1534b14c6b1dfdc02f28,exact_v2.1_reference,aligned,adhd,llm_proposed,literature,provisional,abstain,false,0
5,5,adhd_q049,ncb-scientific-41e14c6dd1c2213b,41e14c6dd1c2213b09c65b85fb99ab48160786245ae19fcdf1dbe6c8a7704fe3,41e14c6dd1c2213b09c65b85fb99ab48160786245ae19fcdf1dbe6c8a7704fe3,exact_v2.1_reference,aligned,adhd,llm_proposed,literature,evidence_gap,unresolved,false,0
5,5,adhd_q050,ncb-scientific-30329250c399e0e1,30329250c399e0e19f0099ec82e0f1abd36cca45c0178fcdc6800cf75650db9e,30329250c399e0e19f0099ec82e0f1abd36cca45c0178fcdc6800cf75650db9e,exact_v2.1_reference,aligned,adhd,llm_proposed,literature,provisional,abstain,false,0
5,5,asd_q001,ncb-scientific-3e1160c83f5950a6,3e1160c83f5950a67cb5f0bbc0478fdf9f1049f9a00563f8ba1bc631c90a9dbf,3e1160c83f5950a67cb5f0bbc0478fdf9f1049f9a00563f8ba1bc631c90a9dbf,exact_v2.1_reference,aligned_with_safety_augmentation,asd,llm_proposed,literature,provisional,confirm,false,0
5,5,asd_q002,ncb-scientific-f6cf8c122d61317c,f6cf8c122d61317c21a1377772ef6ad477761ad1859be149fd5cb4bce5a08ef9,f6cf8c122d61317c21a1377772ef6ad477761ad1859be149fd5cb4bce5a08ef9,exact_v2.1_reference,aligned_with_safety_augmentation,asd,llm_proposed,literature,evidence_gap,unresolved,false,0
5,5,asd_q003,ncb-scientific-b2bc1b3dc8d74234,b2bc1b3dc8d742349867f9f8a7e42fb3186657691ec0e71f041febf9a92913f6,b2bc1b3dc8d742349867f9f8a7e42fb3186657691ec0e71f041febf9a92913f6,exact_v2.1_reference,aligned_with_safety_augmentation,asd,llm_proposed,literature,provisional,abstain,false,0
5,5,asd_q004,ncb-scientific-83e09f86b797842d,83e09f86b797842db14cf907d844db23b34efc9e14034f96c3ccdb763c272e12,83e09f86b797842db14cf907d844db23b34efc9e14034f96c3ccdb763c272e12,exact_v2.1_reference,aligned_with_safety_augmentation,asd,llm_proposed,literature,provisional,abstain,false,0
5,5,asd_q005,ncb-scientific-2aadc4e4de851c0e,2aadc4e4de851c0e2f50ccae550c5f5b5318d46843b677d9fa6b9b8ee0ab5262,2aadc4e4de851c0e2f50ccae550c5f5b5318d46843b677d9fa6b9b8ee0ab5262,exact_v2.1_reference,aligned_with_safety_augmentation,asd,llm_proposed,literature,evidence_gap,unresolved,false,0
5,5,asd_q006,ncb-scientific-31ff42faa1d10211,31ff42faa1d102115303e78160cfa36a14361f7d5ebb5f9c28e43a81eac4e858,31ff42faa1d102115303e78160cfa36a14361f7d5ebb5f9c28e43a81eac4e858,exact_v2.1_reference,aligned_with_safety_augmentation,asd,llm_proposed,literature,evidence_gap,unresolved,false,0
5,5,asd_q007,ncb-scientific-0c04451321f8aa46,0c04451321f8aa463f1d1bfe0e785823e00d716a57d204c1b000827ea22d686c,0c04451321f8aa463f1d1bfe0e785823e00d716a57d204c1b000827ea22d686c,exact_v2.1_reference,aligned_with_safety_augmentation,asd,llm_proposed,literature,evidence_gap,unresolved,false,0
5,5,asd_q008,ncb-scientific-8d7c71367a2043b9,8d7c71367a2043b90fd51104e7c42a5e0fbd4068a2810fc8c3cbff83c8af75e6,8d7c71367a2043b90fd51104e7c42a5e0fbd4068a2810fc8c3cbff83c8af75e6,exact_v2.1_reference,aligned_with_safety_augmentation,asd,llm_proposed,literature,provisional,abstain,false,0
5,5,asd_q009,ncb-scientific-e59e508b9cc05116,e59e508b9cc05116c4cf470f0f1a2f388a2f1589d7452ef3d8199026639608ba,e59e508b9cc05116c4cf470f0f1a2f388a2f1589d7452ef3d8199026639608ba,pre_v2_contract_only,ambiguous_unresolved,asd,llm_proposed,,,,false,0
5,5,asd_q010,ncb-scientific-ff4d46696cfed68a,ff4d46696cfed68a15180d4899c7d603dd7670c50318e776fa4991d2d5e8a6fe,ff4d46696cfed68a15180d4899c7d603dd7670c50318e776fa4991d2d5e8a6fe,exact_v2.1_reference,aligned_with_safety_augmentation,asd,llm_proposed,literature,evidence_gap,unresolved,false,0
5,5,asd_q011,ncb-scientific-548cb9ea8bd9f8de,548cb9ea8bd9f8debed81d65b27010ba68443f8389de280f24e0a60133bfd4ba,548cb9ea8bd9f8debed81d65b27010ba68443f8389de280f24e0a60133bfd4ba,exact_v2.1_reference,aligned_with_safety_augmentation,asd,llm_proposed,literature,evidence_gap,unresolved,false,0
5,5,asd_q012,ncb-scientific-08efd1786e5b448a,08efd1786e5b448a84158f5fd3ce228ce6c198e48d98d9822b46850721e8ef2c,08efd1786e5b448a84158f5fd3ce228ce6c198e48d98d9822b46850721e8ef2c,exact_v2.1_reference,aligned_with_safety_augmentation,asd,llm_proposed,literature,evidence_gap,unresolved,false,0
5,5,asd_q013,ncb-scientific-adc64a42191e17f6,adc64a42191e17f63007bc25281becbf3d5835b1b4907a7c66c7d4875362948d,adc64a42191e17f63007bc25281becbf3d5835b1b4907a7c66c7d4875362948d,exact_v2.1_reference,aligned_with_safety_augmentation,asd,llm_proposed,literature,evidence_gap,unresolved,false,0
5,5,asd_q014,ncb-scientific-3ad601039168835a,3ad601039168835a0aa9153a5d2400c86e8ebb3edd86792e9be32f9545952cb0,3ad601039168835a0aa9153a5d2400c86e8ebb3edd86792e9be32f9545952cb0,exact_v2.1_reference,aligned_with_safety_augmentation,asd,llm_proposed,literature,evidence_gap,unresolved,false,0
5,5,asd_q015,ncb-scientific-7a87a86398becf44,7a87a86398becf44806656c7b8437f675f371fd6f2644ac257e562ca90b86a6a,7a87a86398becf44806656c7b8437f675f371fd6f2644ac257e562ca90b86a6a,exact_v2.1_reference,aligned_with_safety_augmentation,asd,llm_proposed,literature,evidence_gap,unresolved,false,0
5,5,asd_q016,ncb-scientific-67de4555230bc27a,67de4555230bc27a2720a39d25ba2b54acdc13b8df64eb624e3b7162eb249cbf,67de4555230bc27a2720a39d25ba2b54acdc13b8df64eb624e3b7162eb249cbf,exact_v2.1_reference,aligned_with_safety_augmentation,asd,llm_proposed,literature,evidence_gap,unresolved,false,0
5,5,asd_q017,ncb-scientific-30f73b540a076be8,30f73b540a076be8877cbf58acf8e237d4ffaf8c5fa00b91f350eced56d4fe50,30f73b540a076be8877cbf58acf8e237d4ffaf8c5fa00b91f350eced56d4fe50,exact_v2.1_reference,aligned_with_safety_augmentation,asd,llm_proposed,literature,evidence_gap,unresolved,false,0
5,5,asd_q018,ncb-scientific-9c2e4221cf5ca105,9c2e4221cf5ca105c142aa03f1212934ddcc6f3a0b4ae66e5f9d130f892c1d68,9c2e4221cf5ca105c142aa03f1212934ddcc6f3a0b4ae66e5f9d130f892c1d68,exact_v2.1_reference,aligned_with_safety_augmentation,asd,llm_proposed,literature,provisional,abstain,false,0
5,5,asd_q019,ncb-scientific-d3b9d78a966173c6,d3b9d78a966173c6a58a5b8ed01a0316ad73601092701d1310f08cee0928e62e,d3b9d78a966173c6a58a5b8ed01a0316ad73601092701d1310f08cee0928e62e,exact_v2.1_reference,aligned_with_safety_augmentation,asd,llm_proposed,literature,evidence_gap,unresolved,false,0
5,5,asd_q020,ncb-scientific-09bce8d2747a588b,09bce8d2747a588b48e78179d64eef021ef591c62d258c96db87fa1a187763be,09bce8d2747a588b48e78179d64eef021ef591c62d258c96db87fa1a187763be,exact_v2.1_reference,aligned_with_safety_augmentation,asd,llm_proposed,literature,evidence_gap,unresolved,false,0
5,5,asd_q021,ncb-scientific-5e6aa7181e35b605,5e6aa7181e35b6057dcfa0b2ef30e1accaf27ffa30c7110a71e05a7d42cd2bf4,5e6aa7181e35b6057dcfa0b2ef30e1accaf27ffa30c7110a71e05a7d42cd2bf4,exact_v2.1_reference,aligned_with_safety_augmentation,asd,llm_proposed,literature,evidence_gap,unresolved,false,0
5,5,asd_q022,ncb-scientific-7fe9235c8d5841b2,7fe9235c8d5841b21b4e02f5f1ea3da19d265b3dae41e4689eb549064708d519,7fe9235c8d5841b21b4e02f5f1ea3da19d265b3dae41e4689eb549064708d519,exact_v2.1_reference,aligned_with_safety_augmentation,asd,llm_proposed,literature,evidence_gap,unresolved,false,0
5,5,asd_q023,ncb-scientific-2e389c7806389508,2e389c780638950829799320349d8009aea6c3e9e69be08b1982e12b5b434c52,2e389c780638950829799320349d8009aea6c3e9e69be08b1982e12b5b434c52,exact_v2.1_reference,aligned_with_safety_augmentation,asd,llm_proposed,literature,evidence_gap,unresolved,false,0
5,5,asd_q024,ncb-scientific-46c685780a6efe6d,46c685780a6efe6d8000426a098ef58223dceb61be99792eabb6a33e80beadb1,46c685780a6efe6d8000426a098ef58223dceb61be99792eabb6a33e80beadb1,exact_v2.1_reference,aligned_with_safety_augmentation,asd,llm_proposed,literature,evidence_gap,unresolved,false,0
5,5,asd_q025,ncb-scientific-31990e646f54d4e6,31990e646f54d4e694348212341524808d583a3747736b6aec3da643ffe1484e,31990e646f54d4e694348212341524808d583a3747736b6aec3da643ffe1484e,exact_v2.1_reference,aligned_with_safety_augmentation,asd,llm_proposed,literature,evidence_gap,unresolved,false,0
5,5,asd_q026,ncb-scientific-2f6ce6fa5ea95eeb,2f6ce6fa5ea95eeb785ac239b4ff56b118d9d5b5b0e1c76df4fda92bdb52f08c,2f6ce6fa5ea95eeb785ac239b4ff56b118d9d5b5b0e1c76df4fda92bdb52f08c,exact_v2.1_reference,aligned_with_safety_augmentation,asd,llm_proposed,literature,evidence_gap,unresolved,false,0
5,5,asd_q027,ncb-scientific-68bd56b0483a236c,68bd56b0483a236c99db6544b25fa5e81003dd38c2af773be2d3d39b9ad070a6,68bd56b0483a236c99db6544b25fa5e81003dd38c2af773be2d3d39b9ad070a6,exact_v2.1_reference,aligned_with_safety_augmentation,asd,llm_proposed,literature,evidence_gap,unresolved,false,0
5,5,asd_q028,ncb-scientific-83e8c22eb0f4831a,83e8c22eb0f4831ab466f92d33a57545f9a4ac8eb8d3c9af44021b75c7fef4c4,83e8c22eb0f4831ab466f92d33a57545f9a4ac8eb8d3c9af44021b75c7fef4c4,exact_v2.1_reference,aligned_with_safety_augmentation,asd,llm_proposed,literature,evidence_gap,unresolved,false,0
5,5,asd_q029,ncb-scientific-a02841671504d8cd,a02841671504d8cd91f7002bbbc87782b0cb75c4c91c3c75f40930bf0fc27467,a02841671504d8cd91f7002bbbc87782b0cb75c4c91c3c75f40930bf0fc27467,exact_v2.1_reference,aligned_with_safety_augmentation,asd,llm_proposed,literature,evidence_gap,unresolved,false,0
5,5,asd_q030,ncb-scientific-3ba54e0248b29adb,3ba54e0248b29adb223a15306b37f76fc0e2b932fed74e86bd845de4c1fb2ee8,3ba54e0248b29adb223a15306b37f76fc0e2b932fed74e86bd845de4c1fb2ee8,exact_v2.1_reference,aligned_with_safety_augmentation,asd,llm_proposed,literature,evidence_gap,unresolved,false,0
5,5,asd_q031,ncb-scientific-a7bd041be62e2db4,a7bd041be62e2db43aded1d76a6c0b581c7274b1f519b9d483c62e6dc39f3136,a7bd041be62e2db43aded1d76a6c0b581c7274b1f519b9d483c62e6dc39f3136,exact_v2.1_reference,aligned_with_safety_augmentation,asd,llm_proposed,literature,evidence_gap,unresolved,false,0
5,5,asd_q032,ncb-scientific-19802d4080b79f2e,19802d4080b79f2e8f176ede52b798824d854ec76cd44f5f03a2db90b40b33bc,19802d4080b79f2e8f176ede52b798824d854ec76cd44f5f03a2db90b40b33bc,exact_v2.1_reference,aligned_with_safety_augmentation,asd,llm_proposed,literature,evidence_gap,unresolved,false,0
5,5,asd_q033,ncb-scientific-caeb5a6d248ba33c,caeb5a6d248ba33c770c82b3dc6515580c3efad63440adbbb4688d39731a3c41,caeb5a6d248ba33c770c82b3dc6515580c3efad63440adbbb4688d39731a3c41,exact_v2.1_reference,aligned_with_safety_augmentation,asd,llm_proposed,literature,evidence_gap,unresolved,false,0
5,5,asd_q034,ncb-scientific-1f13a7aee9fc1c7d,1f13a7aee9fc1c7dc1187efe86c3068be853653eb4050183fac5bcb492b8bbe3,1f13a7aee9fc1c7dc1187efe86c3068be853653eb4050183fac5bcb492b8bbe3,exact_v2.1_reference,aligned_with_safety_augmentation,asd,llm_proposed,literature,evidence_gap,unresolved,false,0
5,5,asd_q035,ncb-scientific-9b768a7494df75b2,9b768a7494df75b24fdc89ed6f68cee71fad50a0a2b02684368bd092524d7453,9b768a7494df75b24fdc89ed6f68cee71fad50a0a2b02684368bd092524d7453,exact_v2.1_reference,aligned_with_safety_augmentation,asd,llm_proposed,literature,evidence_gap,unresolved,false,0
5,5,asd_q036,ncb-scientific-61274f38e0112edd,61274f38e0112edde8180b2b74bd970e73a3a503b87528dec8547ff8d39e08d3,61274f38e0112edde8180b2b74bd970e73a3a503b87528dec8547ff8d39e08d3,exact_v2.1_reference,aligned_with_safety_augmentation,asd,llm_proposed,literature,evidence_gap,unresolved,false,0
5,5,asd_q037,ncb-scientific-149b1f2aeda4fcb1,149b1f2aeda4fcb1612b5edd3c9ba5d3fdc4cc18d9c5aa1afa53e32c85ed567e,149b1f2aeda4fcb1612b5edd3c9ba5d3fdc4cc18d9c5aa1afa53e32c85ed567e,exact_v2.1_reference,aligned_with_safety_augmentation,asd,llm_proposed,literature,evidence_gap,unresolved,false,0
5,5,asd_q038,ncb-scientific-c631e745a39a4c34,c631e745a39a4c34b7a2b47ee20ac723363fb4d3f247ba63938ada9c0511f640,c631e745a39a4c34b7a2b47ee20ac723363fb4d3f247ba63938ada9c0511f640,exact_v2.1_reference,aligned_with_safety_augmentation,asd,llm_proposed,literature,evidence_gap,unresolved,false,0
5,5,asd_q039,ncb-scientific-3bb5fd92cff87e34,3bb5fd92cff87e343d33e2cd0d6797eaf54d41cfe43a2123a8f42229247ead6c,3bb5fd92cff87e343d33e2cd0d6797eaf54d41cfe43a2123a8f42229247ead6c,exact_v2.1_reference,aligned_with_safety_augmentation,asd,llm_proposed,literature,evidence_gap,unresolved,false,0
5,5,asd_q040,ncb-scientific-cfe09363aec199e4,cfe09363aec199e4d87cfd179508934aa0a694e2ac85f122d79bab05a56bf5ba,cfe09363aec199e4d87cfd179508934aa0a694e2ac85f122d79bab05a56bf5ba,exact_v2.1_reference,aligned,asd,llm_proposed,literature,provisional,confirm,false,0
5,5,asd_q041,ncb-scientific-c823298f5f12df8a,c823298f5f12df8af07efc39e57413ee6b375c5f9f95bf060e712101c70c15cd,c823298f5f12df8af07efc39e57413ee6b375c5f9f95bf060e712101c70c15cd,exact_v2.1_reference,aligned_with_safety_augmentation,asd,llm_proposed,literature,evidence_gap,unresolved,false,0
5,5,asd_q042,ncb-scientific-1f634e71dd689f9b,1f634e71dd689f9bf628ab2462201c44d5996f29424ad3bb244eae08906e402b,1f634e71dd689f9bf628ab2462201c44d5996f29424ad3bb244eae08906e402b,exact_v2.1_reference,aligned_with_safety_augmentation,asd,llm_proposed,literature,evidence_gap,unresolved,false,0
5,5,asd_q043,ncb-scientific-1329501baee4943a,1329501baee4943a8d1925394f1bd0c531b39a4df9d4412f31a9e326f49d547b,1329501baee4943a8d1925394f1bd0c531b39a4df9d4412f31a9e326f49d547b,exact_v2.1_reference,aligned_with_safety_augmentation,asd,llm_proposed,literature,evidence_gap,unresolved,false,0
5,5,asd_q044,ncb-scientific-531f4a09678d2222,531f4a09678d2222e7dfb2b3f2c5e270ea361cb4ff770d5a532b98fb51322082,531f4a09678d2222e7dfb2b3f2c5e270ea361cb4ff770d5a532b98fb51322082,exact_v2.1_reference,aligned_with_safety_augmentation,asd,llm_proposed,literature,evidence_gap,unresolved,false,0
5,5,asd_q045,ncb-scientific-1518a0abab435142,1518a0abab43514213f4d83221121b85df589c0db1f51783ab24f10b187a989c,1518a0abab43514213f4d83221121b85df589c0db1f51783ab24f10b187a989c,exact_v2.1_reference,aligned_with_safety_augmentation,asd,llm_proposed,literature,evidence_gap,unresolved,false,0
5,5,asd_q046,ncb-scientific-afbfd52ab898aa8b,afbfd52ab898aa8b75058616b6193b34892bea7f7d452244ed64defafeede78a,afbfd52ab898aa8b75058616b6193b34892bea7f7d452244ed64defafeede78a,exact_v2.1_reference,aligned,asd,llm_proposed,literature,strict,abstain,false,0
5,5,asd_q047,ncb-scientific-5d4734ea98c9d333,5d4734ea98c9d333507a8f256c939d4c32820705161302d7f9b6dece95787e70,5d4734ea98c9d333507a8f256c939d4c32820705161302d7f9b6dece95787e70,exact_v2.1_reference,aligned_with_safety_augmentation,asd,llm_proposed,literature,evidence_gap,unresolved,false,0
5,5,asd_q048,ncb-scientific-58fd062031fc801e,58fd062031fc801ec995be400539f15fb05609ddaa041a485e24b531f854d19c,58fd062031fc801ec995be400539f15fb05609ddaa041a485e24b531f854d19c,exact_v2.1_reference,aligned_with_safety_augmentation,asd,llm_proposed,literature,evidence_gap,unresolved,false,0
5,5,asd_q049,ncb-scientific-be9238714808b664,be9238714808b66402159f2c45825993dd00eadd147b39f453e2e7e450668e79,be9238714808b66402159f2c45825993dd00eadd147b39f453e2e7e450668e79,exact_v2.1_reference,aligned_with_safety_augmentation,asd,llm_proposed,literature,evidence_gap,unresolved,false,0
5,5,asd_q050,ncb-scientific-206dd8d45a4d9d89,206dd8d45a4d9d891eb2644f5acdf1aeb9a4d894209c6c0c3142e2a74481d2e3,206dd8d45a4d9d891eb2644f5acdf1aeb9a4d894209c6c0c3142e2a74481d2e3,exact_v2.1_reference,aligned_with_safety_augmentation,asd,llm_proposed,literature,evidence_gap,unresolved,false,0
5,5,ad_aging_q027,ncb-scientific-7f4258667f94f44d,7f4258667f94f44d5e73e949aab05c8374dbe1ac010e146956307f30d3201ba2,7f4258667f94f44d5e73e949aab05c8374dbe1ac010e146956307f30d3201ba2,exact_v2.1_reference,aligned_with_safety_augmentation,ad_aging,llm_proposed,literature,evidence_gap,unresolved,false,0
5,5,ad_aging_q028,ncb-scientific-1775e0699f7d950f,1775e0699f7d950fdfe70ffa2494b3427fbca176a2fb9bd01c5bf5329b7dd39e,1775e0699f7d950fdfe70ffa2494b3427fbca176a2fb9bd01c5bf5329b7dd39e,exact_v2.1_reference,aligned_with_safety_augmentation,ad_aging,llm_proposed,literature,evidence_gap,unresolved,true,1
5,5,ad_aging_q029,ncb-scientific-bf6a4a4dabf8357f,bf6a4a4dabf8357f31e6a07ae1504771c332c4ed81929fb895a09609631d5866,bf6a4a4dabf8357f31e6a07ae1504771c332c4ed81929fb895a09609631d5866,exact_v2.1_reference,aligned_with_safety_augmentation,ad_aging,llm_proposed,literature,evidence_gap,unresolved,true,8
5,5,ad_aging_q030,ncb-scientific-75bd3855eddc86c8,75bd3855eddc86c8164fd4b8c788b0d2ff249afef49acbd1c2597bcf3031ee46,75bd3855eddc86c8164fd4b8c788b0d2ff249afef49acbd1c2597bcf3031ee46,exact_v2.1_reference,aligned_with_safety_augmentation,ad_aging,llm_proposed,literature,strict,confirm,true,1
5,5,ad_aging_q032,ncb-scientific-c922885057dbc163,c922885057dbc163bc0da7c09a1f929618f4043b01e964bfbd4ba2d3947e992e,c922885057dbc163bc0da7c09a1f929618f4043b01e964bfbd4ba2d3947e992e,exact_v2.1_reference,aligned_with_safety_augmentation,ad_aging,llm_proposed,literature,evidence_gap,unresolved,true,5
5,5,ad_aging_q034,ncb-scientific-0945ff60b5d68ba8,0945ff60b5d68ba89a298e0d5c7f9a2de1625b057bca524e15324d9708ecf806,0945ff60b5d68ba89a298e0d5c7f9a2de1625b057bca524e15324d9708ecf806,exact_v2.1_reference,aligned_with_safety_augmentation,ad_aging,llm_proposed,literature,evidence_gap,unresolved,true,7
5,5,ad_aging_q035,ncb-scientific-2dcda273dbedc219,2dcda273dbedc219ed9d5d8682aa85ac5f279a5b7efa0b335d1568599836b508,2dcda273dbedc219ed9d5d8682aa85ac5f279a5b7efa0b335d1568599836b508,exact_v2.1_reference,aligned_with_safety_augmentation,ad_aging,llm_proposed,literature,evidence_gap,unresolved,false,0
5,5,ad_aging_q036,ncb-scientific-cc1c11b70cdbc35f,cc1c11b70cdbc35f0fb7b7692822abca760f09315d96cba5c2e0c0d8c07fcfe3,cc1c11b70cdbc35f0fb7b7692822abca760f09315d96cba5c2e0c0d8c07fcfe3,exact_v2.1_reference,aligned_with_safety_augmentation,ad_aging,llm_proposed,literature,evidence_gap,unresolved,false,0
5,5,ad_aging_q037,ncb-scientific-0b054fd85acaa063,0b054fd85acaa06382e368b06e24cb23876d673dda29faac3b690645e449b6d5,0b054fd85acaa06382e368b06e24cb23876d673dda29faac3b690645e449b6d5,exact_v2.1_reference,aligned_with_safety_augmentation,ad_aging,llm_proposed,literature,evidence_gap,unresolved,false,0
5,5,ad_aging_q038,ncb-scientific-1d2a9e0f4f0b8bc3,1d2a9e0f4f0b8bc35fe53e1c18e110f8965f0dbb01897b1aba0cbe4d193e5821,1d2a9e0f4f0b8bc35fe53e1c18e110f8965f0dbb01897b1aba0cbe4d193e5821,exact_v2.1_reference,aligned_with_safety_augmentation,ad_aging,llm_proposed,literature,evidence_gap,unresolved,false,0
5,5,ad_aging_q039,ncb-scientific-a545812912502796,a5458129125027964cfadcefcff0f19c0d3ceed68aede1f9609ffc45247c35e4,a5458129125027964cfadcefcff0f19c0d3ceed68aede1f9609ffc45247c35e4,exact_v2.1_reference,aligned_with_safety_augmentation,ad_aging,llm_proposed,literature,evidence_gap,unresolved,false,0
5,5,ad_aging_q040,ncb-scientific-0b054fd85acaa063,0b054fd85acaa06382e368b06e24cb23876d673dda29faac3b690645e449b6d5,0b054fd85acaa06382e368b06e24cb23876d673dda29faac3b690645e449b6d5,exact_v2.1_reference,aligned_with_safety_augmentation,ad_aging,llm_proposed,literature,evidence_gap,unresolved,false,0
5,5,ad_aging_q041,ncb-scientific-f7956622f7e3eaf8,f7956622f7e3eaf82268d3c6d03184df48ef112532d72822e58c2e3b4eb9abd0,f7956622f7e3eaf82268d3c6d03184df48ef112532d72822e58c2e3b4eb9abd0,exact_v2.1_reference,aligned_with_safety_augmentation,ad_aging,llm_proposed,literature,evidence_gap,unresolved,false,0
5,5,ad_aging_q042,ncb-scientific-24de654ccd87dce2,24de654ccd87dce2402ee3e06841e2aa84bb5b939fe17e0a081e3e3fe8dd97e2,24de654ccd87dce2402ee3e06841e2aa84bb5b939fe17e0a081e3e3fe8dd97e2,exact_v2.1_reference,aligned_with_safety_augmentation,ad_aging,llm_proposed,literature,evidence_gap,unresolved,false,0
5,5,ad_aging_q043,ncb-scientific-f143dbf87a77594f,f143dbf87a77594f45f0c498342b2f4b17215390bf78679a21770bcc782da655,f143dbf87a77594f45f0c498342b2f4b17215390bf78679a21770bcc782da655,exact_v2.1_reference,aligned_with_safety_augmentation,ad_aging,llm_proposed,literature,evidence_gap,unresolved,false,0
5,5,ad_aging_q044,ncb-scientific-0cf9bf17a3cb10a7,0cf9bf17a3cb10a706661b585964be67b5928087882dc93e7b80224dac8a3534,0cf9bf17a3cb10a706661b585964be67b5928087882dc93e7b80224dac8a3534,exact_v2.1_reference,aligned_with_safety_augmentation,ad_aging,llm_proposed,literature,provisional,confirm,false,0
5,5,ad_aging_q045,ncb-scientific-4d6ed37bb9324c72,4d6ed37bb9324c72153b3fa839362f89320d16c7cbd9dd2659db729eb80061bf,4d6ed37bb9324c72153b3fa839362f89320d16c7cbd9dd2659db729eb80061bf,exact_v2.1_reference,aligned_with_safety_augmentation,ad_aging,llm_proposed,literature,evidence_gap,unresolved,false,0
5,5,ad_aging_q046,ncb-scientific-79182620041b5799,79182620041b57998eb9b3eb81cfba653f320fbe529ff0db654dd813626d0e36,79182620041b57998eb9b3eb81cfba653f320fbe529ff0db654dd813626d0e36,exact_v2.1_reference,aligned_with_safety_augmentation,ad_aging,llm_proposed,literature,evidence_gap,unresolved,false,0
5,5,ad_aging_q048,ncb-scientific-a3f4263a0dce56cf,a3f4263a0dce56cf738ebd2d271cf2f786acf25f6ab1432a96784f063e51d349,a3f4263a0dce56cf738ebd2d271cf2f786acf25f6ab1432a96784f063e51d349,exact_v2.1_reference,aligned_with_safety_augmentation,ad_aging,llm_proposed,literature,evidence_gap,unresolved,false,0
5,5,ad_aging_q049,ncb-scientific-24de654ccd87dce2,24de654ccd87dce2402ee3e06841e2aa84bb5b939fe17e0a081e3e3fe8dd97e2,24de654ccd87dce2402ee3e06841e2aa84bb5b939fe17e0a081e3e3fe8dd97e2,exact_v2.1_reference,aligned_with_safety_augmentation,ad_aging,llm_proposed,literature,evidence_gap,unresolved,false,0
5,5,ad_aging_q050,ncb-scientific-693510493058a91a,693510493058a91ac8ead80536de2a54f1331e925b11ad3d69d871fe6c93a395,693510493058a91ac8ead80536de2a54f1331e925b11ad3d69d871fe6c93a395,exact_v2.1_reference,aligned_with_safety_augmentation,ad_aging,llm_proposed,literature,evidence_gap,unresolved,false,0
5,5,psychosis_q001,ncb-scientific-7cb3fe4a5738fae5,7cb3fe4a5738fae59ad565ce7ad320774954e407c9d8edcbc6f05c4bb1287017,7cb3fe4a5738fae59ad565ce7ad320774954e407c9d8edcbc6f05c4bb1287017,exact_v2.1_reference,aligned,psychosis,llm_proposed,literature,evidence_gap,unresolved,false,0
5,5,psychosis_q002,ncb-scientific-266504b3d4e53721,266504b3d4e53721e07a0d77932a5254a3379c3ddf34b0dc44aeea4c4b4cb67d,266504b3d4e53721e07a0d77932a5254a3379c3ddf34b0dc44aeea4c4b4cb67d,exact_v2.1_reference,aligned_with_safety_augmentation,psychosis,llm_proposed,literature,evidence_gap,unresolved,false,0
5,5,psychosis_q003,ncb-scientific-872c426870a43fc0,872c426870a43fc09bee7deefd9487ffedf554184b618cfa1548e9f8d3be8d34,872c426870a43fc09bee7deefd9487ffedf554184b618cfa1548e9f8d3be8d34,exact_v2.1_reference,aligned_with_safety_augmentation,psychosis,llm_proposed,literature,evidence_gap,unresolved,false,0
5,5,psychosis_q004,ncb-scientific-3cd280f660dfbcd4,3cd280f660dfbcd415a0ac5f54af96f2ce8fe1cc897a4a14f869e1ea54467213,3cd280f660dfbcd415a0ac5f54af96f2ce8fe1cc897a4a14f869e1ea54467213,exact_v2.1_reference,aligned_with_safety_augmentation,psychosis,llm_proposed,literature,provisional,confirm,false,0
5,5,psychosis_q005,ncb-scientific-4cedbc48040eac27,4cedbc48040eac27d2eaf9fa5cbc4713fa67c79a232f498107862a2fe7d63e79,4cedbc48040eac27d2eaf9fa5cbc4713fa67c79a232f498107862a2fe7d63e79,exact_v2.1_reference,aligned_with_safety_augmentation,psychosis,llm_proposed,literature,evidence_gap,unresolved,false,0
5,5,psychosis_q006,ncb-scientific-58864dfe748ed623,58864dfe748ed623b1e412e518eb6d075f1280ebe036bb1dc55e56e8a2aca169,58864dfe748ed623b1e412e518eb6d075f1280ebe036bb1dc55e56e8a2aca169,exact_v2.1_reference,aligned_with_safety_augmentation,psychosis,llm_proposed,literature,evidence_gap,unresolved,false,0
5,5,psychosis_q007,ncb-scientific-e5b2412738b16335,e5b2412738b16335f55b1518f3aac394c8cfff48e1b39a9dc0d2b64c2cbb5877,e5b2412738b16335f55b1518f3aac394c8cfff48e1b39a9dc0d2b64c2cbb5877,exact_v2.1_reference,aligned,psychosis,llm_proposed,literature,evidence_gap,unresolved,false,0
5,5,psychosis_q008,ncb-scientific-5e9d9106292eb159,5e9d9106292eb159971d41de9ac66f7064ff9c67b369099bff308886a86ec58b,5e9d9106292eb159971d41de9ac66f7064ff9c67b369099bff308886a86ec58b,exact_v2.1_reference,aligned_with_safety_augmentation,psychosis,llm_proposed,literature,provisional,confirm,false,0
5,5,psychosis_q009,ncb-scientific-8366c91b96faf9a6,8366c91b96faf9a6c9557e9120c312676b6be08466de64a2ea5ecb46f08595dc,8366c91b96faf9a6c9557e9120c312676b6be08466de64a2ea5ecb46f08595dc,exact_v2.1_reference,aligned_with_safety_augmentation,psychosis,llm_proposed,literature,evidence_gap,unresolved,false,0
5,5,psychosis_q010,ncb-scientific-822a9e3fd7a9cc40,822a9e3fd7a9cc40dd56cec27d9df1f4b981c6e08141b1a8a2264fd39544ccfa,822a9e3fd7a9cc40dd56cec27d9df1f4b981c6e08141b1a8a2264fd39544ccfa,exact_v2.1_reference,aligned,psychosis,llm_proposed,literature,evidence_gap,unresolved,false,0
5,5,psychosis_q011,ncb-scientific-d4c0b42a60357a5d,d4c0b42a60357a5d939e12105a02798899968bed182f8471def699471bf39842,d4c0b42a60357a5d939e12105a02798899968bed182f8471def699471bf39842,exact_v2.1_reference,aligned_with_safety_augmentation,psychosis,llm_proposed,literature,evidence_gap,unresolved,false,0
5,5,psychosis_q012,ncb-scientific-6c9d8d248e03fd07,6c9d8d248e03fd072175b3155b829fce548d5dc88bffc0dd63db73a27cc1b1f9,6c9d8d248e03fd072175b3155b829fce548d5dc88bffc0dd63db73a27cc1b1f9,exact_v2.1_reference,aligned,psychosis,llm_proposed,literature,strict,confirm,false,0
5,5,psychosis_q013,ncb-scientific-32c06a5e43e74faa,32c06a5e43e74faa24d16e67accf4262d0369671f06216c693238d120d8f16f9,32c06a5e43e74faa24d16e67accf4262d0369671f06216c693238d120d8f16f9,exact_v2.1_reference,aligned_with_safety_augmentation,psychosis,llm_proposed,literature,evidence_gap,unresolved,false,0
5,5,psychosis_q014,ncb-scientific-f0173ff72ee52b5e,f0173ff72ee52b5e1e878ad93b6ab55443639c37100b7a6ff8546daeb9de844a,f0173ff72ee52b5e1e878ad93b6ab55443639c37100b7a6ff8546daeb9de844a,exact_v2.1_reference,aligned,psychosis,llm_proposed,literature,evidence_gap,unresolved,false,0
5,5,psychosis_q015,ncb-scientific-622e97baf8eece3c,622e97baf8eece3cc6a62615addca82592c24a5eb42cd164d81459a0d041eaab,622e97baf8eece3cc6a62615addca82592c24a5eb42cd164d81459a0d041eaab,exact_v2.1_reference,aligned,psychosis,llm_proposed,literature,evidence_gap,unresolved,false,0
5,5,psychosis_q016,ncb-scientific-9066c4a0d3bc2f9f,9066c4a0d3bc2f9f335adcc9e6fce3653c8c38198faedd03436f1aa34da54b25,9066c4a0d3bc2f9f335adcc9e6fce3653c8c38198faedd03436f1aa34da54b25,exact_v2.1_reference,aligned_with_safety_augmentation,psychosis,llm_proposed,literature,strict,confirm,false,0
5,5,psychosis_q017,ncb-scientific-4bafecc6ed3b9d87,4bafecc6ed3b9d87a26b408fcd1dd48f8e80cc184c6f98eb941ab54c48ad2031,4bafecc6ed3b9d87a26b408fcd1dd48f8e80cc184c6f98eb941ab54c48ad2031,exact_v2.1_reference,aligned,psychosis,llm_proposed,literature,evidence_gap,unresolved,false,0
5,5,psychosis_q018,ncb-scientific-6aa47e3b129ad9fb,6aa47e3b129ad9fb3b897f8e59d71e00f8f3abe34d5515c19a65bf8a5c880e1a,6aa47e3b129ad9fb3b897f8e59d71e00f8f3abe34d5515c19a65bf8a5c880e1a,exact_v2.1_reference,aligned_with_safety_augmentation,psychosis,llm_proposed,literature,evidence_gap,unresolved,true,4
5,5,psychosis_q019,ncb-scientific-047feb6835500e20,047feb6835500e20fce6c8866aa5f4319884079d3ece961fffa1950d3f67649b,047feb6835500e20fce6c8866aa5f4319884079d3ece961fffa1950d3f67649b,exact_v2.1_reference,aligned_with_safety_augmentation,psychosis,llm_proposed,literature,evidence_gap,unresolved,true,2
5,5,psychosis_q021,ncb-scientific-675abad09b88a363,675abad09b88a3632ae7d7ac4e199a4a0e5c99415e8c1ac16c601d7e16a98f35,675abad09b88a3632ae7d7ac4e199a4a0e5c99415e8c1ac16c601d7e16a98f35,exact_v2.1_reference,aligned_with_safety_augmentation,psychosis,llm_proposed,literature,evidence_gap,unresolved,false,0
5,5,psychosis_q022,ncb-scientific-49fd02560669f081,49fd02560669f081865a60b8024eb81ebb6dc5834a87820f119def66b35fa233,49fd02560669f081865a60b8024eb81ebb6dc5834a87820f119def66b35fa233,exact_v2.1_reference,aligned,psychosis,llm_proposed,literature,evidence_gap,unresolved,true,2
5,5,psychosis_q023,ncb-scientific-3942bdaedf8efb2a,3942bdaedf8efb2afecb3c2c12045c0014df9f189b66d0de08e09298d10c22ae,3942bdaedf8efb2afecb3c2c12045c0014df9f189b66d0de08e09298d10c22ae,exact_v2.1_reference,aligned_with_safety_augmentation,psychosis,llm_proposed,literature,evidence_gap,unresolved,false,0
5,5,psychosis_q024,ncb-scientific-9181e305d0e360a5,9181e305d0e360a5d17ec43febd9d32a46fc572a1fa87ab8680c7b4cb79abe90,9181e305d0e360a5d17ec43febd9d32a46fc572a1fa87ab8680c7b4cb79abe90,exact_v2.1_reference,aligned_with_safety_augmentation,psychosis,llm_proposed,literature,evidence_gap,unresolved,false,0
5,5,psychosis_q025,ncb-scientific-4ffc0faff41b9d25,4ffc0faff41b9d251ae15c86a5646175e1972970df38a88ccfac126ba34f43b9,4ffc0faff41b9d251ae15c86a5646175e1972970df38a88ccfac126ba34f43b9,exact_v2.1_reference,aligned,psychosis,llm_proposed,literature,evidence_gap,unresolved,true,2
5,5,psychosis_q026,ncb-scientific-e43def8c3b8cb4e9,e43def8c3b8cb4e9401abd45c8e585ca3fb7555ed77364cdacf981560d643998,e43def8c3b8cb4e9401abd45c8e585ca3fb7555ed77364cdacf981560d643998,exact_v2.1_reference,aligned_with_safety_augmentation,psychosis,llm_proposed,literature,evidence_gap,unresolved,false,0
5,5,psychosis_q027,ncb-scientific-9eaf2a23ddb73ea3,9eaf2a23ddb73ea3b9ad8419cc764b871d15a798fea17ac3a71821704466415e,9eaf2a23ddb73ea3b9ad8419cc764b871d15a798fea17ac3a71821704466415e,exact_v2.1_reference,aligned_with_safety_augmentation,psychosis,llm_proposed,literature,provisional,abstain,false,0
5,5,psychosis_q028,ncb-scientific-6130b7ec9d114c16,6130b7ec9d114c162d53c779a173cc930024074dfc2f729afa0cd4fc7c5e3827,6130b7ec9d114c162d53c779a173cc930024074dfc2f729afa0cd4fc7c5e3827,exact_v2.1_reference,aligned,psychosis,llm_proposed,literature,strict,confirm,false,0
5,5,psychosis_q029,ncb-scientific-561d93190dd22ced,561d93190dd22ced60f31e0fd38e0faf5c987fc53b8acf69c6396133d316d230,561d93190dd22ced60f31e0fd38e0faf5c987fc53b8acf69c6396133d316d230,exact_v2.1_reference,aligned_with_safety_augmentation,psychosis,llm_proposed,literature,evidence_gap,unresolved,false,0
5,5,psychosis_q030,ncb-scientific-23a83dcb8dd0287e,23a83dcb8dd0287e82e81be378cb004bce79a5325cd73ba2c55edfee8113d52d,23a83dcb8dd0287e82e81be378cb004bce79a5325cd73ba2c55edfee8113d52d,exact_v2.1_reference,aligned,psychosis,llm_proposed,literature,evidence_gap,unresolved,false,0
5,5,psychosis_q031,ncb-scientific-611e67de29172a34,611e67de29172a34127865843ed7fbb0a3c674cbea476eacda530d3d8c5a9abf,611e67de29172a34127865843ed7fbb0a3c674cbea476eacda530d3d8c5a9abf,exact_v2.1_reference,aligned_with_safety_augmentation,psychosis,llm_proposed,literature,evidence_gap,unresolved,false,0
5,5,psychosis_q032,ncb-scientific-740708798029c58d,740708798029c58d4d6385bc24deca50249908931c23e35c50e771c1555ef475,740708798029c58d4d6385bc24deca50249908931c23e35c50e771c1555ef475,exact_v2.1_reference,aligned_with_safety_augmentation,psychosis,llm_proposed,literature,strict,confirm,false,0
5,5,psychosis_q033,ncb-scientific-23b8d8c0265298fd,23b8d8c0265298fd242715da197614417003ea5efbb70bf6b292cb27ea990f0d,23b8d8c0265298fd242715da197614417003ea5efbb70bf6b292cb27ea990f0d,exact_v2.1_reference,aligned,psychosis,llm_proposed,literature,evidence_gap,unresolved,false,0
5,5,psychosis_q034,ncb-scientific-548d362dc2682286,548d362dc26822867e373f356852faa0ed9fa00f1757c8e4486a1d240506e03e,548d362dc26822867e373f356852faa0ed9fa00f1757c8e4486a1d240506e03e,exact_v2.1_reference,aligned,psychosis,llm_proposed,literature,evidence_gap,unresolved,false,0
5,5,psychosis_q035,ncb-scientific-66560a7fd0e34141,66560a7fd0e34141ba219136468ed4d54ee064cfff748f6d27aa451fbfd80069,66560a7fd0e34141ba219136468ed4d54ee064cfff748f6d27aa451fbfd80069,exact_v2.1_reference,aligned,psychosis,llm_proposed,literature,provisional,abstain,false,0
5,5,psychosis_q036,ncb-scientific-e313edffc6da7a07,e313edffc6da7a074c42d69ed32da20e4642325dccd086815d410b2e3f7babb3,e313edffc6da7a074c42d69ed32da20e4642325dccd086815d410b2e3f7babb3,exact_v2.1_reference,aligned,psychosis,llm_proposed,literature,evidence_gap,unresolved,false,0
5,5,psychosis_q037,ncb-scientific-3b7b2226aa3bb7ce,3b7b2226aa3bb7ce109fe00563be869699e1fef55876cce35355c6941ea873fd,3b7b2226aa3bb7ce109fe00563be869699e1fef55876cce35355c6941ea873fd,exact_v2.1_reference,aligned,psychosis,llm_proposed,literature,evidence_gap,unresolved,false,0
5,5,psychosis_q038,ncb-scientific-51f69ecdfc1f24b2,51f69ecdfc1f24b277984e6877bcaf2b948d82427c5f75a82b8d082ad218f263,51f69ecdfc1f24b277984e6877bcaf2b948d82427c5f75a82b8d082ad218f263,pre_v2_contract_only,ambiguous_unresolved,psychosis,llm_proposed,,,,false,0
5,5,psychosis_q039,ncb-scientific-d0535a6cab6d913b,d0535a6cab6d913b7aae20a3c6e47c1d8b5c21a56abd87a6f45877adf81829e0,d0535a6cab6d913b7aae20a3c6e47c1d8b5c21a56abd87a6f45877adf81829e0,exact_v2.1_reference,aligned,psychosis,llm_proposed,literature,provisional,confirm,false,0
5,5,psychosis_q040,ncb-scientific-80318de11aee33ca,80318de11aee33cafcafc23b40e6d185a412151c5603277794147b1d572df23d,80318de11aee33cafcafc23b40e6d185a412151c5603277794147b1d572df23d,exact_v2.1_reference,aligned,psychosis,llm_proposed,literature,evidence_gap,unresolved,false,0
5,5,psychosis_q042,ncb-scientific-70527a90423a8295,70527a90423a8295ebeae835b0a95e8bc634a4d1611424dbdb775935515a8516,70527a90423a8295ebeae835b0a95e8bc634a4d1611424dbdb775935515a8516,exact_v2.1_reference,aligned,psychosis,llm_proposed,literature,evidence_gap,unresolved,true,6
5,5,psychosis_q043,ncb-scientific-41408a5127ecaa01,41408a5127ecaa01bb16f33bb137977cb589300803b75207c17804f34de42e00,41408a5127ecaa01bb16f33bb137977cb589300803b75207c17804f34de42e00,exact_v2.1_reference,aligned,psychosis,llm_proposed,literature,provisional,abstain,true,3
5,5,psychosis_q045,ncb-scientific-81e24d3b130902a4,81e24d3b130902a46cd52114a0894c5d3052a400c072cda182917e5eb6728851,81e24d3b130902a46cd52114a0894c5d3052a400c072cda182917e5eb6728851,exact_v2.1_reference,aligned,psychosis,llm_proposed,literature,evidence_gap,unresolved,true,1
5,5,psychosis_q046,ncb-scientific-172d75bcc17dcce9,172d75bcc17dcce9c2a8cde3b446b4521935e40d9bee3691b4d574e1b426012d,172d75bcc17dcce9c2a8cde3b446b4521935e40d9bee3691b4d574e1b426012d,exact_v2.1_reference,aligned,psychosis,llm_proposed,literature,evidence_gap,unresolved,false,0
5,5,psychosis_q047,ncb-scientific-58a996a383e72e5b,58a996a383e72e5b79cc802cd41cc61d146ef74faab2650d92112acd832924d8,58a996a383e72e5b79cc802cd41cc61d146ef74faab2650d92112acd832924d8,exact_v2.1_reference,aligned,psychosis,llm_proposed,literature,provisional,confirm,true,3
5,5,psychosis_q048,ncb-scientific-ed8eabb252714493,ed8eabb252714493617a23875b640f41f1af8d9b8826cdbb8845c317adcbc72f,ed8eabb252714493617a23875b640f41f1af8d9b8826cdbb8845c317adcbc72f,exact_v2.1_reference,aligned,psychosis,llm_proposed,literature,evidence_gap,unresolved,false,0
5,5,psychosis_q049,ncb-scientific-a1da46d7f5fa792d,a1da46d7f5fa792d06b40ef905be2163aa10371959c82a12774363e09e80a844,a1da46d7f5fa792d06b40ef905be2163aa10371959c82a12774363e09e80a844,exact_v2.1_reference,aligned_with_safety_augmentation,psychosis,llm_proposed,literature,evidence_gap,unresolved,false,0
5,5,psychosis_q050,ncb-scientific-55b455d152ed1390,55b455d152ed1390382cc96bd36b995f3d6549c65d1710583265325ae547aabe,55b455d152ed1390382cc96bd36b995f3d6549c65d1710583265325ae547aabe,exact_v2.1_reference,aligned,psychosis,llm_proposed,literature,evidence_gap,unresolved,false,0
