v2_benchmark_item_id,v2.1_benchmark_item_id,pre_v2_contract_sha256,v2.1_contract_sha256,scientific_question_sha256,alignment_disposition,adjudication_invalidated
ncb-external-transfer-045d9f98883becc4,ncb-external-transfer-045d9f98883becc4,5c6725bb518a0b2f7e58e59b9e2de9354f511e20faa3eeb3745287d8e1e08a60,5c6725bb518a0b2f7e58e59b9e2de9354f511e20faa3eeb3745287d8e1e08a60,9ff82d1726626a908a10176c3ad1d3587947a0a721a1490daa79825c2506dd29,aligned_with_safety_augmentation,false
ncb-external-transfer-092cd51bcb5448d7,ncb-external-transfer-092cd51bcb5448d7,092cd51bcb5448d733b56f9f575e9408342772b0c4744746991ea25c18cddf68,092cd51bcb5448d733b56f9f575e9408342772b0c4744746991ea25c18cddf68,bd3ddaf56e9032d6155c6041b4ff21d5664b86d3a079c7447fdf3361cbda933d,aligned_with_safety_augmentation,false
ncb-external-transfer-12f6919745623d9a,ncb-external-transfer-12f6919745623d9a,12f6919745623d9ae92aec900c1af98d80fb2e7cad3c02d62f5620f74c97dca7,12f6919745623d9ae92aec900c1af98d80fb2e7cad3c02d62f5620f74c97dca7,d99250dd5fdee3cfd1bf95b8aba0c7aba750e348bdcc082e468cb45970ab8073,aligned_with_safety_augmentation,false
ncb-external-transfer-12ff5dcc555c8bea,ncb-external-transfer-12ff5dcc555c8bea,27c9abc94de2e24b045b1c8d8bb04760140e390c2e83cf7a21674ebfeea4fff7,27c9abc94de2e24b045b1c8d8bb04760140e390c2e83cf7a21674ebfeea4fff7,ce8a968acf11e5061c37f491c6afa33d3e3bdac4100ba7b187d6d558d88e0705,aligned_with_safety_augmentation,false
ncb-external-transfer-192c0c6505c9c7e0,ncb-external-transfer-192c0c6505c9c7e0,b7e590b3f843672aa68f8a9c8a3eb94f08d2fc57c5fa09deeac0be38d8512952,b7e590b3f843672aa68f8a9c8a3eb94f08d2fc57c5fa09deeac0be38d8512952,29a3bfdaedf0db9e3e15204c4957260ce2cb4aba2461f907c5856820a9e828fb,aligned_with_safety_augmentation,false
ncb-external-transfer-1e7fffb19e2ebfda,ncb-external-transfer-045d9f98883becc4,5c6725bb518a0b2f7e58e59b9e2de9354f511e20faa3eeb3745287d8e1e08a60,5c6725bb518a0b2f7e58e59b9e2de9354f511e20faa3eeb3745287d8e1e08a60,86e9868a7783ad9814fd177d0d8a1599528fecdde157911a867cd4d94814b164,aligned_with_safety_augmentation,false
ncb-external-transfer-21a9351a0c613d68,ncb-external-transfer-21a9351a0c613d68,65b1b4ecc86db12071e7bd911838358945c5c42d9f1573c3c3611f7edcc546fe,65b1b4ecc86db12071e7bd911838358945c5c42d9f1573c3c3611f7edcc546fe,1138deee7c35c43d3586d6d64a3dabb1e462c2e7f28af2a990f530490c6561f5,aligned_with_safety_augmentation,false
ncb-external-transfer-22ebf702279a5672,ncb-external-transfer-22ebf702279a5672,3d1e623299db773bfd79031bfe61c5a0f4e1e94db10cd2e98add7457694f24dd,3d1e623299db773bfd79031bfe61c5a0f4e1e94db10cd2e98add7457694f24dd,4a42ace186129a0c3ca3c63e61b87a31932df927a597f2435f1e9a257ac1e5fd,aligned_with_safety_augmentation,false
ncb-external-transfer-2bd6d96052019d32,ncb-external-transfer-2bd6d96052019d32,2bd6d96052019d32457a88cd70f20e161ad4e66f4e80dd0341a62eb8fda48df9,2bd6d96052019d32457a88cd70f20e161ad4e66f4e80dd0341a62eb8fda48df9,1f9ae5fe25dde3265f4410daf84cefbd872f59b5af2e51dec32eb2b2ca765171,aligned_with_safety_augmentation,false
ncb-external-transfer-2ef4c0bcc46bed37,ncb-external-transfer-2ef4c0bcc46bed37,afede2371ee08acf4ebe70e2cc5ef0a6530e8aa525e66d2c4f67e7387b8c8388,afede2371ee08acf4ebe70e2cc5ef0a6530e8aa525e66d2c4f67e7387b8c8388,8ff1ca3db31b406c023cfdc9de001993238a7742fecf3f4f7e6de799583a1d08,aligned_with_safety_augmentation,false
ncb-external-transfer-2f7044d63c6a8771,ncb-external-transfer-2f7044d63c6a8771,2f7044d63c6a87710a3996bf92aed7d41ec29d7e1af4714b6f9c1a0eced44216,2f7044d63c6a87710a3996bf92aed7d41ec29d7e1af4714b6f9c1a0eced44216,1e5bd0d1bd3151de74c6b50459f82a43d6b69da3dff6af5839abcc225b6080b1,non_executable,true
ncb-external-transfer-3368778ccb30dbe8,ncb-external-transfer-3368778ccb30dbe8,3368778ccb30dbe804567ee9703c1619a73432aba9ce742095928a37022d8251,3368778ccb30dbe804567ee9703c1619a73432aba9ce742095928a37022d8251,c259c860e7ad322176f7a9738bb2b05e696db11afb937c289d855763d7d5b754,aligned_with_safety_augmentation,false
ncb-external-transfer-34b0d6368d06370a,ncb-external-transfer-34b0d6368d06370a,34b0d6368d06370a0ad2f1f57784c27ece0112459c0a437df60c2544aa031708,34b0d6368d06370a0ad2f1f57784c27ece0112459c0a437df60c2544aa031708,e1ac5f2ea2798663142a611fb254c5c874ba738a6c2ece02c455b8ef05707275,aligned_with_safety_augmentation,false
ncb-external-transfer-36b84e80d6c50012,ncb-external-transfer-36b84e80d6c50012,36b84e80d6c50012527c3eb85ca6807bc1e8356f011bbcb381a666666c6c4896,36b84e80d6c50012527c3eb85ca6807bc1e8356f011bbcb381a666666c6c4896,00547a68cc283ea3dc30e823c0969d283de642e4423f6948b7aa99f409a3511b,aligned_with_safety_augmentation,false
ncb-external-transfer-3ecc90fbaac44bfe,ncb-external-transfer-3ecc90fbaac44bfe,ac14eb752018c2b066fd270067a2c6e97d60ece296274f08e5f792c27a25fb20,ac14eb752018c2b066fd270067a2c6e97d60ece296274f08e5f792c27a25fb20,633b7a60ce7053b270c5f84c3f9d1de863f22ad507e42202836c71efb0a5b094,aligned_with_safety_augmentation,false
ncb-external-transfer-40424cb07a1c4591,ncb-external-transfer-2ef4c0bcc46bed37,afede2371ee08acf4ebe70e2cc5ef0a6530e8aa525e66d2c4f67e7387b8c8388,afede2371ee08acf4ebe70e2cc5ef0a6530e8aa525e66d2c4f67e7387b8c8388,48c883ab4416ff941fa78edfb07296b7b5e099737c5b2743b6780eedfd3cdde8,aligned_with_safety_augmentation,false
ncb-external-transfer-41a540435c5c78bc,ncb-external-transfer-41a540435c5c78bc,66984b6d6f418fec08df7648cc0d69fce52b12d7602e9ca795bd2a11c20fa3e8,66984b6d6f418fec08df7648cc0d69fce52b12d7602e9ca795bd2a11c20fa3e8,2ea86ad7653b51850f171ad22fdf0fa4309290176b97d4d2ce94d089df7bb512,aligned_with_safety_augmentation,false
ncb-external-transfer-449e7b4f8e2900f2,ncb-external-transfer-449e7b4f8e2900f2,b438e68421f62598f6144a98276d5070cf53e61708b4ffaeca54f0db418f9a10,b438e68421f62598f6144a98276d5070cf53e61708b4ffaeca54f0db418f9a10,f7e67ab2c56e8e9a6c4c064c877de70de70c020630843e20a3199a87dbb480d6,aligned_with_safety_augmentation,false
ncb-external-transfer-4f545e6dc827f451,ncb-external-transfer-4f545e6dc827f451,606cbc9e2a0469071a69378c251e92a1f730bcfd089b44998ba2b1244e1335b2,606cbc9e2a0469071a69378c251e92a1f730bcfd089b44998ba2b1244e1335b2,62627f4c4958f2e6d755afe24678846d565b76e8bce130b79462859512819ff9,aligned_with_safety_augmentation,false
ncb-external-transfer-519cea18ebc0e980,ncb-external-transfer-449e7b4f8e2900f2,b438e68421f62598f6144a98276d5070cf53e61708b4ffaeca54f0db418f9a10,b438e68421f62598f6144a98276d5070cf53e61708b4ffaeca54f0db418f9a10,f8fe8cb69c9fb7ccdba0d73c0bcf0f6063f689ef146ade155eaf4e22ece875e7,aligned_with_safety_augmentation,false
ncb-external-transfer-530077d063ef312f,ncb-external-transfer-530077d063ef312f,530077d063ef312f6a683fe9a1bfff83b60f53404def8517eeb191797806f8f2,530077d063ef312f6a683fe9a1bfff83b60f53404def8517eeb191797806f8f2,18b4a7fabf4d335faf8a3f74ae4791c1c20d84274d426247357234d25068fed3,aligned_with_safety_augmentation,false
ncb-external-transfer-54ee5bbdf18fb340,ncb-external-transfer-54ee5bbdf18fb340,54ee5bbdf18fb340fbf27b0818d752105993d52e8ffda15d7bfb15293e12da3d,54ee5bbdf18fb340fbf27b0818d752105993d52e8ffda15d7bfb15293e12da3d,d532a485bd849c0cb45037641ea80736f0f6016a0d923265466b91e9eb0dc5c0,aligned_with_safety_augmentation,false
ncb-external-transfer-569510b14fd88380,ncb-external-transfer-569510b14fd88380,cb99d85c37156d750cd33985f727208fc6076a59810b54ccaa0af4a96d96981d,cb99d85c37156d750cd33985f727208fc6076a59810b54ccaa0af4a96d96981d,192b85735de738f271e56b695f37cf547495898511dd37450a7a6495578dfd6a,aligned_with_safety_augmentation,false
ncb-external-transfer-5794ca4d9a4f492b,ncb-external-transfer-5794ca4d9a4f492b,5794ca4d9a4f492b604df75e21a70452f997e1068093f33ff92a5cd7c5105b7f,5794ca4d9a4f492b604df75e21a70452f997e1068093f33ff92a5cd7c5105b7f,29d4a397de717b443ff164f79535880a17ca14137a5ea81c5b218276f867b10f,aligned_with_safety_augmentation,false
ncb-external-transfer-58774413687b61b9,ncb-external-transfer-58774413687b61b9,dfa0f5e86b3c68f93619ad4aa1274d453d21a2b1ad07ca6af78718c19cb19126,dfa0f5e86b3c68f93619ad4aa1274d453d21a2b1ad07ca6af78718c19cb19126,16b0d66ed68c3e2205bf6846efc5258a02ff5dbeaca00ff5fca931f8fb3cbc57,aligned_with_safety_augmentation,false
ncb-external-transfer-5af9bf04d56e19b5,ncb-external-transfer-12ff5dcc555c8bea,27c9abc94de2e24b045b1c8d8bb04760140e390c2e83cf7a21674ebfeea4fff7,27c9abc94de2e24b045b1c8d8bb04760140e390c2e83cf7a21674ebfeea4fff7,f347e0b240fbf9d68f8d65ffb67ba9975da74fd8af117f3636aeaf659952eb8e,aligned_with_safety_augmentation,false
ncb-external-transfer-5c6b7dd9eaefdd3e,ncb-external-transfer-192c0c6505c9c7e0,b7e590b3f843672aa68f8a9c8a3eb94f08d2fc57c5fa09deeac0be38d8512952,b7e590b3f843672aa68f8a9c8a3eb94f08d2fc57c5fa09deeac0be38d8512952,9a7478efb94e1296e4d76c03e14545a575181c02757ae40470cb54cac1947ad7,aligned_with_safety_augmentation,false
ncb-external-transfer-5f9f5d74554e0614,ncb-external-transfer-5f9f5d74554e0614,5f9f5d74554e0614286247e539df77c7447f9be85173123171ae3ae0c09a6c6d,5f9f5d74554e0614286247e539df77c7447f9be85173123171ae3ae0c09a6c6d,fc40873185b4f9f779a876ccc611d5fbd3a59b20501bc1d1096453c6ffbbf139,aligned_with_safety_augmentation,false
ncb-external-transfer-5fb11c517888b8d9,ncb-external-transfer-5fb11c517888b8d9,5fb11c517888b8d924cd8c19b347ccae0ef25f2697b27fdb07d9a8351a9baab6,5fb11c517888b8d924cd8c19b347ccae0ef25f2697b27fdb07d9a8351a9baab6,732c2064c4edc92cc22ed5b4500af374e55068b627f59ba4428179335064ef5c,aligned_with_safety_augmentation,false
ncb-external-transfer-649b7ce33d1e5139,ncb-external-transfer-21a9351a0c613d68,65b1b4ecc86db12071e7bd911838358945c5c42d9f1573c3c3611f7edcc546fe,65b1b4ecc86db12071e7bd911838358945c5c42d9f1573c3c3611f7edcc546fe,96558dcc467dbf58db445846feb07ebc75f76124470b1869c53ae2707ba3fd4f,aligned_with_safety_augmentation,false
ncb-external-transfer-6a1fd39ef4326482,ncb-external-transfer-6a1fd39ef4326482,73747f0cddc3039ef2f721bcbb1f7c47c6c634c7bc996bbaa9edc229f715aefb,73747f0cddc3039ef2f721bcbb1f7c47c6c634c7bc996bbaa9edc229f715aefb,c3f329ae2cc3045109c5a6c3051b95fb3d9edb309895ea869b08896d5cd32f40,aligned_with_safety_augmentation,false
ncb-external-transfer-6c51801ff315cd4f,ncb-external-transfer-6c51801ff315cd4f,e564a621e4371feb2bf65ed392edd8a05f416d9d447ddce9d5b0f15a4012e8ea,e564a621e4371feb2bf65ed392edd8a05f416d9d447ddce9d5b0f15a4012e8ea,5144d27e87d735c369a9087cd657070017727b610b63676f3d2722bf228bcc6c,aligned_with_safety_augmentation,false
ncb-external-transfer-6e7550292e8dbaff,ncb-external-transfer-6e7550292e8dbaff,6e7550292e8dbaffab7a229a2ba0bc03e8ef2a064499fe89097f4d6d9624eab8,6e7550292e8dbaffab7a229a2ba0bc03e8ef2a064499fe89097f4d6d9624eab8,d64de9d68f1672c913da6ca1dfe2ae02c5d2c5c243535c78b112ae72f0809a01,aligned_with_safety_augmentation,false
ncb-external-transfer-6e919234505c3841,ncb-external-transfer-6e919234505c3841,6e919234505c3841b986a1832bc46d64f6b367352b038401c386249bf3bc8b83,6e919234505c3841b986a1832bc46d64f6b367352b038401c386249bf3bc8b83,8e3711f519b4fd59b1ee0b9362eb0fed62785982f264e71c217d4926732d8ffb,aligned_with_safety_augmentation,false
ncb-external-transfer-717b76df43cc7ce7,ncb-external-transfer-717b76df43cc7ce7,717b76df43cc7ce783428377f6663c8a8242b0602301306d5513c88ac53c39d3,717b76df43cc7ce783428377f6663c8a8242b0602301306d5513c88ac53c39d3,b379d42006306c06e4177d96b6510ecdb62aca0d104732edf708e1778b13b0e3,aligned_with_safety_augmentation,false
ncb-external-transfer-75d84aea42f71e47,ncb-external-transfer-75d84aea42f71e47,75d84aea42f71e47f0246ca3b151b088e8ef3fce123bb1930a1f0227b349dbbf,75d84aea42f71e47f0246ca3b151b088e8ef3fce123bb1930a1f0227b349dbbf,e64fc8b4b7bf8b0a874f9c91cd623804eae7642306f52cb04fc0f0542acba5dc,aligned_with_safety_augmentation,false
ncb-external-transfer-79370db65226ca4e,ncb-external-transfer-79370db65226ca4e,1cd72258063ae306c874c4f2a900ff8d720999ae59b6f4edf132663ef97afab0,1cd72258063ae306c874c4f2a900ff8d720999ae59b6f4edf132663ef97afab0,68648c24e14bfea390f99d3cd81afe3c17d560e19560ee93efbe636e11f4487f,aligned_with_safety_augmentation,false
ncb-external-transfer-7f37d5578b3cc678,ncb-external-transfer-7f37d5578b3cc678,7f37d5578b3cc678c580754daec1b63b7cd7488813df0e26efb5b34b92a2a8f6,7f37d5578b3cc678c580754daec1b63b7cd7488813df0e26efb5b34b92a2a8f6,09d14d1b9ac5fdbe48ab201317aab5b736988dc40d6ff0e862ca838bb466865f,aligned_with_safety_augmentation,false
ncb-external-transfer-87da7810f0a4515f,ncb-external-transfer-87da7810f0a4515f,87da7810f0a4515fd25c6bb74f6a951494e20c38fdf8988d2b3836d369932721,87da7810f0a4515fd25c6bb74f6a951494e20c38fdf8988d2b3836d369932721,3daff46b1e6aee8357aa368c0c57906f78a4c1f9d6a011bb2b81342e0bc0fe40,aligned_with_safety_augmentation,false
ncb-external-transfer-89a3d773c1c9f79a,ncb-external-transfer-89a3d773c1c9f79a,89a3d773c1c9f79a4712c25306cd05d5d4e2c0a3aa7a55fe0058099c18922dbe,89a3d773c1c9f79a4712c25306cd05d5d4e2c0a3aa7a55fe0058099c18922dbe,70b6e69485b06fcde8ea25df35276c27d33dc0adb1abd6267df507d95cb457cd,aligned_with_safety_augmentation,false
ncb-external-transfer-8a63ea377d95958e,ncb-external-transfer-8a63ea377d95958e,8a63ea377d95958e3b3536ba261c1af8ce07ca37dc78ed751501c82f03a8f0eb,8a63ea377d95958e3b3536ba261c1af8ce07ca37dc78ed751501c82f03a8f0eb,98a2ea90a3062fc789dae0648a096080e92a931adc16e88a675f8f733844d471,aligned_with_safety_augmentation,false
ncb-external-transfer-913498386bc29d4b,ncb-external-transfer-913498386bc29d4b,913498386bc29d4b2b3c583e5816a5a09b3b17ebbe76c36fc84136301f8a9c9d,913498386bc29d4b2b3c583e5816a5a09b3b17ebbe76c36fc84136301f8a9c9d,c9a7495fe96a9e9cd05698659acf7af038028deb67f49f51d9561829475dbdb3,aligned_with_safety_augmentation,false
ncb-external-transfer-92410531cc87b1c8,ncb-external-transfer-92410531cc87b1c8,177eb50cd5631fb9eedb233479913432dd89571b2ad2397f1156ff24579db4db,177eb50cd5631fb9eedb233479913432dd89571b2ad2397f1156ff24579db4db,53884c395d6eca8399c143d028bf77319139b0ac7ed39dce3d56cf03b8322138,aligned_with_safety_augmentation,false
ncb-external-transfer-9345083b10556ec3,ncb-external-transfer-9345083b10556ec3,236d9e863eca8dbbec9a7a6666c1537b22dcdd7218f3dabcdc6a0f59e0bf8511,236d9e863eca8dbbec9a7a6666c1537b22dcdd7218f3dabcdc6a0f59e0bf8511,506d430c1bbc4c4de013342e4a78c10bb7664e60c242cee4cf970c568fe960ef,aligned_with_safety_augmentation,false
ncb-external-transfer-94dea5dc0bc79c8c,ncb-external-transfer-94dea5dc0bc79c8c,07b5ce391445bb3372d9a20b6547a7aa28b023d95441930e2ded99807341354d,07b5ce391445bb3372d9a20b6547a7aa28b023d95441930e2ded99807341354d,f0b6912c7bf1508bd7d141320b5ea0a5abad91d67669fd462bd5f9b896007f86,aligned_with_safety_augmentation,false
ncb-external-transfer-963d6d126e015ed1,ncb-external-transfer-963d6d126e015ed1,963d6d126e015ed1951ca4a09d65a38f7950d95a1ab654aaa720d117ad228067,963d6d126e015ed1951ca4a09d65a38f7950d95a1ab654aaa720d117ad228067,98dfdae5060fcf8fee6118781f30ba26fcdad304cd93f33397925db47fa49a21,aligned_with_safety_augmentation,false
ncb-external-transfer-9c7a47dbebfe1759,ncb-external-transfer-9c7a47dbebfe1759,9c7a47dbebfe1759a0b310c27fec449c761d034846196c9372d436a7fa570a34,9c7a47dbebfe1759a0b310c27fec449c761d034846196c9372d436a7fa570a34,d20f98d5266325de494f1804636bb9f8f0b44c8f3c95f5c72a0c6e0217a6de96,aligned_with_safety_augmentation,false
ncb-external-transfer-9d32643d277fdfd0,ncb-external-transfer-2ef4c0bcc46bed37,afede2371ee08acf4ebe70e2cc5ef0a6530e8aa525e66d2c4f67e7387b8c8388,afede2371ee08acf4ebe70e2cc5ef0a6530e8aa525e66d2c4f67e7387b8c8388,d95ef662222eef7b55f83f664384c6341b82a7156b718f5f02b948984b32e265,aligned_with_safety_augmentation,false
ncb-external-transfer-a614b9f9882504d0,ncb-external-transfer-a614b9f9882504d0,38047a99569b8c6d055c31fb9abf1854bfbd9362cd6d3226a4899c89e0fe2efc,38047a99569b8c6d055c31fb9abf1854bfbd9362cd6d3226a4899c89e0fe2efc,dfea690d6dd034fb03620c86b742540b961f7b6919db72dbf1cdbd02499477a7,aligned_with_safety_augmentation,false
ncb-external-transfer-a8646216db807141,ncb-external-transfer-a8646216db807141,a8646216db807141e5fa3c071adb36cd3d38b0fb6f84bd96d6b97235462c4ac9,a8646216db807141e5fa3c071adb36cd3d38b0fb6f84bd96d6b97235462c4ac9,b81ec785bd815a834d8aa82d51f348c634933b400748f10de01989883c477ec3,aligned_with_safety_augmentation,false
ncb-external-transfer-aab29b1d1c0b92a5,ncb-external-transfer-aab29b1d1c0b92a5,aab29b1d1c0b92a5c132c069f6bc9307fa1031eca7947b82074e5f12139cb771,aab29b1d1c0b92a5c132c069f6bc9307fa1031eca7947b82074e5f12139cb771,a0e37384366f94dc1f7efe006914db1bf78613afcbdec8780c40b58e840e8745,aligned_with_safety_augmentation,false
ncb-external-transfer-ab77063a4fdea473,ncb-external-transfer-6a1fd39ef4326482,73747f0cddc3039ef2f721bcbb1f7c47c6c634c7bc996bbaa9edc229f715aefb,73747f0cddc3039ef2f721bcbb1f7c47c6c634c7bc996bbaa9edc229f715aefb,75906882c61d889917761088c06bbc15278730b8efa80f8bca729b1b61842a7f,aligned_with_safety_augmentation,false
ncb-external-transfer-add0ae4efa4206f4,ncb-external-transfer-add0ae4efa4206f4,add0ae4efa4206f49f2421138d0bb744804c31fec995dfaef3c8e06aac745949,add0ae4efa4206f49f2421138d0bb744804c31fec995dfaef3c8e06aac745949,45fb4804360fed716a78a25ddb5ee62880f9666d8aa289cc463f7f86a2a1eb10,aligned_with_safety_augmentation,false
ncb-external-transfer-aebaac8d15a9b19e,ncb-external-transfer-aebaac8d15a9b19e,3302e51001b304ed08457ae41ef9228099d2f46a58040060f91bae9929948aa1,3302e51001b304ed08457ae41ef9228099d2f46a58040060f91bae9929948aa1,35e57089d90a1918400826c90111c94f69426662216c569411e8392494c6e4ec,aligned_with_safety_augmentation,false
ncb-external-transfer-b1dc960ff4956e21,ncb-external-transfer-192c0c6505c9c7e0,b7e590b3f843672aa68f8a9c8a3eb94f08d2fc57c5fa09deeac0be38d8512952,b7e590b3f843672aa68f8a9c8a3eb94f08d2fc57c5fa09deeac0be38d8512952,693f7a6145cf36a704dc7b06fc6b51b357bd3f4cd0eae0da1b7f023420d0d344,aligned_with_safety_augmentation,false
ncb-external-transfer-b779317523837d8a,ncb-external-transfer-94dea5dc0bc79c8c,07b5ce391445bb3372d9a20b6547a7aa28b023d95441930e2ded99807341354d,07b5ce391445bb3372d9a20b6547a7aa28b023d95441930e2ded99807341354d,ad887bae77588f73a60761caa2809fe1c53a3d911a2813cd690b8a8b174f387c,aligned_with_safety_augmentation,false
ncb-external-transfer-b8fb8dbb05332d12,ncb-external-transfer-b8fb8dbb05332d12,b8fb8dbb05332d12269e95853428ee27fe9dc55dcc7002c27e81a5ac83b94e59,b8fb8dbb05332d12269e95853428ee27fe9dc55dcc7002c27e81a5ac83b94e59,fa741a945b42d260005158d1cd289b0c8dd483433e9d7075274f9a62ebf84f68,aligned_with_safety_augmentation,false
ncb-external-transfer-bd91d6374d028fa2,ncb-external-transfer-bd91d6374d028fa2,bd91d6374d028fa2b0bb5214ffa478877487a12d7b56cf7a495d42c306ac0d99,bd91d6374d028fa2b0bb5214ffa478877487a12d7b56cf7a495d42c306ac0d99,7d6f3bbc1c0664e8ee14229ef41c27e1d9a65e696ce299470f12eab5fde10c33,aligned_with_safety_augmentation,false
ncb-external-transfer-bdbc0dfaea605783,ncb-external-transfer-4f545e6dc827f451,606cbc9e2a0469071a69378c251e92a1f730bcfd089b44998ba2b1244e1335b2,606cbc9e2a0469071a69378c251e92a1f730bcfd089b44998ba2b1244e1335b2,b9307d3b0656af85ad22d697a889effcf02a840354c5dc677009f9099404dc5b,aligned_with_safety_augmentation,false
ncb-external-transfer-c4f5cafd4fc66d6e,ncb-external-transfer-c4f5cafd4fc66d6e,0de4e0b71532da554422a891dd54ed5d6985a6f233586a6d545aa5ba3e0b57b6,0de4e0b71532da554422a891dd54ed5d6985a6f233586a6d545aa5ba3e0b57b6,a3cfaf6f116ca3b89ff9e9be919670aa8d21348b6b22a0f9e937ec2c5d21e713,aligned_with_safety_augmentation,false
ncb-external-transfer-c7aca135fad7e95c,ncb-external-transfer-58774413687b61b9,dfa0f5e86b3c68f93619ad4aa1274d453d21a2b1ad07ca6af78718c19cb19126,dfa0f5e86b3c68f93619ad4aa1274d453d21a2b1ad07ca6af78718c19cb19126,a400bea9a40f3542657b3d510eb80e8e754b5a8a7e98cf815b9215393c4f5a7b,aligned_with_safety_augmentation,false
ncb-external-transfer-d39f4693f159c73e,ncb-external-transfer-d39f4693f159c73e,d39f4693f159c73edbb7c2d0af3241a68013ffd7206a68dc948d8d6fadef7861,d39f4693f159c73edbb7c2d0af3241a68013ffd7206a68dc948d8d6fadef7861,b1d4718d0097480d5c32905038687b89f96368d04dc542d5dbd20a9bb293d0bf,aligned_with_safety_augmentation,false
ncb-external-transfer-d4cb2a3952b07dcd,ncb-external-transfer-94dea5dc0bc79c8c,07b5ce391445bb3372d9a20b6547a7aa28b023d95441930e2ded99807341354d,07b5ce391445bb3372d9a20b6547a7aa28b023d95441930e2ded99807341354d,0d4b92dd814eaf7441a12a2e5d8f0dd125aed8c5fe1ae1dd484de8c3953f4682,aligned_with_safety_augmentation,false
ncb-external-transfer-d502bc59cbfea3cf,ncb-external-transfer-d502bc59cbfea3cf,d502bc59cbfea3cf8cda2d29aef62fb06b7709f7e48d6ecb66faf313115e21ec,d502bc59cbfea3cf8cda2d29aef62fb06b7709f7e48d6ecb66faf313115e21ec,b1263d85f4a560761c142f4cbe87c3c7fe87a88df26e1f3ef14fecb1f22dcb85,aligned_with_safety_augmentation,false
ncb-external-transfer-d9c2200f2c768244,ncb-external-transfer-d9c2200f2c768244,d9c2200f2c768244d92d189817b7ffc77290ced3c9e8d3314da7aeaaa4e90944,d9c2200f2c768244d92d189817b7ffc77290ced3c9e8d3314da7aeaaa4e90944,623e6810bddc6d55e0f5bb9b1d7a50d030da88be51ec27b0c8eeee4f015bf722,aligned_with_safety_augmentation,false
ncb-external-transfer-dad971403b2123e4,ncb-external-transfer-6a1fd39ef4326482,73747f0cddc3039ef2f721bcbb1f7c47c6c634c7bc996bbaa9edc229f715aefb,73747f0cddc3039ef2f721bcbb1f7c47c6c634c7bc996bbaa9edc229f715aefb,4d0184d6dde1b72b3d6772bed02c3b0c3078004a90d00196f0d7c86543e5045d,aligned_with_safety_augmentation,false
ncb-external-transfer-ddd73764077ec103,ncb-external-transfer-ddd73764077ec103,ddd73764077ec10348da93d1d35e97680ce187d09150a66d48ab1c7ca7d700bd,ddd73764077ec10348da93d1d35e97680ce187d09150a66d48ab1c7ca7d700bd,cb507c12e98e0c48a27fd4dac9ed7e9597c60339ee4580cb500632786f9cd015,aligned_with_safety_augmentation,false
ncb-external-transfer-e1b87098afcc4a95,ncb-external-transfer-3ecc90fbaac44bfe,ac14eb752018c2b066fd270067a2c6e97d60ece296274f08e5f792c27a25fb20,ac14eb752018c2b066fd270067a2c6e97d60ece296274f08e5f792c27a25fb20,d7edf284c058baf0528a33da1fb39db47c59844783a09aba9afd5617ab657633,aligned_with_safety_augmentation,false
ncb-external-transfer-e60c97d7572df957,ncb-external-transfer-e60c97d7572df957,e60c97d7572df957cdf5dfebc4c3e37ea79df71ebd98929bb7f3c510c02f2301,e60c97d7572df957cdf5dfebc4c3e37ea79df71ebd98929bb7f3c510c02f2301,9d0600146d2fb15941738d4f7a3c900294425ae8438d68fe435554faecd45ebd,aligned_with_safety_augmentation,false
ncb-external-transfer-eaaa2769700eae0e,ncb-external-transfer-eaaa2769700eae0e,eaaa2769700eae0e80a70ab4b04f2ae8fe5e524c5f43d23ef5a8e192b0b69523,eaaa2769700eae0e80a70ab4b04f2ae8fe5e524c5f43d23ef5a8e192b0b69523,7f994ebc658145f09bbcfb73c99b9710e8b3836d43af91fdcff20db068e71dfd,aligned_with_safety_augmentation,false
ncb-external-transfer-ec4fe05bc8c819f7,ncb-external-transfer-ec4fe05bc8c819f7,ec4fe05bc8c819f77f52fc16c1b49bfb65baae47ab32e076bac1d954680a7599,ec4fe05bc8c819f77f52fc16c1b49bfb65baae47ab32e076bac1d954680a7599,f4395d06c9578d1034e9abe5d06d2827e70ee292be7e98cd9e834f1288ffbc67,aligned_with_safety_augmentation,false
ncb-external-transfer-f0df4a825de38600,ncb-external-transfer-41a540435c5c78bc,66984b6d6f418fec08df7648cc0d69fce52b12d7602e9ca795bd2a11c20fa3e8,66984b6d6f418fec08df7648cc0d69fce52b12d7602e9ca795bd2a11c20fa3e8,a02f83f843a7b8cfa1d119e29e2265d9578465d179be8194b68603ea5b9f819f,aligned_with_safety_augmentation,false
ncb-external-transfer-f1d779bf3ff46410,ncb-external-transfer-f1d779bf3ff46410,4f3008493054070d99c337538fdc7b43c7924e3439236c135934493278247503,4f3008493054070d99c337538fdc7b43c7924e3439236c135934493278247503,7f4a270c5c61b59433e305d3ddea5f243b80d7a9e1f6d6909833be7f162fa3c4,aligned_with_safety_augmentation,false
ncb-external-transfer-f244f554b1465256,ncb-external-transfer-aebaac8d15a9b19e,3302e51001b304ed08457ae41ef9228099d2f46a58040060f91bae9929948aa1,3302e51001b304ed08457ae41ef9228099d2f46a58040060f91bae9929948aa1,37b819be864b35ab5f22d01eb51ecc48ec1cd98b2a1e08edd8ae3776c2390106,aligned_with_safety_augmentation,false
ncb-external-transfer-f275be94735f49af,ncb-external-transfer-58774413687b61b9,dfa0f5e86b3c68f93619ad4aa1274d453d21a2b1ad07ca6af78718c19cb19126,dfa0f5e86b3c68f93619ad4aa1274d453d21a2b1ad07ca6af78718c19cb19126,3fd3bd54b2d37bedaf3b44325d10833a3d7793cb5e90a3987fb799fe7af20a0a,aligned_with_safety_augmentation,false
ncb-external-transfer-f4db51596e08aa4e,ncb-external-transfer-f4db51596e08aa4e,f4db51596e08aa4e0830c89f9882979171c69ea3570d1c48501c64f2d35b7a66,f4db51596e08aa4e0830c89f9882979171c69ea3570d1c48501c64f2d35b7a66,fd978b5ae0151f31957186f0712c9d8c4fde4906cf6ff34229da40b56586a592,aligned_with_safety_augmentation,false
ncb-external-transfer-f4e152e984bdd249,ncb-external-transfer-f4e152e984bdd249,f4e152e984bdd249ddb79b28625095a2fb6eeac221687d4c90069ad598fd27ac,f4e152e984bdd249ddb79b28625095a2fb6eeac221687d4c90069ad598fd27ac,c8ce53c26c085c4c7ded241d9055a3093ad43e79715b3e75b45d43985a579831,non_executable,true
ncb-external-transfer-f58df52cceca9d39,ncb-external-transfer-f58df52cceca9d39,f58df52cceca9d39f9fb0be057d9e9c10ebcb6863e2a062a8847bdca42e77de9,f58df52cceca9d39f9fb0be057d9e9c10ebcb6863e2a062a8847bdca42e77de9,ba27ae305e5d2673bb2d612fb3b9f4afb097ca5547af6df938e19c60589c4f69,aligned_with_safety_augmentation,false
ncb-external-transfer-fc18a39ffb8c66fb,ncb-external-transfer-fc18a39ffb8c66fb,fc18a39ffb8c66fb681c83d5e2c382c09f10fb5024d6d1c7f4f8b8860e260f02,fc18a39ffb8c66fb681c83d5e2c382c09f10fb5024d6d1c7f4f8b8860e260f02,60fe191239a61a263493aea1a1a7b286ecea8868d2e3268457dd7a2cfa4c4274,aligned_with_safety_augmentation,false
ncb-external-transfer-fc82caeab42cbb0b,ncb-external-transfer-fc82caeab42cbb0b,fc82caeab42cbb0ba375c7a3cb5f9955c6f293db20dd90fef6283883c8209361,fc82caeab42cbb0ba375c7a3cb5f9955c6f293db20dd90fef6283883c8209361,e6d448c103f6ded476b98d67475bbc33b4e3ce95f27131ccebbe6f597a7671ca,aligned_with_safety_augmentation,false
ncb-pending-34462bc3fe7aad1f,ncb-pending-34462bc3fe7aad1f,,,afbf41464b9fce6ca2feb01e6774b00929aa01d67bc30abc9bbbdcf916a68601,non_executable,true
ncb-pending-47bb812b9cbd8434,ncb-pending-47bb812b9cbd8434,,,9597ad3c016445896abcc0249314fe166790a63773247ca64a04ffb4e8de5f3f,non_executable,true
ncb-pending-4a9f7d09a17c74f8,ncb-pending-4a9f7d09a17c74f8,,,22a5ff9d6af78ac3c60991f0063fa4fffedd02d8349680283e4ee8da6f47081e,non_executable,true
ncb-pending-661468a337ef8336,ncb-pending-661468a337ef8336,,,772d0476519e06fd620f0aae7906cc3931a01bd647d0a83188708363dcdec6e0,non_executable,true
ncb-pending-6f8d67212a205367,ncb-pending-6f8d67212a205367,,,53758ba03f3f27e634bab7ad2b6ed8515007e88d084cd98965c332ec34a3e245,non_executable,true
ncb-pending-936a5d784ee98820,ncb-pending-936a5d784ee98820,,,53fd7bf21ed0097118da019906f3556663499cd898358df1f52fde0c3c1c9609,non_executable,true
ncb-pending-971e3a317a0b72b1,ncb-pending-971e3a317a0b72b1,,,50f11707fa2c40ccf0f1eb8a0028e25b909002f8c9958562d1755cde3da3920f,non_executable,true
ncb-pending-c109790dc989f6d7,ncb-pending-c109790dc989f6d7,,,8e23f2c7a4ffc3f43d22700eee998804250dd049d0bae6d893295c0f1732b068,non_executable,true
ncb-pending-c92eff7950758b43,ncb-pending-c92eff7950758b43,,,260cb2d99ba3cabf4f2f3f511ffc947dc5683fee4dfa46f266543c4113b75abb,non_executable,true
ncb-pending-d98528cc9b996755,ncb-pending-d98528cc9b996755,,,15a8a804f1242ccf904dffb4c425fceb8119508a51e053a94e73afa62112218e,non_executable,true
ncb-scientific-03136ab7c6bb7990,ncb-scientific-03136ab7c6bb7990,03136ab7c6bb7990d987f647394f6865d014527a752393660750e24e0cd5b01d,03136ab7c6bb7990d987f647394f6865d014527a752393660750e24e0cd5b01d,16da99455100e73d7cbf0d1821891a26f50e588e4113c7461a6afac868eb9e9f,aligned_with_safety_augmentation,false
ncb-scientific-042202d5c660975c,ncb-scientific-042202d5c660975c,042202d5c660975ce3b91ee7e685400356d305baaf7cc0193e6cae7f20c340b0,042202d5c660975ce3b91ee7e685400356d305baaf7cc0193e6cae7f20c340b0,271364dcac5fcb50955219f26ffdda02f2480812446fbee6c6e31b269aab528b,aligned_with_safety_augmentation,false
ncb-scientific-047feb6835500e20,ncb-scientific-047feb6835500e20,047feb6835500e20fce6c8866aa5f4319884079d3ece961fffa1950d3f67649b,047feb6835500e20fce6c8866aa5f4319884079d3ece961fffa1950d3f67649b,aef68fdadbfa0011b5691a1ead3ab683040408d7b7f68fc7d6d8f4a466b7a408,aligned_with_safety_augmentation,false
ncb-scientific-05c17620b6ff0817,ncb-scientific-05c17620b6ff0817,05c17620b6ff0817912306ae784d68f40f43538421d7a77238304c5941523117,05c17620b6ff0817912306ae784d68f40f43538421d7a77238304c5941523117,3a2841b6dab54d00ae1fee08edd897a970baa824bb5a81813de4975bf70d6ec0,aligned_with_safety_augmentation,false
ncb-scientific-060910c2dae3c7c0,ncb-scientific-060910c2dae3c7c0,060910c2dae3c7c0bc483bb7456953e7717bc55f016c82a246c15256e99ca483,060910c2dae3c7c0bc483bb7456953e7717bc55f016c82a246c15256e99ca483,9c735d4dc9edc40d7030cd4f4556ebf3845fcc2b93b86bd6cd8b91a15d0c66fa,aligned,false
ncb-scientific-06e24b7117348843,ncb-scientific-06e24b7117348843,06e24b71173488433aa6f5a40a6db8bea7b0468cbafdaa0253d8d8563a1b8453,06e24b71173488433aa6f5a40a6db8bea7b0468cbafdaa0253d8d8563a1b8453,c51c14ab89246e0c5dc85eeba616ebd7c7a82f1294cfd72370525a2e0834ede2,aligned_with_safety_augmentation,false
ncb-scientific-08c6866776e43268,ncb-scientific-08c6866776e43268,08c6866776e432686055fe502dc79eaebce0f6916de3c9ca15c72b7849a8070b,08c6866776e432686055fe502dc79eaebce0f6916de3c9ca15c72b7849a8070b,b76b93e731d6ea39098fb80399504073687d4bc603f27a4bd932f59cfdcda49b,aligned,false
ncb-scientific-08efd1786e5b448a,ncb-scientific-08efd1786e5b448a,08efd1786e5b448a84158f5fd3ce228ce6c198e48d98d9822b46850721e8ef2c,08efd1786e5b448a84158f5fd3ce228ce6c198e48d98d9822b46850721e8ef2c,9763df7a7dd31b105295896e054169d61cc3598bb9a9102307e7c70996ef8888,aligned_with_safety_augmentation,false
ncb-scientific-0945ff60b5d68ba8,ncb-scientific-0945ff60b5d68ba8,0945ff60b5d68ba89a298e0d5c7f9a2de1625b057bca524e15324d9708ecf806,0945ff60b5d68ba89a298e0d5c7f9a2de1625b057bca524e15324d9708ecf806,4cb9377ded9feb6d76bf5054a804e16afeeb4fa9f472aa35762588854bd2d7b8,aligned_with_safety_augmentation,false
ncb-scientific-09903e42ed156c26,ncb-scientific-09903e42ed156c26,09903e42ed156c2690cdbe27471b1d9877a5a23f33b016ead3e1b12870fef1fc,09903e42ed156c2690cdbe27471b1d9877a5a23f33b016ead3e1b12870fef1fc,2b3aaeaee648421d90f5cebc8afa825e590bccaaffd0465c374864d091b40dbb,aligned,false
ncb-scientific-09bce8d2747a588b,ncb-scientific-09bce8d2747a588b,09bce8d2747a588b48e78179d64eef021ef591c62d258c96db87fa1a187763be,09bce8d2747a588b48e78179d64eef021ef591c62d258c96db87fa1a187763be,84af72908c7b8f321c78d60aac374797544378b154f67c119a75696f810078ef,aligned_with_safety_augmentation,false
ncb-scientific-0b054fd85acaa063,ncb-scientific-0b054fd85acaa063,0b054fd85acaa06382e368b06e24cb23876d673dda29faac3b690645e449b6d5,0b054fd85acaa06382e368b06e24cb23876d673dda29faac3b690645e449b6d5,bb0702c42caf974ef7f34c2f9d387c0bf6e1c67a9e7c41134334a9af131dea6b,aligned_with_safety_augmentation,false
ncb-scientific-0bccd4e0b2409e23,ncb-scientific-0bccd4e0b2409e23,0bccd4e0b2409e237c36e6941be3ed85299ce31401a8e95189e7800e5d393c99,89eeb82766aa49d0eae879688b4dcfa871807b5faa70ce3bb14f16084b4beb4c,e29b95fbe57d2d0bc975e13e732b5659c268a8998d0f486786a226e7fff9c820,repairable_contract,true
ncb-scientific-0c04451321f8aa46,ncb-scientific-0c04451321f8aa46,0c04451321f8aa463f1d1bfe0e785823e00d716a57d204c1b000827ea22d686c,0c04451321f8aa463f1d1bfe0e785823e00d716a57d204c1b000827ea22d686c,e908ac047680693321dcbc88a5558e4bce5ce73837d573f26ccd9441514e2c73,aligned_with_safety_augmentation,false
ncb-scientific-0c84ae301c0de1ab,ncb-scientific-0c84ae301c0de1ab,0c84ae301c0de1abddf331f69604f3b8af8886ac64452c7b483f854ee385617a,0c84ae301c0de1abddf331f69604f3b8af8886ac64452c7b483f854ee385617a,9364c7f8a618b162b808f7c05ac5c450034498633f3de5ddda06072cfba642ba,aligned_with_safety_augmentation,false
ncb-scientific-0cdad63325891f3d,ncb-scientific-0cdad63325891f3d,0cdad63325891f3d72ae9d25459e2fb0c7ad22a7911a1534b14c6b1dfdc02f28,0cdad63325891f3d72ae9d25459e2fb0c7ad22a7911a1534b14c6b1dfdc02f28,b147e37145b8404255308206cc5af8896c29428cd9abb5b38d7cb1275b6e32bc,aligned,false
ncb-scientific-0cf9bf17a3cb10a7,ncb-scientific-0cf9bf17a3cb10a7,0cf9bf17a3cb10a706661b585964be67b5928087882dc93e7b80224dac8a3534,0cf9bf17a3cb10a706661b585964be67b5928087882dc93e7b80224dac8a3534,02d7db3556f6fc5a985b97d4310855d18f6e35d6b60b8eb7f60e9a79547a3d76,aligned_with_safety_augmentation,false
ncb-scientific-0d57166941ee6987,ncb-scientific-0d57166941ee6987,0d57166941ee6987a8e94a201d566f6551e2f9cde82cc2d83fe95e4b02d7cf43,0d57166941ee6987a8e94a201d566f6551e2f9cde82cc2d83fe95e4b02d7cf43,a7fab3000d3573d6d3f8433968329d071578091c5586b9190a0c00dba446da14,aligned_with_safety_augmentation,false
ncb-scientific-0efe8c9435d8ffdf,ncb-scientific-0efe8c9435d8ffdf,0efe8c9435d8ffdf5e3a10cd931fb791519373a7a547403b10409137517788bb,0efe8c9435d8ffdf5e3a10cd931fb791519373a7a547403b10409137517788bb,eff33b6c00975fef43f84b9f18b7e38e6bd5b0b73bb12d8e31c36dd245908097,aligned_with_safety_augmentation,false
ncb-scientific-0f508c95b4a3bf2f,ncb-scientific-0f508c95b4a3bf2f,0f508c95b4a3bf2f8378534e90302d62391a9fa42ce7d40f63b60d7d76091c99,0f508c95b4a3bf2f8378534e90302d62391a9fa42ce7d40f63b60d7d76091c99,369145284d194fe1ac5a6007ba75dfe2b1a2f431fdb95d7e0b415b41597567a0,aligned,false
ncb-scientific-0f75dd716dd391af,ncb-scientific-0f75dd716dd391af,0f75dd716dd391af3dbfd69134874358f091080089232bc7dae66b9a3ad52197,0f75dd716dd391af3dbfd69134874358f091080089232bc7dae66b9a3ad52197,da9203f89a31fc2e5af522f18e4027c130229ac1e536986e5b85d1c6502fbcc8,ambiguous_unresolved,true
ncb-scientific-0fba59d9c8075ce0,ncb-scientific-0fba59d9c8075ce0,0fba59d9c8075ce0e6445699e130455b749c5802904fc65688809203764277dd,0fba59d9c8075ce0e6445699e130455b749c5802904fc65688809203764277dd,aa573b98bf3ba778c8e663f5d9dfb744915a24230bbc71733181124f99df9f0a,aligned_with_safety_augmentation,false
ncb-scientific-107375390c1725d9,ncb-scientific-107375390c1725d9,107375390c1725d9e23783f39ce428d1fd3b9ce4be9cf0e594d4be754f8ca7be,107375390c1725d9e23783f39ce428d1fd3b9ce4be9cf0e594d4be754f8ca7be,aec1a2645518fc3ad218f5fdef34b38048a9542a8b085781d7e91feeb982c8f6,aligned,false
ncb-scientific-113ed00f0e74744d,ncb-scientific-113ed00f0e74744d,113ed00f0e74744db73352da4d1cfd37e82cf767a06d5337e03d01bb71cc92a4,113ed00f0e74744db73352da4d1cfd37e82cf767a06d5337e03d01bb71cc92a4,554a74d9315bf8cfe6d04a629796d126dbf2a0d82f46b7799c423392a6f62b3b,aligned_with_safety_augmentation,false
ncb-scientific-1329501baee4943a,ncb-scientific-1329501baee4943a,1329501baee4943a8d1925394f1bd0c531b39a4df9d4412f31a9e326f49d547b,1329501baee4943a8d1925394f1bd0c531b39a4df9d4412f31a9e326f49d547b,34ad74317355f61b0e51248e3cd2fc0fa2e50d4425bd51e8f4a23e584818898f,aligned_with_safety_augmentation,false
ncb-scientific-138026bd7cce20e7,ncb-scientific-138026bd7cce20e7,138026bd7cce20e79ee446546ae110932c552bcf6e4739a76d5c5861dca44b69,138026bd7cce20e79ee446546ae110932c552bcf6e4739a76d5c5861dca44b69,e5049a9b2e8be9fd15f4ecb8e1e7bd6ca6f4184d49b36ac1d7d02807dcbaf8ad,aligned_with_safety_augmentation,false
ncb-scientific-149b1f2aeda4fcb1,ncb-scientific-149b1f2aeda4fcb1,149b1f2aeda4fcb1612b5edd3c9ba5d3fdc4cc18d9c5aa1afa53e32c85ed567e,149b1f2aeda4fcb1612b5edd3c9ba5d3fdc4cc18d9c5aa1afa53e32c85ed567e,4bd4361ba4cf7dc3a6986e8a19a45870dac7fb4eb6849d8f90b89e5b6ad790d7,aligned_with_safety_augmentation,false
ncb-scientific-1518a0abab435142,ncb-scientific-1518a0abab435142,1518a0abab43514213f4d83221121b85df589c0db1f51783ab24f10b187a989c,1518a0abab43514213f4d83221121b85df589c0db1f51783ab24f10b187a989c,2e8ca1fa68a1ceefd584df107b0c74c0f6322971d553a5483aafdc6e3a1c7d14,aligned_with_safety_augmentation,false
ncb-scientific-172d75bcc17dcce9,ncb-scientific-172d75bcc17dcce9,172d75bcc17dcce9c2a8cde3b446b4521935e40d9bee3691b4d574e1b426012d,172d75bcc17dcce9c2a8cde3b446b4521935e40d9bee3691b4d574e1b426012d,801d163072ac548006b03fd8eaa0ff97f01d380f90e7d7c5d906ac4deffc9b43,aligned,false
ncb-scientific-1775e0699f7d950f,ncb-scientific-1775e0699f7d950f,1775e0699f7d950fdfe70ffa2494b3427fbca176a2fb9bd01c5bf5329b7dd39e,1775e0699f7d950fdfe70ffa2494b3427fbca176a2fb9bd01c5bf5329b7dd39e,7673d352e1390cc7192eb6c2ff946377a66e9b24a0fc99e47439342ab500e2f9,aligned_with_safety_augmentation,false
ncb-scientific-1954832d44d0ebd1,ncb-scientific-1954832d44d0ebd1,1954832d44d0ebd153d33a92a73ee22d02a964c7b8fcdadd30845d32219325eb,1954832d44d0ebd153d33a92a73ee22d02a964c7b8fcdadd30845d32219325eb,8bc529b5e9ad12fe39e7c2aac1e087d82346ebf78a63b62520fb568907a30ee9,aligned_with_safety_augmentation,false
ncb-scientific-19802d4080b79f2e,ncb-scientific-19802d4080b79f2e,19802d4080b79f2e8f176ede52b798824d854ec76cd44f5f03a2db90b40b33bc,19802d4080b79f2e8f176ede52b798824d854ec76cd44f5f03a2db90b40b33bc,f68ebdf86b61f4ddf03be5e934baa70b054571d6a60ef6106fab704fdce6791c,aligned_with_safety_augmentation,false
ncb-scientific-1b8a8b0d4ec2f528,ncb-scientific-1b8a8b0d4ec2f528,1b8a8b0d4ec2f5286857565cc3b20b69b0e31e8b7a6ef26b710a5387f2b28f93,1b8a8b0d4ec2f5286857565cc3b20b69b0e31e8b7a6ef26b710a5387f2b28f93,1504487b6b62f6f843c36f09dac3d721baac3e9b0d8f05b3f0e4d736f4ff2dd7,aligned_with_safety_augmentation,false
ncb-scientific-1bc0eeed8b9a00bc,ncb-scientific-1bc0eeed8b9a00bc,1bc0eeed8b9a00bcce2b16c492833a958ed447237b1b30b729a3a74a70d428bf,1bc0eeed8b9a00bcce2b16c492833a958ed447237b1b30b729a3a74a70d428bf,53bbcf6a2b0a61878655e2e0d64b3a5ac9128bdced0680878f27860708d8d09a,aligned_with_safety_augmentation,false
ncb-scientific-1c1c6743a2aa1468,ncb-scientific-1c1c6743a2aa1468,1c1c6743a2aa1468c93471f6988cf5936bf1fb3c13e4c18b848baf0a07b06338,1c1c6743a2aa1468c93471f6988cf5936bf1fb3c13e4c18b848baf0a07b06338,f19f3c6e8e272e3ddeceed3b9fb2295a0c311583fb57009972a182a05ba2e34c,aligned,false
ncb-scientific-1c4bb13eab05e379,ncb-scientific-1c4bb13eab05e379,1c4bb13eab05e37903f684a6f8836eb4046bdfd60c0337e4be303461922306ff,1c4bb13eab05e37903f684a6f8836eb4046bdfd60c0337e4be303461922306ff,beb1e5dda51a98cabaa46ec34d86bd89da9389294f841f74428546b35a7a1b1c,aligned,false
ncb-scientific-1d2a9e0f4f0b8bc3,ncb-scientific-1d2a9e0f4f0b8bc3,1d2a9e0f4f0b8bc35fe53e1c18e110f8965f0dbb01897b1aba0cbe4d193e5821,1d2a9e0f4f0b8bc35fe53e1c18e110f8965f0dbb01897b1aba0cbe4d193e5821,8b20c9be920cca4814ccd228983288411d29bafc0dc4294a7aee1addbfc71e56,aligned_with_safety_augmentation,false
ncb-scientific-1d647c3ac871d92d,ncb-scientific-1d647c3ac871d92d,1d647c3ac871d92db5716b0119f805a94946d0e1cf26c683be44b13e0777834b,1d647c3ac871d92db5716b0119f805a94946d0e1cf26c683be44b13e0777834b,6d7d02b1972c0278dbd2f8b53e899938f076fa6dd4ba949f65a98971918b1218,aligned_with_safety_augmentation,false
ncb-scientific-1d82194a9c52b4fa,ncb-scientific-1d82194a9c52b4fa,1d82194a9c52b4fa5071ac4e2534c4dcf3c59a3ec7bc0186d85580ca6cd85358,1d82194a9c52b4fa5071ac4e2534c4dcf3c59a3ec7bc0186d85580ca6cd85358,867c969c3d97b711092991763d36949ea8dbefe84489dd86581ae4a78ea7f166,aligned,false
ncb-scientific-1f13a7aee9fc1c7d,ncb-scientific-1f13a7aee9fc1c7d,1f13a7aee9fc1c7dc1187efe86c3068be853653eb4050183fac5bcb492b8bbe3,1f13a7aee9fc1c7dc1187efe86c3068be853653eb4050183fac5bcb492b8bbe3,a7582fe59f3c1108a53f9b0392fd54e28cdc347df002104cb19fb7806e102792,aligned_with_safety_augmentation,false
ncb-scientific-1f634e71dd689f9b,ncb-scientific-1f634e71dd689f9b,1f634e71dd689f9bf628ab2462201c44d5996f29424ad3bb244eae08906e402b,1f634e71dd689f9bf628ab2462201c44d5996f29424ad3bb244eae08906e402b,56db717c9ee711689f24e42842466bbde7048f7ace307c60d095601ab786f3b4,aligned_with_safety_augmentation,false
ncb-scientific-1f683beae6c7e55d,ncb-scientific-1f683beae6c7e55d,1f683beae6c7e55d7bddcf82f4a7904b91a09d5c9ed58f28b3c66a3f9095c2e5,19edb47c02cb0036902de8292dde8fb20838f917fb06cdbf7e5e5eba5b6d0add,ee2a6df5254c62baacc392591ef05884c78e53b28a133f5c94d9b2cdba1ed90d,repairable_contract,true
ncb-scientific-1f9b7b9991250bd7,ncb-scientific-1f9b7b9991250bd7,1f9b7b9991250bd79fc9033f2a5b7c572c78ef720a49515d03a284e3899b70d3,1f9b7b9991250bd79fc9033f2a5b7c572c78ef720a49515d03a284e3899b70d3,9daf31b295166f85b24a8dd69d534c7b295991f845021cb2a8b9bc20394544fa,aligned_with_safety_augmentation,false
ncb-scientific-206dd8d45a4d9d89,ncb-scientific-206dd8d45a4d9d89,206dd8d45a4d9d891eb2644f5acdf1aeb9a4d894209c6c0c3142e2a74481d2e3,206dd8d45a4d9d891eb2644f5acdf1aeb9a4d894209c6c0c3142e2a74481d2e3,9a8b3ada48613ae7ef76b281498919c153b6d6f8b7b95da20a56fc642bf02251,aligned_with_safety_augmentation,false
ncb-scientific-2290e2c4612f7606,ncb-scientific-2290e2c4612f7606,2290e2c4612f7606a50c7a7de849ae8a00aa0d67c1cb0d41adda7d27c1cec0f3,2290e2c4612f7606a50c7a7de849ae8a00aa0d67c1cb0d41adda7d27c1cec0f3,25c46966a02fefcc882cd492f918798f98d9d71b135b2cc888744d40d8bc6252,aligned_with_safety_augmentation,false
ncb-scientific-22dfa8274c94ef0c,ncb-scientific-22dfa8274c94ef0c,22dfa8274c94ef0ca691e86a84e9cb6284654e84187bed2471b78d817f606736,22dfa8274c94ef0ca691e86a84e9cb6284654e84187bed2471b78d817f606736,f8001f9638296fa035396584e9210d4a5da27ed329a22784386b2193305946b6,ambiguous_unresolved,true
ncb-scientific-2387b1cf701bf90b,ncb-scientific-2387b1cf701bf90b,2387b1cf701bf90b90bf70f3c5c04dbfec0b9625401e8f33be140f88ea2a6f70,2387b1cf701bf90b90bf70f3c5c04dbfec0b9625401e8f33be140f88ea2a6f70,052d4271cd94696fdf3be177c92ef98b16de9bc3d135bdacfb767bed7ea640a3,aligned,false
ncb-scientific-23a83dcb8dd0287e,ncb-scientific-23a83dcb8dd0287e,23a83dcb8dd0287e82e81be378cb004bce79a5325cd73ba2c55edfee8113d52d,23a83dcb8dd0287e82e81be378cb004bce79a5325cd73ba2c55edfee8113d52d,171a3cc3dbdf8c1b7c23a009735fbf4287cfb98beaf7f8702212c8a20b5ee413,aligned,false
ncb-scientific-23b8d8c0265298fd,ncb-scientific-23b8d8c0265298fd,23b8d8c0265298fd242715da197614417003ea5efbb70bf6b292cb27ea990f0d,23b8d8c0265298fd242715da197614417003ea5efbb70bf6b292cb27ea990f0d,8ad7a82f158a2d7ce90d1f4b1e40fa635898ef732422facd8fee869099265a14,aligned,false
ncb-scientific-23d61a93cc5dbec1,ncb-scientific-23d61a93cc5dbec1,23d61a93cc5dbec1201748d85be106d526d3eb4bc7a44e09052d181d46ae110f,23d61a93cc5dbec1201748d85be106d526d3eb4bc7a44e09052d181d46ae110f,443dbcf9d09f16243dbaca1f851098003f4ae5640f251b4c1b5a0812be068eb3,aligned,false
ncb-scientific-23e29f207b2ce118,ncb-scientific-23e29f207b2ce118,23e29f207b2ce118eb82e467460690afed63ed3a697ca7d5dfef098e03af6fdd,23e29f207b2ce118eb82e467460690afed63ed3a697ca7d5dfef098e03af6fdd,11ae38191c89ac95c09ea91b8f2be1345ff0c3caca32d471c878afa4fb058a31,aligned,false
ncb-scientific-24de654ccd87dce2,ncb-scientific-24de654ccd87dce2,24de654ccd87dce2402ee3e06841e2aa84bb5b939fe17e0a081e3e3fe8dd97e2,24de654ccd87dce2402ee3e06841e2aa84bb5b939fe17e0a081e3e3fe8dd97e2,ae0a6b3718b50be78aae2dfd1414ea0c8575b50352ce883304c031787c5bd369,aligned_with_safety_augmentation,false
ncb-scientific-25e7ef2da7f86162,ncb-scientific-25e7ef2da7f86162,25e7ef2da7f86162e17db3c87a2a749b660109283b81fcff23254154c04df77b,25e7ef2da7f86162e17db3c87a2a749b660109283b81fcff23254154c04df77b,a8a905b9783b229f4ecd04dd95f62381cccb2c1461d6de7a1fb057aa329dc761,aligned_with_safety_augmentation,false
ncb-scientific-266504b3d4e53721,ncb-scientific-266504b3d4e53721,266504b3d4e53721e07a0d77932a5254a3379c3ddf34b0dc44aeea4c4b4cb67d,266504b3d4e53721e07a0d77932a5254a3379c3ddf34b0dc44aeea4c4b4cb67d,30fec9a8456c7a1a81f49d28b613b729ca6541e03089a86ccdeeae00b8686a65,aligned_with_safety_augmentation,false
ncb-scientific-2a373f053e882288,ncb-scientific-2a373f053e882288,2a373f053e8822881dab40e7c242d78c2c729156c584d8a69c506f7d761a324d,2a373f053e8822881dab40e7c242d78c2c729156c584d8a69c506f7d761a324d,afa512044cc1bdb393d75cd9911a6c922a49288cb8ebde8b3736a98953668fca,ambiguous_unresolved,true
ncb-scientific-2a5d5bc83ab86134,ncb-scientific-2a5d5bc83ab86134,2a5d5bc83ab8613499aab2ac0e974ec72a4dd0f1099d99320ee8a8e449b683b6,2a5d5bc83ab8613499aab2ac0e974ec72a4dd0f1099d99320ee8a8e449b683b6,639e36b3410fa5658b9c71b9e79b3702103c77666434efc4e28044c4800a890c,aligned_with_safety_augmentation,false
ncb-scientific-2aa338cf718c206f,ncb-scientific-2aa338cf718c206f,2aa338cf718c206f1f58b7a786bbc5a49d2a0f094fde38b832b7d6280ab18b62,2aa338cf718c206f1f58b7a786bbc5a49d2a0f094fde38b832b7d6280ab18b62,01c2593771478f06c89a5b94078f54495faa6fdeea493d19aa9a9601a0a7e6f0,aligned,false
ncb-scientific-2aadc4e4de851c0e,ncb-scientific-2aadc4e4de851c0e,2aadc4e4de851c0e2f50ccae550c5f5b5318d46843b677d9fa6b9b8ee0ab5262,2aadc4e4de851c0e2f50ccae550c5f5b5318d46843b677d9fa6b9b8ee0ab5262,f8e28f46161621085facc3c7bf340714e8f5bfc7229f2a8983b04278530a681d,aligned_with_safety_augmentation,false
ncb-scientific-2b20954defb2352a,ncb-scientific-2b20954defb2352a,2b20954defb2352adc7058f253db893e9e15a670abc51dcc80c24098106801e4,2b20954defb2352adc7058f253db893e9e15a670abc51dcc80c24098106801e4,ca3f560c7a0a50ccaaba1887b132b43d790be7c4e01a2d583b5c06a75f1ebdfd,non_executable,true
ncb-scientific-2b36f4bbee998e56,ncb-scientific-2b36f4bbee998e56,2b36f4bbee998e56371c67ff67d3eb58cb82ee7ec32ac324f688db7f55016f64,2b36f4bbee998e56371c67ff67d3eb58cb82ee7ec32ac324f688db7f55016f64,5935718036d1c3803e4f95351b8124975483e3e694e69b22c278f4379dd71738,aligned,false
ncb-scientific-2b8c1957240b2b85,ncb-scientific-2b8c1957240b2b85,2b8c1957240b2b852adfb606d88c4a9eec86d9078c3aac22a990d5bdbcd1b36c,2b8c1957240b2b852adfb606d88c4a9eec86d9078c3aac22a990d5bdbcd1b36c,da3fc0b5a32c241d884eb531ccabf0d99b59db475b22234bbb2901c8d57ee28c,aligned_with_safety_augmentation,false
ncb-scientific-2da7ae8514465754,ncb-scientific-2da7ae8514465754,2da7ae8514465754088a9e1b59a38f021dec2a48c9ba27749492356ee704e952,2da7ae8514465754088a9e1b59a38f021dec2a48c9ba27749492356ee704e952,e901b905a0a8a04497a5aa6b51dc1ec627ded00b08b0dc9b702170661ed9e948,aligned_with_safety_augmentation,false
ncb-scientific-2dab47018aa41786,ncb-scientific-2dab47018aa41786,2dab47018aa41786cae09c1b75eec5743001054db5b718ac2dcc5e8c57db09d5,716ac41c979ca4a5751727c9e8aca547707bebd52f5ebce962a7318706feddd3,a86343caa5bb09eb59f77a3aa266fac7e2750127055bf382d2e6cc3ae5bace9c,repairable_contract,true
ncb-scientific-2dcda273dbedc219,ncb-scientific-2dcda273dbedc219,2dcda273dbedc219ed9d5d8682aa85ac5f279a5b7efa0b335d1568599836b508,2dcda273dbedc219ed9d5d8682aa85ac5f279a5b7efa0b335d1568599836b508,44bbbe483758003ad88a2ae6908f5a2e6f1ce531ef77a2cf316f851d302a6ae7,aligned_with_safety_augmentation,false
ncb-scientific-2ddc5b5c1ef8b93a,ncb-scientific-2ddc5b5c1ef8b93a,2ddc5b5c1ef8b93a0a9b11866e80d51afc5a4f22daaf095759d71baeefc4e50b,2ddc5b5c1ef8b93a0a9b11866e80d51afc5a4f22daaf095759d71baeefc4e50b,d95acff18dec0eb0cc02e157b5c1d9312cc99ab507e81acc1c62c9c5446cbd61,aligned_with_safety_augmentation,false
ncb-scientific-2e389c7806389508,ncb-scientific-2e389c7806389508,2e389c780638950829799320349d8009aea6c3e9e69be08b1982e12b5b434c52,2e389c780638950829799320349d8009aea6c3e9e69be08b1982e12b5b434c52,fefefcfb47a19cddc7e1c8d9a505edb76498995c8d7234c8be0d2612f7f85b96,aligned_with_safety_augmentation,false
ncb-scientific-2f6ce6fa5ea95eeb,ncb-scientific-2f6ce6fa5ea95eeb,2f6ce6fa5ea95eeb785ac239b4ff56b118d9d5b5b0e1c76df4fda92bdb52f08c,2f6ce6fa5ea95eeb785ac239b4ff56b118d9d5b5b0e1c76df4fda92bdb52f08c,1cc181ed04ce94ae3a8a35cef9226410210ba71a00ccbecba42601ce195129e9,aligned_with_safety_augmentation,false
ncb-scientific-30329250c399e0e1,ncb-scientific-30329250c399e0e1,30329250c399e0e19f0099ec82e0f1abd36cca45c0178fcdc6800cf75650db9e,30329250c399e0e19f0099ec82e0f1abd36cca45c0178fcdc6800cf75650db9e,ad29c03c753cb54fc63c9e2bb9e55406d97ceb5211366e8a3fab4dbdf61828c4,aligned,false
ncb-scientific-30a7ce77696eccff,ncb-scientific-30a7ce77696eccff,30a7ce77696eccffd0fadcf45c9e34ebb6e058cf0f57749c5a1f4fdca944a681,30a7ce77696eccffd0fadcf45c9e34ebb6e058cf0f57749c5a1f4fdca944a681,337ca8563ed7de13803ace320dcc42ba0147ff9ea5f53d87a1fae5441e27a864,ambiguous_unresolved,true
ncb-scientific-30f73b540a076be8,ncb-scientific-30f73b540a076be8,30f73b540a076be8877cbf58acf8e237d4ffaf8c5fa00b91f350eced56d4fe50,30f73b540a076be8877cbf58acf8e237d4ffaf8c5fa00b91f350eced56d4fe50,e0a1a693139df854df77ff104e7081d5c005c2a2154d6b8035a08cbf2efaa53e,aligned_with_safety_augmentation,false
ncb-scientific-31990e646f54d4e6,ncb-scientific-31990e646f54d4e6,31990e646f54d4e694348212341524808d583a3747736b6aec3da643ffe1484e,31990e646f54d4e694348212341524808d583a3747736b6aec3da643ffe1484e,1eb898e41a58e9b4e47896dc4fa553b65463e9ab42a8ddb8e9d8fe4712d6c7cb,aligned_with_safety_augmentation,false
ncb-scientific-319a1462bfdbc89d,ncb-scientific-319a1462bfdbc89d,319a1462bfdbc89d930616a30480c076432748e170281465818679f30546de86,319a1462bfdbc89d930616a30480c076432748e170281465818679f30546de86,6abc295941872d2b94bfd03c628b05449f0924fa3be230913bdcc5b77088a917,aligned_with_safety_augmentation,false
ncb-scientific-31ff42faa1d10211,ncb-scientific-31ff42faa1d10211,31ff42faa1d102115303e78160cfa36a14361f7d5ebb5f9c28e43a81eac4e858,31ff42faa1d102115303e78160cfa36a14361f7d5ebb5f9c28e43a81eac4e858,c830e5fb353698e8a17b0a32cab1bb7509963796b8a5ffc88905bb97f7be9a15,aligned_with_safety_augmentation,false
ncb-scientific-32c06a5e43e74faa,ncb-scientific-32c06a5e43e74faa,32c06a5e43e74faa24d16e67accf4262d0369671f06216c693238d120d8f16f9,32c06a5e43e74faa24d16e67accf4262d0369671f06216c693238d120d8f16f9,32af0075f3b30c16797035845ea20ac9d213eae7c533b28921ea09373eab2c07,aligned_with_safety_augmentation,false
ncb-scientific-349eb82545a4fed6,ncb-scientific-349eb82545a4fed6,349eb82545a4fed6773d127ca9efbf6796bd4a270d60e579a6f05be27fdcc720,349eb82545a4fed6773d127ca9efbf6796bd4a270d60e579a6f05be27fdcc720,915fb0b02db7ed098d3e37be3496e609041a3d9bf49ea168def3180cd74387d7,aligned_with_safety_augmentation,false
ncb-scientific-3578a76ed8bf3578,ncb-scientific-3578a76ed8bf3578,3578a76ed8bf35781d498f17e97f52809043ab7d6566b7a2316e03be5b46504f,3578a76ed8bf35781d498f17e97f52809043ab7d6566b7a2316e03be5b46504f,2f6325a24e29ccb5dbac738603e08ff3b2edbca45205fd57e7b6cce8d1da9f03,aligned_with_safety_augmentation,false
ncb-scientific-3700ad906c849ad5,ncb-scientific-3700ad906c849ad5,3700ad906c849ad53fa7bd2bdd91cad428c07057952f31ecea37b17a562b5aa9,3700ad906c849ad53fa7bd2bdd91cad428c07057952f31ecea37b17a562b5aa9,dd0cec98d7f1aac97206ba48ff4eed4d194206d7740113afc245558505ea93be,aligned_with_safety_augmentation,false
ncb-scientific-3942bdaedf8efb2a,ncb-scientific-3942bdaedf8efb2a,3942bdaedf8efb2afecb3c2c12045c0014df9f189b66d0de08e09298d10c22ae,3942bdaedf8efb2afecb3c2c12045c0014df9f189b66d0de08e09298d10c22ae,45fc5a612e729a6508baf65d19a5bf36c2c8eb55cb58485f343c1b1eb135b55a,aligned_with_safety_augmentation,false
ncb-scientific-3ad601039168835a,ncb-scientific-3ad601039168835a,3ad601039168835a0aa9153a5d2400c86e8ebb3edd86792e9be32f9545952cb0,3ad601039168835a0aa9153a5d2400c86e8ebb3edd86792e9be32f9545952cb0,c1631bb846f6bf6561333f590d5d585cc0e8358de76834da91d4c259aab0ab3c,aligned_with_safety_augmentation,false
ncb-scientific-3b7b2226aa3bb7ce,ncb-scientific-3b7b2226aa3bb7ce,3b7b2226aa3bb7ce109fe00563be869699e1fef55876cce35355c6941ea873fd,3b7b2226aa3bb7ce109fe00563be869699e1fef55876cce35355c6941ea873fd,f5236c2601228ac2c832ffccde7d04cf3fcd539b46b6cdb58110e4d691b59fe1,aligned,false
ncb-scientific-3ba54e0248b29adb,ncb-scientific-3ba54e0248b29adb,3ba54e0248b29adb223a15306b37f76fc0e2b932fed74e86bd845de4c1fb2ee8,3ba54e0248b29adb223a15306b37f76fc0e2b932fed74e86bd845de4c1fb2ee8,f457824aa9838d8a64dbad1840052b2af6b449c8a3de005af65756ab4bb14f6a,aligned_with_safety_augmentation,false
ncb-scientific-3bb5fd92cff87e34,ncb-scientific-3bb5fd92cff87e34,3bb5fd92cff87e343d33e2cd0d6797eaf54d41cfe43a2123a8f42229247ead6c,3bb5fd92cff87e343d33e2cd0d6797eaf54d41cfe43a2123a8f42229247ead6c,3216377109631cb3e8700e5ef4e7b61b453b37799de22d813c5e133b043e979f,aligned_with_safety_augmentation,false
ncb-scientific-3cd280f660dfbcd4,ncb-scientific-3cd280f660dfbcd4,3cd280f660dfbcd415a0ac5f54af96f2ce8fe1cc897a4a14f869e1ea54467213,3cd280f660dfbcd415a0ac5f54af96f2ce8fe1cc897a4a14f869e1ea54467213,0960ebd7c899621d0dff9af5d9c0b550295e3b9d0284eb626fb35be6b52689de,aligned_with_safety_augmentation,false
ncb-scientific-3e1160c83f5950a6,ncb-scientific-3e1160c83f5950a6,3e1160c83f5950a67cb5f0bbc0478fdf9f1049f9a00563f8ba1bc631c90a9dbf,3e1160c83f5950a67cb5f0bbc0478fdf9f1049f9a00563f8ba1bc631c90a9dbf,0a75415b4c04408e34290566724e63c7ba3987886fd331f3408c5bf65eb33b4c,aligned_with_safety_augmentation,false
ncb-scientific-41408a5127ecaa01,ncb-scientific-41408a5127ecaa01,41408a5127ecaa01bb16f33bb137977cb589300803b75207c17804f34de42e00,41408a5127ecaa01bb16f33bb137977cb589300803b75207c17804f34de42e00,acd99d52fb45c9fbec061999b8946a1c463eed51edefb93a00c1300d54610bc2,aligned,false
ncb-scientific-41e14c6dd1c2213b,ncb-scientific-41e14c6dd1c2213b,41e14c6dd1c2213b09c65b85fb99ab48160786245ae19fcdf1dbe6c8a7704fe3,41e14c6dd1c2213b09c65b85fb99ab48160786245ae19fcdf1dbe6c8a7704fe3,23a368ff60828e0ee0db8a67512b99e21274ca785f78e54e5a323fc5016e3be0,aligned,false
ncb-scientific-424e2babe414b942,ncb-scientific-424e2babe414b942,424e2babe414b942c9de6cea445152da63bc02ae3d4a57cba78750f02b7f0960,424e2babe414b942c9de6cea445152da63bc02ae3d4a57cba78750f02b7f0960,c4847cc9ba269eec2b09c8947c21b8ce2ed072cb78d3d482e5b2b258471e8692,aligned_with_safety_augmentation,false
ncb-scientific-42b2c11ed186c2c9,ncb-scientific-42b2c11ed186c2c9,42b2c11ed186c2c9d794dfd42e14b54cf31afc8d70f2f8c136913760977724fb,42b2c11ed186c2c9d794dfd42e14b54cf31afc8d70f2f8c136913760977724fb,00fd057640d4e21c3977da61b48d58c502b5a2a71d27ad9a44b09795174e6371,aligned_with_safety_augmentation,false
ncb-scientific-43b88d75579673af,ncb-scientific-43b88d75579673af,43b88d75579673af885b371f0652ded9c324f9b8bf3da288fe57fd77b533156d,43b88d75579673af885b371f0652ded9c324f9b8bf3da288fe57fd77b533156d,8c60c67016bf8bad6fc157c929d3f5c36000c6fe72086ada05045874219ac4a6,aligned_with_safety_augmentation,false
ncb-scientific-456c48345929eb71,ncb-scientific-456c48345929eb71,456c48345929eb71ad0b3a52855e1c8ae6d77f6e6ac96e12dc58ebe0ecd43705,456c48345929eb71ad0b3a52855e1c8ae6d77f6e6ac96e12dc58ebe0ecd43705,18d607e826ddb60b2ac1b306496243e0e6b99d75c58f65c3f2eee46d3189eec2,aligned_with_safety_augmentation,false
ncb-scientific-46c685780a6efe6d,ncb-scientific-46c685780a6efe6d,46c685780a6efe6d8000426a098ef58223dceb61be99792eabb6a33e80beadb1,46c685780a6efe6d8000426a098ef58223dceb61be99792eabb6a33e80beadb1,f380a8774ede070e916ad9e129d1def8dde79bce998c83260af51133bfb96872,aligned_with_safety_augmentation,false
ncb-scientific-493d1fd9443c1c35,ncb-scientific-493d1fd9443c1c35,493d1fd9443c1c35a711b47980ace70d89341606b2d943556f40528ed85ce744,493d1fd9443c1c35a711b47980ace70d89341606b2d943556f40528ed85ce744,b77f8cc25b1e5c13e544c9c05662489a74ffc973d93ce8c27d2997563240fe98,aligned_with_safety_augmentation,false
ncb-scientific-49789008a2790135,ncb-scientific-49789008a2790135,49789008a2790135ef34dcf22e9cca7d4c0f5d7fbda4deb5eba3ff7d6e6f9a00,49789008a2790135ef34dcf22e9cca7d4c0f5d7fbda4deb5eba3ff7d6e6f9a00,01556625a9b8ec63fe4f204a3a16d2a31f82ef736397c39bf15f966331a4eb3e,aligned_with_safety_augmentation,false
ncb-scientific-49fd02560669f081,ncb-scientific-49fd02560669f081,49fd02560669f081865a60b8024eb81ebb6dc5834a87820f119def66b35fa233,49fd02560669f081865a60b8024eb81ebb6dc5834a87820f119def66b35fa233,7ce52abe559cbd413fff3fb055b9a369ddda4cd1a5c293ae33a6e19ae080c5de,aligned,false
ncb-scientific-4bafecc6ed3b9d87,ncb-scientific-4bafecc6ed3b9d87,4bafecc6ed3b9d87a26b408fcd1dd48f8e80cc184c6f98eb941ab54c48ad2031,4bafecc6ed3b9d87a26b408fcd1dd48f8e80cc184c6f98eb941ab54c48ad2031,d8607c5669ed576987535d932e063a92d7702cb0f9133fd9674dfe5589e32dcf,aligned,false
ncb-scientific-4bec8588ceb4224d,ncb-scientific-4bec8588ceb4224d,4bec8588ceb4224ddd1ba5d8630aca64bbe57f5c572153bf88b8b92a099e90a4,4bec8588ceb4224ddd1ba5d8630aca64bbe57f5c572153bf88b8b92a099e90a4,b64e3ace5cdd53ccd885f80b4e18d8a7d546e42a0835d42dcf0ec94079f6a606,aligned,false
ncb-scientific-4cdc34b013079f25,ncb-scientific-4cdc34b013079f25,4cdc34b013079f25e4a8d0ecbc1de04254f8203a47122d8ea7aaffc0b397cf81,4cdc34b013079f25e4a8d0ecbc1de04254f8203a47122d8ea7aaffc0b397cf81,420536f8daa167807f9ff99ab7d52445c1174c1aa174d5f6d8898dff0fcf61e7,aligned_with_safety_augmentation,false
ncb-scientific-4cedbc48040eac27,ncb-scientific-4cedbc48040eac27,4cedbc48040eac27d2eaf9fa5cbc4713fa67c79a232f498107862a2fe7d63e79,4cedbc48040eac27d2eaf9fa5cbc4713fa67c79a232f498107862a2fe7d63e79,f26b3bdeb4deae8bacabd7e4ff1a21263ad771773635335f9175bde26420c892,aligned_with_safety_augmentation,false
ncb-scientific-4d6ed37bb9324c72,ncb-scientific-4d6ed37bb9324c72,4d6ed37bb9324c72153b3fa839362f89320d16c7cbd9dd2659db729eb80061bf,4d6ed37bb9324c72153b3fa839362f89320d16c7cbd9dd2659db729eb80061bf,ef2a8e15be082d933317e939029fdcff5bd018f83edc5aeceae2519cad111e55,aligned_with_safety_augmentation,false
ncb-scientific-4f6f45a81e8e3370,ncb-scientific-4f6f45a81e8e3370,4f6f45a81e8e337049763733e2b9871efc22c4d9fc5f5f6d4ccf920cb8a023d6,4f6f45a81e8e337049763733e2b9871efc22c4d9fc5f5f6d4ccf920cb8a023d6,a3b0a5385d5c5cb57ffe2a1beeebcac6d75eea4a7cd36db68b07e4b2378e8048,aligned,false
ncb-scientific-4f93b1319bad7eb5,ncb-scientific-4f93b1319bad7eb5,4f93b1319bad7eb5270d52835024fc7aeeb8a509d78d4df9fbd91435aea6517c,4f93b1319bad7eb5270d52835024fc7aeeb8a509d78d4df9fbd91435aea6517c,34c7b062f9bfdc1785439fb0c394101c73717df59d99a3e4dfb44f4b7aa3a5d1,ambiguous_unresolved,true
ncb-scientific-4ffc0faff41b9d25,ncb-scientific-4ffc0faff41b9d25,4ffc0faff41b9d251ae15c86a5646175e1972970df38a88ccfac126ba34f43b9,4ffc0faff41b9d251ae15c86a5646175e1972970df38a88ccfac126ba34f43b9,d13d2b62913f5c098393f517d74d2046a445696c24b0bcdfeca33e9db9372ee9,aligned,false
ncb-scientific-51f69ecdfc1f24b2,ncb-scientific-51f69ecdfc1f24b2,51f69ecdfc1f24b277984e6877bcaf2b948d82427c5f75a82b8d082ad218f263,51f69ecdfc1f24b277984e6877bcaf2b948d82427c5f75a82b8d082ad218f263,038d8609270335e60d9a9cbfb9e0a894de4769ab40327e1d39422894e7c41641,ambiguous_unresolved,true
ncb-scientific-531f4a09678d2222,ncb-scientific-531f4a09678d2222,531f4a09678d2222e7dfb2b3f2c5e270ea361cb4ff770d5a532b98fb51322082,531f4a09678d2222e7dfb2b3f2c5e270ea361cb4ff770d5a532b98fb51322082,9b145e733c73d43246239a62c9bade15c159bba88cda626c465b0b37b812fd8c,aligned_with_safety_augmentation,false
ncb-scientific-548cb9ea8bd9f8de,ncb-scientific-548cb9ea8bd9f8de,548cb9ea8bd9f8debed81d65b27010ba68443f8389de280f24e0a60133bfd4ba,548cb9ea8bd9f8debed81d65b27010ba68443f8389de280f24e0a60133bfd4ba,9395aaf6f2c356453d1ae8c8ad57665df220feba99a1498c05afaa14107b8041,aligned_with_safety_augmentation,false
ncb-scientific-548d362dc2682286,ncb-scientific-548d362dc2682286,548d362dc26822867e373f356852faa0ed9fa00f1757c8e4486a1d240506e03e,548d362dc26822867e373f356852faa0ed9fa00f1757c8e4486a1d240506e03e,e8f14d2146dd256528b401a0503ab26337c62569d3a5d1214721c22ad58877f2,aligned,false
ncb-scientific-55457edaa703fbe4,ncb-scientific-55457edaa703fbe4,55457edaa703fbe4b0e3548c6732e7f7dc35b0535beed7336e617f077b9a8172,55457edaa703fbe4b0e3548c6732e7f7dc35b0535beed7336e617f077b9a8172,a9a62d5037edfd7c12fc949bdd83959bd8a4663b5fdb80b542453e6f2a4985ba,aligned,false
ncb-scientific-55b455d152ed1390,ncb-scientific-55b455d152ed1390,55b455d152ed1390382cc96bd36b995f3d6549c65d1710583265325ae547aabe,55b455d152ed1390382cc96bd36b995f3d6549c65d1710583265325ae547aabe,450700c0e900d1020fc742e4378a48e70afe313c792916af66b6335f1ccb7452,aligned,false
ncb-scientific-561d93190dd22ced,ncb-scientific-561d93190dd22ced,561d93190dd22ced60f31e0fd38e0faf5c987fc53b8acf69c6396133d316d230,561d93190dd22ced60f31e0fd38e0faf5c987fc53b8acf69c6396133d316d230,adfdf92ec3b7d82f846061a833138ee3d6955a288b1384df67e2e4e64f1d87c3,aligned_with_safety_augmentation,false
ncb-scientific-5640b53a2dfaa1b8,ncb-scientific-5640b53a2dfaa1b8,5640b53a2dfaa1b884c99a06c8c8897d97d1155e8f60cc54e4822588eef8e5bc,5640b53a2dfaa1b884c99a06c8c8897d97d1155e8f60cc54e4822588eef8e5bc,246e55fa601b1b90f28d32a6eb77be802dc4ba85b42be38d516fb90cc79eeb64,ambiguous_unresolved,true
ncb-scientific-56dfabf45f27a27d,ncb-scientific-56dfabf45f27a27d,56dfabf45f27a27d95a8e711db1ee23b051e00cf5db0812e0e6b80613de032a1,56dfabf45f27a27d95a8e711db1ee23b051e00cf5db0812e0e6b80613de032a1,4840005c85a800d9ca2725032d63cb1325bd1b91d075aa71af0e764a905c11a5,ambiguous_unresolved,true
ncb-scientific-572d89238c32c460,ncb-scientific-572d89238c32c460,572d89238c32c460c995e41986a179e9a5d92a3f833d3499a0a4c30ea9b4591d,572d89238c32c460c995e41986a179e9a5d92a3f833d3499a0a4c30ea9b4591d,a272797c98c16f6bad72d38eec4f74a57ed3e8a0d23d4f4f052e1e48be3f5b38,aligned_with_safety_augmentation,false
ncb-scientific-579c77d9f61e5f87,ncb-scientific-579c77d9f61e5f87,579c77d9f61e5f872fb1fae891fba19835a019868aa8a7ef7a47d76233ac7b33,579c77d9f61e5f872fb1fae891fba19835a019868aa8a7ef7a47d76233ac7b33,f30d58139c80f7e6f20df857bae4bb4dde60bee5b6c9b955acef51058ae22c34,aligned_with_safety_augmentation,false
ncb-scientific-5824fc854e2aa2db,ncb-scientific-5824fc854e2aa2db,5824fc854e2aa2db799a52d765f5f11904fc435ccb2680832ab5d920b9e8dcb8,5824fc854e2aa2db799a52d765f5f11904fc435ccb2680832ab5d920b9e8dcb8,8b612f373b82a42456118497e661cc7a2dce6cb854823430756c841d22bc3306,ambiguous_unresolved,true
ncb-scientific-58864dfe748ed623,ncb-scientific-58864dfe748ed623,58864dfe748ed623b1e412e518eb6d075f1280ebe036bb1dc55e56e8a2aca169,58864dfe748ed623b1e412e518eb6d075f1280ebe036bb1dc55e56e8a2aca169,314e17bed9a866bce881846048b0dc2e2b32f53a9fbb3a608a0e813c19888d20,aligned_with_safety_augmentation,false
ncb-scientific-58a996a383e72e5b,ncb-scientific-58a996a383e72e5b,58a996a383e72e5b79cc802cd41cc61d146ef74faab2650d92112acd832924d8,58a996a383e72e5b79cc802cd41cc61d146ef74faab2650d92112acd832924d8,23e96735ff84a2c582ee4808186ca51b89521482d6ce90dbeda6380ce319d331,aligned,false
ncb-scientific-58fd062031fc801e,ncb-scientific-58fd062031fc801e,58fd062031fc801ec995be400539f15fb05609ddaa041a485e24b531f854d19c,58fd062031fc801ec995be400539f15fb05609ddaa041a485e24b531f854d19c,62f7a6ba1b84ac1d72b8594494058212b504be14456cdb0164754364ae6e8e38,aligned_with_safety_augmentation,false
ncb-scientific-5a12e0c7d2a28bde,ncb-scientific-5a12e0c7d2a28bde,5a12e0c7d2a28bde4afc334c4453061c3551f223b203d5072532ad300d4b829d,5a12e0c7d2a28bde4afc334c4453061c3551f223b203d5072532ad300d4b829d,d30c16ffd54eccd21f10d874bf43276fc38cad0e135b77da258451563b2f8723,aligned,false
ncb-scientific-5af5c999c214ab93,ncb-scientific-5af5c999c214ab93,5af5c999c214ab9372f9f2d8ade3dd6da56394efb2231c76129e7a21833959ea,5af5c999c214ab9372f9f2d8ade3dd6da56394efb2231c76129e7a21833959ea,ccf4099ad8b6609ff96a20fdbbcbff59e776a091fb1a0aa0cfb687df1d3bfa79,aligned_with_safety_augmentation,false
ncb-scientific-5b0717b45335d600,ncb-scientific-5b0717b45335d600,5b0717b45335d600cb9bb3a3365f50480541f74ab04b95723d2b163524b995c2,5b0717b45335d600cb9bb3a3365f50480541f74ab04b95723d2b163524b995c2,6b5bdc4dddbee3b792e9544c0d98105f01a2b90cb96925c69cbebf7cafd9626f,aligned_with_safety_augmentation,false
ncb-scientific-5b85792fec387f31,ncb-scientific-5b85792fec387f31,5b85792fec387f3151f93502d6b27218fa819acbbcdeeda46e7331b03e8d9f24,5b85792fec387f3151f93502d6b27218fa819acbbcdeeda46e7331b03e8d9f24,97be5076603be9d917c886dc45ede9e795636baad44684b76a809bc66b0edc5c,aligned_with_safety_augmentation,false
ncb-scientific-5bbd3e8e8a1ab72c,ncb-scientific-5bbd3e8e8a1ab72c,5bbd3e8e8a1ab72c7633d7b63be523d5be9acc9a12c37f90328b5027bff3b9f5,5bbd3e8e8a1ab72c7633d7b63be523d5be9acc9a12c37f90328b5027bff3b9f5,45a53ebaaa1e06d04fefc2ec7fbfe0f5f751658ba43cb23a4a4bd4fb9c994662,aligned,false
ncb-scientific-5d4734ea98c9d333,ncb-scientific-5d4734ea98c9d333,5d4734ea98c9d333507a8f256c939d4c32820705161302d7f9b6dece95787e70,5d4734ea98c9d333507a8f256c939d4c32820705161302d7f9b6dece95787e70,e0532ef3d83af02c4b647c4e7dd24b14da5fa4f67b4c8228773cb5ba9bf556ff,aligned_with_safety_augmentation,false
ncb-scientific-5d5fd40a49dbf782,ncb-scientific-5d5fd40a49dbf782,5d5fd40a49dbf782645572714c9237709a98147ddd0551217a75c6523f448980,5d5fd40a49dbf782645572714c9237709a98147ddd0551217a75c6523f448980,7d735f060bdfde041f86ef115219ea9d17daa9c3b64bd2d9778e02a656ed6e10,ambiguous_unresolved,true
ncb-scientific-5e6aa7181e35b605,ncb-scientific-5e6aa7181e35b605,5e6aa7181e35b6057dcfa0b2ef30e1accaf27ffa30c7110a71e05a7d42cd2bf4,5e6aa7181e35b6057dcfa0b2ef30e1accaf27ffa30c7110a71e05a7d42cd2bf4,9dbb04d49595ab31799f0dff4ca9d3191283f2fe277327880665d6e8e5da2ea7,aligned_with_safety_augmentation,false
ncb-scientific-5e9d9106292eb159,ncb-scientific-5e9d9106292eb159,5e9d9106292eb159971d41de9ac66f7064ff9c67b369099bff308886a86ec58b,5e9d9106292eb159971d41de9ac66f7064ff9c67b369099bff308886a86ec58b,539b160493847b933e8d92aaf045515cc705c8b11a9796de97cf167c53cba37d,aligned_with_safety_augmentation,false
ncb-scientific-60bd3b9afd76e376,ncb-scientific-60bd3b9afd76e376,60bd3b9afd76e37677bdfbacb0a6c8d31b310fd8b253df9b469f8298452d68fa,60bd3b9afd76e37677bdfbacb0a6c8d31b310fd8b253df9b469f8298452d68fa,be6b3e914569ab0930ffb0039689950636d0eb0c51e649d0493511c4b72ad7cd,aligned,false
ncb-scientific-611e67de29172a34,ncb-scientific-611e67de29172a34,611e67de29172a34127865843ed7fbb0a3c674cbea476eacda530d3d8c5a9abf,611e67de29172a34127865843ed7fbb0a3c674cbea476eacda530d3d8c5a9abf,83f61ceb13a1f77475c2bafa9ca9a6ce4041c1d2c98a28e1cd7fd503422ef111,aligned_with_safety_augmentation,false
ncb-scientific-61274f38e0112edd,ncb-scientific-61274f38e0112edd,61274f38e0112edde8180b2b74bd970e73a3a503b87528dec8547ff8d39e08d3,61274f38e0112edde8180b2b74bd970e73a3a503b87528dec8547ff8d39e08d3,535c84f3611c6ee5e986210892b96d640bef5506a5df6811d8df0c847b6c21b5,aligned_with_safety_augmentation,false
ncb-scientific-6130b7ec9d114c16,ncb-scientific-6130b7ec9d114c16,6130b7ec9d114c162d53c779a173cc930024074dfc2f729afa0cd4fc7c5e3827,6130b7ec9d114c162d53c779a173cc930024074dfc2f729afa0cd4fc7c5e3827,d40b471f39d3f359ec9a43c6dbba7db2c2ecbf620038ab06d3d5c2d59be6edcc,aligned,false
ncb-scientific-622e97baf8eece3c,ncb-scientific-622e97baf8eece3c,622e97baf8eece3cc6a62615addca82592c24a5eb42cd164d81459a0d041eaab,622e97baf8eece3cc6a62615addca82592c24a5eb42cd164d81459a0d041eaab,cd3601dfd0043d88bca145b4600da4e750740d909e5ebba12c6d2b4749b0d7ae,aligned,false
ncb-scientific-629feeb21e3e9864,ncb-scientific-629feeb21e3e9864,629feeb21e3e9864c374fe0a35b51260f4056a8fc7b7c45d4791bf412ac10a1f,629feeb21e3e9864c374fe0a35b51260f4056a8fc7b7c45d4791bf412ac10a1f,196dd3e4394e83b00b491c411759ce51abf92f697318f03791d067b441430cca,aligned_with_safety_augmentation,false
ncb-scientific-65466f9b282b22be,ncb-scientific-65466f9b282b22be,65466f9b282b22be1e717ceaf51a11a1383878fa6f0987faf8a0e2a126ffa737,65466f9b282b22be1e717ceaf51a11a1383878fa6f0987faf8a0e2a126ffa737,fa4fde5a5fdfbbd433747fbd9e5e95781de4d8fda940f64d4b4c99da4ca207b5,aligned_with_safety_augmentation,false
ncb-scientific-6560b15c380073ca,ncb-scientific-6560b15c380073ca,6560b15c380073caf1f8bfe84bf2978902d6605bfe8aacd3a4262b47295b8f9f,6560b15c380073caf1f8bfe84bf2978902d6605bfe8aacd3a4262b47295b8f9f,a70e1f9d988aaa993e4c01e912ae225e84ea38b28a642a1cf266e866cc27c789,aligned_with_safety_augmentation,false
ncb-scientific-66560a7fd0e34141,ncb-scientific-66560a7fd0e34141,66560a7fd0e34141ba219136468ed4d54ee064cfff748f6d27aa451fbfd80069,66560a7fd0e34141ba219136468ed4d54ee064cfff748f6d27aa451fbfd80069,b2c71003102c909dd34665617cad7aab274086031a08aad7bde388b035a8a425,aligned,false
ncb-scientific-672ab5d3a6c11820,ncb-scientific-672ab5d3a6c11820,672ab5d3a6c11820c5309d195f4983f50a16b545c77a52895353cabd01a16c41,672ab5d3a6c11820c5309d195f4983f50a16b545c77a52895353cabd01a16c41,8069bf44701accf46bd6077c1bf6e256531848908436c8c220dc354c8884d675,aligned,false
ncb-scientific-673bb19e90e472ee,ncb-scientific-673bb19e90e472ee,673bb19e90e472ee10d6eec6ebed40c685d29a6fc14e9e6ccc9f73a520eaedcb,673bb19e90e472ee10d6eec6ebed40c685d29a6fc14e9e6ccc9f73a520eaedcb,622641744e830c2f446d55b2fbf3037374ca42fcb462f2a58b6f220fff9599b6,aligned_with_safety_augmentation,false
ncb-scientific-67542fa55426a130,ncb-scientific-67542fa55426a130,67542fa55426a13052157d88d588a5334147c1872c82514b9edcf4651c8ca7b7,67542fa55426a13052157d88d588a5334147c1872c82514b9edcf4651c8ca7b7,5e39442e81e6c65c25df1fa2755209bd778a26106e6ec722718fcc75aa7ba755,ambiguous_unresolved,true
ncb-scientific-675abad09b88a363,ncb-scientific-675abad09b88a363,675abad09b88a3632ae7d7ac4e199a4a0e5c99415e8c1ac16c601d7e16a98f35,675abad09b88a3632ae7d7ac4e199a4a0e5c99415e8c1ac16c601d7e16a98f35,8fd27de88aa35b3a6a2ec48c67ab06e612a8dde12ba9d0b206768d8187d88b76,aligned_with_safety_augmentation,false
ncb-scientific-67bed34632da1fbb,ncb-scientific-67bed34632da1fbb,67bed34632da1fbb2023a71e2192bb667fab4f85ea9c595480a539a7e23aae50,67bed34632da1fbb2023a71e2192bb667fab4f85ea9c595480a539a7e23aae50,3aaa1f1809b8c707ef7e67b7db358ba1992e07a60225fa069bc2236d5096e2fa,aligned,false
ncb-scientific-67d76c2c55e3d767,ncb-scientific-67d76c2c55e3d767,67d76c2c55e3d767dcf6aa1e5a4e1eff49b31d287c08991b34d2a15a08da165e,67d76c2c55e3d767dcf6aa1e5a4e1eff49b31d287c08991b34d2a15a08da165e,f84689c5daa66fec2ba4e3e2e4cdebbc335389a5b53203fd45a79cf34d78cbab,ambiguous_unresolved,true
ncb-scientific-67de4555230bc27a,ncb-scientific-67de4555230bc27a,67de4555230bc27a2720a39d25ba2b54acdc13b8df64eb624e3b7162eb249cbf,67de4555230bc27a2720a39d25ba2b54acdc13b8df64eb624e3b7162eb249cbf,654a3102c3e5567fe9888032fe503d19751fd9f4e96af2c0b8f3911ce7009c75,aligned_with_safety_augmentation,false
ncb-scientific-68bd56b0483a236c,ncb-scientific-68bd56b0483a236c,68bd56b0483a236c99db6544b25fa5e81003dd38c2af773be2d3d39b9ad070a6,68bd56b0483a236c99db6544b25fa5e81003dd38c2af773be2d3d39b9ad070a6,236f6f8d2cc35a40518e8dacfa931adce471b00d7c760cd18c013bf3c54ef816,aligned_with_safety_augmentation,false
ncb-scientific-690059388e87cd26,ncb-scientific-690059388e87cd26,690059388e87cd26592bbc46e5ac8bbea895a422df119dd8bc4b9991c1c1ad32,690059388e87cd26592bbc46e5ac8bbea895a422df119dd8bc4b9991c1c1ad32,29ddfc5ddd8bde3c001566daff310ec9dcd45c7fba2b0f60a978c4e94749f38c,ambiguous_unresolved,true
ncb-scientific-693510493058a91a,ncb-scientific-693510493058a91a,693510493058a91ac8ead80536de2a54f1331e925b11ad3d69d871fe6c93a395,693510493058a91ac8ead80536de2a54f1331e925b11ad3d69d871fe6c93a395,aa45e9ce98d6bf9a085b236d361b96eb961449b6585db351c1c053c0992f5275,aligned_with_safety_augmentation,false
ncb-scientific-693e96c3edd41a98,ncb-scientific-693e96c3edd41a98,693e96c3edd41a9856cb1b6e96bb8253640f34d8470d19f03c7bab4b2b47a73d,693e96c3edd41a9856cb1b6e96bb8253640f34d8470d19f03c7bab4b2b47a73d,ab7b279cffe1cafac8c3ae4aabe1b8cc35215766552fc9a17aef05bcb0ddb4aa,aligned_with_safety_augmentation,false
ncb-scientific-6aa47e3b129ad9fb,ncb-scientific-6aa47e3b129ad9fb,6aa47e3b129ad9fb3b897f8e59d71e00f8f3abe34d5515c19a65bf8a5c880e1a,6aa47e3b129ad9fb3b897f8e59d71e00f8f3abe34d5515c19a65bf8a5c880e1a,074c94e46de6318e076d953f0b4b4512f273a90851b345b12aa65fe8e6a544d2,aligned_with_safety_augmentation,false
ncb-scientific-6bedac272110f713,ncb-scientific-6bedac272110f713,6bedac272110f71307ba214166242c783aaabb9d2c90371d6e25cf14b2258297,6bedac272110f71307ba214166242c783aaabb9d2c90371d6e25cf14b2258297,aafddaff6e02d26deda394069fd3fddfb42755355228d65e871f1ec7543099f9,aligned_with_safety_augmentation,false
ncb-scientific-6c7b0f8ae69a2d50,ncb-scientific-6c7b0f8ae69a2d50,6c7b0f8ae69a2d5037f71bb7af54369267c1d4746b35ba4b0575665297cfaab0,6c7b0f8ae69a2d5037f71bb7af54369267c1d4746b35ba4b0575665297cfaab0,dfddb3a0185d744191436b6ac4caab79daa99d54a84b4d8c6324a84fe0f3ff04,non_executable,true
ncb-scientific-6c9d8d248e03fd07,ncb-scientific-6c9d8d248e03fd07,6c9d8d248e03fd072175b3155b829fce548d5dc88bffc0dd63db73a27cc1b1f9,6c9d8d248e03fd072175b3155b829fce548d5dc88bffc0dd63db73a27cc1b1f9,f4973facbde2385f27bbaeeb38405ae850c4a5ef31c8a96a6f710a6288abebf7,aligned,false
ncb-scientific-6d7bbb66ca61d088,ncb-scientific-6d7bbb66ca61d088,6d7bbb66ca61d088b1b6677f1693112e85a9ec6c6c0e8c82beb93a4244532157,6d7bbb66ca61d088b1b6677f1693112e85a9ec6c6c0e8c82beb93a4244532157,b9fb1e9b10e4839537b121eb2ac8ba4bd59f83dc0db8480cccc887c2aa6e3d95,aligned_with_safety_augmentation,false
ncb-scientific-6efb2475137e21ce,ncb-scientific-6efb2475137e21ce,6efb2475137e21ce5e04d1f2becdf22e974672a1fef3082b57f6ccc88919cc0b,6efb2475137e21ce5e04d1f2becdf22e974672a1fef3082b57f6ccc88919cc0b,3767efb0bc926c60ec7734794cc836d1ff14879870a3cb4ca1ba8854e592519f,ambiguous_unresolved,true
ncb-scientific-6f07b924f78e762d,ncb-scientific-6f07b924f78e762d,6f07b924f78e762dbb04192421df62ac5dd24835b8e50993a3f5c2cdf333e66c,6f07b924f78e762dbb04192421df62ac5dd24835b8e50993a3f5c2cdf333e66c,4d7298eb66c722a70b4bac20a8e6de4ad6974e0039e7e12c984a6983f924c52c,aligned_with_safety_augmentation,false
ncb-scientific-704522685c487d81,ncb-scientific-704522685c487d81,704522685c487d817c358b1648972cf4b93110fe504eef340f7662e1605fe2af,704522685c487d817c358b1648972cf4b93110fe504eef340f7662e1605fe2af,33fa3ec69b7b9eec6fe26b51c3bd67b129d4b0aca9cf3fe70527eff9a3a3afcb,aligned_with_safety_augmentation,false
ncb-scientific-70527a90423a8295,ncb-scientific-70527a90423a8295,70527a90423a8295ebeae835b0a95e8bc634a4d1611424dbdb775935515a8516,70527a90423a8295ebeae835b0a95e8bc634a4d1611424dbdb775935515a8516,3bd2c904f22d8f13ea47294aeb24776aa3d0c4a4a11fdbc9204b0fe207c1fd9a,aligned,false
ncb-scientific-709359ed74346ba9,ncb-scientific-709359ed74346ba9,709359ed74346ba923d40ae723b35bed48eb991fabd54079128ed09c43fa3f32,709359ed74346ba923d40ae723b35bed48eb991fabd54079128ed09c43fa3f32,98db6d838abbfef60a3014ae8e5e2dbc8e8fdad24891976bc77609469aafe0d5,aligned_with_safety_augmentation,false
ncb-scientific-717fef42ce5138d1,ncb-scientific-717fef42ce5138d1,717fef42ce5138d1ee23f9ee14df5c45344ff5b74b01f2ad8ff362756ce635db,717fef42ce5138d1ee23f9ee14df5c45344ff5b74b01f2ad8ff362756ce635db,6def621ca420a2e7ae20d887072457a2b620d0827a9972faf4eaa683c904baf9,aligned_with_safety_augmentation,false
ncb-scientific-721c4fa75e038ea4,ncb-scientific-721c4fa75e038ea4,721c4fa75e038ea4bdb26ce48b91b63d0615507f3c7e11e3dd07f46967efa967,721c4fa75e038ea4bdb26ce48b91b63d0615507f3c7e11e3dd07f46967efa967,c4b2a6558b62d2bad18bd86b91ef2e94d8b31723993242852cbdb8c3dcf9f092,aligned_with_safety_augmentation,false
ncb-scientific-73e0f34188f4c613,ncb-scientific-73e0f34188f4c613,73e0f34188f4c613bbaf75216cae99010b0947ca6e64f339d66544a75dcdd5d4,73e0f34188f4c613bbaf75216cae99010b0947ca6e64f339d66544a75dcdd5d4,0aa3a5fe4a0d6337eea2c5c42d79239d490bd5e5086a52fbcb02e8d2953dd2f1,aligned_with_safety_augmentation,false
ncb-scientific-740708798029c58d,ncb-scientific-740708798029c58d,740708798029c58d4d6385bc24deca50249908931c23e35c50e771c1555ef475,740708798029c58d4d6385bc24deca50249908931c23e35c50e771c1555ef475,8f9a2fbc14b3e39be781174a8f91159fcfc5d1cad1857493c479e6357e749bdf,aligned_with_safety_augmentation,false
ncb-scientific-75bd3855eddc86c8,ncb-scientific-75bd3855eddc86c8,75bd3855eddc86c8164fd4b8c788b0d2ff249afef49acbd1c2597bcf3031ee46,75bd3855eddc86c8164fd4b8c788b0d2ff249afef49acbd1c2597bcf3031ee46,6f0907673bf01f1942bf4d9937753d8606b393fafc2e1dc7d976cc6d1ab181ec,aligned_with_safety_augmentation,false
ncb-scientific-7761a54a90d0f99d,ncb-scientific-7761a54a90d0f99d,7761a54a90d0f99d858c02400a8a9c8f3bd8d12c6bf72880e708940a1e95251c,7761a54a90d0f99d858c02400a8a9c8f3bd8d12c6bf72880e708940a1e95251c,1d3b7776dbdd3bd2466c1cdffefff855447108e05aa2e7fec6c7ce6b542c3e01,ambiguous_unresolved,true
ncb-scientific-79182620041b5799,ncb-scientific-79182620041b5799,79182620041b57998eb9b3eb81cfba653f320fbe529ff0db654dd813626d0e36,79182620041b57998eb9b3eb81cfba653f320fbe529ff0db654dd813626d0e36,61757c25b7c125d383d1baa9fdfa79fd6b92139fdbbf27541766ed623ccc8900,aligned_with_safety_augmentation,false
ncb-scientific-792968836011440a,ncb-scientific-792968836011440a,792968836011440afaa2e9f79b4c506d6dbabdb10a3878b0c91aa60f7e6ca696,792968836011440afaa2e9f79b4c506d6dbabdb10a3878b0c91aa60f7e6ca696,288133858c3adbbc647a71463b288b7a5482b4d8987b04546936f7b45de44d12,aligned_with_safety_augmentation,false
ncb-scientific-7a87a86398becf44,ncb-scientific-7a87a86398becf44,7a87a86398becf44806656c7b8437f675f371fd6f2644ac257e562ca90b86a6a,7a87a86398becf44806656c7b8437f675f371fd6f2644ac257e562ca90b86a6a,33e89aec59a3bf8a0b69e34d581e8d06c4a3196d0dac05b9939e1d0f86d00201,aligned_with_safety_augmentation,false
ncb-scientific-7ab10eca62cc6fc7,ncb-scientific-7ab10eca62cc6fc7,7ab10eca62cc6fc7aac3fc6c5d935bbe58e90be3a4850b9956b9d4bb8758e45f,7ab10eca62cc6fc7aac3fc6c5d935bbe58e90be3a4850b9956b9d4bb8758e45f,a6f1e311994e56559225f835cb321d3bc39837e571b091ab884fbf4cd68d866b,ambiguous_unresolved,true
ncb-scientific-7be5e0886589fedd,ncb-scientific-7be5e0886589fedd,7be5e0886589fedd176d8f8a4351a86533239f8929f35db4651ba564298bca62,7be5e0886589fedd176d8f8a4351a86533239f8929f35db4651ba564298bca62,530e5c21bfc8d9fae437f44614c53c11ecbb23847a4503ce32eeea8747378e71,aligned_with_safety_augmentation,false
ncb-scientific-7c005de1c12b32a7,ncb-scientific-7c005de1c12b32a7,7c005de1c12b32a7b7a45e61565deb980582119a1b92e7e4f0083c9e8537a1d0,22e9dad3dc77b808e6883b1259492c9cf8f1bb52d57623e5d3afd28fd4ecd81a,af8cd98c7b6f26a204bc6fac60ce7fdcd95301834414de7f8837e25b758e1b22,repairable_contract,true
ncb-scientific-7c173adc5485d7ce,ncb-scientific-7c173adc5485d7ce,7c173adc5485d7ce2f944c400dd42b6053d003a6972c57de7cbc05bac07157ce,7c173adc5485d7ce2f944c400dd42b6053d003a6972c57de7cbc05bac07157ce,1f7bc67d179b9355b46c0a6d219801071d9b65cbb77303c00ba2f5be300fd9ba,aligned_with_safety_augmentation,false
ncb-scientific-7c66a10417fcec23,ncb-scientific-7c66a10417fcec23,7c66a10417fcec235ed58bc5f85855df3d432c60693fa1bf4758147bfb882606,7c66a10417fcec235ed58bc5f85855df3d432c60693fa1bf4758147bfb882606,1077a6329450b1493818e951eefaf9a1918c00ec0d8763461e263fa9833b1f23,aligned,false
ncb-scientific-7c8fd02a769bcd9a,ncb-scientific-7c8fd02a769bcd9a,7c8fd02a769bcd9a50c58371dc350ccdbc8a4ee13f120f120f0bbcd3b15a000f,7c8fd02a769bcd9a50c58371dc350ccdbc8a4ee13f120f120f0bbcd3b15a000f,6e926668ee2102fe15bfb78e98e843358b9bd05425dc94eb7cb40b8460de631c,aligned_with_safety_augmentation,false
ncb-scientific-7cb3fe4a5738fae5,ncb-scientific-7cb3fe4a5738fae5,7cb3fe4a5738fae59ad565ce7ad320774954e407c9d8edcbc6f05c4bb1287017,7cb3fe4a5738fae59ad565ce7ad320774954e407c9d8edcbc6f05c4bb1287017,e6e102f113b269f763eab83986c910eb619c569bf94e26fb7d502e643c9f9c56,aligned,false
ncb-scientific-7f4258667f94f44d,ncb-scientific-7f4258667f94f44d,7f4258667f94f44d5e73e949aab05c8374dbe1ac010e146956307f30d3201ba2,7f4258667f94f44d5e73e949aab05c8374dbe1ac010e146956307f30d3201ba2,e08530a1ce66821e0185b99544e99b7af362c6c7ec77a4a3089fb24d52bb2103,aligned_with_safety_augmentation,false
ncb-scientific-7fc6845e80fabb9d,ncb-scientific-7fc6845e80fabb9d,7fc6845e80fabb9db8918b62e791d797a9227a8aa7499272e4c4a47064ebeab2,7fc6845e80fabb9db8918b62e791d797a9227a8aa7499272e4c4a47064ebeab2,d797a96575579058b8b096f02c8b1246f793585d4f7f66d8eb9d8b430f4bcb7b,aligned_with_safety_augmentation,false
ncb-scientific-7fe9235c8d5841b2,ncb-scientific-7fe9235c8d5841b2,7fe9235c8d5841b21b4e02f5f1ea3da19d265b3dae41e4689eb549064708d519,7fe9235c8d5841b21b4e02f5f1ea3da19d265b3dae41e4689eb549064708d519,8006929afd02e83488b6b126559c6871c27e67f92e44168157621b5323681d50,aligned_with_safety_augmentation,false
ncb-scientific-8014ff72ff0a06a0,ncb-scientific-8014ff72ff0a06a0,8014ff72ff0a06a0aa8de224052dec1b0bd5ed72ab1609e53885372944ee3b2a,8014ff72ff0a06a0aa8de224052dec1b0bd5ed72ab1609e53885372944ee3b2a,1c93b1b79453920d69cb5870800a394a6a6714aa4623666b1013c63ce7347635,aligned_with_safety_augmentation,false
ncb-scientific-80318de11aee33ca,ncb-scientific-80318de11aee33ca,80318de11aee33cafcafc23b40e6d185a412151c5603277794147b1d572df23d,80318de11aee33cafcafc23b40e6d185a412151c5603277794147b1d572df23d,37aff8a86a2c83db09116686490bf107792c3b5d5db511ad402b3faf268d01d8,aligned,false
ncb-scientific-815d879b9076393c,ncb-scientific-815d879b9076393c,815d879b9076393c67c02ef257b22635e8409b74da079f46cc05a619c8020db7,815d879b9076393c67c02ef257b22635e8409b74da079f46cc05a619c8020db7,caeaf78486a60e9fc6c74a92eb0070452d426a81bc5f8582de22e325342ebded,aligned,false
ncb-scientific-81d14342bc5a3c18,ncb-scientific-81d14342bc5a3c18,81d14342bc5a3c187ebbc5c08c3f60f065445493303b049bc443caa0bb16a644,81d14342bc5a3c187ebbc5c08c3f60f065445493303b049bc443caa0bb16a644,cf818ca98b34d5da6bf8f0f849b706221eb0170af6427e2f5d2117d60937c6e9,aligned,false
ncb-scientific-81e24d3b130902a4,ncb-scientific-81e24d3b130902a4,81e24d3b130902a46cd52114a0894c5d3052a400c072cda182917e5eb6728851,81e24d3b130902a46cd52114a0894c5d3052a400c072cda182917e5eb6728851,0a245ad296efb92fea22803694ef8dbf1032ab3add438e00ed100399d1c39f51,aligned,false
ncb-scientific-822a9e3fd7a9cc40,ncb-scientific-822a9e3fd7a9cc40,822a9e3fd7a9cc40dd56cec27d9df1f4b981c6e08141b1a8a2264fd39544ccfa,822a9e3fd7a9cc40dd56cec27d9df1f4b981c6e08141b1a8a2264fd39544ccfa,12a8c450b03a4679a3e072cde7a58e39e04305d3c757da795decf192427eee60,aligned,false
ncb-scientific-8317e3afc8d4d4c2,ncb-scientific-8317e3afc8d4d4c2,8317e3afc8d4d4c2055b23ae14d59e3a947e1930aa8a0be481f0391bdb109969,8317e3afc8d4d4c2055b23ae14d59e3a947e1930aa8a0be481f0391bdb109969,41619b7e7ed4b0c9f0e1bcd7b57b8fad4e5ae6eb88ea00d01e2c01be0070642f,aligned,false
ncb-scientific-8366c91b96faf9a6,ncb-scientific-8366c91b96faf9a6,8366c91b96faf9a6c9557e9120c312676b6be08466de64a2ea5ecb46f08595dc,8366c91b96faf9a6c9557e9120c312676b6be08466de64a2ea5ecb46f08595dc,fb114309705db18cb116e2bf641d0c717c3d691cc81c69493b440c7e7a4aac13,aligned_with_safety_augmentation,false
ncb-scientific-83e09f86b797842d,ncb-scientific-83e09f86b797842d,83e09f86b797842db14cf907d844db23b34efc9e14034f96c3ccdb763c272e12,83e09f86b797842db14cf907d844db23b34efc9e14034f96c3ccdb763c272e12,6889d8205eafeb4a34e35b325f7ab54cbacb5b665452fc496c73ab3d1e5f961d,aligned_with_safety_augmentation,false
ncb-scientific-83e8c22eb0f4831a,ncb-scientific-83e8c22eb0f4831a,83e8c22eb0f4831ab466f92d33a57545f9a4ac8eb8d3c9af44021b75c7fef4c4,83e8c22eb0f4831ab466f92d33a57545f9a4ac8eb8d3c9af44021b75c7fef4c4,0bc71a22cf8f7ec2bcf4ebf922aae80b71cd6a4ff053429780628fbac2d1d82b,aligned_with_safety_augmentation,false
ncb-scientific-8482b5c202e5e323,ncb-scientific-8482b5c202e5e323,8482b5c202e5e3235de8c6063dda4b78550e3f9e00df27d431e2d1f0d720b4aa,8482b5c202e5e3235de8c6063dda4b78550e3f9e00df27d431e2d1f0d720b4aa,1d30ca98b79841f53b77865c3dda5071edfd5285e121fc3805f2ee68ca7521b3,aligned_with_safety_augmentation,false
ncb-scientific-86a81a5f3a28d98c,ncb-scientific-86a81a5f3a28d98c,86a81a5f3a28d98c10f2fd88774a049275a6dd3a56fa4e236ed763a643cae1c7,86a81a5f3a28d98c10f2fd88774a049275a6dd3a56fa4e236ed763a643cae1c7,5aa37301cb74ff753caaa31679db6a52f02d81730fda044d462d42b8f9d71f2b,aligned_with_safety_augmentation,false
ncb-scientific-872c426870a43fc0,ncb-scientific-872c426870a43fc0,872c426870a43fc09bee7deefd9487ffedf554184b618cfa1548e9f8d3be8d34,872c426870a43fc09bee7deefd9487ffedf554184b618cfa1548e9f8d3be8d34,af1e3ea30c2d14dca25b864e581917b849d1fce778a0ae1bb2311ff513f67c9e,aligned_with_safety_augmentation,false
ncb-scientific-88422a822641e7cd,ncb-scientific-88422a822641e7cd,88422a822641e7cdcba6f457a4fa41387a32f9f3a60e08260ef9b6a18e716ada,88422a822641e7cdcba6f457a4fa41387a32f9f3a60e08260ef9b6a18e716ada,63cd65b8854b8da56cfc9659d38234046563e6896892bfc4b961d76ed31802ac,aligned,false
ncb-scientific-8875a7bf33df9519,ncb-scientific-8875a7bf33df9519,8875a7bf33df951977e26ecd4ecf5885a3a6e08b889d220be4400f20649c8706,8875a7bf33df951977e26ecd4ecf5885a3a6e08b889d220be4400f20649c8706,042de82b6e180575d97e5abc72a24dcbb9d282effef3e184634dd3d8f6251552,aligned_with_safety_augmentation,false
ncb-scientific-89c7369d95a29475,ncb-scientific-89c7369d95a29475,89c7369d95a294751cf5c375140d9d130dba267d6c01ae06bb839c019ab703a8,89c7369d95a294751cf5c375140d9d130dba267d6c01ae06bb839c019ab703a8,2cb2c4609cc1f908d14334e69dcc671acc108c0360972f04661b88c75498e664,ambiguous_unresolved,true
ncb-scientific-8c2247d3d87d1686,ncb-scientific-8c2247d3d87d1686,8c2247d3d87d168619a886b699239573b6b6131b255047cbbae00c1b2219eece,8c2247d3d87d168619a886b699239573b6b6131b255047cbbae00c1b2219eece,a9ce1aed49618cefa8a0a9a3605a1f166df666ddaa4aacc56fd3e053ed006fb4,ambiguous_unresolved,true
ncb-scientific-8d7c71367a2043b9,ncb-scientific-8d7c71367a2043b9,8d7c71367a2043b90fd51104e7c42a5e0fbd4068a2810fc8c3cbff83c8af75e6,8d7c71367a2043b90fd51104e7c42a5e0fbd4068a2810fc8c3cbff83c8af75e6,b29948934ba0a84db7bb402482c14d92902908ec3ef781d63f7e22cb7ec73fac,aligned_with_safety_augmentation,false
ncb-scientific-8d7fe2116b082179,ncb-scientific-8d7fe2116b082179,8d7fe2116b0821799a9e992e61809bd3abcb212212e1521f1f163d3b6e9d3221,8d7fe2116b0821799a9e992e61809bd3abcb212212e1521f1f163d3b6e9d3221,aeccce9285a5097f95ce57237ebffd48df0ed40033cdb79a7c17d240f5e5978e,non_executable,true
ncb-scientific-9066c4a0d3bc2f9f,ncb-scientific-9066c4a0d3bc2f9f,9066c4a0d3bc2f9f335adcc9e6fce3653c8c38198faedd03436f1aa34da54b25,9066c4a0d3bc2f9f335adcc9e6fce3653c8c38198faedd03436f1aa34da54b25,5b3efc83c2238eab3df9ed2b7c3e5db350519871fbc673eb52d4bdcd615604b3,aligned_with_safety_augmentation,false
ncb-scientific-909dd51daf957cf4,ncb-scientific-909dd51daf957cf4,909dd51daf957cf4b20c9b9653fa6fd59e0a164cd218cfc872a8413563b73c59,909dd51daf957cf4b20c9b9653fa6fd59e0a164cd218cfc872a8413563b73c59,30f9e44b2da47ffe1a7d08cf76441f598f9536fad52dabc91e41aedea32a9cd6,aligned_with_safety_augmentation,false
ncb-scientific-91575e683551f750,ncb-scientific-91575e683551f750,91575e683551f75081c4f506c9039447b9776b05e7c95ff1bf81a2323f0c51b9,91575e683551f75081c4f506c9039447b9776b05e7c95ff1bf81a2323f0c51b9,5e68e8432ce7444392ec81f9d01c5b1f2d73c5553440f48dd91e84d651415103,aligned,false
ncb-scientific-9181e305d0e360a5,ncb-scientific-9181e305d0e360a5,9181e305d0e360a5d17ec43febd9d32a46fc572a1fa87ab8680c7b4cb79abe90,9181e305d0e360a5d17ec43febd9d32a46fc572a1fa87ab8680c7b4cb79abe90,13054da604d3991a2fb72837b3c7c4bcc617d91a730fe2a6dd173d5bd4704510,aligned_with_safety_augmentation,false
ncb-scientific-9211f485178e8764,ncb-scientific-9211f485178e8764,9211f485178e876413d000ae0d666f5eb21558c7ceb341bc2df9a556e8380671,9211f485178e876413d000ae0d666f5eb21558c7ceb341bc2df9a556e8380671,4aaab4ba4d4a98b5bd36ae35bbdec5d3dfc82b37a260be9e5768c51337b6cce3,ambiguous_unresolved,true
ncb-scientific-9306eed5ac12c7af,ncb-scientific-9306eed5ac12c7af,9306eed5ac12c7afb5d6c7513192e5e650af6d2ccd09172f90bd0be83b95b662,9306eed5ac12c7afb5d6c7513192e5e650af6d2ccd09172f90bd0be83b95b662,fec24c80fd4b76d227cb257a90f867bca482a7e13d76fb0ad6c93c70edfef3ff,aligned,false
ncb-scientific-9346832a3ea94fed,ncb-scientific-9346832a3ea94fed,9346832a3ea94fed1779e67d24dd063322531f7532512b5576692279e9c5150b,9346832a3ea94fed1779e67d24dd063322531f7532512b5576692279e9c5150b,e9bfbb45155f52912fb21fcec0d272b69e1e9c2ff9663b0d273b03591ce6fa7c,aligned_with_safety_augmentation,false
ncb-scientific-9448893bb6c6800c,ncb-scientific-9448893bb6c6800c,9448893bb6c6800c78376b8412245b2d4fc95fced01a8b0aca85e2d448fbc3f8,9448893bb6c6800c78376b8412245b2d4fc95fced01a8b0aca85e2d448fbc3f8,07b74f1f8fe1ba3839307dfb0f9a7df526923c29df56301ba9fe1caed4f83b37,aligned_with_safety_augmentation,false
ncb-scientific-9586a5c1af2ea3f7,ncb-scientific-9586a5c1af2ea3f7,9586a5c1af2ea3f750efc9fab6e0024a5faa97fed0023cb8ccc5845173e180c0,9586a5c1af2ea3f750efc9fab6e0024a5faa97fed0023cb8ccc5845173e180c0,036c278deb19fda270b0513ebefa1fd8ae0019ed63583b6d97c6a48d5b773c2a,aligned,false
ncb-scientific-970b61f9cba924c6,ncb-scientific-970b61f9cba924c6,970b61f9cba924c6d68292ce20e398b5486f23406238ab4f20992d5ff84ef2ca,970b61f9cba924c6d68292ce20e398b5486f23406238ab4f20992d5ff84ef2ca,39825fec627a2e8426a5ffa557927023686d7b60551236745f601adda2bb29fe,aligned_with_safety_augmentation,false
ncb-scientific-9b0372d2c93e148a,ncb-scientific-9b0372d2c93e148a,9b0372d2c93e148a55d818beea55e176baab43b6cdcbb1cadd346c4698342848,9b0372d2c93e148a55d818beea55e176baab43b6cdcbb1cadd346c4698342848,868ecfce7069e6184fb4dbbc39b5727b2c51dfc8894b61a8f3b86b72fc566327,ambiguous_unresolved,true
ncb-scientific-9b768a7494df75b2,ncb-scientific-9b768a7494df75b2,9b768a7494df75b24fdc89ed6f68cee71fad50a0a2b02684368bd092524d7453,9b768a7494df75b24fdc89ed6f68cee71fad50a0a2b02684368bd092524d7453,cc88496de58670781aed65abe013d8c721c72856c10474b29626ea483fab47ad,aligned_with_safety_augmentation,false
ncb-scientific-9c2e4221cf5ca105,ncb-scientific-9c2e4221cf5ca105,9c2e4221cf5ca105c142aa03f1212934ddcc6f3a0b4ae66e5f9d130f892c1d68,9c2e4221cf5ca105c142aa03f1212934ddcc6f3a0b4ae66e5f9d130f892c1d68,ba928d407d1ca0f6c5afdaca542afb27bbb701df9518fa5bf8c117ed20911a6c,aligned_with_safety_augmentation,false
ncb-scientific-9c418256797d0a86,ncb-scientific-9c418256797d0a86,9c418256797d0a86064d970a3e88ff8457d32310776b1a8297e66c8a796c3e35,9c418256797d0a86064d970a3e88ff8457d32310776b1a8297e66c8a796c3e35,df99e81362b75dffbcbd07d8ee8f1a11c596fe3cb083ca887736f7d22a97e830,aligned,false
ncb-scientific-9cb81ca19caf7d9d,ncb-scientific-9cb81ca19caf7d9d,9cb81ca19caf7d9d6b49e500a49ea556a78744f64b6fd83c145fea8fe986637c,9cb81ca19caf7d9d6b49e500a49ea556a78744f64b6fd83c145fea8fe986637c,97be5076603be9d917c886dc45ede9e795636baad44684b76a809bc66b0edc5c,aligned_with_safety_augmentation,false
ncb-scientific-9eaf2a23ddb73ea3,ncb-scientific-9eaf2a23ddb73ea3,9eaf2a23ddb73ea3b9ad8419cc764b871d15a798fea17ac3a71821704466415e,9eaf2a23ddb73ea3b9ad8419cc764b871d15a798fea17ac3a71821704466415e,b278ca421543844fa380ea4735c7f7b3cc5a775f453e6281dd449682d6ea98fa,aligned_with_safety_augmentation,false
ncb-scientific-9ec4c7f2ec1fad99,ncb-scientific-9ec4c7f2ec1fad99,9ec4c7f2ec1fad994bbafcb3d8260862dc2d3b5829226c0f0c4ea111889d1c08,9ec4c7f2ec1fad994bbafcb3d8260862dc2d3b5829226c0f0c4ea111889d1c08,0f3cb7e08cf79f5f578777c344fa64211184f4044949e50c9edc1ad14aa1eb54,aligned_with_safety_augmentation,false
ncb-scientific-9f890b1a7a66889e,ncb-scientific-9f890b1a7a66889e,9f890b1a7a66889eb010dc6a885fa8ac58380191f9b86429c8ce90076d63edcc,9f890b1a7a66889eb010dc6a885fa8ac58380191f9b86429c8ce90076d63edcc,c11760e2e99fad3c8987f0d164fa3e1e8cf068f32903786dee358c5ac5fa3e3f,aligned_with_safety_augmentation,false
ncb-scientific-a02841671504d8cd,ncb-scientific-a02841671504d8cd,a02841671504d8cd91f7002bbbc87782b0cb75c4c91c3c75f40930bf0fc27467,a02841671504d8cd91f7002bbbc87782b0cb75c4c91c3c75f40930bf0fc27467,cbd2d211c6dc6de80c4b9f18ade9709f22962b3b4c1fb13e66f334359e7003ef,aligned_with_safety_augmentation,false
ncb-scientific-a1bf69b8f56d46c9,ncb-scientific-a1bf69b8f56d46c9,a1bf69b8f56d46c996f93349f5201c8b628f7dd5753a9899ff61c78ed977e658,a1bf69b8f56d46c996f93349f5201c8b628f7dd5753a9899ff61c78ed977e658,f690472eed97befcc9498b6fe58120bdca883a9b7f7d01b8fba12785a7380316,aligned_with_safety_augmentation,false
ncb-scientific-a1da46d7f5fa792d,ncb-scientific-a1da46d7f5fa792d,a1da46d7f5fa792d06b40ef905be2163aa10371959c82a12774363e09e80a844,a1da46d7f5fa792d06b40ef905be2163aa10371959c82a12774363e09e80a844,849940a6d905eab0f21abc57eb9b71c66c1e25ab1c5041d6406fb28becad517a,aligned_with_safety_augmentation,false
ncb-scientific-a20d5751ea756186,ncb-scientific-a20d5751ea756186,a20d5751ea756186d20b808bb6f95bf13e0bc956ea37bccdfd0404d9233947ed,a20d5751ea756186d20b808bb6f95bf13e0bc956ea37bccdfd0404d9233947ed,27b894055f88f8bc33ad7398a202e6882cd2c1be7d493aa9dceb5843f2db3ff2,aligned_with_safety_augmentation,false
ncb-scientific-a36ed4355870c674,ncb-scientific-a36ed4355870c674,a36ed4355870c67495b9c1642246c88e628f924a40b61dcf3dc95742bd0f7c0b,a36ed4355870c67495b9c1642246c88e628f924a40b61dcf3dc95742bd0f7c0b,56be5325b4e73bd57c10e849d6dab1725eff973e263b44fe8b6aa56c29fe3547,aligned_with_safety_augmentation,false
ncb-scientific-a3f4263a0dce56cf,ncb-scientific-a3f4263a0dce56cf,a3f4263a0dce56cf738ebd2d271cf2f786acf25f6ab1432a96784f063e51d349,a3f4263a0dce56cf738ebd2d271cf2f786acf25f6ab1432a96784f063e51d349,19e071037357ceedd8222b71e868797a6a5d8c0b0fc9a3c80412e3c081ee348c,aligned_with_safety_augmentation,false
ncb-scientific-a427d5471566b2cf,ncb-scientific-a427d5471566b2cf,a427d5471566b2cf475103489cde2f05ea57bbab09ea9cdd585ccf3a09b6dc00,a427d5471566b2cf475103489cde2f05ea57bbab09ea9cdd585ccf3a09b6dc00,a41420f536f7714287e4dfce224f39ed0adc6ad4ae0bd1571069678cda9ee1ba,aligned_with_safety_augmentation,false
ncb-scientific-a545812912502796,ncb-scientific-a545812912502796,a5458129125027964cfadcefcff0f19c0d3ceed68aede1f9609ffc45247c35e4,a5458129125027964cfadcefcff0f19c0d3ceed68aede1f9609ffc45247c35e4,3705528892a64fa460f4e855d090bd868883354897a476251e99f56202639ce3,aligned_with_safety_augmentation,false
ncb-scientific-a7bd041be62e2db4,ncb-scientific-a7bd041be62e2db4,a7bd041be62e2db43aded1d76a6c0b581c7274b1f519b9d483c62e6dc39f3136,a7bd041be62e2db43aded1d76a6c0b581c7274b1f519b9d483c62e6dc39f3136,3e5de38ee0c91ab4b8c978611368431913f9e80f1d93980483df61e2376788ce,aligned_with_safety_augmentation,false
ncb-scientific-a9e0ba33a876abc0,ncb-scientific-a9e0ba33a876abc0,a9e0ba33a876abc0fa6cbc657ebbfa5b3516bdf998288dcb9ea497f1dd12cfda,a9e0ba33a876abc0fa6cbc657ebbfa5b3516bdf998288dcb9ea497f1dd12cfda,633cfc5e33b7c5e69d55f47588bbc479674deee1e1de7216ce7490d6119c6bc2,aligned_with_safety_augmentation,false
ncb-scientific-acb1371a4d55e5b6,ncb-scientific-acb1371a4d55e5b6,acb1371a4d55e5b67d2d06ead7f73f437ea8d35c88a4fe46cbd67148b6955944,acb1371a4d55e5b67d2d06ead7f73f437ea8d35c88a4fe46cbd67148b6955944,0f95eab306534d82d2c25aa789d7b0145508c7161412e1c1a7dc75893a845bfc,aligned_with_safety_augmentation,false
ncb-scientific-ad793f2b627c14db,ncb-scientific-ad793f2b627c14db,ad793f2b627c14db9571a23bc5ff054129a8af48d092cae596e02c3fbd8ca3e6,ad793f2b627c14db9571a23bc5ff054129a8af48d092cae596e02c3fbd8ca3e6,33e67a6ff2acbae4b2f86b6e1a721f1a0793bf70a93436104c7373d2e22cd7fe,ambiguous_unresolved,true
ncb-scientific-adc64a42191e17f6,ncb-scientific-adc64a42191e17f6,adc64a42191e17f63007bc25281becbf3d5835b1b4907a7c66c7d4875362948d,adc64a42191e17f63007bc25281becbf3d5835b1b4907a7c66c7d4875362948d,778579800099c6d585924c98ec2c69a59dc9d6efc8ba7243193d1f06716cbf15,aligned_with_safety_augmentation,false
ncb-scientific-adc7daee506cca47,ncb-scientific-adc7daee506cca47,adc7daee506cca470db321582aa77b9cc0e7f2abd527b99d4738e32de92f9075,adc7daee506cca470db321582aa77b9cc0e7f2abd527b99d4738e32de92f9075,ae80a32cb010bf73a15d6e0b95b5781a5be2e6ad296977d2d8502fed1bfd1f30,ambiguous_unresolved,true
ncb-scientific-afbfd52ab898aa8b,ncb-scientific-afbfd52ab898aa8b,afbfd52ab898aa8b75058616b6193b34892bea7f7d452244ed64defafeede78a,afbfd52ab898aa8b75058616b6193b34892bea7f7d452244ed64defafeede78a,8f745d620c26413a8472bc7517e775687522b7c7596773a1a7f081b30a404033,aligned,false
ncb-scientific-afe1f83e3d954a8c,ncb-scientific-afe1f83e3d954a8c,afe1f83e3d954a8cea0ae7eceea167af281c6ea8ddce2bc289e93500d6ac2e54,afe1f83e3d954a8cea0ae7eceea167af281c6ea8ddce2bc289e93500d6ac2e54,a6ebc92d75b1dd68107aaeb8a568c0d613fd38e1bbdd8f91cc7a0013c56d912b,aligned_with_safety_augmentation,false
ncb-scientific-b0c4c5f349a00064,ncb-scientific-b0c4c5f349a00064,b0c4c5f349a00064aea1e57a9ed87aecb684446116668a035a31fe7e2c25d086,b0c4c5f349a00064aea1e57a9ed87aecb684446116668a035a31fe7e2c25d086,9327ba43db3c8bfc32447c21feb8dc1e9768bab3c87baf1277fd377f3c97333f,aligned,false
ncb-scientific-b22524a12bd4a0b9,ncb-scientific-b22524a12bd4a0b9,b22524a12bd4a0b93a1526df97ea32199d9f08beef37d943ae1d4f7942ff7f5b,b22524a12bd4a0b93a1526df97ea32199d9f08beef37d943ae1d4f7942ff7f5b,5942338980a08aaa9cf5e973661fe3df2a80114b60ce0dee3ca67136ccb9b2ba,aligned_with_safety_augmentation,false
ncb-scientific-b274fb2db756fa8f,ncb-scientific-b274fb2db756fa8f,b274fb2db756fa8fbe67b5bf4c76aa14a96203ae5a5dae6222358380236562c8,b274fb2db756fa8fbe67b5bf4c76aa14a96203ae5a5dae6222358380236562c8,27b3b8973c48886671e13c09f7aba0b67e26d1c85bbef694fcd3d27c23592a03,aligned_with_safety_augmentation,false
ncb-scientific-b2bc1b3dc8d74234,ncb-scientific-b2bc1b3dc8d74234,b2bc1b3dc8d742349867f9f8a7e42fb3186657691ec0e71f041febf9a92913f6,b2bc1b3dc8d742349867f9f8a7e42fb3186657691ec0e71f041febf9a92913f6,dca138f48aa414436004e49ce89d984b557b2c9ddba97052b8a4ec9f2e1f8b8f,aligned_with_safety_augmentation,false
ncb-scientific-b336c91ebd2e082c,ncb-scientific-b336c91ebd2e082c,b336c91ebd2e082c670facfa74d1a9ee136e61e29d1305f2d91cecac8b77f04c,b336c91ebd2e082c670facfa74d1a9ee136e61e29d1305f2d91cecac8b77f04c,a0b8ab25b35aae132950a5e2d0a3008dec101dc4a40471771db13c4c6ec07fde,ambiguous_unresolved,true
ncb-scientific-b5c857772b8292df,ncb-scientific-b5c857772b8292df,b5c857772b8292dff93bcb95c7fb4c0be82f61504c26048b086fe5058608e8d9,b5c857772b8292dff93bcb95c7fb4c0be82f61504c26048b086fe5058608e8d9,90428df4575c3939485af537eb6e2acb18986adeb5e47bd44912091fa7fd1bf5,aligned,false
ncb-scientific-b6bcaf52ce24d411,ncb-scientific-b6bcaf52ce24d411,b6bcaf52ce24d41101405c05556ff4df7a5cf370d247fb9fbe590d817921a011,b6bcaf52ce24d41101405c05556ff4df7a5cf370d247fb9fbe590d817921a011,4534f60aebd59bf411dff332e7d4aa2e530c34c5d20aafc1bd860b07358677cb,aligned,false
ncb-scientific-b9f9592e3da6c9ce,ncb-scientific-b9f9592e3da6c9ce,b9f9592e3da6c9ce77d0e6e3333175a7516b0e2a5a750a9dac682d3f3f346101,b9f9592e3da6c9ce77d0e6e3333175a7516b0e2a5a750a9dac682d3f3f346101,9e31866f2bfdbe9a9189074872350ca77b8569ba9774d762b0d2b25f9dab3c33,ambiguous_unresolved,true
ncb-scientific-ba299f6826289883,ncb-scientific-ba299f6826289883,ba299f6826289883e4daa74fa09ab631467ffc5d4032e7a7f330ebbddd782bc0,ba299f6826289883e4daa74fa09ab631467ffc5d4032e7a7f330ebbddd782bc0,6dc660eb115b8567babb0efbb128481762eda0174302a2dc5c791c7e412315c5,aligned_with_safety_augmentation,false
ncb-scientific-bace4c130b60ece5,ncb-scientific-bace4c130b60ece5,bace4c130b60ece50157fd3d6ec0b0e4244cf860559cbcb48aa4a9e499ab497d,bace4c130b60ece50157fd3d6ec0b0e4244cf860559cbcb48aa4a9e499ab497d,4e4a0ac838fc49628b0d6d5048b129e48f6035d11d7f896f927145106a42119a,ambiguous_unresolved,true
ncb-scientific-bc6d05b49560e9df,ncb-scientific-bc6d05b49560e9df,bc6d05b49560e9df556c27a32ce7b1ba5f9f2ef45e09a11867a8804906ed9dcf,bc6d05b49560e9df556c27a32ce7b1ba5f9f2ef45e09a11867a8804906ed9dcf,dee65f72a47aff4d0e1ccbb29ba0c69bb7893bc2d8fbf51e2549b1c4bcdcbaa5,aligned_with_safety_augmentation,false
ncb-scientific-bd78b101a1f87be6,ncb-scientific-bd78b101a1f87be6,bd78b101a1f87be6fe2c3e88d31dc8e50bef5aafe3295b714c8df459f8c341e0,bd78b101a1f87be6fe2c3e88d31dc8e50bef5aafe3295b714c8df459f8c341e0,ede7da991590f91e4bbee4c1cb0c6aec50937e0298fdeefea66c0e15a76c71b7,aligned_with_safety_augmentation,false
ncb-scientific-bdabe2252485052d,ncb-scientific-bdabe2252485052d,bdabe2252485052d7dc57af8fa2e2b0c2ff1a6f8ceb218cf47d53bc6ff965cdd,bdabe2252485052d7dc57af8fa2e2b0c2ff1a6f8ceb218cf47d53bc6ff965cdd,afdd0d516b0e02ac11ff3e32a5a41532121f371c8b0d407f13ce0e2c6f41a3af,aligned,false
ncb-scientific-bdc24737aa23b682,ncb-scientific-bdc24737aa23b682,bdc24737aa23b68213ee1a77d82e33597f5039ce548624b69e5675e7b1b02b18,bdc24737aa23b68213ee1a77d82e33597f5039ce548624b69e5675e7b1b02b18,19f7933999dbf034aab1cba658fd2ba657b5373ecc87b7b0805823638f64981a,aligned_with_safety_augmentation,false
ncb-scientific-bdd01753f9ebb90c,ncb-scientific-bdd01753f9ebb90c,bdd01753f9ebb90c217a505dcc5198d851aee4b3c3450e682d1615f35e5dd44c,bdd01753f9ebb90c217a505dcc5198d851aee4b3c3450e682d1615f35e5dd44c,c0c3136ae13104aee5f285b829af93f0169b1b014dbf9d271372f37ae8fa88ae,aligned,false
ncb-scientific-be6c2a9394bf0498,ncb-scientific-be6c2a9394bf0498,be6c2a9394bf0498514b7f9b8a7c090d0eecae63bc6a4851a3b2daab83152219,be6c2a9394bf0498514b7f9b8a7c090d0eecae63bc6a4851a3b2daab83152219,10c81700d8723ab87ddfb3fe5342761a768d8bf9c254994d5b9db9c5f2661c95,ambiguous_unresolved,true
ncb-scientific-be9238714808b664,ncb-scientific-be9238714808b664,be9238714808b66402159f2c45825993dd00eadd147b39f453e2e7e450668e79,be9238714808b66402159f2c45825993dd00eadd147b39f453e2e7e450668e79,b3fa42d2a630ebc3caa7c74fb7cbd7662c049cc3c860cb5ce03902ac58d726a8,aligned_with_safety_augmentation,false
ncb-scientific-bf6a4a4dabf8357f,ncb-scientific-bf6a4a4dabf8357f,bf6a4a4dabf8357f31e6a07ae1504771c332c4ed81929fb895a09609631d5866,bf6a4a4dabf8357f31e6a07ae1504771c332c4ed81929fb895a09609631d5866,471346971a5ea41cfb190c9fabcbd47a7800e7ac5bf957af51dac02889ff6aba,aligned_with_safety_augmentation,false
ncb-scientific-c1112f228bb27f06,ncb-scientific-c1112f228bb27f06,c1112f228bb27f06f18f32376d89a4b816fcc7df2f53487617d65faedc726ef5,c1112f228bb27f06f18f32376d89a4b816fcc7df2f53487617d65faedc726ef5,3e8049b7ffb2a51555b02995586bc5ac758cba8fc9b0e435c93488e887e2ff70,ambiguous_unresolved,true
ncb-scientific-c1b8f2bee08cd388,ncb-scientific-c1b8f2bee08cd388,c1b8f2bee08cd3885ae393bad4189abe4f6f306525a43073ef666674c49e6e5a,c1b8f2bee08cd3885ae393bad4189abe4f6f306525a43073ef666674c49e6e5a,bbb2f5d0337d98ca21d01363117c8802166d00564d52138fc36095d6b7896a14,aligned_with_safety_augmentation,false
ncb-scientific-c2b02d58d24ba60d,ncb-scientific-c2b02d58d24ba60d,c2b02d58d24ba60daf2b0fab1860326813cfd95d682e7e00098e44931d13b8a2,c2b02d58d24ba60daf2b0fab1860326813cfd95d682e7e00098e44931d13b8a2,c6fc271e53fb2d68fd2b594f1ca2451ed500ac56580dfd87511ad028dd86246b,ambiguous_unresolved,true
ncb-scientific-c3a081875a1cf586,ncb-scientific-c3a081875a1cf586,c3a081875a1cf586a007ce8ca93186b5680d0217ed8d6cb1ee78167cf39f91bb,c3a081875a1cf586a007ce8ca93186b5680d0217ed8d6cb1ee78167cf39f91bb,f53f8e95dae61c20b6955e509af8491a6986c33474734d95c5ddad01b32666c6,aligned,false
ncb-scientific-c631e745a39a4c34,ncb-scientific-c631e745a39a4c34,c631e745a39a4c34b7a2b47ee20ac723363fb4d3f247ba63938ada9c0511f640,c631e745a39a4c34b7a2b47ee20ac723363fb4d3f247ba63938ada9c0511f640,fafd5037b8601c23c53be1427181a301e0c7cb55c0ce7ed82f6c3f9c922fedde,aligned_with_safety_augmentation,false
ncb-scientific-c64dac21d8591104,ncb-scientific-c64dac21d8591104,c64dac21d8591104aa2912c0fc623cb3df7ae2fad45f89683dcc7f18692dc403,c64dac21d8591104aa2912c0fc623cb3df7ae2fad45f89683dcc7f18692dc403,4037e2e75b04cd9206d8c402d57a297ff5c80638d0578700e00a403422e06da0,aligned_with_safety_augmentation,false
ncb-scientific-c671d3de1b2734cb,ncb-scientific-c671d3de1b2734cb,c671d3de1b2734cb8e64ccc55fdd15ea4118e551d604845c6f756f7b71f7ba43,c671d3de1b2734cb8e64ccc55fdd15ea4118e551d604845c6f756f7b71f7ba43,54acffd20c41e9a0c533f35de4add5b79743714fedc400c8ca10b2f70357ed1f,aligned,false
ncb-scientific-c823298f5f12df8a,ncb-scientific-c823298f5f12df8a,c823298f5f12df8af07efc39e57413ee6b375c5f9f95bf060e712101c70c15cd,c823298f5f12df8af07efc39e57413ee6b375c5f9f95bf060e712101c70c15cd,82b424dd24392485dfe0585b2ac8274ad9969c38a52bb25afb4c2cb29a0b96dc,aligned_with_safety_augmentation,false
ncb-scientific-c82528795d17b7c6,ncb-scientific-c82528795d17b7c6,c82528795d17b7c659e88c258f82c4bdc65f014ab3c9395aebbff53f8ce8f938,c82528795d17b7c659e88c258f82c4bdc65f014ab3c9395aebbff53f8ce8f938,f6b397b4b28300ff4f43288ee09466e26e46a3a6b5a4c1b1c606378f878bfc21,aligned,false
ncb-scientific-c865d685dc0a2c5f,ncb-scientific-c865d685dc0a2c5f,c865d685dc0a2c5f04eeb7dc04fd4ed41e08db9bc66836e61819a499843a0b59,c865d685dc0a2c5f04eeb7dc04fd4ed41e08db9bc66836e61819a499843a0b59,f5d8c73a9e5538cc47bcab0348b439234a57f53b31b88b1a360749270bd2dc25,aligned_with_safety_augmentation,false
ncb-scientific-c8acae9508ef35fd,ncb-scientific-c8acae9508ef35fd,c8acae9508ef35fd71e17be422a96ff94cda16d53561647f67cc34bf3fb5e2dc,c8acae9508ef35fd71e17be422a96ff94cda16d53561647f67cc34bf3fb5e2dc,496881fa0a06016a7fe25e29742550dbf996ec2b05312029a2998e312a09c937,aligned,false
ncb-scientific-c8faa8d62af041ef,ncb-scientific-c8faa8d62af041ef,c8faa8d62af041ef89350be38a83cbeb57d551b518e3e17905b78d1b51c85218,c8faa8d62af041ef89350be38a83cbeb57d551b518e3e17905b78d1b51c85218,429dcb7a854709ebe8a9aca0cea5fc242a9ef7c863f685d2fe3091ea1b722b7d,aligned,false
ncb-scientific-c922885057dbc163,ncb-scientific-c922885057dbc163,c922885057dbc163bc0da7c09a1f929618f4043b01e964bfbd4ba2d3947e992e,c922885057dbc163bc0da7c09a1f929618f4043b01e964bfbd4ba2d3947e992e,53fa251788a35110e095f3a21563ed929421af399dc979f6c4aa653fe49e89bf,aligned_with_safety_augmentation,false
ncb-scientific-c9246d08669f6265,ncb-scientific-c9246d08669f6265,c9246d08669f6265e26d6a274208eaff54a2c585d734065f5cd7d4289f86a6ed,c9246d08669f6265e26d6a274208eaff54a2c585d734065f5cd7d4289f86a6ed,98180d740463670610765b132da60a10ace8a9493947889b4dd690caf805ac31,aligned_with_safety_augmentation,false
ncb-scientific-c98428886dd0f1d9,ncb-scientific-c98428886dd0f1d9,c98428886dd0f1d91c3a75d885826b5fb7726225297f515afa05718599e2996d,c98428886dd0f1d91c3a75d885826b5fb7726225297f515afa05718599e2996d,44ac741d0130ee73f4fdddb8442c09172384b07c0f76a5ad941db570dedd7511,ambiguous_unresolved,true
ncb-scientific-caeb5a6d248ba33c,ncb-scientific-caeb5a6d248ba33c,caeb5a6d248ba33c770c82b3dc6515580c3efad63440adbbb4688d39731a3c41,caeb5a6d248ba33c770c82b3dc6515580c3efad63440adbbb4688d39731a3c41,9f52f9300780dfa9ca8f23c5fee863243fe3d314812c4e46c8ca6a3db4d3b107,aligned_with_safety_augmentation,false
ncb-scientific-cb339bf30281cede,ncb-scientific-cb339bf30281cede,cb339bf30281cedea3769b3c8ba3c0199ad8889c6569c72e5720af2c4c1b226d,cb339bf30281cedea3769b3c8ba3c0199ad8889c6569c72e5720af2c4c1b226d,0aa2228a096b0e664538eeb85ad592e24e1e86c968e157af074ef47570ee4519,aligned_with_safety_augmentation,false
ncb-scientific-cb86d4103ebb0e0c,ncb-scientific-cb86d4103ebb0e0c,cb86d4103ebb0e0cfb84aeae03b006b1b9f5e196a73b165f42e271c167d1f8d0,cb86d4103ebb0e0cfb84aeae03b006b1b9f5e196a73b165f42e271c167d1f8d0,9ec192bbb8f21607d8ba21254c8afeec6cc3faedf3e55a441a97d3fcbcf5d56c,aligned,false
ncb-scientific-cc1c11b70cdbc35f,ncb-scientific-cc1c11b70cdbc35f,cc1c11b70cdbc35f0fb7b7692822abca760f09315d96cba5c2e0c0d8c07fcfe3,cc1c11b70cdbc35f0fb7b7692822abca760f09315d96cba5c2e0c0d8c07fcfe3,17ef9671c214ecfe60e3d1d6f4a056a94c24992d89c2b4b35ee417f8bfc4cfc2,aligned_with_safety_augmentation,false
ncb-scientific-cc2914e36309cad4,ncb-scientific-cc2914e36309cad4,cc2914e36309cad42e9bff4b0a6351fa56b156cb121cb9074b25063a25f3fff5,cc2914e36309cad42e9bff4b0a6351fa56b156cb121cb9074b25063a25f3fff5,d325e8268a83c8fa1541ef6341c812f8d9c73d2eac79f89951e182a9591e7688,aligned_with_safety_augmentation,false
ncb-scientific-ccf76ee04722df94,ncb-scientific-ccf76ee04722df94,ccf76ee04722df945c7c574a27b2da49fc63bef96e9b9b9f3ee1612f4beb0257,ccf76ee04722df945c7c574a27b2da49fc63bef96e9b9b9f3ee1612f4beb0257,d87f3407ef1037002f2040f38a585d777582f88c865231dae7f9968130e7640e,aligned_with_safety_augmentation,false
ncb-scientific-ce5c0063d478e61d,ncb-scientific-ce5c0063d478e61d,ce5c0063d478e61da293889593af2afd1b8b29c77b2df5c7d7de1191d162c10c,ce5c0063d478e61da293889593af2afd1b8b29c77b2df5c7d7de1191d162c10c,3da394c3a30e23294013cccfc65037f96a4f2d8eed9a06c86cb73d751dff11e4,aligned_with_safety_augmentation,false
ncb-scientific-ce9b34e85b1510c7,ncb-scientific-ce9b34e85b1510c7,ce9b34e85b1510c7cdb61caab47224a564c4d18a9d89c72c6952a58e8ed87491,ce9b34e85b1510c7cdb61caab47224a564c4d18a9d89c72c6952a58e8ed87491,7421175b2096c21c0b5e64a0e0aa9d6b008eae9399f641013be99353c44e7791,ambiguous_unresolved,true
ncb-scientific-cfe09363aec199e4,ncb-scientific-cfe09363aec199e4,cfe09363aec199e4d87cfd179508934aa0a694e2ac85f122d79bab05a56bf5ba,cfe09363aec199e4d87cfd179508934aa0a694e2ac85f122d79bab05a56bf5ba,6a4dc9064b09c7072d2ebd1f18d158dd9de28db5c64f9b5312460d490e6899b0,aligned,false
ncb-scientific-cff1d7d2ccfb4083,ncb-scientific-cff1d7d2ccfb4083,cff1d7d2ccfb4083777868ad19918ae7945541ba0eac4f51f5d045cb634efc6b,cff1d7d2ccfb4083777868ad19918ae7945541ba0eac4f51f5d045cb634efc6b,709e9febbf7abd25df4363a4d1182f95a9e3a8fa6210b3dcb398f946fc7bbe9f,aligned_with_safety_augmentation,false
ncb-scientific-d0535a6cab6d913b,ncb-scientific-d0535a6cab6d913b,d0535a6cab6d913b7aae20a3c6e47c1d8b5c21a56abd87a6f45877adf81829e0,d0535a6cab6d913b7aae20a3c6e47c1d8b5c21a56abd87a6f45877adf81829e0,2865cc357ad9e78529f2933b956eeee50c62f939ff14b00077259b8823f0a7a9,aligned,false
ncb-scientific-d0e3c2468afe4539,ncb-scientific-d0e3c2468afe4539,d0e3c2468afe45395a1d6887f96a757cb6cedbc19164247267f228b20c1f9067,d0e3c2468afe45395a1d6887f96a757cb6cedbc19164247267f228b20c1f9067,ed9953899bc988a5e5009042c2578b4eece7c13e0340b2a414f84cb894ed3fb0,aligned_with_safety_augmentation,false
ncb-scientific-d37402dd791a12dc,ncb-scientific-d37402dd791a12dc,d37402dd791a12dc5975c0b5a9fc0994be3d63826bdbf317c431e337efa54f61,d37402dd791a12dc5975c0b5a9fc0994be3d63826bdbf317c431e337efa54f61,292a25ddcfeea37f416e546f540c64b17449babb3a50f8339797531ea860787d,aligned_with_safety_augmentation,false
ncb-scientific-d3b9d78a966173c6,ncb-scientific-d3b9d78a966173c6,d3b9d78a966173c6a58a5b8ed01a0316ad73601092701d1310f08cee0928e62e,d3b9d78a966173c6a58a5b8ed01a0316ad73601092701d1310f08cee0928e62e,41065d358cb9078ccbb06422c2694f7cfad4dfbcfda49f6ca8be7b03e1235ffc,aligned_with_safety_augmentation,false
ncb-scientific-d4c0b42a60357a5d,ncb-scientific-d4c0b42a60357a5d,d4c0b42a60357a5d939e12105a02798899968bed182f8471def699471bf39842,d4c0b42a60357a5d939e12105a02798899968bed182f8471def699471bf39842,268874f0caddc32a56475d579d3e315fac40387f7bec01ff2964398e0b3bf634,aligned_with_safety_augmentation,false
ncb-scientific-d6cbeb536d2b0163,ncb-scientific-d6cbeb536d2b0163,d6cbeb536d2b01632b3c753bd865bcb7f96749ca7f83705faf307f82a8ceda07,d6cbeb536d2b01632b3c753bd865bcb7f96749ca7f83705faf307f82a8ceda07,91db835974b0b3a4116f0ca5bfba75df642f5cb9e2df009aa224269244928cdc,aligned_with_safety_augmentation,false
ncb-scientific-da6e0b38e7772e80,ncb-scientific-da6e0b38e7772e80,da6e0b38e7772e80aea1f58d4a4006eca8cf9c7e3bc872b5d952c3853da64503,da6e0b38e7772e80aea1f58d4a4006eca8cf9c7e3bc872b5d952c3853da64503,de8e6e2d8702bb8a61de5ef970eb0a5e5d44b927e87b4e0cb09e7dfe01c3addf,ambiguous_unresolved,true
ncb-scientific-da99887ee1c161f8,ncb-scientific-da99887ee1c161f8,da99887ee1c161f8ace824a8f4f353abd0b75b76e0f9cc87e3fdc1d6e2cca576,da99887ee1c161f8ace824a8f4f353abd0b75b76e0f9cc87e3fdc1d6e2cca576,971e0ba85bd308439b4473e5b129c205065eb077bfa7cab7d9489fdd1bf8314e,aligned_with_safety_augmentation,false
ncb-scientific-dc2d5ad4964bca96,ncb-scientific-dc2d5ad4964bca96,dc2d5ad4964bca964b15ebb2637b5eba244814c6906a20b19cd600878ccb4570,dc2d5ad4964bca964b15ebb2637b5eba244814c6906a20b19cd600878ccb4570,dec4f932dce09d7f95e9a3046349bbb5c55fa66e864f0c7511751744056b91ee,aligned,false
ncb-scientific-dc6371e72c01cdcd,ncb-scientific-dc6371e72c01cdcd,dc6371e72c01cdcd2e2e176efc8496ba66d5715ea1c8da75ab66be1c67032e07,dc6371e72c01cdcd2e2e176efc8496ba66d5715ea1c8da75ab66be1c67032e07,8c7268efc7fdbae0da49e6d66facb791887c6cceb3e2dc9d1340e6323742f628,aligned_with_safety_augmentation,false
ncb-scientific-de1363fa0a54a318,ncb-scientific-de1363fa0a54a318,de1363fa0a54a31857453e1dd873734715696b750931e1ee29d64fb8103b2e58,de1363fa0a54a31857453e1dd873734715696b750931e1ee29d64fb8103b2e58,a866e8fbfb0b9b2be4c550835cb012680627589fd242f70ba3ad9864d827bd3f,aligned,false
ncb-scientific-de319955c8826c8c,ncb-scientific-de319955c8826c8c,de319955c8826c8c592a65c22c0905af5cc82a9b10dc096639a3311f2ecb2566,de319955c8826c8c592a65c22c0905af5cc82a9b10dc096639a3311f2ecb2566,5db8d4e002994920469c6c5dd0a369acbc70ebc9f769e6bda9991d7427d86cc3,aligned_with_safety_augmentation,false
ncb-scientific-e035748f4f603bb4,ncb-scientific-e035748f4f603bb4,e035748f4f603bb4a9823928fecfe37e85d40785b688ac68eaeab6eaeba5a41c,e035748f4f603bb4a9823928fecfe37e85d40785b688ac68eaeab6eaeba5a41c,dda4d17383460b6399844e0b82686aefbcdba515e616f329a1d60f404e97ff24,aligned_with_safety_augmentation,false
ncb-scientific-e1c33335981addda,ncb-scientific-e1c33335981addda,e1c33335981addda2599fe24aa86c62ac3f0c9a159ee7345d23c83e540683619,e1c33335981addda2599fe24aa86c62ac3f0c9a159ee7345d23c83e540683619,01601d6c8e794ea44c5f1de28b174d9bfce919be7b20f2ca4280c4a8b454c7df,aligned_with_safety_augmentation,false
ncb-scientific-e2c8b315d5871123,ncb-scientific-e2c8b315d5871123,e2c8b315d58711232df3fb244f289b13f1a98c97f3043bbed5db37f77d0fac0a,e2c8b315d58711232df3fb244f289b13f1a98c97f3043bbed5db37f77d0fac0a,2dc53034714df0fa1117c19b6bafccdebd2c66d63922f71e3c8a2cbbbc21493f,aligned,false
ncb-scientific-e313edffc6da7a07,ncb-scientific-e313edffc6da7a07,e313edffc6da7a074c42d69ed32da20e4642325dccd086815d410b2e3f7babb3,e313edffc6da7a074c42d69ed32da20e4642325dccd086815d410b2e3f7babb3,f5de6e46a00901bc2f4d78a53550d7bcb314b4517ed4e66369efcf423d4e1580,aligned,false
ncb-scientific-e43def8c3b8cb4e9,ncb-scientific-e43def8c3b8cb4e9,e43def8c3b8cb4e9401abd45c8e585ca3fb7555ed77364cdacf981560d643998,e43def8c3b8cb4e9401abd45c8e585ca3fb7555ed77364cdacf981560d643998,e99e3b5e8064869b751e6cda75c26be803b602132104ce8ce51c4d5fd60cf459,aligned_with_safety_augmentation,false
ncb-scientific-e59458cf873b37f4,ncb-scientific-e59458cf873b37f4,e59458cf873b37f444e003d8a14a9e20dcedbee238f1b165ec909b1e8b57abe8,e59458cf873b37f444e003d8a14a9e20dcedbee238f1b165ec909b1e8b57abe8,a272797c98c16f6bad72d38eec4f74a57ed3e8a0d23d4f4f052e1e48be3f5b38,aligned,false
ncb-scientific-e59b8563fe5abace,ncb-scientific-e59b8563fe5abace,e59b8563fe5abace75c175eff2d6c6bc371d7aa0b5053b5fc34317818314bff5,e59b8563fe5abace75c175eff2d6c6bc371d7aa0b5053b5fc34317818314bff5,a0d5dc5438c98c44a1142f800a20e275315469c928a99f6281c6989b351bde30,ambiguous_unresolved,true
ncb-scientific-e59e508b9cc05116,ncb-scientific-e59e508b9cc05116,e59e508b9cc05116c4cf470f0f1a2f388a2f1589d7452ef3d8199026639608ba,e59e508b9cc05116c4cf470f0f1a2f388a2f1589d7452ef3d8199026639608ba,797bbdaba8a4df5f341b4176fbaaef53ec9115a5458dcaa007d026f6c9a3224a,ambiguous_unresolved,true
ncb-scientific-e5b2412738b16335,ncb-scientific-e5b2412738b16335,e5b2412738b16335f55b1518f3aac394c8cfff48e1b39a9dc0d2b64c2cbb5877,e5b2412738b16335f55b1518f3aac394c8cfff48e1b39a9dc0d2b64c2cbb5877,6be75917f0e2f16e42737a15e1d03b83801e2cfd0f7880fd0c744de4b4194bea,aligned,false
ncb-scientific-e5be6d84f8e872b5,ncb-scientific-e5be6d84f8e872b5,e5be6d84f8e872b5e5382923d529f5e638a49c79635afdd5fd90ca94bee033c0,e5be6d84f8e872b5e5382923d529f5e638a49c79635afdd5fd90ca94bee033c0,b9a5084e40ed136453fa78c607c671d831a7a96ce87ec65562822389ffcb59b6,ambiguous_unresolved,true
ncb-scientific-e61ccc72bef4061c,ncb-scientific-e61ccc72bef4061c,e61ccc72bef4061ce3d466c68b9f2898acb4cf373aa0cdf600d200efef581b25,e61ccc72bef4061ce3d466c68b9f2898acb4cf373aa0cdf600d200efef581b25,72f823cd6727d3ca2473646d2fb99d420fad17685fc7a0dd7051f9255cb79731,aligned_with_safety_augmentation,false
ncb-scientific-e655e7f3059cc2a2,ncb-scientific-e655e7f3059cc2a2,e655e7f3059cc2a2fa0bfd47f5738215071ffd1c322d56face875667b06330b8,e655e7f3059cc2a2fa0bfd47f5738215071ffd1c322d56face875667b06330b8,ca9d65dbe55f436643649c8b8bcfd65890cffe115c655917bc60e7333a44fd48,aligned_with_safety_augmentation,false
ncb-scientific-e7c94f56c83e0651,ncb-scientific-e7c94f56c83e0651,e7c94f56c83e06518cfb23793f51ccaf963a39435caaaca93bcd7d7166f65091,e7c94f56c83e06518cfb23793f51ccaf963a39435caaaca93bcd7d7166f65091,9548f0e29007f9d3fc6fa0976189c4b88bb93891fe4b81ef51583e9e10bd422a,aligned_with_safety_augmentation,false
ncb-scientific-e9887ba0003df877,ncb-scientific-e9887ba0003df877,e9887ba0003df8779438a68d1005ebb55b6bb49af3d222c23f2ed43541800f4c,e9887ba0003df8779438a68d1005ebb55b6bb49af3d222c23f2ed43541800f4c,3e12a2df79028cbe48db6c4236b5c390a09a342a63a4f34fa14467293b3b627e,aligned_with_safety_augmentation,false
ncb-scientific-ea3fb846fbd7533c,ncb-scientific-ea3fb846fbd7533c,ea3fb846fbd7533c676dd161a54428494426f0c6824d09709a81fa30f338b633,ea3fb846fbd7533c676dd161a54428494426f0c6824d09709a81fa30f338b633,58c90ab3b1b58510e5f0f2e13a5ab7ffabf7d0e4ebd75ae723f93edf8f967540,ambiguous_unresolved,true
ncb-scientific-ea89da536ec1b952,ncb-scientific-ea89da536ec1b952,ea89da536ec1b9523290c286e989068afe29a58a5825ceed6c08a9a34eef20b7,ea89da536ec1b9523290c286e989068afe29a58a5825ceed6c08a9a34eef20b7,6b7f33fa135989223044e274d00845de44d612c47a671cf1f92e228a9ed89744,aligned,false
ncb-scientific-eafa675a2857a0cb,ncb-scientific-eafa675a2857a0cb,eafa675a2857a0cb78b9514e4388964a9404eeef0cb89fc7b7b10da646cce92b,eafa675a2857a0cb78b9514e4388964a9404eeef0cb89fc7b7b10da646cce92b,c59ac3b2e7a124a06b2fa9fe10622c08911f9c0facc354f62cbeee13f85f9539,aligned_with_safety_augmentation,false
ncb-scientific-ebc1946b08c8a231,ncb-scientific-ebc1946b08c8a231,ebc1946b08c8a23166f5fc2fed19abc2a85446acc94e0efa1a061866cde9599d,ebc1946b08c8a23166f5fc2fed19abc2a85446acc94e0efa1a061866cde9599d,e0da5f7b1cdb21ef0765b094a4c944b1064cf3d5f2d604b45dcb1a512b99b24e,ambiguous_unresolved,true
ncb-scientific-ec6d0cdd670ee6f6,ncb-scientific-ec6d0cdd670ee6f6,ec6d0cdd670ee6f647b9d7beb7a19415bd2f41ceeb82613f17a2f3f0fdaefbd5,ec6d0cdd670ee6f647b9d7beb7a19415bd2f41ceeb82613f17a2f3f0fdaefbd5,10685a7400f926e4fa739e217543cee70f5a9bbac376fd29256dcca75c636c8b,aligned_with_safety_augmentation,false
ncb-scientific-ed8eabb252714493,ncb-scientific-ed8eabb252714493,ed8eabb252714493617a23875b640f41f1af8d9b8826cdbb8845c317adcbc72f,ed8eabb252714493617a23875b640f41f1af8d9b8826cdbb8845c317adcbc72f,b07f572602f33554042fa619304fc36928b16e01f1e6621a082cef58280e951e,aligned,false
ncb-scientific-edbf888496455e86,ncb-scientific-edbf888496455e86,edbf888496455e861ca8f5b54407ebb0720d395cc740207187e5a05b344ee94d,edbf888496455e861ca8f5b54407ebb0720d395cc740207187e5a05b344ee94d,c91a1d8d790ef4f8e2f064c3a063a9b44d1ef63fe96e18322fae821da3307c10,aligned,false
ncb-scientific-ee627d7a5d823df0,ncb-scientific-ee627d7a5d823df0,ee627d7a5d823df05e627bdf39c5c62a61d74c6453f8c490dc39a233a4ecf6a1,ee627d7a5d823df05e627bdf39c5c62a61d74c6453f8c490dc39a233a4ecf6a1,e8a90461e74ec7ea6bd2848fdbda5621c505143c5489c8da0aa3baa02a292dfd,aligned_with_safety_augmentation,false
ncb-scientific-f0173ff72ee52b5e,ncb-scientific-f0173ff72ee52b5e,f0173ff72ee52b5e1e878ad93b6ab55443639c37100b7a6ff8546daeb9de844a,f0173ff72ee52b5e1e878ad93b6ab55443639c37100b7a6ff8546daeb9de844a,727aacf9fe25bf3b193335f1517a20babb88aca9c9c33dd33dc6aa2a792769e7,aligned,false
ncb-scientific-f143dbf87a77594f,ncb-scientific-f143dbf87a77594f,f143dbf87a77594f45f0c498342b2f4b17215390bf78679a21770bcc782da655,f143dbf87a77594f45f0c498342b2f4b17215390bf78679a21770bcc782da655,bbf6ce17f877d6799d5fd59d11b01b3529c05a2439aeb61b1c01872259a184b8,aligned_with_safety_augmentation,false
ncb-scientific-f3636d57e59fc807,ncb-scientific-f3636d57e59fc807,f3636d57e59fc80720979dd8e617af6796721000006447ea84631b5fed881c38,f3636d57e59fc80720979dd8e617af6796721000006447ea84631b5fed881c38,d8c0e33c4c876b49b88db412f0cfe834ac58e89011dde47ee2d6ef793c5a9dc5,aligned,false
ncb-scientific-f38be8ab6a8f07ce,ncb-scientific-f38be8ab6a8f07ce,f38be8ab6a8f07ce1df876772b2b2987abfe8d7da0a73638f07bf09b7f8218f9,f38be8ab6a8f07ce1df876772b2b2987abfe8d7da0a73638f07bf09b7f8218f9,7e06971cb92409b74cf0be5e7f4bfe07c0a2679d8b49d129f16516602aa3b07c,aligned,false
ncb-scientific-f38d6fdbc4e79d95,ncb-scientific-f38d6fdbc4e79d95,f38d6fdbc4e79d95965379c89ad839dad19e0303155a580a4d7bcd26ddf9a32d,f38d6fdbc4e79d95965379c89ad839dad19e0303155a580a4d7bcd26ddf9a32d,ee68ae43c36d7e8041d4e3c3fc5f38ae133a163b0149de359965b8387562f7ee,aligned_with_safety_augmentation,false
ncb-scientific-f41a8c5978b01125,ncb-scientific-f41a8c5978b01125,f41a8c5978b01125b76c9d2800b0f2317936ed7c14759937a1ed14428bc25897,f41a8c5978b01125b76c9d2800b0f2317936ed7c14759937a1ed14428bc25897,cda7c9eea9e97b81e3aa87f1bc013cb40799f86999a0d22f76bc36992adc7144,ambiguous_unresolved,true
ncb-scientific-f6cf8c122d61317c,ncb-scientific-f6cf8c122d61317c,f6cf8c122d61317c21a1377772ef6ad477761ad1859be149fd5cb4bce5a08ef9,f6cf8c122d61317c21a1377772ef6ad477761ad1859be149fd5cb4bce5a08ef9,50edb8d2e4bed0d10116b990ac5fde158141430a5926aee2298b2c32dd86cb96,aligned_with_safety_augmentation,false
ncb-scientific-f7956622f7e3eaf8,ncb-scientific-f7956622f7e3eaf8,f7956622f7e3eaf82268d3c6d03184df48ef112532d72822e58c2e3b4eb9abd0,f7956622f7e3eaf82268d3c6d03184df48ef112532d72822e58c2e3b4eb9abd0,71fb9709047800171a4ce270a3541de6f23227d9722adf65c0889477236fcd0b,aligned_with_safety_augmentation,false
ncb-scientific-f7c3e84a1cb3480d,ncb-scientific-f7c3e84a1cb3480d,f7c3e84a1cb3480df741174bb0e279d66de6682c8fed7217cb12a501ce7abb09,f7c3e84a1cb3480df741174bb0e279d66de6682c8fed7217cb12a501ce7abb09,3c967e9ca8ab144689477ad0e34f319232537bd4641b5c15fc9b9aa628dc8e1d,ambiguous_unresolved,true
ncb-scientific-f849744a3e72c7b0,ncb-scientific-f849744a3e72c7b0,f849744a3e72c7b028ed76510b08cfa02e02e994548eb013b88324b322fee36a,f849744a3e72c7b028ed76510b08cfa02e02e994548eb013b88324b322fee36a,8559379d23c5addc152235d042b44a9cb39d430784401f388980331bfa443435,aligned_with_safety_augmentation,false
ncb-scientific-f84fe6980294c120,ncb-scientific-f84fe6980294c120,f84fe6980294c120bccc3de4d0ceb634edd5c41e1166cc53760b2275e4bae482,f84fe6980294c120bccc3de4d0ceb634edd5c41e1166cc53760b2275e4bae482,96aee9e4045df0936dc512090197b1714506d8f70e189d6949dfa3665e906cc9,aligned_with_safety_augmentation,false
ncb-scientific-f8671ab0121baaa8,ncb-scientific-f8671ab0121baaa8,f8671ab0121baaa8a5791c0e10045747b694a1ce29f748624f86d9f6afaec0a9,f8671ab0121baaa8a5791c0e10045747b694a1ce29f748624f86d9f6afaec0a9,9047b496d924c1c2397801662673cb5f7b1030b6b878998283c7e84f0611f8f0,aligned,false
ncb-scientific-fa6a1c43897de76e,ncb-scientific-fa6a1c43897de76e,fa6a1c43897de76e60daf3159b1f4d138da5c3e379097711d345459c92618fe6,fa6a1c43897de76e60daf3159b1f4d138da5c3e379097711d345459c92618fe6,319414901077be52a5f705ad7452c40d360db1bfc69a5605d757faee77fcd736,ambiguous_unresolved,true
ncb-scientific-fa88cbf43e33f82f,ncb-scientific-fa88cbf43e33f82f,fa88cbf43e33f82fcef46c1858dd805b62032cbff227c248bd865d0b9f056574,fa88cbf43e33f82fcef46c1858dd805b62032cbff227c248bd865d0b9f056574,3e90e662beb1ef3d425a7ae84472ad06809ce7db9af7a4002ad6993cc9853257,aligned_with_safety_augmentation,false
ncb-scientific-faaaeb165e293001,ncb-scientific-faaaeb165e293001,faaaeb165e29300168533c3f46df10bc022f709f42e5ae34a3f8f39f6583b00b,faaaeb165e29300168533c3f46df10bc022f709f42e5ae34a3f8f39f6583b00b,0c7a9c8fdb396956aa6224ea025fab911af0f46bc4c1977ef9b02349d2e59bb9,ambiguous_unresolved,true
ncb-scientific-feb70aa94fa7c90f,ncb-scientific-feb70aa94fa7c90f,feb70aa94fa7c90fa2df8c05f733ba5d944a5de106a49eb36eb63cbfa0415e66,feb70aa94fa7c90fa2df8c05f733ba5d944a5de106a49eb36eb63cbfa0415e66,8b63ca6230fea2f14399ec682f45c8c5b098b159b529849780b7bac031ce5ac8,aligned,false
ncb-scientific-ff4d46696cfed68a,ncb-scientific-ff4d46696cfed68a,ff4d46696cfed68a15180d4899c7d603dd7670c50318e776fa4991d2d5e8a6fe,ff4d46696cfed68a15180d4899c7d603dd7670c50318e776fa4991d2d5e8a6fe,5bb6a111662d9a6480cf56bdb0538109851d07757d8050b3b0e86642b146273a,aligned_with_safety_augmentation,false
ncb-synthetic-stress-015db0b6e9d5687e,ncb-synthetic-stress-015db0b6e9d5687e,015db0b6e9d5687ec19738349420306cc81f28b8433ef780d0d7db2024f1ce1f,015db0b6e9d5687ec19738349420306cc81f28b8433ef780d0d7db2024f1ce1f,bc9561cf36451f71dc170eed589166cd8b983c6f180f4002d802967d428dd31f,aligned_with_safety_augmentation,false
ncb-synthetic-stress-0558f914b0d8e6af,ncb-synthetic-stress-0558f914b0d8e6af,0558f914b0d8e6af1cc80c25d87ae31dbf6d3c1644b91c484700b940bdebecfa,0558f914b0d8e6af1cc80c25d87ae31dbf6d3c1644b91c484700b940bdebecfa,bc9561cf36451f71dc170eed589166cd8b983c6f180f4002d802967d428dd31f,aligned_with_safety_augmentation,false
ncb-synthetic-stress-061d1b244a34b451,ncb-synthetic-stress-061d1b244a34b451,061d1b244a34b451a4973d4eb1f9f1ca0a9bf851d059f082b66092b2f08bb1a3,061d1b244a34b451a4973d4eb1f9f1ca0a9bf851d059f082b66092b2f08bb1a3,bc9561cf36451f71dc170eed589166cd8b983c6f180f4002d802967d428dd31f,aligned_with_safety_augmentation,false
ncb-synthetic-stress-064719283da9679c,ncb-synthetic-stress-064719283da9679c,064719283da9679ced5bd065909fa8877cd1b4852ca9b0a39db376c83c19765e,064719283da9679ced5bd065909fa8877cd1b4852ca9b0a39db376c83c19765e,bc9561cf36451f71dc170eed589166cd8b983c6f180f4002d802967d428dd31f,aligned_with_safety_augmentation,false
ncb-synthetic-stress-06e49e0c9bfc3666,ncb-synthetic-stress-06e49e0c9bfc3666,06e49e0c9bfc3666a5358fda403723fd979220c507cf65958e3638421a37f45e,06e49e0c9bfc3666a5358fda403723fd979220c507cf65958e3638421a37f45e,bc9561cf36451f71dc170eed589166cd8b983c6f180f4002d802967d428dd31f,aligned_with_safety_augmentation,false
ncb-synthetic-stress-096741f8365b47ec,ncb-synthetic-stress-096741f8365b47ec,096741f8365b47ecb19243e6f39369963b57310b3868f7a6695b52afb135005c,096741f8365b47ecb19243e6f39369963b57310b3868f7a6695b52afb135005c,bc9561cf36451f71dc170eed589166cd8b983c6f180f4002d802967d428dd31f,aligned_with_safety_augmentation,false
ncb-synthetic-stress-0b1c1daa0a5f38a6,ncb-synthetic-stress-0b1c1daa0a5f38a6,0b1c1daa0a5f38a68c831f20ed05aba1527d8400cfea541e5f2fbbbf6d89a0d9,0b1c1daa0a5f38a68c831f20ed05aba1527d8400cfea541e5f2fbbbf6d89a0d9,bc9561cf36451f71dc170eed589166cd8b983c6f180f4002d802967d428dd31f,aligned_with_safety_augmentation,false
ncb-synthetic-stress-0bb6a3a9dc5929ae,ncb-synthetic-stress-0bb6a3a9dc5929ae,0bb6a3a9dc5929ae8a8cdcec4aed8442f955601eae193549a7e372be736c44c3,0bb6a3a9dc5929ae8a8cdcec4aed8442f955601eae193549a7e372be736c44c3,bc9561cf36451f71dc170eed589166cd8b983c6f180f4002d802967d428dd31f,aligned_with_safety_augmentation,false
ncb-synthetic-stress-0cd02a3132b5afda,ncb-synthetic-stress-0cd02a3132b5afda,0cd02a3132b5afda35a56670b90451b2fba87c7caa9c600b4a5873768af9b48f,0cd02a3132b5afda35a56670b90451b2fba87c7caa9c600b4a5873768af9b48f,bc9561cf36451f71dc170eed589166cd8b983c6f180f4002d802967d428dd31f,aligned_with_safety_augmentation,false
ncb-synthetic-stress-0cd265e25bb8f4a6,ncb-synthetic-stress-0cd265e25bb8f4a6,0cd265e25bb8f4a611ccea7c88317f72040f9c7850dc7646c615fa9d13a7ba23,0cd265e25bb8f4a611ccea7c88317f72040f9c7850dc7646c615fa9d13a7ba23,bc9561cf36451f71dc170eed589166cd8b983c6f180f4002d802967d428dd31f,aligned_with_safety_augmentation,false
ncb-synthetic-stress-0f0403a272133ad1,ncb-synthetic-stress-0f0403a272133ad1,0f0403a272133ad1e9738dc220a9a2dd1d5d73ef9331e00516f1d9fde01d31f9,0f0403a272133ad1e9738dc220a9a2dd1d5d73ef9331e00516f1d9fde01d31f9,bc9561cf36451f71dc170eed589166cd8b983c6f180f4002d802967d428dd31f,aligned_with_safety_augmentation,false
ncb-synthetic-stress-123acaf77fc95cf1,ncb-synthetic-stress-123acaf77fc95cf1,123acaf77fc95cf19b9cfd2770c61e3c53566312d75dbd82acd46722f892a656,123acaf77fc95cf19b9cfd2770c61e3c53566312d75dbd82acd46722f892a656,bc9561cf36451f71dc170eed589166cd8b983c6f180f4002d802967d428dd31f,aligned_with_safety_augmentation,false
ncb-synthetic-stress-1856779cf86705e9,ncb-synthetic-stress-1856779cf86705e9,1856779cf86705e92103386db48c5ddab8e563068c09f0ddec81e2554399db8d,1856779cf86705e92103386db48c5ddab8e563068c09f0ddec81e2554399db8d,bc9561cf36451f71dc170eed589166cd8b983c6f180f4002d802967d428dd31f,aligned_with_safety_augmentation,false
ncb-synthetic-stress-18f6d3452bd64ce5,ncb-synthetic-stress-18f6d3452bd64ce5,18f6d3452bd64ce5d66a7c0f589bc514062df39220647e427474c8f838f0c3f5,18f6d3452bd64ce5d66a7c0f589bc514062df39220647e427474c8f838f0c3f5,bc9561cf36451f71dc170eed589166cd8b983c6f180f4002d802967d428dd31f,aligned_with_safety_augmentation,false
ncb-synthetic-stress-1a4801cd609a8bc9,ncb-synthetic-stress-1a4801cd609a8bc9,1a4801cd609a8bc9e6fba0d035f901e748b783c42db2879bc1b3763961b73fda,1a4801cd609a8bc9e6fba0d035f901e748b783c42db2879bc1b3763961b73fda,bc9561cf36451f71dc170eed589166cd8b983c6f180f4002d802967d428dd31f,aligned_with_safety_augmentation,false
ncb-synthetic-stress-1cb9ec13d30f0e3b,ncb-synthetic-stress-1cb9ec13d30f0e3b,1cb9ec13d30f0e3bd8995e37bc0c969112fdfe2227f63692d0a1fae6fb256d58,1cb9ec13d30f0e3bd8995e37bc0c969112fdfe2227f63692d0a1fae6fb256d58,bc9561cf36451f71dc170eed589166cd8b983c6f180f4002d802967d428dd31f,aligned_with_safety_augmentation,false
ncb-synthetic-stress-1f7403bea6b8ee84,ncb-synthetic-stress-1f7403bea6b8ee84,1f7403bea6b8ee84339b904397d723ba6d575b1278b30c9023046e6b9e3a8d3e,1f7403bea6b8ee84339b904397d723ba6d575b1278b30c9023046e6b9e3a8d3e,bc9561cf36451f71dc170eed589166cd8b983c6f180f4002d802967d428dd31f,aligned_with_safety_augmentation,false
ncb-synthetic-stress-21a609397542ba4a,ncb-synthetic-stress-21a609397542ba4a,21a609397542ba4a36d2248f19f45a459baa09f7571044e3b00c3b89fa45b3cd,21a609397542ba4a36d2248f19f45a459baa09f7571044e3b00c3b89fa45b3cd,bc9561cf36451f71dc170eed589166cd8b983c6f180f4002d802967d428dd31f,aligned_with_safety_augmentation,false
ncb-synthetic-stress-23b408524e23a84b,ncb-synthetic-stress-23b408524e23a84b,23b408524e23a84b86811c7c9748190e4282446e394ca4306944781684547c58,23b408524e23a84b86811c7c9748190e4282446e394ca4306944781684547c58,bc9561cf36451f71dc170eed589166cd8b983c6f180f4002d802967d428dd31f,aligned_with_safety_augmentation,false
ncb-synthetic-stress-23f923def996294a,ncb-synthetic-stress-23f923def996294a,23f923def996294ab3281e6dfa83e567f816aff87ba4f796f0174c4ede31b5d0,23f923def996294ab3281e6dfa83e567f816aff87ba4f796f0174c4ede31b5d0,bc9561cf36451f71dc170eed589166cd8b983c6f180f4002d802967d428dd31f,aligned_with_safety_augmentation,false
ncb-synthetic-stress-242d47d3594f6864,ncb-synthetic-stress-242d47d3594f6864,242d47d3594f6864a140fedd4f24bfa945df1f12464e355a0274106540d95ad0,242d47d3594f6864a140fedd4f24bfa945df1f12464e355a0274106540d95ad0,bc9561cf36451f71dc170eed589166cd8b983c6f180f4002d802967d428dd31f,aligned_with_safety_augmentation,false
ncb-synthetic-stress-26a7e82fe849729e,ncb-synthetic-stress-26a7e82fe849729e,26a7e82fe849729e94eaa3edccd79c6b8c40b0dded617a4a1a155d975e6cafe4,26a7e82fe849729e94eaa3edccd79c6b8c40b0dded617a4a1a155d975e6cafe4,bc9561cf36451f71dc170eed589166cd8b983c6f180f4002d802967d428dd31f,aligned_with_safety_augmentation,false
ncb-synthetic-stress-2724233ad72644a4,ncb-synthetic-stress-2724233ad72644a4,2724233ad72644a4edc54b420e469d5c12fe7c9cd82c8b30f0ecd3658a8c08c8,2724233ad72644a4edc54b420e469d5c12fe7c9cd82c8b30f0ecd3658a8c08c8,bc9561cf36451f71dc170eed589166cd8b983c6f180f4002d802967d428dd31f,aligned_with_safety_augmentation,false
ncb-synthetic-stress-2cdcd1655db50299,ncb-synthetic-stress-2cdcd1655db50299,2cdcd1655db5029902be303519de9418f6552625c8f7613cc5fc064e3be686bd,2cdcd1655db5029902be303519de9418f6552625c8f7613cc5fc064e3be686bd,bc9561cf36451f71dc170eed589166cd8b983c6f180f4002d802967d428dd31f,aligned_with_safety_augmentation,false
ncb-synthetic-stress-314c6524cbe93809,ncb-synthetic-stress-314c6524cbe93809,314c6524cbe93809d7373910bd99ce634a5e4b4a45df3fea8f96ee6cb99675ca,314c6524cbe93809d7373910bd99ce634a5e4b4a45df3fea8f96ee6cb99675ca,bc9561cf36451f71dc170eed589166cd8b983c6f180f4002d802967d428dd31f,aligned_with_safety_augmentation,false
ncb-synthetic-stress-31e032722d8da786,ncb-synthetic-stress-31e032722d8da786,31e032722d8da7865e5b0ceb0d40da92b50875f23a49a2ce2de8822630994aca,31e032722d8da7865e5b0ceb0d40da92b50875f23a49a2ce2de8822630994aca,bc9561cf36451f71dc170eed589166cd8b983c6f180f4002d802967d428dd31f,aligned_with_safety_augmentation,false
ncb-synthetic-stress-32a5293904ed5896,ncb-synthetic-stress-32a5293904ed5896,32a5293904ed5896a751849e20769a216fe1880beb927b626726a62974045358,32a5293904ed5896a751849e20769a216fe1880beb927b626726a62974045358,bc9561cf36451f71dc170eed589166cd8b983c6f180f4002d802967d428dd31f,aligned_with_safety_augmentation,false
ncb-synthetic-stress-35ab0b847aafb7de,ncb-synthetic-stress-35ab0b847aafb7de,35ab0b847aafb7de2e2678785d830cb00125095448dadd1b4ef99c2f50ad9935,35ab0b847aafb7de2e2678785d830cb00125095448dadd1b4ef99c2f50ad9935,bc9561cf36451f71dc170eed589166cd8b983c6f180f4002d802967d428dd31f,aligned_with_safety_augmentation,false
ncb-synthetic-stress-3b26f2bc31391570,ncb-synthetic-stress-3b26f2bc31391570,3b26f2bc313915707cce1961fe78a504241e90333eb65c18a0d833f991dc5f1d,3b26f2bc313915707cce1961fe78a504241e90333eb65c18a0d833f991dc5f1d,bc9561cf36451f71dc170eed589166cd8b983c6f180f4002d802967d428dd31f,aligned_with_safety_augmentation,false
ncb-synthetic-stress-3c97cab8cb18d560,ncb-synthetic-stress-3c97cab8cb18d560,3c97cab8cb18d5609a822fa566a1d170cced831815bf39c9df83d14168793663,3c97cab8cb18d5609a822fa566a1d170cced831815bf39c9df83d14168793663,bc9561cf36451f71dc170eed589166cd8b983c6f180f4002d802967d428dd31f,aligned_with_safety_augmentation,false
ncb-synthetic-stress-43acbd197355fcc4,ncb-synthetic-stress-43acbd197355fcc4,43acbd197355fcc4eb77c497b11b94076c986f74e66def9afe20dee941916656,43acbd197355fcc4eb77c497b11b94076c986f74e66def9afe20dee941916656,bc9561cf36451f71dc170eed589166cd8b983c6f180f4002d802967d428dd31f,aligned_with_safety_augmentation,false
ncb-synthetic-stress-43c43273ba8985e4,ncb-synthetic-stress-43c43273ba8985e4,43c43273ba8985e4db7f5ea8f1df91d1c93ea5dd1f71e87a59baf6179b912d47,43c43273ba8985e4db7f5ea8f1df91d1c93ea5dd1f71e87a59baf6179b912d47,bc9561cf36451f71dc170eed589166cd8b983c6f180f4002d802967d428dd31f,aligned_with_safety_augmentation,false
ncb-synthetic-stress-45b6d43ce4f879ea,ncb-synthetic-stress-45b6d43ce4f879ea,45b6d43ce4f879ea6a44edaca6f370c52e8a56c964096e1d0e3518533e00d0c5,45b6d43ce4f879ea6a44edaca6f370c52e8a56c964096e1d0e3518533e00d0c5,bc9561cf36451f71dc170eed589166cd8b983c6f180f4002d802967d428dd31f,aligned_with_safety_augmentation,false
ncb-synthetic-stress-45e4a4f6e1fc74d9,ncb-synthetic-stress-45e4a4f6e1fc74d9,45e4a4f6e1fc74d9c2c04a83e9acf85c097c7b90ff20accdd760f6bb26e1e4c0,45e4a4f6e1fc74d9c2c04a83e9acf85c097c7b90ff20accdd760f6bb26e1e4c0,bc9561cf36451f71dc170eed589166cd8b983c6f180f4002d802967d428dd31f,aligned_with_safety_augmentation,false
ncb-synthetic-stress-48888b0a50e6c685,ncb-synthetic-stress-48888b0a50e6c685,48888b0a50e6c685490abed171088fc4a4973989ddd34fd27cd02c8079e7be19,48888b0a50e6c685490abed171088fc4a4973989ddd34fd27cd02c8079e7be19,bc9561cf36451f71dc170eed589166cd8b983c6f180f4002d802967d428dd31f,aligned_with_safety_augmentation,false
ncb-synthetic-stress-4d6f32ae88b34ae5,ncb-synthetic-stress-4d6f32ae88b34ae5,4d6f32ae88b34ae5198791150792e517d18b50a760361ac0f9cf8e55246e91e7,4d6f32ae88b34ae5198791150792e517d18b50a760361ac0f9cf8e55246e91e7,bc9561cf36451f71dc170eed589166cd8b983c6f180f4002d802967d428dd31f,aligned_with_safety_augmentation,false
ncb-synthetic-stress-4eba4adfcf45c4c3,ncb-synthetic-stress-4eba4adfcf45c4c3,4eba4adfcf45c4c39f1ba937d6c59b6ded3938605bd7314de9a9d55f9dcc585c,4eba4adfcf45c4c39f1ba937d6c59b6ded3938605bd7314de9a9d55f9dcc585c,bc9561cf36451f71dc170eed589166cd8b983c6f180f4002d802967d428dd31f,aligned_with_safety_augmentation,false
ncb-synthetic-stress-521bd6435c6d8390,ncb-synthetic-stress-521bd6435c6d8390,521bd6435c6d8390ee4bbf8fc684c32233a210296945ce4896f4a0b3042a1147,521bd6435c6d8390ee4bbf8fc684c32233a210296945ce4896f4a0b3042a1147,bc9561cf36451f71dc170eed589166cd8b983c6f180f4002d802967d428dd31f,aligned_with_safety_augmentation,false
ncb-synthetic-stress-545812ed0777dcb3,ncb-synthetic-stress-545812ed0777dcb3,545812ed0777dcb326c0c070e7e09f5552f180191f59a1883d0220c9b13ba806,545812ed0777dcb326c0c070e7e09f5552f180191f59a1883d0220c9b13ba806,bc9561cf36451f71dc170eed589166cd8b983c6f180f4002d802967d428dd31f,aligned_with_safety_augmentation,false
ncb-synthetic-stress-54c17f36d0f78ac8,ncb-synthetic-stress-54c17f36d0f78ac8,54c17f36d0f78ac84dfdc0a179b23b3cd6b24b6f4ab4864ce8448e189a4f70b6,54c17f36d0f78ac84dfdc0a179b23b3cd6b24b6f4ab4864ce8448e189a4f70b6,bc9561cf36451f71dc170eed589166cd8b983c6f180f4002d802967d428dd31f,aligned_with_safety_augmentation,false
ncb-synthetic-stress-564b9d40a50edcaa,ncb-synthetic-stress-564b9d40a50edcaa,564b9d40a50edcaa8142ab6493c71f4b80ab6e567ad2535fe8a98bdb93db45c3,564b9d40a50edcaa8142ab6493c71f4b80ab6e567ad2535fe8a98bdb93db45c3,bc9561cf36451f71dc170eed589166cd8b983c6f180f4002d802967d428dd31f,aligned_with_safety_augmentation,false
ncb-synthetic-stress-56b080929487f10e,ncb-synthetic-stress-56b080929487f10e,56b080929487f10e6fe160a40f382c06df6218a41f2c8ae69bfde6dba642d984,56b080929487f10e6fe160a40f382c06df6218a41f2c8ae69bfde6dba642d984,bc9561cf36451f71dc170eed589166cd8b983c6f180f4002d802967d428dd31f,aligned_with_safety_augmentation,false
ncb-synthetic-stress-577eca459126d08d,ncb-synthetic-stress-577eca459126d08d,577eca459126d08d1d55afac38663593c07a4e986bb18fb18abae2e7b24b6287,577eca459126d08d1d55afac38663593c07a4e986bb18fb18abae2e7b24b6287,bc9561cf36451f71dc170eed589166cd8b983c6f180f4002d802967d428dd31f,aligned_with_safety_augmentation,false
ncb-synthetic-stress-58807756a4b61455,ncb-synthetic-stress-58807756a4b61455,58807756a4b61455fbcbdc556a22ba4aba8dd58127da5f2ba91b33e7e523c187,58807756a4b61455fbcbdc556a22ba4aba8dd58127da5f2ba91b33e7e523c187,bc9561cf36451f71dc170eed589166cd8b983c6f180f4002d802967d428dd31f,aligned_with_safety_augmentation,false
ncb-synthetic-stress-58bbab3b5e3ff519,ncb-synthetic-stress-58bbab3b5e3ff519,58bbab3b5e3ff5192130326f448a328d09d03cbd6bfe5f52af370b8e1662ddfa,58bbab3b5e3ff5192130326f448a328d09d03cbd6bfe5f52af370b8e1662ddfa,bc9561cf36451f71dc170eed589166cd8b983c6f180f4002d802967d428dd31f,aligned_with_safety_augmentation,false
ncb-synthetic-stress-59ef3adedd2d2f5d,ncb-synthetic-stress-59ef3adedd2d2f5d,59ef3adedd2d2f5ddb1dc05e545dcd4028ddf04f675c32b44f3645bdb7d96646,59ef3adedd2d2f5ddb1dc05e545dcd4028ddf04f675c32b44f3645bdb7d96646,bc9561cf36451f71dc170eed589166cd8b983c6f180f4002d802967d428dd31f,aligned_with_safety_augmentation,false
ncb-synthetic-stress-5ca3b178253860d3,ncb-synthetic-stress-5ca3b178253860d3,5ca3b178253860d3de7bb4c56d54046c72aded3862e8090e3d6922fd311ea25a,5ca3b178253860d3de7bb4c56d54046c72aded3862e8090e3d6922fd311ea25a,bc9561cf36451f71dc170eed589166cd8b983c6f180f4002d802967d428dd31f,aligned_with_safety_augmentation,false
ncb-synthetic-stress-5d0e6a346e90515f,ncb-synthetic-stress-5d0e6a346e90515f,5d0e6a346e90515f7a62d3b2b01ca44320fe580fb1997f3b00c6c1e91fa2e7dc,5d0e6a346e90515f7a62d3b2b01ca44320fe580fb1997f3b00c6c1e91fa2e7dc,bc9561cf36451f71dc170eed589166cd8b983c6f180f4002d802967d428dd31f,aligned_with_safety_augmentation,false
ncb-synthetic-stress-5d46d95ce95c931d,ncb-synthetic-stress-5d46d95ce95c931d,5d46d95ce95c931d425092d939a6f50dcdc1c4b898ee8a25ab743a42cf29b8bd,5d46d95ce95c931d425092d939a6f50dcdc1c4b898ee8a25ab743a42cf29b8bd,bc9561cf36451f71dc170eed589166cd8b983c6f180f4002d802967d428dd31f,aligned_with_safety_augmentation,false
ncb-synthetic-stress-5d87d9cb45790f0b,ncb-synthetic-stress-5d87d9cb45790f0b,5d87d9cb45790f0b0143800cbf110c0d88f822b96a61318a6d45a0d8faa28a94,5d87d9cb45790f0b0143800cbf110c0d88f822b96a61318a6d45a0d8faa28a94,bc9561cf36451f71dc170eed589166cd8b983c6f180f4002d802967d428dd31f,aligned_with_safety_augmentation,false
ncb-synthetic-stress-5eb1caa641a44211,ncb-synthetic-stress-5eb1caa641a44211,5eb1caa641a4421113758eeee38a873b1e71b62ce4115c1d49542f5df041adbd,5eb1caa641a4421113758eeee38a873b1e71b62ce4115c1d49542f5df041adbd,bc9561cf36451f71dc170eed589166cd8b983c6f180f4002d802967d428dd31f,aligned_with_safety_augmentation,false
ncb-synthetic-stress-5f2cf87b065cc1d8,ncb-synthetic-stress-5f2cf87b065cc1d8,5f2cf87b065cc1d8b300b9046dd4b816736780e0d0b440415876d4d4ccc1b661,5f2cf87b065cc1d8b300b9046dd4b816736780e0d0b440415876d4d4ccc1b661,bc9561cf36451f71dc170eed589166cd8b983c6f180f4002d802967d428dd31f,aligned_with_safety_augmentation,false
ncb-synthetic-stress-5f540298959b95f9,ncb-synthetic-stress-5f540298959b95f9,5f540298959b95f909c37ceae40f9919dc825eff3f873a7f4929af239d5c86db,5f540298959b95f909c37ceae40f9919dc825eff3f873a7f4929af239d5c86db,bc9561cf36451f71dc170eed589166cd8b983c6f180f4002d802967d428dd31f,aligned_with_safety_augmentation,false
ncb-synthetic-stress-611a2fe389785bcf,ncb-synthetic-stress-611a2fe389785bcf,611a2fe389785bcfa8f2f79858f987bfe37aa385532a19416af6f733572b5f6e,611a2fe389785bcfa8f2f79858f987bfe37aa385532a19416af6f733572b5f6e,bc9561cf36451f71dc170eed589166cd8b983c6f180f4002d802967d428dd31f,aligned_with_safety_augmentation,false
ncb-synthetic-stress-61a83b2df86312b4,ncb-synthetic-stress-61a83b2df86312b4,61a83b2df86312b44fa182cadf64e7b04455fa04f0c9fb62a3cbec3ec1cb334a,61a83b2df86312b44fa182cadf64e7b04455fa04f0c9fb62a3cbec3ec1cb334a,bc9561cf36451f71dc170eed589166cd8b983c6f180f4002d802967d428dd31f,aligned_with_safety_augmentation,false
ncb-synthetic-stress-65ed609046c27500,ncb-synthetic-stress-65ed609046c27500,65ed609046c2750096bdeed2696ee264aecdf77935ccb41b7b3aa45e6bed6379,65ed609046c2750096bdeed2696ee264aecdf77935ccb41b7b3aa45e6bed6379,bc9561cf36451f71dc170eed589166cd8b983c6f180f4002d802967d428dd31f,aligned_with_safety_augmentation,false
ncb-synthetic-stress-6689cbe59e004145,ncb-synthetic-stress-6689cbe59e004145,6689cbe59e0041458cef81511b8664d38d0be75114fcdbc25c6f0caa1364241d,6689cbe59e0041458cef81511b8664d38d0be75114fcdbc25c6f0caa1364241d,bc9561cf36451f71dc170eed589166cd8b983c6f180f4002d802967d428dd31f,aligned_with_safety_augmentation,false
ncb-synthetic-stress-6ace315a9094473a,ncb-synthetic-stress-6ace315a9094473a,6ace315a9094473a123d734577e84480f4f01c05cee77d611fb489cc73895be7,6ace315a9094473a123d734577e84480f4f01c05cee77d611fb489cc73895be7,bc9561cf36451f71dc170eed589166cd8b983c6f180f4002d802967d428dd31f,aligned_with_safety_augmentation,false
ncb-synthetic-stress-6ec87b076698475c,ncb-synthetic-stress-6ec87b076698475c,6ec87b076698475c144cafd17750d065057eb587428d73b7dce7304300c17af4,6ec87b076698475c144cafd17750d065057eb587428d73b7dce7304300c17af4,bc9561cf36451f71dc170eed589166cd8b983c6f180f4002d802967d428dd31f,aligned_with_safety_augmentation,false
ncb-synthetic-stress-6ee77e7e1b81ebdc,ncb-synthetic-stress-6ee77e7e1b81ebdc,6ee77e7e1b81ebdc9c4d1d64f1ff8fc41f13827e444d89861719541b33f6be83,6ee77e7e1b81ebdc9c4d1d64f1ff8fc41f13827e444d89861719541b33f6be83,bc9561cf36451f71dc170eed589166cd8b983c6f180f4002d802967d428dd31f,aligned_with_safety_augmentation,false
ncb-synthetic-stress-6efee680423ceb0a,ncb-synthetic-stress-6efee680423ceb0a,6efee680423ceb0ac9968cca6e4747faaf747870722ba1c4e9170af0ecc523fc,6efee680423ceb0ac9968cca6e4747faaf747870722ba1c4e9170af0ecc523fc,bc9561cf36451f71dc170eed589166cd8b983c6f180f4002d802967d428dd31f,aligned_with_safety_augmentation,false
ncb-synthetic-stress-6fa6169d2993bc1d,ncb-synthetic-stress-6fa6169d2993bc1d,6fa6169d2993bc1d083f7ef2e46cc19d08a55b2c93404ce6be9ebe94ca0dab97,6fa6169d2993bc1d083f7ef2e46cc19d08a55b2c93404ce6be9ebe94ca0dab97,bc9561cf36451f71dc170eed589166cd8b983c6f180f4002d802967d428dd31f,aligned_with_safety_augmentation,false
ncb-synthetic-stress-72743e2acf45d7e5,ncb-synthetic-stress-72743e2acf45d7e5,72743e2acf45d7e55949bf0ea09e32016ae5a4986d541d2c2defeb52252e3ec9,72743e2acf45d7e55949bf0ea09e32016ae5a4986d541d2c2defeb52252e3ec9,bc9561cf36451f71dc170eed589166cd8b983c6f180f4002d802967d428dd31f,aligned_with_safety_augmentation,false
ncb-synthetic-stress-7320409f0609fb6c,ncb-synthetic-stress-7320409f0609fb6c,7320409f0609fb6cb4c4904f0ab2003f4a13ce947da5f756bc7292a0b7f6f487,7320409f0609fb6cb4c4904f0ab2003f4a13ce947da5f756bc7292a0b7f6f487,bc9561cf36451f71dc170eed589166cd8b983c6f180f4002d802967d428dd31f,aligned_with_safety_augmentation,false
ncb-synthetic-stress-7446a0a12b859ed8,ncb-synthetic-stress-7446a0a12b859ed8,7446a0a12b859ed8e53c7b110afe77fb0d93ec9abe2002eaa3710768bc3cf1fc,7446a0a12b859ed8e53c7b110afe77fb0d93ec9abe2002eaa3710768bc3cf1fc,bc9561cf36451f71dc170eed589166cd8b983c6f180f4002d802967d428dd31f,aligned_with_safety_augmentation,false
ncb-synthetic-stress-75f27bf902a69eb3,ncb-synthetic-stress-75f27bf902a69eb3,75f27bf902a69eb3491dacf2f33de0bd4fe16d43b668d5a3245ffa665c7b45cf,75f27bf902a69eb3491dacf2f33de0bd4fe16d43b668d5a3245ffa665c7b45cf,bc9561cf36451f71dc170eed589166cd8b983c6f180f4002d802967d428dd31f,aligned_with_safety_augmentation,false
ncb-synthetic-stress-7911d5fcc3aee4ba,ncb-synthetic-stress-7911d5fcc3aee4ba,7911d5fcc3aee4ba501e42669454d2fdcc137bf7f6d1feecb6bc5fd155fa4e81,7911d5fcc3aee4ba501e42669454d2fdcc137bf7f6d1feecb6bc5fd155fa4e81,bc9561cf36451f71dc170eed589166cd8b983c6f180f4002d802967d428dd31f,aligned_with_safety_augmentation,false
ncb-synthetic-stress-792cb959ece29063,ncb-synthetic-stress-792cb959ece29063,792cb959ece29063d5cd098aad2fc1840f768fff87a7725930a01e6dbd155c04,792cb959ece29063d5cd098aad2fc1840f768fff87a7725930a01e6dbd155c04,bc9561cf36451f71dc170eed589166cd8b983c6f180f4002d802967d428dd31f,aligned_with_safety_augmentation,false
ncb-synthetic-stress-7e3903cc96c0849e,ncb-synthetic-stress-7e3903cc96c0849e,7e3903cc96c0849e496f2cca2b200435ab036d805a1bc06c5e40f25f9167eddb,7e3903cc96c0849e496f2cca2b200435ab036d805a1bc06c5e40f25f9167eddb,bc9561cf36451f71dc170eed589166cd8b983c6f180f4002d802967d428dd31f,aligned_with_safety_augmentation,false
ncb-synthetic-stress-7e9f95804251f0a0,ncb-synthetic-stress-7e9f95804251f0a0,7e9f95804251f0a06e1f6d8cb164f6116b534a80e9cb46f8f54d9c3fe361212f,7e9f95804251f0a06e1f6d8cb164f6116b534a80e9cb46f8f54d9c3fe361212f,bc9561cf36451f71dc170eed589166cd8b983c6f180f4002d802967d428dd31f,aligned_with_safety_augmentation,false
ncb-synthetic-stress-7fbc16c903db656b,ncb-synthetic-stress-7fbc16c903db656b,7fbc16c903db656baee07961664428e3f359c3b2a9b6dbfbd5663c7b0b4f2f18,7fbc16c903db656baee07961664428e3f359c3b2a9b6dbfbd5663c7b0b4f2f18,bc9561cf36451f71dc170eed589166cd8b983c6f180f4002d802967d428dd31f,aligned_with_safety_augmentation,false
ncb-synthetic-stress-7fcbe86bd9b2c850,ncb-synthetic-stress-7fcbe86bd9b2c850,7fcbe86bd9b2c85025577f69009886d133c5049569e5bc5bd234ca2ffb31a7e8,7fcbe86bd9b2c85025577f69009886d133c5049569e5bc5bd234ca2ffb31a7e8,bc9561cf36451f71dc170eed589166cd8b983c6f180f4002d802967d428dd31f,aligned_with_safety_augmentation,false
ncb-synthetic-stress-81b80b20688f3f90,ncb-synthetic-stress-81b80b20688f3f90,81b80b20688f3f90aedb84dca8f05b7945488cbf34958a44dba055000732e9c9,81b80b20688f3f90aedb84dca8f05b7945488cbf34958a44dba055000732e9c9,bc9561cf36451f71dc170eed589166cd8b983c6f180f4002d802967d428dd31f,aligned_with_safety_augmentation,false
ncb-synthetic-stress-81bc0f58011fdf7d,ncb-synthetic-stress-81bc0f58011fdf7d,81bc0f58011fdf7ddb6089d83c1f2d20752e7fb5e63c59a1d606357af3bdc882,81bc0f58011fdf7ddb6089d83c1f2d20752e7fb5e63c59a1d606357af3bdc882,bc9561cf36451f71dc170eed589166cd8b983c6f180f4002d802967d428dd31f,aligned_with_safety_augmentation,false
ncb-synthetic-stress-820e065fb07facd4,ncb-synthetic-stress-820e065fb07facd4,820e065fb07facd4789af32a4802abc881f21f40328afe0d43c2bf134be15b9b,820e065fb07facd4789af32a4802abc881f21f40328afe0d43c2bf134be15b9b,bc9561cf36451f71dc170eed589166cd8b983c6f180f4002d802967d428dd31f,aligned_with_safety_augmentation,false
ncb-synthetic-stress-82c3329f50510efe,ncb-synthetic-stress-82c3329f50510efe,82c3329f50510efebff002c985b91b30000176ffc85b4ea1e6438009e92a5775,82c3329f50510efebff002c985b91b30000176ffc85b4ea1e6438009e92a5775,bc9561cf36451f71dc170eed589166cd8b983c6f180f4002d802967d428dd31f,aligned_with_safety_augmentation,false
ncb-synthetic-stress-87f4857ed96a6164,ncb-synthetic-stress-87f4857ed96a6164,87f4857ed96a61649ab7097cdc5f5f3c4b109c3ff5c8c8dce8b405ee3e31dc93,87f4857ed96a61649ab7097cdc5f5f3c4b109c3ff5c8c8dce8b405ee3e31dc93,bc9561cf36451f71dc170eed589166cd8b983c6f180f4002d802967d428dd31f,aligned_with_safety_augmentation,false
ncb-synthetic-stress-880fcb45e6645cae,ncb-synthetic-stress-880fcb45e6645cae,880fcb45e6645caeaaf6e7d14de13bf9b2da725a1d114d3dded099e809e5baef,880fcb45e6645caeaaf6e7d14de13bf9b2da725a1d114d3dded099e809e5baef,bc9561cf36451f71dc170eed589166cd8b983c6f180f4002d802967d428dd31f,aligned_with_safety_augmentation,false
ncb-synthetic-stress-88779694dc46460f,ncb-synthetic-stress-88779694dc46460f,88779694dc46460fb1e076cee83c5be4e30a97c854ecbfc8f239804f35ccebd7,88779694dc46460fb1e076cee83c5be4e30a97c854ecbfc8f239804f35ccebd7,bc9561cf36451f71dc170eed589166cd8b983c6f180f4002d802967d428dd31f,aligned_with_safety_augmentation,false
ncb-synthetic-stress-8969417a2a5f8ec6,ncb-synthetic-stress-8969417a2a5f8ec6,8969417a2a5f8ec645320b5f20d3f5974896a502b58158fac9e1bfc9d7e01e40,8969417a2a5f8ec645320b5f20d3f5974896a502b58158fac9e1bfc9d7e01e40,bc9561cf36451f71dc170eed589166cd8b983c6f180f4002d802967d428dd31f,aligned_with_safety_augmentation,false
ncb-synthetic-stress-91524ba0afb540ec,ncb-synthetic-stress-91524ba0afb540ec,91524ba0afb540ec2bf410922397ec4bcdf765b562f31d4120d6184a88af54b6,91524ba0afb540ec2bf410922397ec4bcdf765b562f31d4120d6184a88af54b6,bc9561cf36451f71dc170eed589166cd8b983c6f180f4002d802967d428dd31f,aligned_with_safety_augmentation,false
ncb-synthetic-stress-91ca48ca8f7976aa,ncb-synthetic-stress-91ca48ca8f7976aa,91ca48ca8f7976aa306bb98f57b10c3e0b2a174135ce4a378861baaa1bc64979,91ca48ca8f7976aa306bb98f57b10c3e0b2a174135ce4a378861baaa1bc64979,bc9561cf36451f71dc170eed589166cd8b983c6f180f4002d802967d428dd31f,aligned_with_safety_augmentation,false
ncb-synthetic-stress-92eebea972c19814,ncb-synthetic-stress-92eebea972c19814,92eebea972c198140ff097155fdf333c00a5b3faef139a03d1632c11422600e9,92eebea972c198140ff097155fdf333c00a5b3faef139a03d1632c11422600e9,bc9561cf36451f71dc170eed589166cd8b983c6f180f4002d802967d428dd31f,aligned_with_safety_augmentation,false
ncb-synthetic-stress-98bf3913e77b446e,ncb-synthetic-stress-98bf3913e77b446e,98bf3913e77b446e6773a72465287f8a626b7b4d978f3e6f77c60f479620d72f,98bf3913e77b446e6773a72465287f8a626b7b4d978f3e6f77c60f479620d72f,bc9561cf36451f71dc170eed589166cd8b983c6f180f4002d802967d428dd31f,aligned_with_safety_augmentation,false
ncb-synthetic-stress-9976660e5ef9dac3,ncb-synthetic-stress-9976660e5ef9dac3,9976660e5ef9dac3d80cfe2d92d4194ba271df088beeb878d0055f180f0306ab,9976660e5ef9dac3d80cfe2d92d4194ba271df088beeb878d0055f180f0306ab,bc9561cf36451f71dc170eed589166cd8b983c6f180f4002d802967d428dd31f,aligned_with_safety_augmentation,false
ncb-synthetic-stress-9b50e1327c3e6c6a,ncb-synthetic-stress-9b50e1327c3e6c6a,9b50e1327c3e6c6aa2c6aa65871a90437554052edb078f027664ce1fc00215ed,9b50e1327c3e6c6aa2c6aa65871a90437554052edb078f027664ce1fc00215ed,bc9561cf36451f71dc170eed589166cd8b983c6f180f4002d802967d428dd31f,aligned_with_safety_augmentation,false
ncb-synthetic-stress-9bdffe881e48de4f,ncb-synthetic-stress-9bdffe881e48de4f,9bdffe881e48de4f7797cbf14e5d83de1f71b56f8fe93236fb1854a2440febe9,9bdffe881e48de4f7797cbf14e5d83de1f71b56f8fe93236fb1854a2440febe9,bc9561cf36451f71dc170eed589166cd8b983c6f180f4002d802967d428dd31f,aligned_with_safety_augmentation,false
ncb-synthetic-stress-9ec90396df1939bd,ncb-synthetic-stress-9ec90396df1939bd,9ec90396df1939bd27c15a13598171bcdce7b4bbe53c705777a1c1eee213293d,9ec90396df1939bd27c15a13598171bcdce7b4bbe53c705777a1c1eee213293d,bc9561cf36451f71dc170eed589166cd8b983c6f180f4002d802967d428dd31f,aligned_with_safety_augmentation,false
ncb-synthetic-stress-a08821ce404a9f53,ncb-synthetic-stress-a08821ce404a9f53,a08821ce404a9f538e1a1c0a9c294576a43e94934bf7069fad1363312adfeb64,a08821ce404a9f538e1a1c0a9c294576a43e94934bf7069fad1363312adfeb64,bc9561cf36451f71dc170eed589166cd8b983c6f180f4002d802967d428dd31f,aligned_with_safety_augmentation,false
ncb-synthetic-stress-a17be850c0a76e0a,ncb-synthetic-stress-a17be850c0a76e0a,a17be850c0a76e0a47d54b7c5ab9af8074c10539475800096965888ff45e2cf8,a17be850c0a76e0a47d54b7c5ab9af8074c10539475800096965888ff45e2cf8,bc9561cf36451f71dc170eed589166cd8b983c6f180f4002d802967d428dd31f,aligned_with_safety_augmentation,false
ncb-synthetic-stress-a536bee9bcacd85c,ncb-synthetic-stress-a536bee9bcacd85c,a536bee9bcacd85c92096a9f4d80d208b582ee7c867404ae40eefc35e9ff72fd,a536bee9bcacd85c92096a9f4d80d208b582ee7c867404ae40eefc35e9ff72fd,bc9561cf36451f71dc170eed589166cd8b983c6f180f4002d802967d428dd31f,aligned_with_safety_augmentation,false
ncb-synthetic-stress-a9f4010d6ed3964c,ncb-synthetic-stress-a9f4010d6ed3964c,a9f4010d6ed3964cedcb1b3d1a03a9cd9aeff891a467cb43968af9362f4ce406,a9f4010d6ed3964cedcb1b3d1a03a9cd9aeff891a467cb43968af9362f4ce406,bc9561cf36451f71dc170eed589166cd8b983c6f180f4002d802967d428dd31f,aligned_with_safety_augmentation,false
ncb-synthetic-stress-aa9ca68bedbbb036,ncb-synthetic-stress-aa9ca68bedbbb036,aa9ca68bedbbb03631cfe8cb9096a624312e3528e7b18dd216a34e3688919238,aa9ca68bedbbb03631cfe8cb9096a624312e3528e7b18dd216a34e3688919238,bc9561cf36451f71dc170eed589166cd8b983c6f180f4002d802967d428dd31f,aligned_with_safety_augmentation,false
ncb-synthetic-stress-ac9cd68260b345b7,ncb-synthetic-stress-ac9cd68260b345b7,ac9cd68260b345b7566db9f15a77c43d130e9157faf52f37d667bfb00681b899,ac9cd68260b345b7566db9f15a77c43d130e9157faf52f37d667bfb00681b899,bc9561cf36451f71dc170eed589166cd8b983c6f180f4002d802967d428dd31f,aligned_with_safety_augmentation,false
ncb-synthetic-stress-b06c112fe652826c,ncb-synthetic-stress-b06c112fe652826c,b06c112fe652826cbee2235af02fba088e742c71297e691734171303d35a6d45,b06c112fe652826cbee2235af02fba088e742c71297e691734171303d35a6d45,bc9561cf36451f71dc170eed589166cd8b983c6f180f4002d802967d428dd31f,aligned_with_safety_augmentation,false
ncb-synthetic-stress-b0ad25a9bd80f5a9,ncb-synthetic-stress-b0ad25a9bd80f5a9,b0ad25a9bd80f5a9e2298aab7e437bba0f12606ef77cecb8bde1c530ad394121,b0ad25a9bd80f5a9e2298aab7e437bba0f12606ef77cecb8bde1c530ad394121,bc9561cf36451f71dc170eed589166cd8b983c6f180f4002d802967d428dd31f,aligned_with_safety_augmentation,false
ncb-synthetic-stress-b0c5075602b380ed,ncb-synthetic-stress-b0c5075602b380ed,b0c5075602b380edf2f56a66ff05b5325a5c7bd25a689e2625a431622f512655,b0c5075602b380edf2f56a66ff05b5325a5c7bd25a689e2625a431622f512655,bc9561cf36451f71dc170eed589166cd8b983c6f180f4002d802967d428dd31f,aligned_with_safety_augmentation,false
ncb-synthetic-stress-b3381266246ed676,ncb-synthetic-stress-b3381266246ed676,b3381266246ed6768c1876531551c6e6414b450416449c633bc84f40105ef819,b3381266246ed6768c1876531551c6e6414b450416449c633bc84f40105ef819,bc9561cf36451f71dc170eed589166cd8b983c6f180f4002d802967d428dd31f,aligned_with_safety_augmentation,false
ncb-synthetic-stress-b6e37ce62a4f72f8,ncb-synthetic-stress-b6e37ce62a4f72f8,b6e37ce62a4f72f8024f0abfc11340dcb5694437614cfb01ced29aba149aaab4,b6e37ce62a4f72f8024f0abfc11340dcb5694437614cfb01ced29aba149aaab4,bc9561cf36451f71dc170eed589166cd8b983c6f180f4002d802967d428dd31f,aligned_with_safety_augmentation,false
ncb-synthetic-stress-bbf85b6c044b210f,ncb-synthetic-stress-bbf85b6c044b210f,bbf85b6c044b210f0f71f74699fbe62cbe69163b9dab85deddd341b37c439bbd,bbf85b6c044b210f0f71f74699fbe62cbe69163b9dab85deddd341b37c439bbd,bc9561cf36451f71dc170eed589166cd8b983c6f180f4002d802967d428dd31f,aligned_with_safety_augmentation,false
ncb-synthetic-stress-bc7a72687a803144,ncb-synthetic-stress-bc7a72687a803144,bc7a72687a803144afcd25d9c0c1ef79cb070664947250e327acf067476ec7c1,bc7a72687a803144afcd25d9c0c1ef79cb070664947250e327acf067476ec7c1,bc9561cf36451f71dc170eed589166cd8b983c6f180f4002d802967d428dd31f,aligned_with_safety_augmentation,false
ncb-synthetic-stress-bd117704d246d32d,ncb-synthetic-stress-bd117704d246d32d,bd117704d246d32da39873e61d9d7e51a0f5b69b20e12c5c4d7da55ebc03a797,bd117704d246d32da39873e61d9d7e51a0f5b69b20e12c5c4d7da55ebc03a797,bc9561cf36451f71dc170eed589166cd8b983c6f180f4002d802967d428dd31f,aligned_with_safety_augmentation,false
ncb-synthetic-stress-be65950958048714,ncb-synthetic-stress-be65950958048714,be65950958048714b102f2f415f25b4eb4e107ea0c1fa5b1e3207c98bdf2ba79,be65950958048714b102f2f415f25b4eb4e107ea0c1fa5b1e3207c98bdf2ba79,bc9561cf36451f71dc170eed589166cd8b983c6f180f4002d802967d428dd31f,aligned_with_safety_augmentation,false
ncb-synthetic-stress-bfbbfbb8d1be3254,ncb-synthetic-stress-bfbbfbb8d1be3254,bfbbfbb8d1be325495844ad19fa817e0933ec0378d827828ae6606abc50ab263,bfbbfbb8d1be325495844ad19fa817e0933ec0378d827828ae6606abc50ab263,bc9561cf36451f71dc170eed589166cd8b983c6f180f4002d802967d428dd31f,aligned_with_safety_augmentation,false
ncb-synthetic-stress-c0127a06d407afa7,ncb-synthetic-stress-c0127a06d407afa7,c0127a06d407afa7fd647c645835bde7b47ee103caa02110dc884452721e54ad,c0127a06d407afa7fd647c645835bde7b47ee103caa02110dc884452721e54ad,bc9561cf36451f71dc170eed589166cd8b983c6f180f4002d802967d428dd31f,aligned_with_safety_augmentation,false
ncb-synthetic-stress-c0dc3336ffe218d2,ncb-synthetic-stress-c0dc3336ffe218d2,c0dc3336ffe218d23dafb1b8040fcd7543b67bf6c9384b3c83f1e513d38b0c3f,c0dc3336ffe218d23dafb1b8040fcd7543b67bf6c9384b3c83f1e513d38b0c3f,bc9561cf36451f71dc170eed589166cd8b983c6f180f4002d802967d428dd31f,aligned_with_safety_augmentation,false
ncb-synthetic-stress-c1154a14cd1e8ef3,ncb-synthetic-stress-c1154a14cd1e8ef3,c1154a14cd1e8ef3b126b9675ee914ce9f75b8386f859727c4d6a10e8f2a6d21,c1154a14cd1e8ef3b126b9675ee914ce9f75b8386f859727c4d6a10e8f2a6d21,bc9561cf36451f71dc170eed589166cd8b983c6f180f4002d802967d428dd31f,aligned_with_safety_augmentation,false
ncb-synthetic-stress-c20a3d5f8e9e123f,ncb-synthetic-stress-c20a3d5f8e9e123f,c20a3d5f8e9e123f2363ad80206fc2449b05c104b96938e8ce8f865f6b6b15f6,c20a3d5f8e9e123f2363ad80206fc2449b05c104b96938e8ce8f865f6b6b15f6,bc9561cf36451f71dc170eed589166cd8b983c6f180f4002d802967d428dd31f,aligned_with_safety_augmentation,false
ncb-synthetic-stress-c220a093f814e539,ncb-synthetic-stress-c220a093f814e539,c220a093f814e539c092d84cc1efe4a5a4acc8fba2aa831de51a420ec3878b57,c220a093f814e539c092d84cc1efe4a5a4acc8fba2aa831de51a420ec3878b57,bc9561cf36451f71dc170eed589166cd8b983c6f180f4002d802967d428dd31f,aligned_with_safety_augmentation,false
ncb-synthetic-stress-c2d028849e27a38a,ncb-synthetic-stress-c2d028849e27a38a,c2d028849e27a38a4163727fd41a1d0447400ecbd226af40cb963c1e4d4b2d1b,c2d028849e27a38a4163727fd41a1d0447400ecbd226af40cb963c1e4d4b2d1b,bc9561cf36451f71dc170eed589166cd8b983c6f180f4002d802967d428dd31f,aligned_with_safety_augmentation,false
ncb-synthetic-stress-c752b6285a527e82,ncb-synthetic-stress-c752b6285a527e82,c752b6285a527e8231952fa9dd8f1fa0c3698a01888f7d20abd15a0071d10017,c752b6285a527e8231952fa9dd8f1fa0c3698a01888f7d20abd15a0071d10017,bc9561cf36451f71dc170eed589166cd8b983c6f180f4002d802967d428dd31f,aligned_with_safety_augmentation,false
ncb-synthetic-stress-c7fc286c99cc66c6,ncb-synthetic-stress-c7fc286c99cc66c6,c7fc286c99cc66c61ee223dfd1592f4543b9bc9cc1f6d5a27d80391229c466e9,c7fc286c99cc66c61ee223dfd1592f4543b9bc9cc1f6d5a27d80391229c466e9,bc9561cf36451f71dc170eed589166cd8b983c6f180f4002d802967d428dd31f,aligned_with_safety_augmentation,false
ncb-synthetic-stress-c93f76e6f75aeaeb,ncb-synthetic-stress-c93f76e6f75aeaeb,c93f76e6f75aeaeb95c07c7edeae734e0769baa6b0a1b0ba0ad6f28c6730c1d9,c93f76e6f75aeaeb95c07c7edeae734e0769baa6b0a1b0ba0ad6f28c6730c1d9,bc9561cf36451f71dc170eed589166cd8b983c6f180f4002d802967d428dd31f,aligned_with_safety_augmentation,false
ncb-synthetic-stress-ca59e7bcf2e17f7b,ncb-synthetic-stress-ca59e7bcf2e17f7b,ca59e7bcf2e17f7b442348c7469169bd2ab4765abe4bccaf5184c3c5b6a90b78,ca59e7bcf2e17f7b442348c7469169bd2ab4765abe4bccaf5184c3c5b6a90b78,bc9561cf36451f71dc170eed589166cd8b983c6f180f4002d802967d428dd31f,aligned_with_safety_augmentation,false
ncb-synthetic-stress-cb1ea057a92edbc7,ncb-synthetic-stress-cb1ea057a92edbc7,cb1ea057a92edbc7dcd8e51832f16329f3a3610616766c1b7b87758ebc7469f0,cb1ea057a92edbc7dcd8e51832f16329f3a3610616766c1b7b87758ebc7469f0,bc9561cf36451f71dc170eed589166cd8b983c6f180f4002d802967d428dd31f,aligned_with_safety_augmentation,false
ncb-synthetic-stress-cc6a8be21390c788,ncb-synthetic-stress-cc6a8be21390c788,cc6a8be21390c788a36b28af9e0889a99ec0413c24fe442b18de3b0e4bc83630,cc6a8be21390c788a36b28af9e0889a99ec0413c24fe442b18de3b0e4bc83630,bc9561cf36451f71dc170eed589166cd8b983c6f180f4002d802967d428dd31f,aligned_with_safety_augmentation,false
ncb-synthetic-stress-cc868c07af008306,ncb-synthetic-stress-cc868c07af008306,cc868c07af008306e1bb3ccc991c61f157543efc2119925759b207ef90ae6d46,cc868c07af008306e1bb3ccc991c61f157543efc2119925759b207ef90ae6d46,bc9561cf36451f71dc170eed589166cd8b983c6f180f4002d802967d428dd31f,aligned_with_safety_augmentation,false
ncb-synthetic-stress-ce1212b806f25235,ncb-synthetic-stress-ce1212b806f25235,ce1212b806f25235e4b70df30f8c134e9cf8023b9837510e2e0fd15d0b4ae20d,ce1212b806f25235e4b70df30f8c134e9cf8023b9837510e2e0fd15d0b4ae20d,bc9561cf36451f71dc170eed589166cd8b983c6f180f4002d802967d428dd31f,aligned_with_safety_augmentation,false
ncb-synthetic-stress-cfc8fee426568090,ncb-synthetic-stress-cfc8fee426568090,cfc8fee4265680904f785e2de2ffdf1c69881338afce3dd249e566595e12ae99,cfc8fee4265680904f785e2de2ffdf1c69881338afce3dd249e566595e12ae99,bc9561cf36451f71dc170eed589166cd8b983c6f180f4002d802967d428dd31f,aligned_with_safety_augmentation,false
ncb-synthetic-stress-d240bf163611d308,ncb-synthetic-stress-d240bf163611d308,d240bf163611d30876554628f0a4d553ae45b913dc938dcfc373e8459ce2ece7,d240bf163611d30876554628f0a4d553ae45b913dc938dcfc373e8459ce2ece7,bc9561cf36451f71dc170eed589166cd8b983c6f180f4002d802967d428dd31f,aligned_with_safety_augmentation,false
ncb-synthetic-stress-d7791ed71415a487,ncb-synthetic-stress-d7791ed71415a487,d7791ed71415a4872e9ad42fb7fb1228ff6e219957881cb9ee724314add51ce7,d7791ed71415a4872e9ad42fb7fb1228ff6e219957881cb9ee724314add51ce7,bc9561cf36451f71dc170eed589166cd8b983c6f180f4002d802967d428dd31f,aligned_with_safety_augmentation,false
ncb-synthetic-stress-d85043ecf72b62d3,ncb-synthetic-stress-d85043ecf72b62d3,d85043ecf72b62d3fad0618e339c0356285712d9fb752a115021cc6b0f40f84a,d85043ecf72b62d3fad0618e339c0356285712d9fb752a115021cc6b0f40f84a,bc9561cf36451f71dc170eed589166cd8b983c6f180f4002d802967d428dd31f,aligned_with_safety_augmentation,false
ncb-synthetic-stress-d916964e92a59eb0,ncb-synthetic-stress-d916964e92a59eb0,d916964e92a59eb074ac5632729bf8335429ed7626a4ce4a376bbb1ebb491302,d916964e92a59eb074ac5632729bf8335429ed7626a4ce4a376bbb1ebb491302,bc9561cf36451f71dc170eed589166cd8b983c6f180f4002d802967d428dd31f,aligned_with_safety_augmentation,false
ncb-synthetic-stress-dd4beff29754d17d,ncb-synthetic-stress-dd4beff29754d17d,dd4beff29754d17da0bae2369f43e6bcee397d5c62cf4461c8e911b9f761df6a,dd4beff29754d17da0bae2369f43e6bcee397d5c62cf4461c8e911b9f761df6a,bc9561cf36451f71dc170eed589166cd8b983c6f180f4002d802967d428dd31f,aligned_with_safety_augmentation,false
ncb-synthetic-stress-ddef0966bc3b9b24,ncb-synthetic-stress-ddef0966bc3b9b24,ddef0966bc3b9b24d1a635d96253627648fe23781e08b8921a073005dcde3345,ddef0966bc3b9b24d1a635d96253627648fe23781e08b8921a073005dcde3345,bc9561cf36451f71dc170eed589166cd8b983c6f180f4002d802967d428dd31f,aligned_with_safety_augmentation,false
ncb-synthetic-stress-df080a369be8d182,ncb-synthetic-stress-df080a369be8d182,df080a369be8d182b5c17d17da6f0be9a4a3ca1b68ce46960a569049932c64eb,df080a369be8d182b5c17d17da6f0be9a4a3ca1b68ce46960a569049932c64eb,bc9561cf36451f71dc170eed589166cd8b983c6f180f4002d802967d428dd31f,aligned_with_safety_augmentation,false
ncb-synthetic-stress-dfbe62737d4d8555,ncb-synthetic-stress-dfbe62737d4d8555,dfbe62737d4d8555178bbaa468c83f85ce4d4ddb051a2ba34c5428eb1dd7b8af,dfbe62737d4d8555178bbaa468c83f85ce4d4ddb051a2ba34c5428eb1dd7b8af,bc9561cf36451f71dc170eed589166cd8b983c6f180f4002d802967d428dd31f,aligned_with_safety_augmentation,false
ncb-synthetic-stress-e1ef0d8ef65b2b01,ncb-synthetic-stress-e1ef0d8ef65b2b01,e1ef0d8ef65b2b01a4d27a3acdea5f300b83e9f80cbd970fb65ad51bb0fb86d4,e1ef0d8ef65b2b01a4d27a3acdea5f300b83e9f80cbd970fb65ad51bb0fb86d4,bc9561cf36451f71dc170eed589166cd8b983c6f180f4002d802967d428dd31f,aligned_with_safety_augmentation,false
ncb-synthetic-stress-e23fddfb3f829797,ncb-synthetic-stress-e23fddfb3f829797,e23fddfb3f8297971dcdafa565a08c79aa3ba0e0939f2574436d2c5735ba2af2,e23fddfb3f8297971dcdafa565a08c79aa3ba0e0939f2574436d2c5735ba2af2,bc9561cf36451f71dc170eed589166cd8b983c6f180f4002d802967d428dd31f,aligned_with_safety_augmentation,false
ncb-synthetic-stress-e2684641edc8c6e6,ncb-synthetic-stress-e2684641edc8c6e6,e2684641edc8c6e6ba089ecaa380cb3d87e61905a644166fbece2813c8becdc3,e2684641edc8c6e6ba089ecaa380cb3d87e61905a644166fbece2813c8becdc3,bc9561cf36451f71dc170eed589166cd8b983c6f180f4002d802967d428dd31f,aligned_with_safety_augmentation,false
ncb-synthetic-stress-e2967e8bdd4698b5,ncb-synthetic-stress-e2967e8bdd4698b5,e2967e8bdd4698b597dfd8b30455256f41730ba16511350095aa8bc3c4dd8859,e2967e8bdd4698b597dfd8b30455256f41730ba16511350095aa8bc3c4dd8859,bc9561cf36451f71dc170eed589166cd8b983c6f180f4002d802967d428dd31f,aligned_with_safety_augmentation,false
ncb-synthetic-stress-e781a1d10147abaa,ncb-synthetic-stress-e781a1d10147abaa,e781a1d10147abaa0fbadedc9ccbec3131903d0f7eac7d859974845d1eb42d2e,e781a1d10147abaa0fbadedc9ccbec3131903d0f7eac7d859974845d1eb42d2e,bc9561cf36451f71dc170eed589166cd8b983c6f180f4002d802967d428dd31f,aligned_with_safety_augmentation,false
ncb-synthetic-stress-e99377ceac8e5d23,ncb-synthetic-stress-e99377ceac8e5d23,e99377ceac8e5d2339ed9a2996d547256480e2f5205b91017ae9d7610471f1b8,e99377ceac8e5d2339ed9a2996d547256480e2f5205b91017ae9d7610471f1b8,bc9561cf36451f71dc170eed589166cd8b983c6f180f4002d802967d428dd31f,aligned_with_safety_augmentation,false
ncb-synthetic-stress-e9fb3c58c1aaf079,ncb-synthetic-stress-e9fb3c58c1aaf079,e9fb3c58c1aaf079326d24fa3af86aa90235c286ded143d559f2175fdb0412d2,e9fb3c58c1aaf079326d24fa3af86aa90235c286ded143d559f2175fdb0412d2,bc9561cf36451f71dc170eed589166cd8b983c6f180f4002d802967d428dd31f,aligned_with_safety_augmentation,false
ncb-synthetic-stress-ec601d06e6ff6b54,ncb-synthetic-stress-ec601d06e6ff6b54,ec601d06e6ff6b54a50e5fd600d98948ea9f856288b3fc026de5dc0e8fe30ba6,ec601d06e6ff6b54a50e5fd600d98948ea9f856288b3fc026de5dc0e8fe30ba6,bc9561cf36451f71dc170eed589166cd8b983c6f180f4002d802967d428dd31f,aligned_with_safety_augmentation,false
ncb-synthetic-stress-ecf6d32180cfff58,ncb-synthetic-stress-ecf6d32180cfff58,ecf6d32180cfff5832719b69d9d1cf89182eafc28c198ee3bfdee483e15e47e0,ecf6d32180cfff5832719b69d9d1cf89182eafc28c198ee3bfdee483e15e47e0,bc9561cf36451f71dc170eed589166cd8b983c6f180f4002d802967d428dd31f,aligned_with_safety_augmentation,false
ncb-synthetic-stress-ee7abc3b89d1d4cc,ncb-synthetic-stress-ee7abc3b89d1d4cc,ee7abc3b89d1d4cc719a3b0498d67a66e45a832af89ebc4a0f2bb6ef847882fe,ee7abc3b89d1d4cc719a3b0498d67a66e45a832af89ebc4a0f2bb6ef847882fe,bc9561cf36451f71dc170eed589166cd8b983c6f180f4002d802967d428dd31f,aligned_with_safety_augmentation,false
ncb-synthetic-stress-effa2f259eb5a69f,ncb-synthetic-stress-effa2f259eb5a69f,effa2f259eb5a69f4c6f0f9a1ae404244d53a928e5eab8701c7438a1ad9f6225,effa2f259eb5a69f4c6f0f9a1ae404244d53a928e5eab8701c7438a1ad9f6225,bc9561cf36451f71dc170eed589166cd8b983c6f180f4002d802967d428dd31f,aligned_with_safety_augmentation,false
ncb-synthetic-stress-f034e20c6a6bc7f8,ncb-synthetic-stress-f034e20c6a6bc7f8,f034e20c6a6bc7f8897f01e8c3b3c9f1448e9e6fbcd0b88c8040e4f2acd22953,f034e20c6a6bc7f8897f01e8c3b3c9f1448e9e6fbcd0b88c8040e4f2acd22953,bc9561cf36451f71dc170eed589166cd8b983c6f180f4002d802967d428dd31f,aligned_with_safety_augmentation,false
ncb-synthetic-stress-f091755e09ca7583,ncb-synthetic-stress-f091755e09ca7583,f091755e09ca7583a68c850c45d40be12c983bb4d8b7fd45db2f486f3cd3585a,f091755e09ca7583a68c850c45d40be12c983bb4d8b7fd45db2f486f3cd3585a,bc9561cf36451f71dc170eed589166cd8b983c6f180f4002d802967d428dd31f,aligned_with_safety_augmentation,false
ncb-synthetic-stress-f2d4eb788a04c639,ncb-synthetic-stress-f2d4eb788a04c639,f2d4eb788a04c63968df655a02a3c6f41ae0d425ff1c93fd89156f76804ff927,f2d4eb788a04c63968df655a02a3c6f41ae0d425ff1c93fd89156f76804ff927,bc9561cf36451f71dc170eed589166cd8b983c6f180f4002d802967d428dd31f,aligned_with_safety_augmentation,false
ncb-synthetic-stress-f377cad3c090b549,ncb-synthetic-stress-f377cad3c090b549,f377cad3c090b549e6307e86b86848bbfca61e80004c1a7f7a1f05a905a24e88,f377cad3c090b549e6307e86b86848bbfca61e80004c1a7f7a1f05a905a24e88,bc9561cf36451f71dc170eed589166cd8b983c6f180f4002d802967d428dd31f,aligned_with_safety_augmentation,false
ncb-synthetic-stress-f5dbfb11e9ef72d0,ncb-synthetic-stress-f5dbfb11e9ef72d0,f5dbfb11e9ef72d0d8658a97046966cda507ac0780b28314e85083714400e8ab,f5dbfb11e9ef72d0d8658a97046966cda507ac0780b28314e85083714400e8ab,bc9561cf36451f71dc170eed589166cd8b983c6f180f4002d802967d428dd31f,aligned_with_safety_augmentation,false
ncb-synthetic-stress-f8423e8ba6d67c54,ncb-synthetic-stress-f8423e8ba6d67c54,f8423e8ba6d67c54af96dcc3701b744e672c09a09a66aaf53bd2cb3a2f2a61d1,f8423e8ba6d67c54af96dcc3701b744e672c09a09a66aaf53bd2cb3a2f2a61d1,bc9561cf36451f71dc170eed589166cd8b983c6f180f4002d802967d428dd31f,aligned_with_safety_augmentation,false
ncb-synthetic-stress-f8fa9003aa7c9d3b,ncb-synthetic-stress-f8fa9003aa7c9d3b,f8fa9003aa7c9d3ba1c1034cc85380019be6cd482bb3394559fa376579ad25a4,f8fa9003aa7c9d3ba1c1034cc85380019be6cd482bb3394559fa376579ad25a4,bc9561cf36451f71dc170eed589166cd8b983c6f180f4002d802967d428dd31f,aligned_with_safety_augmentation,false
ncb-synthetic-stress-f91a2cdb84ef6798,ncb-synthetic-stress-f91a2cdb84ef6798,f91a2cdb84ef679828302a48102e853414e7f01df13f31bee2b1a2b55b471a71,f91a2cdb84ef679828302a48102e853414e7f01df13f31bee2b1a2b55b471a71,bc9561cf36451f71dc170eed589166cd8b983c6f180f4002d802967d428dd31f,aligned_with_safety_augmentation,false
ncb-synthetic-stress-f936b668e13706b3,ncb-synthetic-stress-f936b668e13706b3,f936b668e13706b3a994ce4d4f82af08dd33fdc77b446162789c55cb8d4060b1,f936b668e13706b3a994ce4d4f82af08dd33fdc77b446162789c55cb8d4060b1,bc9561cf36451f71dc170eed589166cd8b983c6f180f4002d802967d428dd31f,aligned_with_safety_augmentation,false
ncb-synthetic-stress-f9b3b69c40a65738,ncb-synthetic-stress-f9b3b69c40a65738,f9b3b69c40a657389a8bea87a007f6b474a971f674d4bed26975fc3fe1cda273,f9b3b69c40a657389a8bea87a007f6b474a971f674d4bed26975fc3fe1cda273,bc9561cf36451f71dc170eed589166cd8b983c6f180f4002d802967d428dd31f,aligned_with_safety_augmentation,false
ncb-synthetic-stress-fcd62e593092700b,ncb-synthetic-stress-fcd62e593092700b,fcd62e593092700b4e7bedc28b51d5f3f2566377e10ce98b5ec2423c0fd12eeb,fcd62e593092700b4e7bedc28b51d5f3f2566377e10ce98b5ec2423c0fd12eeb,bc9561cf36451f71dc170eed589166cd8b983c6f180f4002d802967d428dd31f,aligned_with_safety_augmentation,false
ncb-synthetic-stress-feb2bcefb03564db,ncb-synthetic-stress-feb2bcefb03564db,feb2bcefb03564db53cc97d9b7dd7655ee239ebaff78db6be07fe5b4bd8f0db2,feb2bcefb03564db53cc97d9b7dd7655ee239ebaff78db6be07fe5b4bd8f0db2,bc9561cf36451f71dc170eed589166cd8b983c6f180f4002d802967d428dd31f,aligned_with_safety_augmentation,false
